level,stack_profile,stack,stack_bb,opener_seat,defender_seat,opener_open_fraction,opener_call_fraction,defender_flat_realization,hand,best_action,fold_value,flat_value,jam_value,flat_ev,jam_ev,flat_equity,jam_equity,bb_win_bb_delta,bb_win_opener_delta,bb_win_others_delta,bb_lose_bb_delta,bb_lose_opener_delta,bb_lose_others_delta
9,equal,76000,20.000,0,5,0.500,0.050,0.400,QQ,jam,0.000000,-12.117188,1.350694,-12.117188,1.350694,0.817057,0.837674,40.000000,-80.000000,40.000000,-40.000000,0.000000,40.000000
9,equal,76000,20.000,0,5,0.500,0.050,0.400,JJ,jam,0.000000,-12.051562,1.284722,-12.051562,1.284722,0.826172,0.821181,40.000000,-80.000000,40.000000,-40.000000,0.000000,40.000000
9,equal,76000,20.000,0,5,0.500,0.050,0.400,TT,jam,0.000000,-12.121875,1.276042,-12.121875,1.276042,0.816406,0.819010,40.000000,-80.000000,40.000000,-40.000000,0.000000,40.000000
9,equal,76000,20.000,0,5,0.500,0.050,0.400,KK,jam,0.000000,-12.379687,1.270833,-12.379687,1.270833,0.780599,0.817708,40.000000,-80.000000,40.000000,-40.000000,0.000000,40.000000
9,equal,76000,20.000,0,5,0.500,0.050,0.400,AA,jam,0.000000,-12.328125,1.258681,-12.328125,1.258681,0.787760,0.814670,40.000000,-80.000000,40.000000,-40.000000,0.000000,40.000000
9,equal,76000,20.000,0,5,0.500,0.050,0.400,AQs,jam,0.000000,-13.380469,0.007812,-13.380469,0.007812,0.641602,0.501953,40.000000,-80.000000,40.000000,-40.000000,0.000000,40.000000
9,equal,76000,20.000,0,5,0.500,0.050,0.400,99,jam,0.000000,-13.528125,0.000000,-13.528125,0.000000,0.621094,0.500000,40.000000,-80.000000,40.000000,-40.000000,0.000000,40.000000
9,equal,76000,20.000,0,5,0.500,0.050,0.400,KQs,fold,0.000000,-13.267969,-0.031250,-13.267969,-0.031250,0.657227,0.492188,40.000000,-80.000000,40.000000,-40.000000,0.000000,40.000000
9,equal,76000,20.000,0,5,0.500,0.050,0.400,JTs,fold,0.000000,-12.937500,-0.036458,-12.937500,-0.036458,0.703125,0.490885,40.000000,-80.000000,40.000000,-40.000000,0.000000,40.000000
9,equal,76000,20.000,0,5,0.500,0.050,0.400,QJs,fold,0.000000,-13.275000,-0.093750,-13.275000,-0.093750,0.656250,0.476562,40.000000,-80.000000,40.000000,-40.000000,0.000000,40.000000
9,equal,76000,20.000,0,5,0.500,0.050,0.400,QTs,fold,0.000000,-12.984375,-0.106771,-12.984375,-0.106771,0.696615,0.473307,40.000000,-80.000000,40.000000,-40.000000,0.000000,40.000000
9,equal,76000,20.000,0,5,0.500,0.050,0.400,ATs,fold,0.000000,-13.087500,-0.117188,-13.087500,-0.117188,0.682292,0.470703,40.000000,-80.000000,40.000000,-40.000000,0.000000,40.000000
9,equal,76000,20.000,0,5,0.500,0.050,0.400,AJs,fold,0.000000,-13.387500,-0.127604,-13.387500,-0.127604,0.640625,0.468099,40.000000,-80.000000,40.000000,-40.000000,0.000000,40.000000
9,equal,76000,20.000,0,5,0.500,0.050,0.400,KTs,fold,0.000000,-13.162500,-0.132812,-13.162500,-0.132812,0.671875,0.466797,40.000000,-80.000000,40.000000,-40.000000,0.000000,40.000000
9,equal,76000,20.000,0,5,0.500,0.050,0.400,AJo,fold,0.000000,-13.631250,-0.137153,-13.631250,-0.137153,0.606771,0.465712,40.000000,-80.000000,40.000000,-40.000000,0.000000,40.000000
9,equal,76000,20.000,0,5,0.500,0.050,0.400,AKs,fold,0.000000,-13.415625,-0.171875,-13.415625,-0.171875,0.636719,0.457031,40.000000,-80.000000,40.000000,-40.000000,0.000000,40.000000
9,equal,76000,20.000,0,5,0.500,0.050,0.400,QJo,fold,0.000000,-13.518750,-0.181424,-13.518750,-0.181424,0.622396,0.454644,40.000000,-80.000000,40.000000,-40.000000,0.000000,40.000000
9,equal,76000,20.000,0,5,0.500,0.050,0.400,QTo,fold,0.000000,-13.193750,-0.188368,-13.193750,-0.188368,0.667535,0.452908,40.000000,-80.000000,40.000000,-40.000000,0.000000,40.000000
9,equal,76000,20.000,0,5,0.500,0.050,0.400,JTo,fold,0.000000,-13.009375,-0.196181,-13.009375,-0.196181,0.693142,0.450955,40.000000,-80.000000,40.000000,-40.000000,0.000000,40.000000
9,equal,76000,20.000,0,5,0.500,0.050,0.400,KJs,fold,0.000000,-13.324219,-0.197917,-13.324219,-0.197917,0.649414,0.450521,40.000000,-80.000000,40.000000,-40.000000,0.000000,40.000000
9,equal,76000,20.000,0,5,0.500,0.050,0.400,AQo,fold,0.000000,-13.839844,-0.227431,-13.839844,-0.227431,0.577799,0.443142,40.000000,-80.000000,40.000000,-40.000000,0.000000,40.000000
9,equal,76000,20.000,0,5,0.500,0.050,0.400,ATo,fold,0.000000,-12.971875,-0.237847,-12.971875,-0.237847,0.698351,0.440538,40.000000,-80.000000,40.000000,-40.000000,0.000000,40.000000
9,equal,76000,20.000,0,5,0.500,0.050,0.400,KJo,fold,0.000000,-13.713281,-0.246528,-13.713281,-0.246528,0.595378,0.438368,40.000000,-80.000000,40.000000,-40.000000,0.000000,40.000000
9,equal,76000,20.000,0,5,0.500,0.050,0.400,KTo,fold,0.000000,-13.078125,-0.252604,-13.078125,-0.252604,0.683594,0.436849,40.000000,-80.000000,40.000000,-40.000000,0.000000,40.000000
9,equal,76000,20.000,0,5,0.500,0.050,0.400,AKo,fold,0.000000,-13.872656,-0.261285,-13.872656,-0.261285,0.573242,0.434679,40.000000,-80.000000,40.000000,-40.000000,0.000000,40.000000
9,equal,76000,20.000,0,5,0.500,0.050,0.400,KQo,fold,0.000000,-13.682812,-0.275174,-13.682812,-0.275174,0.599609,0.431207,40.000000,-80.000000,40.000000,-40.000000,0.000000,40.000000
9,equal,76000,20.000,0,5,0.500,0.050,0.400,T9o,fold,0.000000,-14.564062,-0.473958,-14.564062,-0.473958,0.477214,0.381510,40.000000,-80.000000,40.000000,-40.000000,0.000000,40.000000
9,equal,76000,20.000,0,5,0.500,0.050,0.400,T9s,fold,0.000000,-14.400000,-0.484375,-14.400000,-0.484375,0.500000,0.378906,40.000000,-80.000000,40.000000,-40.000000,0.000000,40.000000
9,equal,76000,20.000,0,5,0.500,0.050,0.400,A4s,fold,0.000000,-14.111719,-0.528646,-14.111719,-0.528646,0.540039,0.367839,40.000000,-80.000000,40.000000,-40.000000,0.000000,40.000000
9,equal,76000,20.000,0,5,0.500,0.050,0.400,A5s,fold,0.000000,-14.090625,-0.549479,-14.090625,-0.549479,0.542969,0.362630,40.000000,-80.000000,40.000000,-40.000000,0.000000,40.000000
9,equal,76000,20.000,0,5,0.500,0.050,0.400,Q9s,fold,0.000000,-13.218750,-0.562500,-13.218750,-0.562500,0.664062,0.359375,40.000000,-80.000000,40.000000,-40.000000,0.000000,40.000000
9,equal,76000,20.000,0,5,0.500,0.050,0.400,J9s,fold,0.000000,-12.628125,-0.588542,-12.628125,-0.588542,0.746094,0.352865,40.000000,-80.000000,40.000000,-40.000000,0.000000,40.000000
9,equal,76000,20.000,0,5,0.500,0.050,0.400,Q3s,fold,0.000000,-14.322656,-0.604167,-14.322656,-0.604167,0.510742,0.348958,40.000000,-80.000000,40.000000,-40.000000,0.000000,40.000000
9,equal,76000,20.000,0,5,0.500,0.050,0.400,J8s,fold,0.000000,-13.760156,-0.609375,-13.760156,-0.609375,0.588867,0.347656,40.000000,-80.000000,40.000000,-40.000000,0.000000,40.000000
9,equal,76000,20.000,0,5,0.500,0.050,0.400,T6s,fold,0.000000,-15.675000,-0.609375,-15.675000,-0.609375,0.322917,0.347656,40.000000,-80.000000,40.000000,-40.000000,0.000000,40.000000
9,equal,76000,20.000,0,5,0.500,0.050,0.400,T8s,fold,0.000000,-15.515625,-0.611979,-15.515625,-0.611979,0.345052,0.347005,40.000000,-80.000000,40.000000,-40.000000,0.000000,40.000000
9,equal,76000,20.000,0,5,0.500,0.050,0.400,K7s,fold,0.000000,-14.041406,-0.630208,-14.041406,-0.630208,0.549805,0.342448,40.000000,-80.000000,40.000000,-40.000000,0.000000,40.000000
9,equal,76000,20.000,0,5,0.500,0.050,0.400,K9s,fold,0.000000,-13.256250,-0.635417,-13.256250,-0.635417,0.658854,0.341146,40.000000,-80.000000,40.000000,-40.000000,0.000000,40.000000
9,equal,76000,20.000,0,5,0.500,0.050,0.400,J6s,fold,0.000000,-13.717969,-0.635417,-13.717969,-0.635417,0.594727,0.341146,40.000000,-80.000000,40.000000,-40.000000,0.000000,40.000000
9,equal,76000,20.000,0,5,0.500,0.050,0.400,Q9o,fold,0.000000,-13.150000,-0.644097,-13.150000,-0.644097,0.673611,0.338976,40.000000,-80.000000,40.000000,-40.000000,0.000000,40.000000
9,equal,76000,20.000,0,5,0.500,0.050,0.400,A9s,fold,0.000000,-13.068750,-0.651042,-13.068750,-0.651042,0.684896,0.337240,40.000000,-80.000000,40.000000,-40.000000,0.000000,40.000000
9,equal,76000,20.000,0,5,0.500,0.050,0.400,K5s,fold,0.000000,-13.837500,-0.658854,-13.837500,-0.658854,0.578125,0.335286,40.000000,-80.000000,40.000000,-40.000000,0.000000,40.000000
9,equal,76000,20.000,0,5,0.500,0.050,0.400,J5s,fold,0.000000,-14.041406,-0.664062,-14.041406,-0.664062,0.549805,0.333984,40.000000,-80.000000,40.000000,-40.000000,0.000000,40.000000
9,equal,76000,20.000,0,5,0.500,0.050,0.400,Q8s,fold,0.000000,-13.760156,-0.682292,-13.760156,-0.682292,0.588867,0.329427,40.000000,-80.000000,40.000000,-40.000000,0.000000,40.000000
9,equal,76000,20.000,0,5,0.500,0.050,0.400,Q7s,fold,0.000000,-13.844531,-0.687500,-13.844531,-0.687500,0.577148,0.328125,40.000000,-80.000000,40.000000,-40.000000,0.000000,40.000000
9,equal,76000,20.000,0,5,0.500,0.050,0.400,T5s,fold,0.000000,-15.796875,-0.687500,-15.796875,-0.687500,0.305990,0.328125,40.000000,-80.000000,40.000000,-40.000000,0.000000,40.000000
9,equal,76000,20.000,0,5,0.500,0.050,0.400,A6s,fold,0.000000,-13.935937,-0.700521,-13.935937,-0.700521,0.564453,0.324870,40.000000,-80.000000,40.000000,-40.000000,0.000000,40.000000
9,equal,76000,20.000,0,5,0.500,0.050,0.400,K3s,fold,0.000000,-14.210156,-0.700521,-14.210156,-0.700521,0.526367,0.324870,40.000000,-80.000000,40.000000,-40.000000,0.000000,40.000000
9,equal,76000,20.000,0,5,0.500,0.050,0.400,A3s,fold,0.000000,-13.809375,-0.703125,-13.809375,-0.703125,0.582031,0.324219,40.000000,-80.000000,40.000000,-40.000000,0.000000,40.000000
9,equal,76000,20.000,0,5,0.500,0.050,0.400,A2s,fold,0.000000,-13.921875,-0.703125,-13.921875,-0.703125,0.566406,0.324219,40.000000,-80.000000,40.000000,-40.000000,0.000000,40.000000
9,equal,76000,20.000,0,5,0.500,0.050,0.400,K8s,fold,0.000000,-14.104687,-0.708333,-14.104687,-0.708333,0.541016,0.322917,40.000000,-80.000000,40.000000,-40.000000,0.000000,40.000000
9,equal,76000,20.000,0,5,0.500,0.050,0.400,A8s,fold,0.000000,-13.788281,-0.716146,-13.788281,-0.716146,0.584961,0.320964,40.000000,-80.000000,40.000000,-40.000000,0.000000,40.000000
9,equal,76000,20.000,0,5,0.500,0.050,0.400,J2s,fold,0.000000,-14.217187,-0.726562,-14.217187,-0.726562,0.525391,0.318359,40.000000,-80.000000,40.000000,-40.000000,0.000000,40.000000
9,equal,76000,20.000,0,5,0.500,0.050,0.400,K2s,fold,0.000000,-14.076562,-0.742188,-14.076562,-0.742188,0.544922,0.314453,40.000000,-80.000000,40.000000,-40.000000,0.000000,40.000000
9,equal,76000,20.000,0,5,0.500,0.050,0.400,T7s,fold,0.000000,-15.759375,-0.747396,-15.759375,-0.747396,0.311198,0.313151,40.000000,-80.000000,40.000000,-40.000000,0.000000,40.000000
9,equal,76000,20.000,0,5,0.500,0.050,0.400,A5o,fold,0.000000,-14.207812,-0.754340,-14.207812,-0.754340,0.526693,0.311415,40.000000,-80.000000,40.000000,-40.000000,0.000000,40.000000
9,equal,76000,20.000,0,5,0.500,0.050,0.400,T5o,fold,0.000000,-15.918750,-0.754340,-15.918750,-0.754340,0.289062,0.311415,40.000000,-80.000000,40.000000,-40.000000,0.000000,40.000000
9,equal,76000,20.000,0,5,0.500,0.050,0.400,T3s,fold,0.000000,-15.478125,-0.755208,-15.478125,-0.755208,0.350260,0.311198,40.000000,-80.000000,40.000000,-40.000000,0.000000,40.000000
9,equal,76000,20.000,0,5,0.500,0.050,0.400,A7s,fold,0.000000,-14.034375,-0.763021,-14.034375,-0.763021,0.550781,0.309245,40.000000,-80.000000,40.000000,-40.000000,0.000000,40.000000
9,equal,76000,20.000,0,5,0.500,0.050,0.400,Q5s,fold,0.000000,-14.006250,-0.765625,-14.006250,-0.765625,0.554688,0.308594,40.000000,-80.000000,40.000000,-40.000000,0.000000,40.000000
9,equal,76000,20.000,0,5,0.500,0.050,0.400,K4s,fold,0.000000,-14.167969,-0.765625,-14.167969,-0.765625,0.532227,0.308594,40.000000,-80.000000,40.000000,-40.000000,0.000000,40.000000
9,equal,76000,20.000,0,5,0.500,0.050,0.400,A9o,fold,0.000000,-13.259375,-0.767361,-13.259375,-0.767361,0.658420,0.308160,40.000000,-80.000000,40.000000,-40.000000,0.000000,40.000000
9,equal,76000,20.000,0,5,0.500,0.050,0.400,A7o,fold,0.000000,-14.299219,-0.769097,-14.299219,-0.769097,0.513997,0.307726,40.000000,-80.000000,40.000000,-40.000000,0.000000,40.000000
9,equal,76000,20.000,0,5,0.500,0.050,0.400,Q2s,fold,0.000000,-14.132812,-0.773438,-14.132812,-0.773438,0.537109,0.306641,40.000000,-80.000000,40.000000,-40.000000,0.000000,40.000000
9,equal,76000,20.000,0,5,0.500,0.050,0.400,K6s,fold,0.000000,-14.013281,-0.776042,-14.013281,-0.776042,0.553711,0.305990,40.000000,-80.000000,40.000000,-40.000000,0.000000,40.000000
9,equal,76000,20.000,0,5,0.500,0.050,0.400,J4s,fold,0.000000,-13.696875,-0.778646,-13.696875,-0.778646,0.597656,0.305339,40.000000,-80.000000,40.000000,-40.000000,0.000000,40.000000
9,equal,76000,20.000,0,5,0.500,0.050,0.400,J9o,fold,0.000000,-13.175000,-0.781250,-13.175000,-0.781250,0.670139,0.304688,40.000000,-80.000000,40.000000,-40.000000,0.000000,40.000000
9,equal,76000,20.000,0,5,0.500,0.050,0.400,T4s,fold,0.000000,-15.825000,-0.783854,-15.825000,-0.783854,0.302083,0.304036,40.000000,-80.000000,40.000000,-40.000000,0.000000,40.000000
9,equal,76000,20.000,0,5,0.500,0.050,0.400,J7o,fold,0.000000,-14.266406,-0.785590,-14.266406,-0.785590,0.518555,0.303602,40.000000,-80.000000,40.000000,-40.000000,0.000000,40.000000
9,equal,76000,20.000,0,5,0.500,0.050,0.400,Q6s,fold,0.000000,-13.978125,-0.786458,-13.978125,-0.786458,0.558594,0.303385,40.000000,-80.000000,40.000000,-40.000000,0.000000,40.000000
9,equal,76000,20.000,0,5,0.500,0.050,0.400,Q4s,fold,0.000000,-14.048437,-0.786458,-14.048437,-0.786458,0.548828,0.303385,40.000000,-80.000000,40.000000,-40.000000,0.000000,40.000000
9,equal,76000,20.000,0,5,0.500,0.050,0.400,Q4o,fold,0.000000,-14.397656,-0.788194,-14.397656,-0.788194,0.500326,0.302951,40.000000,-80.000000,40.000000,-40.000000,0.000000,40.000000
9,equal,76000,20.000,0,5,0.500,0.050,0.400,A2o,fold,0.000000,-14.390625,-0.794271,-14.390625,-0.794271,0.501302,0.301432,40.000000,-80.000000,40.000000,-40.000000,0.000000,40.000000
9,equal,76000,20.000,0,5,0.500,0.050,0.400,A4o,fold,0.000000,-14.231250,-0.803819,-14.231250,-0.803819,0.523438,0.299045,40.000000,-80.000000,40.000000,-40.000000,0.000000,40.000000
9,equal,76000,20.000,0,5,0.500,0.050,0.400,T7o,fold,0.000000,-15.956250,-0.805556,-15.956250,-0.805556,0.283854,0.298611,40.000000,-80.000000,40.000000,-40.000000,0.000000,40.000000
9,equal,76000,20.000,0,5,0.500,0.050,0.400,Q8o,fold,0.000000,-14.128125,-0.806424,-14.128125,-0.806424,0.537760,0.298394,40.000000,-80.000000,40.000000,-40.000000,0.000000,40.000000
9,equal,76000,20.000,0,5,0.500,0.050,0.400,J7s,fold,0.000000,-13.907812,-0.812500,-13.907812,-0.812500,0.568359,0.296875,40.000000,-80.000000,40.000000,-40.000000,0.000000,40.000000
9,equal,76000,20.000,0,5,0.500,0.050,0.400,T8o,fold,0.000000,-15.925000,-0.814236,-15.925000,-0.814236,0.288194,0.296441,40.000000,-80.000000,40.000000,-40.000000,0.000000,40.000000
9,equal,76000,20.000,0,5,0.500,0.050,0.400,J3s,fold,0.000000,-14.336719,-0.820312,-14.336719,-0.820312,0.508789,0.294922,40.000000,-80.000000,40.000000,-40.000000,0.000000,40.000000
9,equal,76000,20.000,0,5,0.500,0.050,0.400,T2s,fold,0.000000,-15.721875,-0.820312,-15.721875,-0.820312,0.316406,0.294922,40.000000,-80.000000,40.000000,-40.000000,0.000000,40.000000
9,equal,76000,20.000,0,5,0.500,0.050,0.400,K5o,fold,0.000000,-14.477344,-0.826389,-14.477344,-0.826389,0.489258,0.293403,40.000000,-80.000000,40.000000,-40.000000,0.000000,40.000000
9,equal,76000,20.000,0,5,0.500,0.050,0.400,A3o,fold,0.000000,-14.135156,-0.833333,-14.135156,-0.833333,0.536784,0.291667,40.000000,-80.000000,40.000000,-40.000000,0.000000,40.000000
9,equal,76000,20.000,0,5,0.500,0.050,0.400,A8o,fold,0.000000,-14.062500,-0.838542,-14.062500,-0.838542,0.546875,0.290365,40.000000,-80.000000,40.000000,-40.000000,0.000000,40.000000
9,equal,76000,20.000,0,5,0.500,0.050,0.400,J8o,fold,0.000000,-14.062500,-0.851562,-14.062500,-0.851562,0.546875,0.287109,40.000000,-80.000000,40.000000,-40.000000,0.000000,40.000000
9,equal,76000,20.000,0,5,0.500,0.050,0.400,A6o,fold,0.000000,-14.186719,-0.852431,-14.186719,-0.852431,0.529622,0.286892,40.000000,-80.000000,40.000000,-40.000000,0.000000,40.000000
9,equal,76000,20.000,0,5,0.500,0.050,0.400,J3o,fold,0.000000,-14.400000,-0.853299,-14.400000,-0.853299,0.500000,0.286675,40.000000,-80.000000,40.000000,-40.000000,0.000000,40.000000
9,equal,76000,20.000,0,5,0.500,0.050,0.400,Q7o,fold,0.000000,-14.400000,-0.855035,-14.400000,-0.855035,0.500000,0.286241,40.000000,-80.000000,40.000000,-40.000000,0.000000,40.000000
9,equal,76000,20.000,0,5,0.500,0.050,0.400,K7o,fold,0.000000,-14.193750,-0.860243,-14.193750,-0.860243,0.528646,0.284939,40.000000,-80.000000,40.000000,-40.000000,0.000000,40.000000
9,equal,76000,20.000,0,5,0.500,0.050,0.400,K9o,fold,0.000000,-13.175000,-0.861111,-13.175000,-0.861111,0.670139,0.284722,40.000000,-80.000000,40.000000,-40.000000,0.000000,40.000000
9,equal,76000,20.000,0,5,0.500,0.050,0.400,Q5o,fold,0.000000,-14.360156,-0.861111,-14.360156,-0.861111,0.505534,0.284722,40.000000,-80.000000,40.000000,-40.000000,0.000000,40.000000
9,equal,76000,20.000,0,5,0.500,0.050,0.400,T6o,fold,0.000000,-15.912500,-0.861979,-15.912500,-0.861979,0.289931,0.284505,40.000000,-80.000000,40.000000,-40.000000,0.000000,40.000000
9,equal,76000,20.000,0,5,0.500,0.050,0.400,K4o,fold,0.000000,-14.254687,-0.864583,-14.254687,-0.864583,0.520182,0.283854,40.000000,-80.000000,40.000000,-40.000000,0.000000,40.000000
9,equal,76000,20.000,0,5,0.500,0.050,0.400,K6o,fold,0.000000,-14.355469,-0.872396,-14.355469,-0.872396,0.506185,0.281901,40.000000,-80.000000,40.000000,-40.000000,0.000000,40.000000
9,equal,76000,20.000,0,5,0.500,0.050,0.400,K2o,fold,0.000000,-14.465625,-0.874132,-14.465625,-0.874132,0.490885,0.281467,40.000000,-80.000000,40.000000,-40.000000,0.000000,40.000000
9,equal,76000,20.000,0,5,0.500,0.050,0.400,J6o,fold,0.000000,-14.364844,-0.878472,-14.364844,-0.878472,0.504883,0.280382,40.000000,-80.000000,40.000000,-40.000000,0.000000,40.000000
9,equal,76000,20.000,0,5,0.500,0.050,0.400,J5o,fold,0.000000,-14.203125,-0.885417,-14.203125,-0.885417,0.527344,0.278646,40.000000,-80.000000,40.000000,-40.000000,0.000000,40.000000
9,equal,76000,20.000,0,5,0.500,0.050,0.400,Q2o,fold,0.000000,-14.172656,-0.893229,-14.172656,-0.893229,0.531576,0.276693,40.000000,-80.000000,40.000000,-40.000000,0.000000,40.000000
9,equal,76000,20.000,0,5,0.500,0.050,0.400,J4o,fold,0.000000,-14.275781,-0.893229,-14.275781,-0.893229,0.517253,0.276693,40.000000,-80.000000,40.000000,-40.000000,0.000000,40.000000
9,equal,76000,20.000,0,5,0.500,0.050,0.400,T2o,fold,0.000000,-15.912500,-0.894965,-15.912500,-0.894965,0.289931,0.276259,40.000000,-80.000000,40.000000,-40.000000,0.000000,40.000000
9,equal,76000,20.000,0,5,0.500,0.050,0.400,T4o,fold,0.000000,-16.028125,-0.894965,-16.028125,-0.894965,0.273872,0.276259,40.000000,-80.000000,40.000000,-40.000000,0.000000,40.000000
9,equal,76000,20.000,0,5,0.500,0.050,0.400,J2o,fold,0.000000,-14.092969,-0.904514,-14.092969,-0.904514,0.542643,0.273872,40.000000,-80.000000,40.000000,-40.000000,0.000000,40.000000
9,equal,76000,20.000,0,5,0.500,0.050,0.400,Q6o,fold,0.000000,-14.139844,-0.904514,-14.139844,-0.904514,0.536133,0.273872,40.000000,-80.000000,40.000000,-40.000000,0.000000,40.000000
9,equal,76000,20.000,0,5,0.500,0.050,0.400,Q3o,fold,0.000000,-14.376562,-0.904514,-14.376562,-0.904514,0.503255,0.273872,40.000000,-80.000000,40.000000,-40.000000,0.000000,40.000000
9,equal,76000,20.000,0,5,0.500,0.050,0.400,T3o,fold,0.000000,-16.040625,-0.911458,-16.040625,-0.911458,0.272135,0.272135,40.000000,-80.000000,40.000000,-40.000000,0.000000,40.000000
9,equal,76000,20.000,0,5,0.500,0.050,0.400,K8o,fold,0.000000,-14.198437,-0.921875,-14.198437,-0.921875,0.527995,0.269531,40.000000,-80.000000,40.000000,-40.000000,0.000000,40.000000
9,equal,76000,20.000,0,5,0.500,0.050,0.400,K3o,fold,0.000000,-14.273438,-0.926215,-14.273438,-0.926215,0.517578,0.268446,40.000000,-80.000000,40.000000,-40.000000,0.000000,40.000000
9,equal,76000,20.000,0,5,0.500,0.050,0.400,54s,fold,0.000000,-15.672656,-1.028646,-15.672656,-1.028646,0.323242,0.242839,40.000000,-80.000000,40.000000,-40.000000,0.000000,40.000000
9,equal,76000,20.000,0,5,0.500,0.050,0.400,43s,fold,0.000000,-15.440625,-1.106771,-15.440625,-1.106771,0.355469,0.223307,40.000000,-80.000000,40.000000,-40.000000,0.000000,40.000000
9,equal,76000,20.000,0,5,0.500,0.050,0.400,75s,fold,0.000000,-15.398438,-1.127604,-15.398438,-1.127604,0.361328,0.218099,40.000000,-80.000000,40.000000,-40.000000,0.000000,40.000000
9,equal,76000,20.000,0,5,0.500,0.050,0.400,42s,fold,0.000000,-15.405469,-1.148438,-15.405469,-1.148438,0.360352,0.212891,40.000000,-80.000000,40.000000,-40.000000,0.000000,40.000000
9,equal,76000,20.000,0,5,0.500,0.050,0.400,64s,fold,0.000000,-15.932812,-1.153646,-15.932812,-1.153646,0.287109,0.211589,40.000000,-80.000000,40.000000,-40.000000,0.000000,40.000000
9,equal,76000,20.000,0,5,0.500,0.050,0.400,52s,fold,0.000000,-15.461719,-1.158854,-15.461719,-1.158854,0.352539,0.210286,40.000000,-80.000000,40.000000,-40.000000,0.000000,40.000000
9,equal,76000,20.000,0,5,0.500,0.050,0.400,65s,fold,0.000000,-15.525000,-1.161458,-15.525000,-1.161458,0.343750,0.209635,40.000000,-80.000000,40.000000,-40.000000,0.000000,40.000000
9,equal,76000,20.000,0,5,0.500,0.050,0.400,87s,fold,0.000000,-15.574219,-1.164062,-15.574219,-1.164062,0.336914,0.208984,40.000000,-80.000000,40.000000,-40.000000,0.000000,40.000000
9,equal,76000,20.000,0,5,0.500,0.050,0.400,53s,fold,0.000000,-15.546094,-1.179688,-15.546094,-1.179688,0.340820,0.205078,40.000000,-80.000000,40.000000,-40.000000,0.000000,40.000000
9,equal,76000,20.000,0,5,0.500,0.050,0.400,33,fold,0.000000,-14.540625,-1.187500,-14.540625,-1.187500,0.480469,0.203125,40.000000,-80.000000,40.000000,-40.000000,0.000000,40.000000
9,equal,76000,20.000,0,5,0.500,0.050,0.400,76s,fold,0.000000,-15.271875,-1.187500,-15.271875,-1.187500,0.378906,0.203125,40.000000,-80.000000,40.000000,-40.000000,0.000000,40.000000
9,equal,76000,20.000,0,5,0.500,0.050,0.400,85s,fold,0.000000,-15.496875,-1.200521,-15.496875,-1.200521,0.347656,0.199870,40.000000,-80.000000,40.000000,-40.000000,0.000000,40.000000
9,equal,76000,20.000,0,5,0.500,0.050,0.400,98s,fold,0.000000,-15.928125,-1.203125,-15.928125,-1.203125,0.287760,0.199219,40.000000,-80.000000,40.000000,-40.000000,0.000000,40.000000
9,equal,76000,20.000,0,5,0.500,0.050,0.400,84s,fold,0.000000,-15.644531,-1.221354,-15.644531,-1.221354,0.327148,0.194661,40.000000,-80.000000,40.000000,-40.000000,0.000000,40.000000
9,equal,76000,20.000,0,5,0.500,0.050,0.400,77,fold,0.000000,-14.676562,-1.244792,-14.676562,-1.244792,0.461589,0.188802,40.000000,-80.000000,40.000000,-40.000000,0.000000,40.000000
9,equal,76000,20.000,0,5,0.500,0.050,0.400,74s,fold,0.000000,-15.510937,-1.255208,-15.510937,-1.255208,0.345703,0.186198,40.000000,-80.000000,40.000000,-40.000000,0.000000,40.000000
9,equal,76000,20.000,0,5,0.500,0.050,0.400,86s,fold,0.000000,-15.482812,-1.257812,-15.482812,-1.257812,0.349609,0.185547,40.000000,-80.000000,40.000000,-40.000000,0.000000,40.000000
9,equal,76000,20.000,0,5,0.500,0.050,0.400,44,fold,0.000000,-14.840625,-1.260417,-14.840625,-1.260417,0.438802,0.184896,40.000000,-80.000000,40.000000,-40.000000,0.000000,40.000000
9,equal,76000,20.000,0,5,0.500,0.050,0.400,32s,fold,0.000000,-16.024219,-1.268229,-16.024219,-1.268229,0.274414,0.182943,40.000000,-80.000000,40.000000,-40.000000,0.000000,40.000000
9,equal,76000,20.000,0,5,0.500,0.050,0.400,65o,fold,0.000000,-15.581250,-1.275174,-15.581250,-1.275174,0.335938,0.181207,40.000000,-80.000000,40.000000,-40.000000,0.000000,40.000000
9,equal,76000,20.000,0,5,0.500,0.050,0.400,66,fold,0.000000,-14.414062,-1.277778,-14.414062,-1.277778,0.498047,0.180556,40.000000,-80.000000,40.000000,-40.000000,0.000000,40.000000
9,equal,76000,20.000,0,5,0.500,0.050,0.400,72s,fold,0.000000,-15.356250,-1.291667,-15.356250,-1.291667,0.367188,0.177083,40.000000,-80.000000,40.000000,-40.000000,0.000000,40.000000
9,equal,76000,20.000,0,5,0.500,0.050,0.400,54o,fold,0.000000,-15.410156,-1.291667,-15.410156,-1.291667,0.359701,0.177083,40.000000,-80.000000,40.000000,-40.000000,0.000000,40.000000
9,equal,76000,20.000,0,5,0.500,0.050,0.400,63s,fold,0.000000,-15.510937,-1.294271,-15.510937,-1.294271,0.345703,0.176432,40.000000,-80.000000,40.000000,-40.000000,0.000000,40.000000
9,equal,76000,20.000,0,5,0.500,0.050,0.400,88,fold,0.000000,-14.278125,-1.295139,-14.278125,-1.295139,0.516927,0.176215,40.000000,-80.000000,40.000000,-40.000000,0.000000,40.000000
9,equal,76000,20.000,0,5,0.500,0.050,0.400,22,fold,0.000000,-14.657813,-1.298611,-14.657813,-1.298611,0.464193,0.175347,40.000000,-80.000000,40.000000,-40.000000,0.000000,40.000000
9,equal,76000,20.000,0,5,0.500,0.050,0.400,83s,fold,0.000000,-15.742969,-1.302083,-15.742969,-1.302083,0.313477,0.174479,40.000000,-80.000000,40.000000,-40.000000,0.000000,40.000000
9,equal,76000,20.000,0,5,0.500,0.050,0.400,55,fold,0.000000,-14.479687,-1.305556,-14.479687,-1.305556,0.488932,0.173611,40.000000,-80.000000,40.000000,-40.000000,0.000000,40.000000
9,equal,76000,20.000,0,5,0.500,0.050,0.400,64o,fold,0.000000,-15.639844,-1.307292,-15.639844,-1.307292,0.327799,0.173177,40.000000,-80.000000,40.000000,-40.000000,0.000000,40.000000
9,equal,76000,20.000,0,5,0.500,0.050,0.400,97s,fold,0.000000,-15.862500,-1.317708,-15.862500,-1.317708,0.296875,0.170573,40.000000,-80.000000,40.000000,-40.000000,0.000000,40.000000
9,equal,76000,20.000,0,5,0.500,0.050,0.400,73s,fold,0.000000,-15.482812,-1.333333,-15.482812,-1.333333,0.349609,0.166667,40.000000,-80.000000,40.000000,-40.000000,0.000000,40.000000
9,equal,76000,20.000,0,5,0.500,0.050,0.400,62s,fold,0.000000,-15.651562,-1.333333,-15.651562,-1.333333,0.326172,0.166667,40.000000,-80.000000,40.000000,-40.000000,0.000000,40.000000
9,equal,76000,20.000,0,5,0.500,0.050,0.400,76o,fold,0.000000,-15.414844,-1.341146,-15.414844,-1.341146,0.359049,0.164714,40.000000,-80.000000,40.000000,-40.000000,0.000000,40.000000
9,equal,76000,20.000,0,5,0.500,0.050,0.400,52o,fold,0.000000,-15.614062,-1.342882,-15.614062,-1.342882,0.331380,0.164280,40.000000,-80.000000,40.000000,-40.000000,0.000000,40.000000
9,equal,76000,20.000,0,5,0.500,0.050,0.400,75o,fold,0.000000,-15.696094,-1.360243,-15.696094,-1.360243,0.319987,0.159939,40.000000,-80.000000,40.000000,-40.000000,0.000000,40.000000
9,equal,76000,20.000,0,5,0.500,0.050,0.400,43o,fold,0.000000,-15.670312,-1.372396,-15.670312,-1.372396,0.323568,0.156901,40.000000,-80.000000,40.000000,-40.000000,0.000000,40.000000
9,equal,76000,20.000,0,5,0.500,0.050,0.400,82s,fold,0.000000,-15.735937,-1.375000,-15.735937,-1.375000,0.314453,0.156250,40.000000,-80.000000,40.000000,-40.000000,0.000000,40.000000
9,equal,76000,20.000,0,5,0.500,0.050,0.400,53o,fold,0.000000,-15.576562,-1.379340,-15.576562,-1.379340,0.336589,0.155165,40.000000,-80.000000,40.000000,-40.000000,0.000000,40.000000
9,equal,76000,20.000,0,5,0.500,0.050,0.400,93s,fold,0.000000,-15.825000,-1.385417,-15.825000,-1.385417,0.302083,0.153646,40.000000,-80.000000,40.000000,-40.000000,0.000000,40.000000
9,equal,76000,20.000,0,5,0.500,0.050,0.400,74o,fold,0.000000,-15.855469,-1.398438,-15.855469,-1.398438,0.297852,0.150391,40.000000,-80.000000,40.000000,-40.000000,0.000000,40.000000
9,equal,76000,20.000,0,5,0.500,0.050,0.400,87o,fold,0.000000,-15.496875,-1.407986,-15.496875,-1.407986,0.347656,0.148003,40.000000,-80.000000,40.000000,-40.000000,0.000000,40.000000
9,equal,76000,20.000,0,5,0.500,0.050,0.400,42o,fold,0.000000,-15.665625,-1.410590,-15.665625,-1.410590,0.324219,0.147352,40.000000,-80.000000,40.000000,-40.000000,0.000000,40.000000
9,equal,76000,20.000,0,5,0.500,0.050,0.400,32o,fold,0.000000,-15.621094,-1.420139,-15.621094,-1.420139,0.330404,0.144965,40.000000,-80.000000,40.000000,-40.000000,0.000000,40.000000
9,equal,76000,20.000,0,5,0.500,0.050,0.400,98o,fold,0.000000,-16.118750,-1.435764,-16.118750,-1.435764,0.261285,0.141059,40.000000,-80.000000,40.000000,-40.000000,0.000000,40.000000
9,equal,76000,20.000,0,5,0.500,0.050,0.400,63o,fold,0.000000,-15.656250,-1.440104,-15.656250,-1.440104,0.325521,0.139974,40.000000,-80.000000,40.000000,-40.000000,0.000000,40.000000
9,equal,76000,20.000,0,5,0.500,0.050,0.400,73o,fold,0.000000,-15.836719,-1.447917,-15.836719,-1.447917,0.300456,0.138021,40.000000,-80.000000,40.000000,-40.000000,0.000000,40.000000
9,equal,76000,20.000,0,5,0.500,0.050,0.400,95s,fold,0.000000,-15.909375,-1.453125,-15.909375,-1.453125,0.290365,0.136719,40.000000,-80.000000,40.000000,-40.000000,0.000000,40.000000
9,equal,76000,20.000,0,5,0.500,0.050,0.400,86o,fold,0.000000,-15.717187,-1.453993,-15.717187,-1.453993,0.317057,0.136502,40.000000,-80.000000,40.000000,-40.000000,0.000000,40.000000
9,equal,76000,20.000,0,5,0.500,0.050,0.400,85o,fold,0.000000,-15.817969,-1.453993,-15.817969,-1.453993,0.303060,0.136502,40.000000,-80.000000,40.000000,-40.000000,0.000000,40.000000
9,equal,76000,20.000,0,5,0.500,0.050,0.400,96s,fold,0.000000,-15.693750,-1.458333,-15.693750,-1.458333,0.320312,0.135417,40.000000,-80.000000,40.000000,-40.000000,0.000000,40.000000
9,equal,76000,20.000,0,5,0.500,0.050,0.400,62o,fold,0.000000,-15.689062,-1.463542,-15.689062,-1.463542,0.320964,0.134115,40.000000,-80.000000,40.000000,-40.000000,0.000000,40.000000
9,equal,76000,20.000,0,5,0.500,0.050,0.400,84o,fold,0.000000,-15.822656,-1.490451,-15.822656,-1.490451,0.302409,0.127387,40.000000,-80.000000,40.000000,-40.000000,0.000000,40.000000
9,equal,76000,20.000,0,5,0.500,0.050,0.400,83o,fold,0.000000,-15.996094,-1.503472,-15.996094,-1.503472,0.278320,0.124132,40.000000,-80.000000,40.000000,-40.000000,0.000000,40.000000
9,equal,76000,20.000,0,5,0.500,0.050,0.400,82o,fold,0.000000,-15.975000,-1.527778,-15.975000,-1.527778,0.281250,0.118056,40.000000,-80.000000,40.000000,-40.000000,0.000000,40.000000
9,equal,76000,20.000,0,5,0.500,0.050,0.400,97o,fold,0.000000,-16.143750,-1.536458,-16.143750,-1.536458,0.257812,0.115885,40.000000,-80.000000,40.000000,-40.000000,0.000000,40.000000
9,equal,76000,20.000,0,5,0.500,0.050,0.400,92s,fold,0.000000,-15.675000,-1.541667,-15.675000,-1.541667,0.322917,0.114583,40.000000,-80.000000,40.000000,-40.000000,0.000000,40.000000
9,equal,76000,20.000,0,5,0.500,0.050,0.400,72o,fold,0.000000,-15.923438,-1.561632,-15.923438,-1.561632,0.288411,0.109592,40.000000,-80.000000,40.000000,-40.000000,0.000000,40.000000
9,equal,76000,20.000,0,5,0.500,0.050,0.400,94s,fold,0.000000,-15.871875,-1.562500,-15.871875,-1.562500,0.295573,0.109375,40.000000,-80.000000,40.000000,-40.000000,0.000000,40.000000
9,equal,76000,20.000,0,5,0.500,0.050,0.400,96o,fold,0.000000,-16.140625,-1.612847,-16.140625,-1.612847,0.258247,0.096788,40.000000,-80.000000,40.000000,-40.000000,0.000000,40.000000
9,equal,76000,20.000,0,5,0.500,0.050,0.400,92o,fold,0.000000,-16.262500,-1.689236,-16.262500,-1.689236,0.241319,0.077691,40.000000,-80.000000,40.000000,-40.000000,0.000000,40.000000
9,equal,76000,20.000,0,5,0.500,0.050,0.400,93o,fold,0.000000,-16.059375,-1.694444,-16.059375,-1.694444,0.269531,0.076389,40.000000,-80.000000,40.000000,-40.000000,0.000000,40.000000
9,equal,76000,20.000,0,5,0.500,0.050,0.400,95o,fold,0.000000,-16.365625,-1.694444,-16.365625,-1.694444,0.226997,0.076389,40.000000,-80.000000,40.000000,-40.000000,0.000000,40.000000
9,equal,76000,20.000,0,5,0.500,0.050,0.400,94o,fold,0.000000,-16.187500,-1.756944,-16.187500,-1.756944,0.251736,0.060764,40.000000,-80.000000,40.000000,-40.000000,0.000000,40.000000
9,equal,76000,20.000,0,5,0.500,0.100,0.400,88,jam,0.000000,-14.278125,2.590278,-14.278125,2.590278,0.516927,0.823785,40.000000,-80.000000,40.000000,-40.000000,0.000000,40.000000
9,equal,76000,20.000,0,5,0.500,0.100,0.400,66,jam,0.000000,-14.414062,2.579861,-14.414062,2.579861,0.498047,0.822483,40.000000,-80.000000,40.000000,-40.000000,0.000000,40.000000
9,equal,76000,20.000,0,5,0.500,0.100,0.400,55,jam,0.000000,-14.479687,2.531250,-14.479687,2.531250,0.488932,0.816406,40.000000,-80.000000,40.000000,-40.000000,0.000000,40.000000
9,equal,76000,20.000,0,5,0.500,0.100,0.400,99,jam,0.000000,-13.528125,2.520833,-13.528125,2.520833,0.621094,0.815104,40.000000,-80.000000,40.000000,-40.000000,0.000000,40.000000
9,equal,76000,20.000,0,5,0.500,0.100,0.400,KK,jam,0.000000,-12.379687,2.517361,-12.379687,2.517361,0.780599,0.814670,40.000000,-80.000000,40.000000,-40.000000,0.000000,40.000000
9,equal,76000,20.000,0,5,0.500,0.100,0.400,JJ,jam,0.000000,-12.051562,2.475694,-12.051562,2.475694,0.826172,0.809462,40.000000,-80.000000,40.000000,-40.000000,0.000000,40.000000
9,equal,76000,20.000,0,5,0.500,0.100,0.400,QQ,jam,0.000000,-12.117188,2.472222,-12.117188,2.472222,0.817057,0.809028,40.000000,-80.000000,40.000000,-40.000000,0.000000,40.000000
9,equal,76000,20.000,0,5,0.500,0.100,0.400,TT,jam,0.000000,-12.121875,2.451389,-12.121875,2.451389,0.816406,0.806424,40.000000,-80.000000,40.000000,-40.000000,0.000000,40.000000
9,equal,76000,20.000,0,5,0.500,0.100,0.400,77,jam,0.000000,-14.676562,2.427083,-14.676562,2.427083,0.461589,0.803385,40.000000,-80.000000,40.000000,-40.000000,0.000000,40.000000
9,equal,76000,20.000,0,5,0.500,0.100,0.400,AA,jam,0.000000,-12.328125,2.309028,-12.328125,2.309028,0.787760,0.788628,40.000000,-80.000000,40.000000,-40.000000,0.000000,40.000000
9,equal,76000,20.000,0,5,0.500,0.100,0.400,T9s,jam,0.000000,-14.400000,0.489583,-14.400000,0.489583,0.500000,0.561198,40.000000,-80.000000,40.000000,-40.000000,0.000000,40.000000
9,equal,76000,20.000,0,5,0.500,0.100,0.400,J9s,jam,0.000000,-12.628125,0.328125,-12.628125,0.328125,0.746094,0.541016,40.000000,-80.000000,40.000000,-40.000000,0.000000,40.000000
9,equal,76000,20.000,0,5,0.500,0.100,0.400,QTs,jam,0.000000,-12.984375,0.302083,-12.984375,0.302083,0.696615,0.537760,40.000000,-80.000000,40.000000,-40.000000,0.000000,40.000000
9,equal,76000,20.000,0,5,0.500,0.100,0.400,QJs,jam,0.000000,-13.275000,0.197917,-13.275000,0.197917,0.656250,0.524740,40.000000,-80.000000,40.000000,-40.000000,0.000000,40.000000
9,equal,76000,20.000,0,5,0.500,0.100,0.400,87s,jam,0.000000,-15.574219,0.171875,-15.574219,0.171875,0.336914,0.521484,40.000000,-80.000000,40.000000,-40.000000,0.000000,40.000000
9,equal,76000,20.000,0,5,0.500,0.100,0.400,T5s,jam,0.000000,-15.796875,0.166667,-15.796875,0.166667,0.305990,0.520833,40.000000,-80.000000,40.000000,-40.000000,0.000000,40.000000
9,equal,76000,20.000,0,5,0.500,0.100,0.400,JTo,jam,0.000000,-13.009375,0.142361,-13.009375,0.142361,0.693142,0.517795,40.000000,-80.000000,40.000000,-40.000000,0.000000,40.000000
9,equal,76000,20.000,0,5,0.500,0.100,0.400,75s,jam,0.000000,-15.398438,0.140625,-15.398438,0.140625,0.361328,0.517578,40.000000,-80.000000,40.000000,-40.000000,0.000000,40.000000
9,equal,76000,20.000,0,5,0.500,0.100,0.400,AQs,jam,0.000000,-13.380469,0.125000,-13.380469,0.125000,0.641602,0.515625,40.000000,-80.000000,40.000000,-40.000000,0.000000,40.000000
9,equal,76000,20.000,0,5,0.500,0.100,0.400,KQs,jam,0.000000,-13.267969,0.109375,-13.267969,0.109375,0.657227,0.513672,40.000000,-80.000000,40.000000,-40.000000,0.000000,40.000000
9,equal,76000,20.000,0,5,0.500,0.100,0.400,J8s,jam,0.000000,-13.760156,0.098958,-13.760156,0.098958,0.588867,0.512370,40.000000,-80.000000,40.000000,-40.000000,0.000000,40.000000
9,equal,76000,20.000,0,5,0.500,0.100,0.400,T6s,jam,0.000000,-15.675000,0.093750,-15.675000,0.093750,0.322917,0.511719,40.000000,-80.000000,40.000000,-40.000000,0.000000,40.000000
9,equal,76000,20.000,0,5,0.500,0.100,0.400,AJs,jam,0.000000,-13.387500,0.083333,-13.387500,0.083333,0.640625,0.510417,40.000000,-80.000000,40.000000,-40.000000,0.000000,40.000000
9,equal,76000,20.000,0,5,0.500,0.100,0.400,Q8s,jam,0.000000,-13.760156,0.078125,-13.760156,0.078125,0.588867,0.509766,40.000000,-80.000000,40.000000,-40.000000,0.000000,40.000000
9,equal,76000,20.000,0,5,0.500,0.100,0.400,Q6s,jam,0.000000,-13.978125,0.052083,-13.978125,0.052083,0.558594,0.506510,40.000000,-80.000000,40.000000,-40.000000,0.000000,40.000000
9,equal,76000,20.000,0,5,0.500,0.100,0.400,86s,jam,0.000000,-15.482812,0.052083,-15.482812,0.052083,0.349609,0.506510,40.000000,-80.000000,40.000000,-40.000000,0.000000,40.000000
9,equal,76000,20.000,0,5,0.500,0.100,0.400,Q9s,jam,0.000000,-13.218750,0.046875,-13.218750,0.046875,0.664062,0.505859,40.000000,-80.000000,40.000000,-40.000000,0.000000,40.000000
9,equal,76000,20.000,0,5,0.500,0.100,0.400,T7s,jam,0.000000,-15.759375,0.041667,-15.759375,0.041667,0.311198,0.505208,40.000000,-80.000000,40.000000,-40.000000,0.000000,40.000000
9,equal,76000,20.000,0,5,0.500,0.100,0.400,ATs,jam,0.000000,-13.087500,0.015625,-13.087500,0.015625,0.682292,0.501953,40.000000,-80.000000,40.000000,-40.000000,0.000000,40.000000
9,equal,76000,20.000,0,5,0.500,0.100,0.400,JTs,jam,0.000000,-12.937500,0.010417,-12.937500,0.010417,0.703125,0.501302,40.000000,-80.000000,40.000000,-40.000000,0.000000,40.000000
9,equal,76000,20.000,0,5,0.500,0.100,0.400,KJs,jam,0.000000,-13.324219,0.010417,-13.324219,0.010417,0.649414,0.501302,40.000000,-80.000000,40.000000,-40.000000,0.000000,40.000000
9,equal,76000,20.000,0,5,0.500,0.100,0.400,44,jam,0.000000,-14.840625,0.000000,-14.840625,0.000000,0.438802,0.500000,40.000000,-80.000000,40.000000,-40.000000,0.000000,40.000000
9,equal,76000,20.000,0,5,0.500,0.100,0.400,KTs,fold,0.000000,-13.162500,-0.005208,-13.162500,-0.005208,0.671875,0.499349,40.000000,-80.000000,40.000000,-40.000000,0.000000,40.000000
9,equal,76000,20.000,0,5,0.500,0.100,0.400,85s,fold,0.000000,-15.496875,-0.005208,-15.496875,-0.005208,0.347656,0.499349,40.000000,-80.000000,40.000000,-40.000000,0.000000,40.000000
9,equal,76000,20.000,0,5,0.500,0.100,0.400,T8o,fold,0.000000,-15.925000,-0.005208,-15.925000,-0.005208,0.288194,0.499349,40.000000,-80.000000,40.000000,-40.000000,0.000000,40.000000
9,equal,76000,20.000,0,5,0.500,0.100,0.400,T8s,fold,0.000000,-15.515625,-0.015625,-15.515625,-0.015625,0.345052,0.498047,40.000000,-80.000000,40.000000,-40.000000,0.000000,40.000000
9,equal,76000,20.000,0,5,0.500,0.100,0.400,AKs,fold,0.000000,-13.415625,-0.020833,-13.415625,-0.020833,0.636719,0.497396,40.000000,-80.000000,40.000000,-40.000000,0.000000,40.000000
9,equal,76000,20.000,0,5,0.500,0.100,0.400,Q7s,fold,0.000000,-13.844531,-0.020833,-13.844531,-0.020833,0.577148,0.497396,40.000000,-80.000000,40.000000,-40.000000,0.000000,40.000000
9,equal,76000,20.000,0,5,0.500,0.100,0.400,K6s,fold,0.000000,-14.013281,-0.020833,-14.013281,-0.020833,0.553711,0.497396,40.000000,-80.000000,40.000000,-40.000000,0.000000,40.000000
9,equal,76000,20.000,0,5,0.500,0.100,0.400,97s,fold,0.000000,-15.862500,-0.020833,-15.862500,-0.020833,0.296875,0.497396,40.000000,-80.000000,40.000000,-40.000000,0.000000,40.000000
9,equal,76000,20.000,0,5,0.500,0.100,0.400,T9o,fold,0.000000,-14.564062,-0.039931,-14.564062,-0.039931,0.477214,0.495009,40.000000,-80.000000,40.000000,-40.000000,0.000000,40.000000
9,equal,76000,20.000,0,5,0.500,0.100,0.400,65s,fold,0.000000,-15.525000,-0.046875,-15.525000,-0.046875,0.343750,0.494141,40.000000,-80.000000,40.000000,-40.000000,0.000000,40.000000
9,equal,76000,20.000,0,5,0.500,0.100,0.400,98s,fold,0.000000,-15.928125,-0.046875,-15.928125,-0.046875,0.287760,0.494141,40.000000,-80.000000,40.000000,-40.000000,0.000000,40.000000
9,equal,76000,20.000,0,5,0.500,0.100,0.400,98o,fold,0.000000,-16.118750,-0.057292,-16.118750,-0.057292,0.261285,0.492839,40.000000,-80.000000,40.000000,-40.000000,0.000000,40.000000
9,equal,76000,20.000,0,5,0.500,0.100,0.400,Q9o,fold,0.000000,-13.150000,-0.062500,-13.150000,-0.062500,0.673611,0.492188,40.000000,-80.000000,40.000000,-40.000000,0.000000,40.000000
9,equal,76000,20.000,0,5,0.500,0.100,0.400,95s,fold,0.000000,-15.909375,-0.062500,-15.909375,-0.062500,0.290365,0.492188,40.000000,-80.000000,40.000000,-40.000000,0.000000,40.000000
9,equal,76000,20.000,0,5,0.500,0.100,0.400,J9o,fold,0.000000,-13.175000,-0.071181,-13.175000,-0.071181,0.670139,0.491102,40.000000,-80.000000,40.000000,-40.000000,0.000000,40.000000
9,equal,76000,20.000,0,5,0.500,0.100,0.400,QJo,fold,0.000000,-13.518750,-0.074653,-13.518750,-0.074653,0.622396,0.490668,40.000000,-80.000000,40.000000,-40.000000,0.000000,40.000000
9,equal,76000,20.000,0,5,0.500,0.100,0.400,J5s,fold,0.000000,-14.041406,-0.083333,-14.041406,-0.083333,0.549805,0.489583,40.000000,-80.000000,40.000000,-40.000000,0.000000,40.000000
9,equal,76000,20.000,0,5,0.500,0.100,0.400,A5s,fold,0.000000,-14.090625,-0.088542,-14.090625,-0.088542,0.542969,0.488932,40.000000,-80.000000,40.000000,-40.000000,0.000000,40.000000
9,equal,76000,20.000,0,5,0.500,0.100,0.400,96s,fold,0.000000,-15.693750,-0.088542,-15.693750,-0.088542,0.320312,0.488932,40.000000,-80.000000,40.000000,-40.000000,0.000000,40.000000
9,equal,76000,20.000,0,5,0.500,0.100,0.400,J7o,fold,0.000000,-14.266406,-0.093750,-14.266406,-0.093750,0.518555,0.488281,40.000000,-80.000000,40.000000,-40.000000,0.000000,40.000000
9,equal,76000,20.000,0,5,0.500,0.100,0.400,J7s,fold,0.000000,-13.907812,-0.109375,-13.907812,-0.109375,0.568359,0.486328,40.000000,-80.000000,40.000000,-40.000000,0.000000,40.000000
9,equal,76000,20.000,0,5,0.500,0.100,0.400,97o,fold,0.000000,-16.143750,-0.111111,-16.143750,-0.111111,0.257812,0.486111,40.000000,-80.000000,40.000000,-40.000000,0.000000,40.000000
9,equal,76000,20.000,0,5,0.500,0.100,0.400,A7s,fold,0.000000,-14.034375,-0.119792,-14.034375,-0.119792,0.550781,0.485026,40.000000,-80.000000,40.000000,-40.000000,0.000000,40.000000
9,equal,76000,20.000,0,5,0.500,0.100,0.400,T7o,fold,0.000000,-15.956250,-0.119792,-15.956250,-0.119792,0.283854,0.485026,40.000000,-80.000000,40.000000,-40.000000,0.000000,40.000000
9,equal,76000,20.000,0,5,0.500,0.100,0.400,J8o,fold,0.000000,-14.062500,-0.140625,-14.062500,-0.140625,0.546875,0.482422,40.000000,-80.000000,40.000000,-40.000000,0.000000,40.000000
9,equal,76000,20.000,0,5,0.500,0.100,0.400,QTo,fold,0.000000,-13.193750,-0.144097,-13.193750,-0.144097,0.667535,0.481988,40.000000,-80.000000,40.000000,-40.000000,0.000000,40.000000
9,equal,76000,20.000,0,5,0.500,0.100,0.400,75o,fold,0.000000,-15.696094,-0.156250,-15.696094,-0.156250,0.319987,0.480469,40.000000,-80.000000,40.000000,-40.000000,0.000000,40.000000
9,equal,76000,20.000,0,5,0.500,0.100,0.400,95o,fold,0.000000,-16.365625,-0.157986,-16.365625,-0.157986,0.226997,0.480252,40.000000,-80.000000,40.000000,-40.000000,0.000000,40.000000
9,equal,76000,20.000,0,5,0.500,0.100,0.400,87o,fold,0.000000,-15.496875,-0.161458,-15.496875,-0.161458,0.347656,0.479818,40.000000,-80.000000,40.000000,-40.000000,0.000000,40.000000
9,equal,76000,20.000,0,5,0.500,0.100,0.400,76o,fold,0.000000,-15.414844,-0.164931,-15.414844,-0.164931,0.359049,0.479384,40.000000,-80.000000,40.000000,-40.000000,0.000000,40.000000
9,equal,76000,20.000,0,5,0.500,0.100,0.400,KTo,fold,0.000000,-13.078125,-0.175347,-13.078125,-0.175347,0.683594,0.478082,40.000000,-80.000000,40.000000,-40.000000,0.000000,40.000000
9,equal,76000,20.000,0,5,0.500,0.100,0.400,K8s,fold,0.000000,-14.104687,-0.177083,-14.104687,-0.177083,0.541016,0.477865,40.000000,-80.000000,40.000000,-40.000000,0.000000,40.000000
9,equal,76000,20.000,0,5,0.500,0.100,0.400,T6o,fold,0.000000,-15.912500,-0.177083,-15.912500,-0.177083,0.289931,0.477865,40.000000,-80.000000,40.000000,-40.000000,0.000000,40.000000
9,equal,76000,20.000,0,5,0.500,0.100,0.400,A8s,fold,0.000000,-13.788281,-0.182292,-13.788281,-0.182292,0.584961,0.477214,40.000000,-80.000000,40.000000,-40.000000,0.000000,40.000000
9,equal,76000,20.000,0,5,0.500,0.100,0.400,A9s,fold,0.000000,-13.068750,-0.197917,-13.068750,-0.197917,0.684896,0.475260,40.000000,-80.000000,40.000000,-40.000000,0.000000,40.000000
9,equal,76000,20.000,0,5,0.500,0.100,0.400,65o,fold,0.000000,-15.581250,-0.197917,-15.581250,-0.197917,0.335938,0.475260,40.000000,-80.000000,40.000000,-40.000000,0.000000,40.000000
9,equal,76000,20.000,0,5,0.500,0.100,0.400,AJo,fold,0.000000,-13.631250,-0.201389,-13.631250,-0.201389,0.606771,0.474826,40.000000,-80.000000,40.000000,-40.000000,0.000000,40.000000
9,equal,76000,20.000,0,5,0.500,0.100,0.400,KQo,fold,0.000000,-13.682812,-0.211806,-13.682812,-0.211806,0.599609,0.473524,40.000000,-80.000000,40.000000,-40.000000,0.000000,40.000000
9,equal,76000,20.000,0,5,0.500,0.100,0.400,K9o,fold,0.000000,-13.175000,-0.215278,-13.175000,-0.215278,0.670139,0.473090,40.000000,-80.000000,40.000000,-40.000000,0.000000,40.000000
9,equal,76000,20.000,0,5,0.500,0.100,0.400,A9o,fold,0.000000,-13.259375,-0.215278,-13.259375,-0.215278,0.658420,0.473090,40.000000,-80.000000,40.000000,-40.000000,0.000000,40.000000
9,equal,76000,20.000,0,5,0.500,0.100,0.400,96o,fold,0.000000,-16.140625,-0.217014,-16.140625,-0.217014,0.258247,0.472873,40.000000,-80.000000,40.000000,-40.000000,0.000000,40.000000
9,equal,76000,20.000,0,5,0.500,0.100,0.400,A7o,fold,0.000000,-14.299219,-0.218750,-14.299219,-0.218750,0.513997,0.472656,40.000000,-80.000000,40.000000,-40.000000,0.000000,40.000000
9,equal,76000,20.000,0,5,0.500,0.100,0.400,A8o,fold,0.000000,-14.062500,-0.244792,-14.062500,-0.244792,0.546875,0.469401,40.000000,-80.000000,40.000000,-40.000000,0.000000,40.000000
9,equal,76000,20.000,0,5,0.500,0.100,0.400,J5o,fold,0.000000,-14.203125,-0.260417,-14.203125,-0.260417,0.527344,0.467448,40.000000,-80.000000,40.000000,-40.000000,0.000000,40.000000
9,equal,76000,20.000,0,5,0.500,0.100,0.400,86o,fold,0.000000,-15.717187,-0.265625,-15.717187,-0.265625,0.317057,0.466797,40.000000,-80.000000,40.000000,-40.000000,0.000000,40.000000
9,equal,76000,20.000,0,5,0.500,0.100,0.400,Q8o,fold,0.000000,-14.128125,-0.276042,-14.128125,-0.276042,0.537760,0.465495,40.000000,-80.000000,40.000000,-40.000000,0.000000,40.000000
9,equal,76000,20.000,0,5,0.500,0.100,0.400,J6s,fold,0.000000,-13.717969,-0.286458,-13.717969,-0.286458,0.594727,0.464193,40.000000,-80.000000,40.000000,-40.000000,0.000000,40.000000
9,equal,76000,20.000,0,5,0.500,0.100,0.400,KJo,fold,0.000000,-13.713281,-0.303819,-13.713281,-0.303819,0.595378,0.462023,40.000000,-80.000000,40.000000,-40.000000,0.000000,40.000000
9,equal,76000,20.000,0,5,0.500,0.100,0.400,K5s,fold,0.000000,-13.837500,-0.312500,-13.837500,-0.312500,0.578125,0.460938,40.000000,-80.000000,40.000000,-40.000000,0.000000,40.000000
9,equal,76000,20.000,0,5,0.500,0.100,0.400,AQo,fold,0.000000,-13.839844,-0.322917,-13.839844,-0.322917,0.577799,0.459635,40.000000,-80.000000,40.000000,-40.000000,0.000000,40.000000
9,equal,76000,20.000,0,5,0.500,0.100,0.400,Q6o,fold,0.000000,-14.139844,-0.322917,-14.139844,-0.322917,0.536133,0.459635,40.000000,-80.000000,40.000000,-40.000000,0.000000,40.000000
9,equal,76000,20.000,0,5,0.500,0.100,0.400,76s,fold,0.000000,-15.271875,-0.322917,-15.271875,-0.322917,0.378906,0.459635,40.000000,-80.000000,40.000000,-40.000000,0.000000,40.000000
9,equal,76000,20.000,0,5,0.500,0.100,0.400,ATo,fold,0.000000,-12.971875,-0.333333,-12.971875,-0.333333,0.698351,0.458333,40.000000,-80.000000,40.000000,-40.000000,0.000000,40.000000
9,equal,76000,20.000,0,5,0.500,0.100,0.400,K7o,fold,0.000000,-14.193750,-0.347222,-14.193750,-0.347222,0.528646,0.456597,40.000000,-80.000000,40.000000,-40.000000,0.000000,40.000000
9,equal,76000,20.000,0,5,0.500,0.100,0.400,K7s,fold,0.000000,-14.041406,-0.354167,-14.041406,-0.354167,0.549805,0.455729,40.000000,-80.000000,40.000000,-40.000000,0.000000,40.000000
9,equal,76000,20.000,0,5,0.500,0.100,0.400,K6o,fold,0.000000,-14.355469,-0.361111,-14.355469,-0.361111,0.506185,0.454861,40.000000,-80.000000,40.000000,-40.000000,0.000000,40.000000
9,equal,76000,20.000,0,5,0.500,0.100,0.400,85o,fold,0.000000,-15.817969,-0.364583,-15.817969,-0.364583,0.303060,0.454427,40.000000,-80.000000,40.000000,-40.000000,0.000000,40.000000
9,equal,76000,20.000,0,5,0.500,0.100,0.400,T5o,fold,0.000000,-15.918750,-0.383681,-15.918750,-0.383681,0.289062,0.452040,40.000000,-80.000000,40.000000,-40.000000,0.000000,40.000000
9,equal,76000,20.000,0,5,0.500,0.100,0.400,A6s,fold,0.000000,-13.935937,-0.395833,-13.935937,-0.395833,0.564453,0.450521,40.000000,-80.000000,40.000000,-40.000000,0.000000,40.000000
9,equal,76000,20.000,0,5,0.500,0.100,0.400,Q5o,fold,0.000000,-14.360156,-0.406250,-14.360156,-0.406250,0.505534,0.449219,40.000000,-80.000000,40.000000,-40.000000,0.000000,40.000000
9,equal,76000,20.000,0,5,0.500,0.100,0.400,AKo,fold,0.000000,-13.872656,-0.414931,-13.872656,-0.414931,0.573242,0.448134,40.000000,-80.000000,40.000000,-40.000000,0.000000,40.000000
9,equal,76000,20.000,0,5,0.500,0.100,0.400,K5o,fold,0.000000,-14.477344,-0.418403,-14.477344,-0.418403,0.489258,0.447700,40.000000,-80.000000,40.000000,-40.000000,0.000000,40.000000
9,equal,76000,20.000,0,5,0.500,0.100,0.400,K9s,fold,0.000000,-13.256250,-0.427083,-13.256250,-0.427083,0.658854,0.446615,40.000000,-80.000000,40.000000,-40.000000,0.000000,40.000000
9,equal,76000,20.000,0,5,0.500,0.100,0.400,K8o,fold,0.000000,-14.198437,-0.432292,-14.198437,-0.432292,0.527995,0.445964,40.000000,-80.000000,40.000000,-40.000000,0.000000,40.000000
9,equal,76000,20.000,0,5,0.500,0.100,0.400,Q5s,fold,0.000000,-14.006250,-0.468750,-14.006250,-0.468750,0.554688,0.441406,40.000000,-80.000000,40.000000,-40.000000,0.000000,40.000000
9,equal,76000,20.000,0,5,0.500,0.100,0.400,A5o,fold,0.000000,-14.207812,-0.472222,-14.207812,-0.472222,0.526693,0.440972,40.000000,-80.000000,40.000000,-40.000000,0.000000,40.000000
9,equal,76000,20.000,0,5,0.500,0.100,0.400,Q7o,fold,0.000000,-14.400000,-0.482639,-14.400000,-0.482639,0.500000,0.439670,40.000000,-80.000000,40.000000,-40.000000,0.000000,40.000000
9,equal,76000,20.000,0,5,0.500,0.100,0.400,A6o,fold,0.000000,-14.186719,-0.512153,-14.186719,-0.512153,0.529622,0.435981,40.000000,-80.000000,40.000000,-40.000000,0.000000,40.000000
9,equal,76000,20.000,0,5,0.500,0.100,0.400,J6o,fold,0.000000,-14.364844,-0.527778,-14.364844,-0.527778,0.504883,0.434028,40.000000,-80.000000,40.000000,-40.000000,0.000000,40.000000
9,equal,76000,20.000,0,5,0.500,0.100,0.400,54s,fold,0.000000,-15.672656,-0.708333,-15.672656,-0.708333,0.323242,0.411458,40.000000,-80.000000,40.000000,-40.000000,0.000000,40.000000
9,equal,76000,20.000,0,5,0.500,0.100,0.400,64s,fold,0.000000,-15.932812,-0.739583,-15.932812,-0.739583,0.287109,0.407552,40.000000,-80.000000,40.000000,-40.000000,0.000000,40.000000
9,equal,76000,20.000,0,5,0.500,0.100,0.400,A4s,fold,0.000000,-14.111719,-0.833333,-14.111719,-0.833333,0.540039,0.395833,40.000000,-80.000000,40.000000,-40.000000,0.000000,40.000000
9,equal,76000,20.000,0,5,0.500,0.100,0.400,94s,fold,0.000000,-15.871875,-0.843750,-15.871875,-0.843750,0.295573,0.394531,40.000000,-80.000000,40.000000,-40.000000,0.000000,40.000000
9,equal,76000,20.000,0,5,0.500,0.100,0.400,Q4s,fold,0.000000,-14.048437,-0.968750,-14.048437,-0.968750,0.548828,0.378906,40.000000,-80.000000,40.000000,-40.000000,0.000000,40.000000
9,equal,76000,20.000,0,5,0.500,0.100,0.400,54o,fold,0.000000,-15.410156,-0.993056,-15.410156,-0.993056,0.359701,0.375868,40.000000,-80.000000,40.000000,-40.000000,0.000000,40.000000
9,equal,76000,20.000,0,5,0.500,0.100,0.400,A4o,fold,0.000000,-14.231250,-1.041667,-14.231250,-1.041667,0.523438,0.369792,40.000000,-80.000000,40.000000,-40.000000,0.000000,40.000000
9,equal,76000,20.000,0,5,0.500,0.100,0.400,64o,fold,0.000000,-15.639844,-1.107639,-15.639844,-1.107639,0.327799,0.361545,40.000000,-80.000000,40.000000,-40.000000,0.000000,40.000000
9,equal,76000,20.000,0,5,0.500,0.100,0.400,74s,fold,0.000000,-15.510937,-1.125000,-15.510937,-1.125000,0.345703,0.359375,40.000000,-80.000000,40.000000,-40.000000,0.000000,40.000000
9,equal,76000,20.000,0,5,0.500,0.100,0.400,T2s,fold,0.000000,-15.721875,-1.130208,-15.721875,-1.130208,0.316406,0.358724,40.000000,-80.000000,40.000000,-40.000000,0.000000,40.000000
9,equal,76000,20.000,0,5,0.500,0.100,0.400,93s,fold,0.000000,-15.825000,-1.182292,-15.825000,-1.182292,0.302083,0.352214,40.000000,-80.000000,40.000000,-40.000000,0.000000,40.000000
9,equal,76000,20.000,0,5,0.500,0.100,0.400,K3s,fold,0.000000,-14.210156,-1.192708,-14.210156,-1.192708,0.526367,0.350911,40.000000,-80.000000,40.000000,-40.000000,0.000000,40.000000
9,equal,76000,20.000,0,5,0.500,0.100,0.400,84s,fold,0.000000,-15.644531,-1.197917,-15.644531,-1.197917,0.327148,0.350260,40.000000,-80.000000,40.000000,-40.000000,0.000000,40.000000
9,equal,76000,20.000,0,5,0.500,0.100,0.400,Q2s,fold,0.000000,-14.132812,-1.223958,-14.132812,-1.223958,0.537109,0.347005,40.000000,-80.000000,40.000000,-40.000000,0.000000,40.000000
9,equal,76000,20.000,0,5,0.500,0.100,0.400,92s,fold,0.000000,-15.675000,-1.244792,-15.675000,-1.244792,0.322917,0.344401,40.000000,-80.000000,40.000000,-40.000000,0.000000,40.000000
9,equal,76000,20.000,0,5,0.500,0.100,0.400,63s,fold,0.000000,-15.510937,-1.250000,-15.510937,-1.250000,0.345703,0.343750,40.000000,-80.000000,40.000000,-40.000000,0.000000,40.000000
9,equal,76000,20.000,0,5,0.500,0.100,0.400,K4s,fold,0.000000,-14.167969,-1.291667,-14.167969,-1.291667,0.532227,0.338542,40.000000,-80.000000,40.000000,-40.000000,0.000000,40.000000
9,equal,76000,20.000,0,5,0.500,0.100,0.400,83s,fold,0.000000,-15.742969,-1.296875,-15.742969,-1.296875,0.313477,0.337891,40.000000,-80.000000,40.000000,-40.000000,0.000000,40.000000
9,equal,76000,20.000,0,5,0.500,0.100,0.400,K2s,fold,0.000000,-14.076562,-1.302083,-14.076562,-1.302083,0.544922,0.337240,40.000000,-80.000000,40.000000,-40.000000,0.000000,40.000000
9,equal,76000,20.000,0,5,0.500,0.100,0.400,T4s,fold,0.000000,-15.825000,-1.302083,-15.825000,-1.302083,0.302083,0.337240,40.000000,-80.000000,40.000000,-40.000000,0.000000,40.000000
9,equal,76000,20.000,0,5,0.500,0.100,0.400,A3s,fold,0.000000,-13.809375,-1.322917,-13.809375,-1.322917,0.582031,0.334635,40.000000,-80.000000,40.000000,-40.000000,0.000000,40.000000
9,equal,76000,20.000,0,5,0.500,0.100,0.400,82s,fold,0.000000,-15.735937,-1.322917,-15.735937,-1.322917,0.314453,0.334635,40.000000,-80.000000,40.000000,-40.000000,0.000000,40.000000
9,equal,76000,20.000,0,5,0.500,0.100,0.400,J3s,fold,0.000000,-14.336719,-1.328125,-14.336719,-1.328125,0.508789,0.333984,40.000000,-80.000000,40.000000,-40.000000,0.000000,40.000000
9,equal,76000,20.000,0,5,0.500,0.100,0.400,53s,fold,0.000000,-15.546094,-1.359375,-15.546094,-1.359375,0.340820,0.330078,40.000000,-80.000000,40.000000,-40.000000,0.000000,40.000000
9,equal,76000,20.000,0,5,0.500,0.100,0.400,J4s,fold,0.000000,-13.696875,-1.364583,-13.696875,-1.364583,0.597656,0.329427,40.000000,-80.000000,40.000000,-40.000000,0.000000,40.000000
9,equal,76000,20.000,0,5,0.500,0.100,0.400,T3s,fold,0.000000,-15.478125,-1.364583,-15.478125,-1.364583,0.350260,0.329427,40.000000,-80.000000,40.000000,-40.000000,0.000000,40.000000
9,equal,76000,20.000,0,5,0.500,0.100,0.400,A2s,fold,0.000000,-13.921875,-1.369792,-13.921875,-1.369792,0.566406,0.328776,40.000000,-80.000000,40.000000,-40.000000,0.000000,40.000000
9,equal,76000,20.000,0,5,0.500,0.100,0.400,J3o,fold,0.000000,-14.400000,-1.378472,-14.400000,-1.378472,0.500000,0.327691,40.000000,-80.000000,40.000000,-40.000000,0.000000,40.000000
9,equal,76000,20.000,0,5,0.500,0.100,0.400,94o,fold,0.000000,-16.187500,-1.406250,-16.187500,-1.406250,0.251736,0.324219,40.000000,-80.000000,40.000000,-40.000000,0.000000,40.000000
9,equal,76000,20.000,0,5,0.500,0.100,0.400,J4o,fold,0.000000,-14.275781,-1.416667,-14.275781,-1.416667,0.517253,0.322917,40.000000,-80.000000,40.000000,-40.000000,0.000000,40.000000
9,equal,76000,20.000,0,5,0.500,0.100,0.400,K4o,fold,0.000000,-14.254687,-1.427083,-14.254687,-1.427083,0.520182,0.321615,40.000000,-80.000000,40.000000,-40.000000,0.000000,40.000000
9,equal,76000,20.000,0,5,0.500,0.100,0.400,Q3o,fold,0.000000,-14.376562,-1.440972,-14.376562,-1.440972,0.503255,0.319878,40.000000,-80.000000,40.000000,-40.000000,0.000000,40.000000
9,equal,76000,20.000,0,5,0.500,0.100,0.400,J2s,fold,0.000000,-14.217187,-1.442708,-14.217187,-1.442708,0.525391,0.319661,40.000000,-80.000000,40.000000,-40.000000,0.000000,40.000000
9,equal,76000,20.000,0,5,0.500,0.100,0.400,52s,fold,0.000000,-15.461719,-1.442708,-15.461719,-1.442708,0.352539,0.319661,40.000000,-80.000000,40.000000,-40.000000,0.000000,40.000000
9,equal,76000,20.000,0,5,0.500,0.100,0.400,T3o,fold,0.000000,-16.040625,-1.454861,-16.040625,-1.454861,0.272135,0.318142,40.000000,-80.000000,40.000000,-40.000000,0.000000,40.000000
9,equal,76000,20.000,0,5,0.500,0.100,0.400,73s,fold,0.000000,-15.482812,-1.463542,-15.482812,-1.463542,0.349609,0.317057,40.000000,-80.000000,40.000000,-40.000000,0.000000,40.000000
9,equal,76000,20.000,0,5,0.500,0.100,0.400,53o,fold,0.000000,-15.576562,-1.477431,-15.576562,-1.477431,0.336589,0.315321,40.000000,-80.000000,40.000000,-40.000000,0.000000,40.000000
9,equal,76000,20.000,0,5,0.500,0.100,0.400,83o,fold,0.000000,-15.996094,-1.487847,-15.996094,-1.487847,0.278320,0.314019,40.000000,-80.000000,40.000000,-40.000000,0.000000,40.000000
9,equal,76000,20.000,0,5,0.500,0.100,0.400,52o,fold,0.000000,-15.614062,-1.491319,-15.614062,-1.491319,0.331380,0.313585,40.000000,-80.000000,40.000000,-40.000000,0.000000,40.000000
9,equal,76000,20.000,0,5,0.500,0.100,0.400,Q3s,fold,0.000000,-14.322656,-1.515625,-14.322656,-1.515625,0.510742,0.310547,40.000000,-80.000000,40.000000,-40.000000,0.000000,40.000000
9,equal,76000,20.000,0,5,0.500,0.100,0.400,63o,fold,0.000000,-15.656250,-1.515625,-15.656250,-1.515625,0.325521,0.310547,40.000000,-80.000000,40.000000,-40.000000,0.000000,40.000000
9,equal,76000,20.000,0,5,0.500,0.100,0.400,84o,fold,0.000000,-15.822656,-1.517361,-15.822656,-1.517361,0.302409,0.310330,40.000000,-80.000000,40.000000,-40.000000,0.000000,40.000000
9,equal,76000,20.000,0,5,0.500,0.100,0.400,T4o,fold,0.000000,-16.028125,-1.517361,-16.028125,-1.517361,0.273872,0.310330,40.000000,-80.000000,40.000000,-40.000000,0.000000,40.000000
9,equal,76000,20.000,0,5,0.500,0.100,0.400,73o,fold,0.000000,-15.836719,-1.519097,-15.836719,-1.519097,0.300456,0.310113,40.000000,-80.000000,40.000000,-40.000000,0.000000,40.000000
9,equal,76000,20.000,0,5,0.500,0.100,0.400,93o,fold,0.000000,-16.059375,-1.522569,-16.059375,-1.522569,0.269531,0.309679,40.000000,-80.000000,40.000000,-40.000000,0.000000,40.000000
9,equal,76000,20.000,0,5,0.500,0.100,0.400,T2o,fold,0.000000,-15.912500,-1.529514,-15.912500,-1.529514,0.289931,0.308811,40.000000,-80.000000,40.000000,-40.000000,0.000000,40.000000
9,equal,76000,20.000,0,5,0.500,0.100,0.400,92o,fold,0.000000,-16.262500,-1.532986,-16.262500,-1.532986,0.241319,0.308377,40.000000,-80.000000,40.000000,-40.000000,0.000000,40.000000
9,equal,76000,20.000,0,5,0.500,0.100,0.400,72s,fold,0.000000,-15.356250,-1.541667,-15.356250,-1.541667,0.367188,0.307292,40.000000,-80.000000,40.000000,-40.000000,0.000000,40.000000
9,equal,76000,20.000,0,5,0.500,0.100,0.400,62s,fold,0.000000,-15.651562,-1.546875,-15.651562,-1.546875,0.326172,0.306641,40.000000,-80.000000,40.000000,-40.000000,0.000000,40.000000
9,equal,76000,20.000,0,5,0.500,0.100,0.400,74o,fold,0.000000,-15.855469,-1.548611,-15.855469,-1.548611,0.297852,0.306424,40.000000,-80.000000,40.000000,-40.000000,0.000000,40.000000
9,equal,76000,20.000,0,5,0.500,0.100,0.400,Q4o,fold,0.000000,-14.397656,-1.552083,-14.397656,-1.552083,0.500326,0.305990,40.000000,-80.000000,40.000000,-40.000000,0.000000,40.000000
9,equal,76000,20.000,0,5,0.500,0.100,0.400,62o,fold,0.000000,-15.689062,-1.565972,-15.689062,-1.565972,0.320964,0.304253,40.000000,-80.000000,40.000000,-40.000000,0.000000,40.000000
9,equal,76000,20.000,0,5,0.500,0.100,0.400,A3o,fold,0.000000,-14.135156,-1.571181,-14.135156,-1.571181,0.536784,0.303602,40.000000,-80.000000,40.000000,-40.000000,0.000000,40.000000
9,equal,76000,20.000,0,5,0.500,0.100,0.400,J2o,fold,0.000000,-14.092969,-1.604167,-14.092969,-1.604167,0.542643,0.299479,40.000000,-80.000000,40.000000,-40.000000,0.000000,40.000000
9,equal,76000,20.000,0,5,0.500,0.100,0.400,82o,fold,0.000000,-15.975000,-1.631944,-15.975000,-1.631944,0.281250,0.296007,40.000000,-80.000000,40.000000,-40.000000,0.000000,40.000000
9,equal,76000,20.000,0,5,0.500,0.100,0.400,K3o,fold,0.000000,-14.273438,-1.633681,-14.273438,-1.633681,0.517578,0.295790,40.000000,-80.000000,40.000000,-40.000000,0.000000,40.000000
9,equal,76000,20.000,0,5,0.500,0.100,0.400,Q2o,fold,0.000000,-14.172656,-1.649306,-14.172656,-1.649306,0.531576,0.293837,40.000000,-80.000000,40.000000,-40.000000,0.000000,40.000000
9,equal,76000,20.000,0,5,0.500,0.100,0.400,A2o,fold,0.000000,-14.390625,-1.661458,-14.390625,-1.661458,0.501302,0.292318,40.000000,-80.000000,40.000000,-40.000000,0.000000,40.000000
9,equal,76000,20.000,0,5,0.500,0.100,0.400,K2o,fold,0.000000,-14.465625,-1.670139,-14.465625,-1.670139,0.490885,0.291233,40.000000,-80.000000,40.000000,-40.000000,0.000000,40.000000
9,equal,76000,20.000,0,5,0.500,0.100,0.400,72o,fold,0.000000,-15.923438,-1.680556,-15.923438,-1.680556,0.288411,0.289931,40.000000,-80.000000,40.000000,-40.000000,0.000000,40.000000
9,equal,76000,20.000,0,5,0.500,0.100,0.400,22,fold,0.000000,-14.657813,-2.479167,-14.657813,-2.479167,0.464193,0.190104,40.000000,-80.000000,40.000000,-40.000000,0.000000,40.000000
9,equal,76000,20.000,0,5,0.500,0.100,0.400,32s,fold,0.000000,-16.024219,-2.515625,-16.024219,-2.515625,0.274414,0.185547,40.000000,-80.000000,40.000000,-40.000000,0.000000,40.000000
9,equal,76000,20.000,0,5,0.500,0.100,0.400,33,fold,0.000000,-14.540625,-2.517361,-14.540625,-2.517361,0.480469,0.185330,40.000000,-80.000000,40.000000,-40.000000,0.000000,40.000000
9,equal,76000,20.000,0,5,0.500,0.100,0.400,43s,fold,0.000000,-15.440625,-2.552083,-15.440625,-2.552083,0.355469,0.180990,40.000000,-80.000000,40.000000,-40.000000,0.000000,40.000000
9,equal,76000,20.000,0,5,0.500,0.100,0.400,42s,fold,0.000000,-15.405469,-2.927083,-15.405469,-2.927083,0.360352,0.134115,40.000000,-80.000000,40.000000,-40.000000,0.000000,40.000000
9,equal,76000,20.000,0,5,0.500,0.100,0.400,32o,fold,0.000000,-15.621094,-3.052083,-15.621094,-3.052083,0.330404,0.118490,40.000000,-80.000000,40.000000,-40.000000,0.000000,40.000000
9,equal,76000,20.000,0,5,0.500,0.100,0.400,43o,fold,0.000000,-15.670312,-3.104167,-15.670312,-3.104167,0.323568,0.111979,40.000000,-80.000000,40.000000,-40.000000,0.000000,40.000000
9,equal,76000,20.000,0,5,0.500,0.100,0.400,42o,fold,0.000000,-15.665625,-3.201389,-15.665625,-3.201389,0.324219,0.099826,40.000000,-80.000000,40.000000,-40.000000,0.000000,40.000000
9,equal,76000,20.000,0,5,0.500,0.200,0.400,KK,jam,0.000000,-12.379687,6.520833,-12.379687,6.520833,0.780599,0.907552,40.000000,-80.000000,40.000000,-40.000000,0.000000,40.000000
9,equal,76000,20.000,0,5,0.500,0.200,0.400,AA,jam,0.000000,-12.328125,5.822917,-12.328125,5.822917,0.787760,0.863932,40.000000,-80.000000,40.000000,-40.000000,0.000000,40.000000
9,equal,76000,20.000,0,5,0.500,0.200,0.400,AQs,jam,0.000000,-13.380469,4.250000,-13.380469,4.250000,0.641602,0.765625,40.000000,-80.000000,40.000000,-40.000000,0.000000,40.000000
9,equal,76000,20.000,0,5,0.500,0.200,0.400,AKs,jam,0.000000,-13.415625,4.173611,-13.415625,4.173611,0.636719,0.760851,40.000000,-80.000000,40.000000,-40.000000,0.000000,40.000000
9,equal,76000,20.000,0,5,0.500,0.200,0.400,AKo,jam,0.000000,-13.872656,3.893519,-13.872656,3.893519,0.573242,0.743345,40.000000,-80.000000,40.000000,-40.000000,0.000000,40.000000
9,equal,76000,20.000,0,5,0.500,0.200,0.400,AQo,jam,0.000000,-13.839844,3.793981,-13.839844,3.793981,0.577799,0.737124,40.000000,-80.000000,40.000000,-40.000000,0.000000,40.000000
9,equal,76000,20.000,0,5,0.500,0.200,0.400,QQ,jam,0.000000,-12.117188,2.513889,-12.117188,2.513889,0.817057,0.657118,40.000000,-80.000000,40.000000,-40.000000,0.000000,40.000000
9,equal,76000,20.000,0,5,0.500,0.200,0.400,ATs,jam,0.000000,-13.087500,2.213542,-13.087500,2.213542,0.682292,0.638346,40.000000,-80.000000,40.000000,-40.000000,0.000000,40.000000
9,equal,76000,20.000,0,5,0.500,0.200,0.400,A4s,jam,0.000000,-14.111719,1.942708,-14.111719,1.942708,0.540039,0.621419,40.000000,-80.000000,40.000000,-40.000000,0.000000,40.000000
9,equal,76000,20.000,0,5,0.500,0.200,0.400,AJs,jam,0.000000,-13.387500,1.901042,-13.387500,1.901042,0.640625,0.618815,40.000000,-80.000000,40.000000,-40.000000,0.000000,40.000000
9,equal,76000,20.000,0,5,0.500,0.200,0.400,A7s,jam,0.000000,-14.034375,1.760417,-14.034375,1.760417,0.550781,0.610026,40.000000,-80.000000,40.000000,-40.000000,0.000000,40.000000
9,equal,76000,20.000,0,5,0.500,0.200,0.400,A5s,jam,0.000000,-14.090625,1.744792,-14.090625,1.744792,0.542969,0.609049,40.000000,-80.000000,40.000000,-40.000000,0.000000,40.000000
9,equal,76000,20.000,0,5,0.500,0.200,0.400,ATo,jam,0.000000,-12.971875,1.718750,-12.971875,1.718750,0.698351,0.607422,40.000000,-80.000000,40.000000,-40.000000,0.000000,40.000000
9,equal,76000,20.000,0,5,0.500,0.200,0.400,A6s,jam,0.000000,-13.935937,1.562500,-13.935937,1.562500,0.564453,0.597656,40.000000,-80.000000,40.000000,-40.000000,0.000000,40.000000
9,equal,76000,20.000,0,5,0.500,0.200,0.400,A9s,jam,0.000000,-13.068750,1.541667,-13.068750,1.541667,0.684896,0.596354,40.000000,-80.000000,40.000000,-40.000000,0.000000,40.000000
9,equal,76000,20.000,0,5,0.500,0.200,0.400,A5o,jam,0.000000,-14.207812,1.475694,-14.207812,1.475694,0.526693,0.592231,40.000000,-80.000000,40.000000,-40.000000,0.000000,40.000000
9,equal,76000,20.000,0,5,0.500,0.200,0.400,AJo,jam,0.000000,-13.631250,1.468750,-13.631250,1.468750,0.606771,0.591797,40.000000,-80.000000,40.000000,-40.000000,0.000000,40.000000
9,equal,76000,20.000,0,5,0.500,0.200,0.400,A3s,jam,0.000000,-13.809375,1.468750,-13.809375,1.468750,0.582031,0.591797,40.000000,-80.000000,40.000000,-40.000000,0.000000,40.000000
9,equal,76000,20.000,0,5,0.500,0.200,0.400,A8s,jam,0.000000,-13.788281,1.447917,-13.788281,1.447917,0.584961,0.590495,40.000000,-80.000000,40.000000,-40.000000,0.000000,40.000000
9,equal,76000,20.000,0,5,0.500,0.200,0.400,A3o,jam,0.000000,-14.135156,1.366319,-14.135156,1.366319,0.536784,0.585395,40.000000,-80.000000,40.000000,-40.000000,0.000000,40.000000
9,equal,76000,20.000,0,5,0.500,0.200,0.400,A2o,jam,0.000000,-14.390625,1.364583,-14.390625,1.364583,0.501302,0.585286,40.000000,-80.000000,40.000000,-40.000000,0.000000,40.000000
9,equal,76000,20.000,0,5,0.500,0.200,0.400,A9o,jam,0.000000,-13.259375,1.328125,-13.259375,1.328125,0.658420,0.583008,40.000000,-80.000000,40.000000,-40.000000,0.000000,40.000000
9,equal,76000,20.000,0,5,0.500,0.200,0.400,A7o,jam,0.000000,-14.299219,1.303819,-14.299219,1.303819,0.513997,0.581489,40.000000,-80.000000,40.000000,-40.000000,0.000000,40.000000
9,equal,76000,20.000,0,5,0.500,0.200,0.400,A2s,jam,0.000000,-13.921875,1.296875,-13.921875,1.296875,0.566406,0.581055,40.000000,-80.000000,40.000000,-40.000000,0.000000,40.000000
9,equal,76000,20.000,0,5,0.500,0.200,0.400,A8o,jam,0.000000,-14.062500,1.289931,-14.062500,1.289931,0.546875,0.580621,40.000000,-80.000000,40.000000,-40.000000,0.000000,40.000000
9,equal,76000,20.000,0,5,0.500,0.200,0.400,A6o,jam,0.000000,-14.186719,1.241319,-14.186719,1.241319,0.529622,0.577582,40.000000,-80.000000,40.000000,-40.000000,0.000000,40.000000
9,equal,76000,20.000,0,5,0.500,0.200,0.400,A4o,jam,0.000000,-14.231250,1.206597,-14.231250,1.206597,0.523438,0.575412,40.000000,-80.000000,40.000000,-40.000000,0.000000,40.000000
9,equal,76000,20.000,0,5,0.500,0.200,0.400,99,jam,0.000000,-13.528125,1.100694,-13.528125,1.100694,0.621094,0.568793,40.000000,-80.000000,40.000000,-40.000000,0.000000,40.000000
9,equal,76000,20.000,0,5,0.500,0.200,0.400,TT,jam,0.000000,-12.121875,0.951389,-12.121875,0.951389,0.816406,0.559462,40.000000,-80.000000,40.000000,-40.000000,0.000000,40.000000
9,equal,76000,20.000,0,5,0.500,0.200,0.400,JJ,jam,0.000000,-12.051562,0.923611,-12.051562,0.923611,0.826172,0.557726,40.000000,-80.000000,40.000000,-40.000000,0.000000,40.000000
9,equal,76000,20.000,0,5,0.500,0.200,0.400,77,jam,0.000000,-14.676562,0.631944,-14.676562,0.631944,0.461589,0.539497,40.000000,-80.000000,40.000000,-40.000000,0.000000,40.000000
9,equal,76000,20.000,0,5,0.500,0.200,0.400,55,jam,0.000000,-14.479687,0.625000,-14.479687,0.625000,0.488932,0.539062,40.000000,-80.000000,40.000000,-40.000000,0.000000,40.000000
9,equal,76000,20.000,0,5,0.500,0.200,0.400,66,jam,0.000000,-14.414062,0.590278,-14.414062,0.590278,0.498047,0.536892,40.000000,-80.000000,40.000000,-40.000000,0.000000,40.000000
9,equal,76000,20.000,0,5,0.500,0.200,0.400,88,jam,0.000000,-14.278125,0.565972,-14.278125,0.565972,0.516927,0.535373,40.000000,-80.000000,40.000000,-40.000000,0.000000,40.000000
9,equal,76000,20.000,0,5,0.500,0.200,0.400,KQs,jam,0.000000,-13.267969,0.489583,-13.267969,0.489583,0.657227,0.530599,40.000000,-80.000000,40.000000,-40.000000,0.000000,40.000000
9,equal,76000,20.000,0,5,0.500,0.200,0.400,44,jam,0.000000,-14.840625,0.423611,-14.840625,0.423611,0.438802,0.526476,40.000000,-80.000000,40.000000,-40.000000,0.000000,40.000000
9,equal,76000,20.000,0,5,0.500,0.200,0.400,33,jam,0.000000,-14.540625,0.298611,-14.540625,0.298611,0.480469,0.518663,40.000000,-80.000000,40.000000,-40.000000,0.000000,40.000000
9,equal,76000,20.000,0,5,0.500,0.200,0.400,22,jam,0.000000,-14.657813,0.208333,-14.657813,0.208333,0.464193,0.513021,40.000000,-80.000000,40.000000,-40.000000,0.000000,40.000000
9,equal,76000,20.000,0,5,0.500,0.200,0.400,KQo,jam,0.000000,-13.682812,0.000000,-13.682812,0.000000,0.599609,0.500000,40.000000,-80.000000,40.000000,-40.000000,0.000000,40.000000
9,equal,76000,20.000,0,5,0.500,0.200,0.400,65s,fold,0.000000,-15.525000,-1.385417,-15.525000,-1.385417,0.343750,0.413411,40.000000,-80.000000,40.000000,-40.000000,0.000000,40.000000
9,equal,76000,20.000,0,5,0.500,0.200,0.400,76s,fold,0.000000,-15.271875,-1.401042,-15.271875,-1.401042,0.378906,0.412435,40.000000,-80.000000,40.000000,-40.000000,0.000000,40.000000
9,equal,76000,20.000,0,5,0.500,0.200,0.400,97s,fold,0.000000,-15.862500,-1.401042,-15.862500,-1.401042,0.296875,0.412435,40.000000,-80.000000,40.000000,-40.000000,0.000000,40.000000
9,equal,76000,20.000,0,5,0.500,0.200,0.400,64s,fold,0.000000,-15.932812,-1.432292,-15.932812,-1.432292,0.287109,0.410482,40.000000,-80.000000,40.000000,-40.000000,0.000000,40.000000
9,equal,76000,20.000,0,5,0.500,0.200,0.400,98s,fold,0.000000,-15.928125,-1.484375,-15.928125,-1.484375,0.287760,0.407227,40.000000,-80.000000,40.000000,-40.000000,0.000000,40.000000
9,equal,76000,20.000,0,5,0.500,0.200,0.400,86s,fold,0.000000,-15.482812,-1.552083,-15.482812,-1.552083,0.349609,0.402995,40.000000,-80.000000,40.000000,-40.000000,0.000000,40.000000
9,equal,76000,20.000,0,5,0.500,0.200,0.400,54s,fold,0.000000,-15.672656,-1.578125,-15.672656,-1.578125,0.323242,0.401367,40.000000,-80.000000,40.000000,-40.000000,0.000000,40.000000
9,equal,76000,20.000,0,5,0.500,0.200,0.400,87s,fold,0.000000,-15.574219,-1.588542,-15.574219,-1.588542,0.336914,0.400716,40.000000,-80.000000,40.000000,-40.000000,0.000000,40.000000
9,equal,76000,20.000,0,5,0.500,0.200,0.400,T9s,fold,0.000000,-14.400000,-1.593750,-14.400000,-1.593750,0.500000,0.400391,40.000000,-80.000000,40.000000,-40.000000,0.000000,40.000000
9,equal,76000,20.000,0,5,0.500,0.200,0.400,JTs,fold,0.000000,-12.937500,-1.630208,-12.937500,-1.630208,0.703125,0.398112,40.000000,-80.000000,40.000000,-40.000000,0.000000,40.000000
9,equal,76000,20.000,0,5,0.500,0.200,0.400,63s,fold,0.000000,-15.510937,-1.666667,-15.510937,-1.666667,0.345703,0.395833,40.000000,-80.000000,40.000000,-40.000000,0.000000,40.000000
9,equal,76000,20.000,0,5,0.500,0.200,0.400,53s,fold,0.000000,-15.546094,-1.677083,-15.546094,-1.677083,0.340820,0.395182,40.000000,-80.000000,40.000000,-40.000000,0.000000,40.000000
9,equal,76000,20.000,0,5,0.500,0.200,0.400,43s,fold,0.000000,-15.440625,-1.692708,-15.440625,-1.692708,0.355469,0.394206,40.000000,-80.000000,40.000000,-40.000000,0.000000,40.000000
9,equal,76000,20.000,0,5,0.500,0.200,0.400,73s,fold,0.000000,-15.482812,-1.796875,-15.482812,-1.796875,0.349609,0.387695,40.000000,-80.000000,40.000000,-40.000000,0.000000,40.000000
9,equal,76000,20.000,0,5,0.500,0.200,0.400,83s,fold,0.000000,-15.742969,-1.838542,-15.742969,-1.838542,0.313477,0.385091,40.000000,-80.000000,40.000000,-40.000000,0.000000,40.000000
9,equal,76000,20.000,0,5,0.500,0.200,0.400,75s,fold,0.000000,-15.398438,-1.843750,-15.398438,-1.843750,0.361328,0.384766,40.000000,-80.000000,40.000000,-40.000000,0.000000,40.000000
9,equal,76000,20.000,0,5,0.500,0.200,0.400,84s,fold,0.000000,-15.644531,-1.869792,-15.644531,-1.869792,0.327148,0.383138,40.000000,-80.000000,40.000000,-40.000000,0.000000,40.000000
9,equal,76000,20.000,0,5,0.500,0.200,0.400,85s,fold,0.000000,-15.496875,-1.927083,-15.496875,-1.927083,0.347656,0.379557,40.000000,-80.000000,40.000000,-40.000000,0.000000,40.000000
9,equal,76000,20.000,0,5,0.500,0.200,0.400,32s,fold,0.000000,-16.024219,-1.927083,-16.024219,-1.927083,0.274414,0.379557,40.000000,-80.000000,40.000000,-40.000000,0.000000,40.000000
9,equal,76000,20.000,0,5,0.500,0.200,0.400,54o,fold,0.000000,-15.410156,-1.939236,-15.410156,-1.939236,0.359701,0.378798,40.000000,-80.000000,40.000000,-40.000000,0.000000,40.000000
9,equal,76000,20.000,0,5,0.500,0.200,0.400,J9s,fold,0.000000,-12.628125,-1.953125,-12.628125,-1.953125,0.746094,0.377930,40.000000,-80.000000,40.000000,-40.000000,0.000000,40.000000
9,equal,76000,20.000,0,5,0.500,0.200,0.400,T8s,fold,0.000000,-15.515625,-1.968750,-15.515625,-1.968750,0.345052,0.376953,40.000000,-80.000000,40.000000,-40.000000,0.000000,40.000000
9,equal,76000,20.000,0,5,0.500,0.200,0.400,T5s,fold,0.000000,-15.796875,-1.979167,-15.796875,-1.979167,0.305990,0.376302,40.000000,-80.000000,40.000000,-40.000000,0.000000,40.000000
9,equal,76000,20.000,0,5,0.500,0.200,0.400,76o,fold,0.000000,-15.414844,-2.000000,-15.414844,-2.000000,0.359049,0.375000,40.000000,-80.000000,40.000000,-40.000000,0.000000,40.000000
9,equal,76000,20.000,0,5,0.500,0.200,0.400,42s,fold,0.000000,-15.405469,-2.005208,-15.405469,-2.005208,0.360352,0.374674,40.000000,-80.000000,40.000000,-40.000000,0.000000,40.000000
9,equal,76000,20.000,0,5,0.500,0.200,0.400,52s,fold,0.000000,-15.461719,-2.005208,-15.461719,-2.005208,0.352539,0.374674,40.000000,-80.000000,40.000000,-40.000000,0.000000,40.000000
9,equal,76000,20.000,0,5,0.500,0.200,0.400,74s,fold,0.000000,-15.510937,-2.026042,-15.510937,-2.026042,0.345703,0.373372,40.000000,-80.000000,40.000000,-40.000000,0.000000,40.000000
9,equal,76000,20.000,0,5,0.500,0.200,0.400,92s,fold,0.000000,-15.675000,-2.088542,-15.675000,-2.088542,0.322917,0.369466,40.000000,-80.000000,40.000000,-40.000000,0.000000,40.000000
9,equal,76000,20.000,0,5,0.500,0.200,0.400,T6s,fold,0.000000,-15.675000,-2.104167,-15.675000,-2.104167,0.322917,0.368490,40.000000,-80.000000,40.000000,-40.000000,0.000000,40.000000
9,equal,76000,20.000,0,5,0.500,0.200,0.400,93s,fold,0.000000,-15.825000,-2.104167,-15.825000,-2.104167,0.302083,0.368490,40.000000,-80.000000,40.000000,-40.000000,0.000000,40.000000
9,equal,76000,20.000,0,5,0.500,0.200,0.400,J4s,fold,0.000000,-13.696875,-2.140625,-13.696875,-2.140625,0.597656,0.366211,40.000000,-80.000000,40.000000,-40.000000,0.000000,40.000000
9,equal,76000,20.000,0,5,0.500,0.200,0.400,95s,fold,0.000000,-15.909375,-2.145833,-15.909375,-2.145833,0.290365,0.365885,40.000000,-80.000000,40.000000,-40.000000,0.000000,40.000000
9,equal,76000,20.000,0,5,0.500,0.200,0.400,65o,fold,0.000000,-15.581250,-2.151042,-15.581250,-2.151042,0.335938,0.365560,40.000000,-80.000000,40.000000,-40.000000,0.000000,40.000000
9,equal,76000,20.000,0,5,0.500,0.200,0.400,T3s,fold,0.000000,-15.478125,-2.156250,-15.478125,-2.156250,0.350260,0.365234,40.000000,-80.000000,40.000000,-40.000000,0.000000,40.000000
9,equal,76000,20.000,0,5,0.500,0.200,0.400,64o,fold,0.000000,-15.639844,-2.178819,-15.639844,-2.178819,0.327799,0.363824,40.000000,-80.000000,40.000000,-40.000000,0.000000,40.000000
9,equal,76000,20.000,0,5,0.500,0.200,0.400,96s,fold,0.000000,-15.693750,-2.203125,-15.693750,-2.203125,0.320312,0.362305,40.000000,-80.000000,40.000000,-40.000000,0.000000,40.000000
9,equal,76000,20.000,0,5,0.500,0.200,0.400,JTo,fold,0.000000,-13.009375,-2.213542,-13.009375,-2.213542,0.693142,0.361654,40.000000,-80.000000,40.000000,-40.000000,0.000000,40.000000
9,equal,76000,20.000,0,5,0.500,0.200,0.400,94s,fold,0.000000,-15.871875,-2.229167,-15.871875,-2.229167,0.295573,0.360677,40.000000,-80.000000,40.000000,-40.000000,0.000000,40.000000
9,equal,76000,20.000,0,5,0.500,0.200,0.400,62s,fold,0.000000,-15.651562,-2.239583,-15.651562,-2.239583,0.326172,0.360026,40.000000,-80.000000,40.000000,-40.000000,0.000000,40.000000
9,equal,76000,20.000,0,5,0.500,0.200,0.400,J2s,fold,0.000000,-14.217187,-2.244792,-14.217187,-2.244792,0.525391,0.359701,40.000000,-80.000000,40.000000,-40.000000,0.000000,40.000000
9,equal,76000,20.000,0,5,0.500,0.200,0.400,72s,fold,0.000000,-15.356250,-2.265625,-15.356250,-2.265625,0.367188,0.358398,40.000000,-80.000000,40.000000,-40.000000,0.000000,40.000000
9,equal,76000,20.000,0,5,0.500,0.200,0.400,98o,fold,0.000000,-16.118750,-2.277778,-16.118750,-2.277778,0.261285,0.357639,40.000000,-80.000000,40.000000,-40.000000,0.000000,40.000000
9,equal,76000,20.000,0,5,0.500,0.200,0.400,J3s,fold,0.000000,-14.336719,-2.281250,-14.336719,-2.281250,0.508789,0.357422,40.000000,-80.000000,40.000000,-40.000000,0.000000,40.000000
9,equal,76000,20.000,0,5,0.500,0.200,0.400,53o,fold,0.000000,-15.576562,-2.286458,-15.576562,-2.286458,0.336589,0.357096,40.000000,-80.000000,40.000000,-40.000000,0.000000,40.000000
9,equal,76000,20.000,0,5,0.500,0.200,0.400,T9o,fold,0.000000,-14.564062,-2.296875,-14.564062,-2.296875,0.477214,0.356445,40.000000,-80.000000,40.000000,-40.000000,0.000000,40.000000
9,equal,76000,20.000,0,5,0.500,0.200,0.400,75o,fold,0.000000,-15.696094,-2.307292,-15.696094,-2.307292,0.319987,0.355794,40.000000,-80.000000,40.000000,-40.000000,0.000000,40.000000
9,equal,76000,20.000,0,5,0.500,0.200,0.400,43o,fold,0.000000,-15.670312,-2.312500,-15.670312,-2.312500,0.323568,0.355469,40.000000,-80.000000,40.000000,-40.000000,0.000000,40.000000
9,equal,76000,20.000,0,5,0.500,0.200,0.400,T8o,fold,0.000000,-15.925000,-2.321181,-15.925000,-2.321181,0.288194,0.354926,40.000000,-80.000000,40.000000,-40.000000,0.000000,40.000000
9,equal,76000,20.000,0,5,0.500,0.200,0.400,96o,fold,0.000000,-16.140625,-2.331597,-16.140625,-2.331597,0.258247,0.354275,40.000000,-80.000000,40.000000,-40.000000,0.000000,40.000000
9,equal,76000,20.000,0,5,0.500,0.200,0.400,J8s,fold,0.000000,-13.760156,-2.333333,-13.760156,-2.333333,0.588867,0.354167,40.000000,-80.000000,40.000000,-40.000000,0.000000,40.000000
9,equal,76000,20.000,0,5,0.500,0.200,0.400,J5s,fold,0.000000,-14.041406,-2.338542,-14.041406,-2.338542,0.549805,0.353841,40.000000,-80.000000,40.000000,-40.000000,0.000000,40.000000
9,equal,76000,20.000,0,5,0.500,0.200,0.400,87o,fold,0.000000,-15.496875,-2.348958,-15.496875,-2.348958,0.347656,0.353190,40.000000,-80.000000,40.000000,-40.000000,0.000000,40.000000
9,equal,76000,20.000,0,5,0.500,0.200,0.400,97o,fold,0.000000,-16.143750,-2.366319,-16.143750,-2.366319,0.257812,0.352105,40.000000,-80.000000,40.000000,-40.000000,0.000000,40.000000
9,equal,76000,20.000,0,5,0.500,0.200,0.400,J6s,fold,0.000000,-13.717969,-2.369792,-13.717969,-2.369792,0.594727,0.351888,40.000000,-80.000000,40.000000,-40.000000,0.000000,40.000000
9,equal,76000,20.000,0,5,0.500,0.200,0.400,T4s,fold,0.000000,-15.825000,-2.369792,-15.825000,-2.369792,0.302083,0.351888,40.000000,-80.000000,40.000000,-40.000000,0.000000,40.000000
9,equal,76000,20.000,0,5,0.500,0.200,0.400,63o,fold,0.000000,-15.656250,-2.406250,-15.656250,-2.406250,0.325521,0.349609,40.000000,-80.000000,40.000000,-40.000000,0.000000,40.000000
9,equal,76000,20.000,0,5,0.500,0.200,0.400,T7s,fold,0.000000,-15.759375,-2.416667,-15.759375,-2.416667,0.311198,0.348958,40.000000,-80.000000,40.000000,-40.000000,0.000000,40.000000
9,equal,76000,20.000,0,5,0.500,0.200,0.400,73o,fold,0.000000,-15.836719,-2.458333,-15.836719,-2.458333,0.300456,0.346354,40.000000,-80.000000,40.000000,-40.000000,0.000000,40.000000
9,equal,76000,20.000,0,5,0.500,0.200,0.400,J7s,fold,0.000000,-13.907812,-2.468750,-13.907812,-2.468750,0.568359,0.345703,40.000000,-80.000000,40.000000,-40.000000,0.000000,40.000000
9,equal,76000,20.000,0,5,0.500,0.200,0.400,85o,fold,0.000000,-15.817969,-2.486111,-15.817969,-2.486111,0.303060,0.344618,40.000000,-80.000000,40.000000,-40.000000,0.000000,40.000000
9,equal,76000,20.000,0,5,0.500,0.200,0.400,42o,fold,0.000000,-15.665625,-2.501736,-15.665625,-2.501736,0.324219,0.343641,40.000000,-80.000000,40.000000,-40.000000,0.000000,40.000000
9,equal,76000,20.000,0,5,0.500,0.200,0.400,84o,fold,0.000000,-15.822656,-2.529514,-15.822656,-2.529514,0.302409,0.341905,40.000000,-80.000000,40.000000,-40.000000,0.000000,40.000000
9,equal,76000,20.000,0,5,0.500,0.200,0.400,74o,fold,0.000000,-15.855469,-2.553819,-15.855469,-2.553819,0.297852,0.340386,40.000000,-80.000000,40.000000,-40.000000,0.000000,40.000000
9,equal,76000,20.000,0,5,0.500,0.200,0.400,86o,fold,0.000000,-15.717187,-2.555556,-15.717187,-2.555556,0.317057,0.340278,40.000000,-80.000000,40.000000,-40.000000,0.000000,40.000000
9,equal,76000,20.000,0,5,0.500,0.200,0.400,J9o,fold,0.000000,-13.175000,-2.574653,-13.175000,-2.574653,0.670139,0.339084,40.000000,-80.000000,40.000000,-40.000000,0.000000,40.000000
9,equal,76000,20.000,0,5,0.500,0.200,0.400,95o,fold,0.000000,-16.365625,-2.586806,-16.365625,-2.586806,0.226997,0.338325,40.000000,-80.000000,40.000000,-40.000000,0.000000,40.000000
9,equal,76000,20.000,0,5,0.500,0.200,0.400,62o,fold,0.000000,-15.689062,-2.671875,-15.689062,-2.671875,0.320964,0.333008,40.000000,-80.000000,40.000000,-40.000000,0.000000,40.000000
9,equal,76000,20.000,0,5,0.500,0.200,0.400,32o,fold,0.000000,-15.621094,-2.696181,-15.621094,-2.696181,0.330404,0.331489,40.000000,-80.000000,40.000000,-40.000000,0.000000,40.000000
9,equal,76000,20.000,0,5,0.500,0.200,0.400,82s,fold,0.000000,-15.735937,-2.703125,-15.735937,-2.703125,0.314453,0.331055,40.000000,-80.000000,40.000000,-40.000000,0.000000,40.000000
9,equal,76000,20.000,0,5,0.500,0.200,0.400,72o,fold,0.000000,-15.923438,-2.704861,-15.923438,-2.704861,0.288411,0.330946,40.000000,-80.000000,40.000000,-40.000000,0.000000,40.000000
9,equal,76000,20.000,0,5,0.500,0.200,0.400,J8o,fold,0.000000,-14.062500,-2.706597,-14.062500,-2.706597,0.546875,0.330838,40.000000,-80.000000,40.000000,-40.000000,0.000000,40.000000
9,equal,76000,20.000,0,5,0.500,0.200,0.400,T7o,fold,0.000000,-15.956250,-2.713542,-15.956250,-2.713542,0.283854,0.330404,40.000000,-80.000000,40.000000,-40.000000,0.000000,40.000000
9,equal,76000,20.000,0,5,0.500,0.200,0.400,52o,fold,0.000000,-15.614062,-2.718750,-15.614062,-2.718750,0.331380,0.330078,40.000000,-80.000000,40.000000,-40.000000,0.000000,40.000000
9,equal,76000,20.000,0,5,0.500,0.200,0.400,T5o,fold,0.000000,-15.918750,-2.743056,-15.918750,-2.743056,0.289062,0.328559,40.000000,-80.000000,40.000000,-40.000000,0.000000,40.000000
9,equal,76000,20.000,0,5,0.500,0.200,0.400,K4s,fold,0.000000,-14.167969,-2.770833,-14.167969,-2.770833,0.532227,0.326823,40.000000,-80.000000,40.000000,-40.000000,0.000000,40.000000
9,equal,76000,20.000,0,5,0.500,0.200,0.400,T6o,fold,0.000000,-15.912500,-2.781250,-15.912500,-2.781250,0.289931,0.326172,40.000000,-80.000000,40.000000,-40.000000,0.000000,40.000000
9,equal,76000,20.000,0,5,0.500,0.200,0.400,J7o,fold,0.000000,-14.266406,-2.819444,-14.266406,-2.819444,0.518555,0.323785,40.000000,-80.000000,40.000000,-40.000000,0.000000,40.000000
9,equal,76000,20.000,0,5,0.500,0.200,0.400,J5o,fold,0.000000,-14.203125,-2.840278,-14.203125,-2.840278,0.527344,0.322483,40.000000,-80.000000,40.000000,-40.000000,0.000000,40.000000
9,equal,76000,20.000,0,5,0.500,0.200,0.400,92o,fold,0.000000,-16.262500,-2.873264,-16.262500,-2.873264,0.241319,0.320421,40.000000,-80.000000,40.000000,-40.000000,0.000000,40.000000
9,equal,76000,20.000,0,5,0.500,0.200,0.400,QTs,fold,0.000000,-12.984375,-2.875000,-12.984375,-2.875000,0.696615,0.320312,40.000000,-80.000000,40.000000,-40.000000,0.000000,40.000000
9,equal,76000,20.000,0,5,0.500,0.200,0.400,94o,fold,0.000000,-16.187500,-2.881944,-16.187500,-2.881944,0.251736,0.319878,40.000000,-80.000000,40.000000,-40.000000,0.000000,40.000000
9,equal,76000,20.000,0,5,0.500,0.200,0.400,T3o,fold,0.000000,-16.040625,-2.887153,-16.040625,-2.887153,0.272135,0.319553,40.000000,-80.000000,40.000000,-40.000000,0.000000,40.000000
9,equal,76000,20.000,0,5,0.500,0.200,0.400,T2s,fold,0.000000,-15.721875,-2.921875,-15.721875,-2.921875,0.316406,0.317383,40.000000,-80.000000,40.000000,-40.000000,0.000000,40.000000
9,equal,76000,20.000,0,5,0.500,0.200,0.400,T4o,fold,0.000000,-16.028125,-2.927083,-16.028125,-2.927083,0.273872,0.317057,40.000000,-80.000000,40.000000,-40.000000,0.000000,40.000000
9,equal,76000,20.000,0,5,0.500,0.200,0.400,Q6s,fold,0.000000,-13.978125,-2.958333,-13.978125,-2.958333,0.558594,0.315104,40.000000,-80.000000,40.000000,-40.000000,0.000000,40.000000
9,equal,76000,20.000,0,5,0.500,0.200,0.400,82o,fold,0.000000,-15.975000,-2.960069,-15.975000,-2.960069,0.281250,0.314996,40.000000,-80.000000,40.000000,-40.000000,0.000000,40.000000
9,equal,76000,20.000,0,5,0.500,0.200,0.400,Q4s,fold,0.000000,-14.048437,-2.979167,-14.048437,-2.979167,0.548828,0.313802,40.000000,-80.000000,40.000000,-40.000000,0.000000,40.000000
9,equal,76000,20.000,0,5,0.500,0.200,0.400,KTs,fold,0.000000,-13.162500,-2.986111,-13.162500,-2.986111,0.671875,0.313368,40.000000,-80.000000,40.000000,-40.000000,0.000000,40.000000
9,equal,76000,20.000,0,5,0.500,0.200,0.400,Q5s,fold,0.000000,-14.006250,-3.006944,-14.006250,-3.006944,0.554688,0.312066,40.000000,-80.000000,40.000000,-40.000000,0.000000,40.000000
9,equal,76000,20.000,0,5,0.500,0.200,0.400,J3o,fold,0.000000,-14.400000,-3.019097,-14.400000,-3.019097,0.500000,0.311306,40.000000,-80.000000,40.000000,-40.000000,0.000000,40.000000
9,equal,76000,20.000,0,5,0.500,0.200,0.400,93o,fold,0.000000,-16.059375,-3.031250,-16.059375,-3.031250,0.269531,0.310547,40.000000,-80.000000,40.000000,-40.000000,0.000000,40.000000
9,equal,76000,20.000,0,5,0.500,0.200,0.400,83o,fold,0.000000,-15.996094,-3.053819,-15.996094,-3.053819,0.278320,0.309136,40.000000,-80.000000,40.000000,-40.000000,0.000000,40.000000
9,equal,76000,20.000,0,5,0.500,0.200,0.400,K6s,fold,0.000000,-14.013281,-3.055556,-14.013281,-3.055556,0.553711,0.309028,40.000000,-80.000000,40.000000,-40.000000,0.000000,40.000000
9,equal,76000,20.000,0,5,0.500,0.200,0.400,K8s,fold,0.000000,-14.104687,-3.076389,-14.104687,-3.076389,0.541016,0.307726,40.000000,-80.000000,40.000000,-40.000000,0.000000,40.000000
9,equal,76000,20.000,0,5,0.500,0.200,0.400,J6o,fold,0.000000,-14.364844,-3.076389,-14.364844,-3.076389,0.504883,0.307726,40.000000,-80.000000,40.000000,-40.000000,0.000000,40.000000
9,equal,76000,20.000,0,5,0.500,0.200,0.400,T2o,fold,0.000000,-15.912500,-3.093750,-15.912500,-3.093750,0.289931,0.306641,40.000000,-80.000000,40.000000,-40.000000,0.000000,40.000000
9,equal,76000,20.000,0,5,0.500,0.200,0.400,J2o,fold,0.000000,-14.092969,-3.097222,-14.092969,-3.097222,0.542643,0.306424,40.000000,-80.000000,40.000000,-40.000000,0.000000,40.000000
9,equal,76000,20.000,0,5,0.500,0.200,0.400,J4o,fold,0.000000,-14.275781,-3.105903,-14.275781,-3.105903,0.517253,0.305881,40.000000,-80.000000,40.000000,-40.000000,0.000000,40.000000
9,equal,76000,20.000,0,5,0.500,0.200,0.400,K9s,fold,0.000000,-13.256250,-3.138889,-13.256250,-3.138889,0.658854,0.303819,40.000000,-80.000000,40.000000,-40.000000,0.000000,40.000000
9,equal,76000,20.000,0,5,0.500,0.200,0.400,KJs,fold,0.000000,-13.324219,-3.145833,-13.324219,-3.145833,0.649414,0.303385,40.000000,-80.000000,40.000000,-40.000000,0.000000,40.000000
9,equal,76000,20.000,0,5,0.500,0.200,0.400,Q2s,fold,0.000000,-14.132812,-3.250000,-14.132812,-3.250000,0.537109,0.296875,40.000000,-80.000000,40.000000,-40.000000,0.000000,40.000000
9,equal,76000,20.000,0,5,0.500,0.200,0.400,K7s,fold,0.000000,-14.041406,-3.284722,-14.041406,-3.284722,0.549805,0.294705,40.000000,-80.000000,40.000000,-40.000000,0.000000,40.000000
9,equal,76000,20.000,0,5,0.500,0.200,0.400,K2s,fold,0.000000,-14.076562,-3.284722,-14.076562,-3.284722,0.544922,0.294705,40.000000,-80.000000,40.000000,-40.000000,0.000000,40.000000
9,equal,76000,20.000,0,5,0.500,0.200,0.400,K5s,fold,0.000000,-13.837500,-3.319444,-13.837500,-3.319444,0.578125,0.292535,40.000000,-80.000000,40.000000,-40.000000,0.000000,40.000000
9,equal,76000,20.000,0,5,0.500,0.200,0.400,QJs,fold,0.000000,-13.275000,-3.326389,-13.275000,-3.326389,0.656250,0.292101,40.000000,-80.000000,40.000000,-40.000000,0.000000,40.000000
9,equal,76000,20.000,0,5,0.500,0.200,0.400,Q7s,fold,0.000000,-13.844531,-3.395833,-13.844531,-3.395833,0.577148,0.287760,40.000000,-80.000000,40.000000,-40.000000,0.000000,40.000000
9,equal,76000,20.000,0,5,0.500,0.200,0.400,Q3s,fold,0.000000,-14.322656,-3.437500,-14.322656,-3.437500,0.510742,0.285156,40.000000,-80.000000,40.000000,-40.000000,0.000000,40.000000
9,equal,76000,20.000,0,5,0.500,0.200,0.400,K3s,fold,0.000000,-14.210156,-3.444444,-14.210156,-3.444444,0.526367,0.284722,40.000000,-80.000000,40.000000,-40.000000,0.000000,40.000000
9,equal,76000,20.000,0,5,0.500,0.200,0.400,Q8s,fold,0.000000,-13.760156,-3.562500,-13.760156,-3.562500,0.588867,0.277344,40.000000,-80.000000,40.000000,-40.000000,0.000000,40.000000
9,equal,76000,20.000,0,5,0.500,0.200,0.400,KTo,fold,0.000000,-13.078125,-3.673611,-13.078125,-3.673611,0.683594,0.270399,40.000000,-80.000000,40.000000,-40.000000,0.000000,40.000000
9,equal,76000,20.000,0,5,0.500,0.200,0.400,K9o,fold,0.000000,-13.175000,-3.722222,-13.175000,-3.722222,0.670139,0.267361,40.000000,-80.000000,40.000000,-40.000000,0.000000,40.000000
9,equal,76000,20.000,0,5,0.500,0.200,0.400,Q9s,fold,0.000000,-13.218750,-3.736111,-13.218750,-3.736111,0.664062,0.266493,40.000000,-80.000000,40.000000,-40.000000,0.000000,40.000000
9,equal,76000,20.000,0,5,0.500,0.200,0.400,K8o,fold,0.000000,-14.198437,-3.736111,-14.198437,-3.736111,0.527995,0.266493,40.000000,-80.000000,40.000000,-40.000000,0.000000,40.000000
9,equal,76000,20.000,0,5,0.500,0.200,0.400,QTo,fold,0.000000,-13.193750,-3.750000,-13.193750,-3.750000,0.667535,0.265625,40.000000,-80.000000,40.000000,-40.000000,0.000000,40.000000
9,equal,76000,20.000,0,5,0.500,0.200,0.400,K4o,fold,0.000000,-14.254687,-3.766204,-14.254687,-3.766204,0.520182,0.264612,40.000000,-80.000000,40.000000,-40.000000,0.000000,40.000000
9,equal,76000,20.000,0,5,0.500,0.200,0.400,K5o,fold,0.000000,-14.477344,-3.793981,-14.477344,-3.793981,0.489258,0.262876,40.000000,-80.000000,40.000000,-40.000000,0.000000,40.000000
9,equal,76000,20.000,0,5,0.500,0.200,0.400,K6o,fold,0.000000,-14.355469,-3.810185,-14.355469,-3.810185,0.506185,0.261863,40.000000,-80.000000,40.000000,-40.000000,0.000000,40.000000
9,equal,76000,20.000,0,5,0.500,0.200,0.400,K7o,fold,0.000000,-14.193750,-3.814815,-14.193750,-3.814815,0.528646,0.261574,40.000000,-80.000000,40.000000,-40.000000,0.000000,40.000000
9,equal,76000,20.000,0,5,0.500,0.200,0.400,Q6o,fold,0.000000,-14.139844,-3.881944,-14.139844,-3.881944,0.536133,0.257378,40.000000,-80.000000,40.000000,-40.000000,0.000000,40.000000
9,equal,76000,20.000,0,5,0.500,0.200,0.400,K2o,fold,0.000000,-14.465625,-3.884259,-14.465625,-3.884259,0.490885,0.257234,40.000000,-80.000000,40.000000,-40.000000,0.000000,40.000000
9,equal,76000,20.000,0,5,0.500,0.200,0.400,QJo,fold,0.000000,-13.518750,-3.949074,-13.518750,-3.949074,0.622396,0.253183,40.000000,-80.000000,40.000000,-40.000000,0.000000,40.000000
9,equal,76000,20.000,0,5,0.500,0.200,0.400,Q9o,fold,0.000000,-13.150000,-3.981481,-13.150000,-3.981481,0.673611,0.251157,40.000000,-80.000000,40.000000,-40.000000,0.000000,40.000000
9,equal,76000,20.000,0,5,0.500,0.200,0.400,Q5o,fold,0.000000,-14.360156,-4.039352,-14.360156,-4.039352,0.505534,0.247541,40.000000,-80.000000,40.000000,-40.000000,0.000000,40.000000
9,equal,76000,20.000,0,5,0.500,0.200,0.400,KJo,fold,0.000000,-13.713281,-4.090278,-13.713281,-4.090278,0.595378,0.244358,40.000000,-80.000000,40.000000,-40.000000,0.000000,40.000000
9,equal,76000,20.000,0,5,0.500,0.200,0.400,Q3o,fold,0.000000,-14.376562,-4.092593,-14.376562,-4.092593,0.503255,0.244213,40.000000,-80.000000,40.000000,-40.000000,0.000000,40.000000
9,equal,76000,20.000,0,5,0.500,0.200,0.400,K3o,fold,0.000000,-14.273438,-4.127315,-14.273438,-4.127315,0.517578,0.242043,40.000000,-80.000000,40.000000,-40.000000,0.000000,40.000000
9,equal,76000,20.000,0,5,0.500,0.200,0.400,Q4o,fold,0.000000,-14.397656,-4.155093,-14.397656,-4.155093,0.500326,0.240307,40.000000,-80.000000,40.000000,-40.000000,0.000000,40.000000
9,equal,76000,20.000,0,5,0.500,0.200,0.400,Q8o,fold,0.000000,-14.128125,-4.224537,-14.128125,-4.224537,0.537760,0.235966,40.000000,-80.000000,40.000000,-40.000000,0.000000,40.000000
9,equal,76000,20.000,0,5,0.500,0.200,0.400,Q2o,fold,0.000000,-14.172656,-4.280093,-14.172656,-4.280093,0.531576,0.232494,40.000000,-80.000000,40.000000,-40.000000,0.000000,40.000000
9,equal,76000,20.000,0,5,0.500,0.200,0.400,Q7o,fold,0.000000,-14.400000,-4.363426,-14.400000,-4.363426,0.500000,0.227286,40.000000,-80.000000,40.000000,-40.000000,0.000000,40.000000
9,equal,76000,20.000,0,5,0.500,0.500,0.400,JJ,jam,0.000000,-12.051562,13.046875,-12.051562,13.046875,0.826172,0.826172,40.000000,-80.000000,40.000000,-40.000000,0.000000,40.000000
9,equal,76000,20.000,0,5,0.500,0.500,0.400,QQ,jam,0.000000,-12.117188,12.682292,-12.117188,12.682292,0.817057,0.817057,40.000000,-80.000000,40.000000,-40.000000,0.000000,40.000000
9,equal,76000,20.000,0,5,0.500,0.500,0.400,TT,jam,0.000000,-12.121875,12.656250,-12.121875,12.656250,0.816406,0.816406,40.000000,-80.000000,40.000000,-40.000000,0.000000,40.000000
9,equal,76000,20.000,0,5,0.500,0.500,0.400,AA,jam,0.000000,-12.328125,11.510417,-12.328125,11.510417,0.787760,0.787760,40.000000,-80.000000,40.000000,-40.000000,0.000000,40.000000
9,equal,76000,20.000,0,5,0.500,0.500,0.400,KK,jam,0.000000,-12.379687,11.223958,-12.379687,11.223958,0.780599,0.780599,40.000000,-80.000000,40.000000,-40.000000,0.000000,40.000000
9,equal,76000,20.000,0,5,0.500,0.500,0.400,J9s,jam,0.000000,-12.628125,9.843750,-12.628125,9.843750,0.746094,0.746094,40.000000,-80.000000,40.000000,-40.000000,0.000000,40.000000
9,equal,76000,20.000,0,5,0.500,0.500,0.400,JTs,jam,0.000000,-12.937500,8.125000,-12.937500,8.125000,0.703125,0.703125,40.000000,-80.000000,40.000000,-40.000000,0.000000,40.000000
9,equal,76000,20.000,0,5,0.500,0.500,0.400,ATo,jam,0.000000,-12.971875,7.934028,-12.971875,7.934028,0.698351,0.698351,40.000000,-80.000000,40.000000,-40.000000,0.000000,40.000000
9,equal,76000,20.000,0,5,0.500,0.500,0.400,QTs,jam,0.000000,-12.984375,7.864583,-12.984375,7.864583,0.696615,0.696615,40.000000,-80.000000,40.000000,-40.000000,0.000000,40.000000
9,equal,76000,20.000,0,5,0.500,0.500,0.400,JTo,jam,0.000000,-13.009375,7.725694,-13.009375,7.725694,0.693142,0.693142,40.000000,-80.000000,40.000000,-40.000000,0.000000,40.000000
9,equal,76000,20.000,0,5,0.500,0.500,0.400,A9s,jam,0.000000,-13.068750,7.395833,-13.068750,7.395833,0.684896,0.684896,40.000000,-80.000000,40.000000,-40.000000,0.000000,40.000000
9,equal,76000,20.000,0,5,0.500,0.500,0.400,KTo,jam,0.000000,-13.078125,7.343750,-13.078125,7.343750,0.683594,0.683594,40.000000,-80.000000,40.000000,-40.000000,0.000000,40.000000
9,equal,76000,20.000,0,5,0.500,0.500,0.400,ATs,jam,0.000000,-13.087500,7.291667,-13.087500,7.291667,0.682292,0.682292,40.000000,-80.000000,40.000000,-40.000000,0.000000,40.000000
9,equal,76000,20.000,0,5,0.500,0.500,0.400,Q9o,jam,0.000000,-13.150000,6.944444,-13.150000,6.944444,0.673611,0.673611,40.000000,-80.000000,40.000000,-40.000000,0.000000,40.000000
9,equal,76000,20.000,0,5,0.500,0.500,0.400,KTs,jam,0.000000,-13.162500,6.875000,-13.162500,6.875000,0.671875,0.671875,40.000000,-80.000000,40.000000,-40.000000,0.000000,40.000000
9,equal,76000,20.000,0,5,0.500,0.500,0.400,K9o,jam,0.000000,-13.175000,6.805556,-13.175000,6.805556,0.670139,0.670139,40.000000,-80.000000,40.000000,-40.000000,0.000000,40.000000
9,equal,76000,20.000,0,5,0.500,0.500,0.400,J9o,jam,0.000000,-13.175000,6.805556,-13.175000,6.805556,0.670139,0.670139,40.000000,-80.000000,40.000000,-40.000000,0.000000,40.000000
9,equal,76000,20.000,0,5,0.500,0.500,0.400,QTo,jam,0.000000,-13.193750,6.701389,-13.193750,6.701389,0.667535,0.667535,40.000000,-80.000000,40.000000,-40.000000,0.000000,40.000000
9,equal,76000,20.000,0,5,0.500,0.500,0.400,Q9s,jam,0.000000,-13.218750,6.562500,-13.218750,6.562500,0.664062,0.664062,40.000000,-80.000000,40.000000,-40.000000,0.000000,40.000000
9,equal,76000,20.000,0,5,0.500,0.500,0.400,K9s,jam,0.000000,-13.256250,6.354167,-13.256250,6.354167,0.658854,0.658854,40.000000,-80.000000,40.000000,-40.000000,0.000000,40.000000
9,equal,76000,20.000,0,5,0.500,0.500,0.400,A9o,jam,0.000000,-13.259375,6.336806,-13.259375,6.336806,0.658420,0.658420,40.000000,-80.000000,40.000000,-40.000000,0.000000,40.000000
9,equal,76000,20.000,0,5,0.500,0.500,0.400,KQs,jam,0.000000,-13.267969,6.289062,-13.267969,6.289062,0.657227,0.657227,40.000000,-80.000000,40.000000,-40.000000,0.000000,40.000000
9,equal,76000,20.000,0,5,0.500,0.500,0.400,QJs,jam,0.000000,-13.275000,6.250000,-13.275000,6.250000,0.656250,0.656250,40.000000,-80.000000,40.000000,-40.000000,0.000000,40.000000
9,equal,76000,20.000,0,5,0.500,0.500,0.400,KJs,jam,0.000000,-13.324219,5.976562,-13.324219,5.976562,0.649414,0.649414,40.000000,-80.000000,40.000000,-40.000000,0.000000,40.000000
9,equal,76000,20.000,0,5,0.500,0.500,0.400,AQs,jam,0.000000,-13.380469,5.664062,-13.380469,5.664062,0.641602,0.641602,40.000000,-80.000000,40.000000,-40.000000,0.000000,40.000000
9,equal,76000,20.000,0,5,0.500,0.500,0.400,AJs,jam,0.000000,-13.387500,5.625000,-13.387500,5.625000,0.640625,0.640625,40.000000,-80.000000,40.000000,-40.000000,0.000000,40.000000
9,equal,76000,20.000,0,5,0.500,0.500,0.400,AKs,jam,0.000000,-13.415625,5.468750,-13.415625,5.468750,0.636719,0.636719,40.000000,-80.000000,40.000000,-40.000000,0.000000,40.000000
9,equal,76000,20.000,0,5,0.500,0.500,0.400,QJo,jam,0.000000,-13.518750,4.895833,-13.518750,4.895833,0.622396,0.622396,40.000000,-80.000000,40.000000,-40.000000,0.000000,40.000000
9,equal,76000,20.000,0,5,0.500,0.500,0.400,99,jam,0.000000,-13.528125,4.843750,-13.528125,4.843750,0.621094,0.621094,40.000000,-80.000000,40.000000,-40.000000,0.000000,40.000000
9,equal,76000,20.000,0,5,0.500,0.500,0.400,AJo,jam,0.000000,-13.631250,4.270833,-13.631250,4.270833,0.606771,0.606771,40.000000,-80.000000,40.000000,-40.000000,0.000000,40.000000
9,equal,76000,20.000,0,5,0.500,0.500,0.400,KQo,jam,0.000000,-13.682812,3.984375,-13.682812,3.984375,0.599609,0.599609,40.000000,-80.000000,40.000000,-40.000000,0.000000,40.000000
9,equal,76000,20.000,0,5,0.500,0.500,0.400,J4s,jam,0.000000,-13.696875,3.906250,-13.696875,3.906250,0.597656,0.597656,40.000000,-80.000000,40.000000,-40.000000,0.000000,40.000000
9,equal,76000,20.000,0,5,0.500,0.500,0.400,KJo,jam,0.000000,-13.713281,3.815104,-13.713281,3.815104,0.595378,0.595378,40.000000,-80.000000,40.000000,-40.000000,0.000000,40.000000
9,equal,76000,20.000,0,5,0.500,0.500,0.400,J6s,jam,0.000000,-13.717969,3.789062,-13.717969,3.789062,0.594727,0.594727,40.000000,-80.000000,40.000000,-40.000000,0.000000,40.000000
9,equal,76000,20.000,0,5,0.500,0.500,0.400,Q8s,jam,0.000000,-13.760156,3.554688,-13.760156,3.554688,0.588867,0.588867,40.000000,-80.000000,40.000000,-40.000000,0.000000,40.000000
9,equal,76000,20.000,0,5,0.500,0.500,0.400,J8s,jam,0.000000,-13.760156,3.554688,-13.760156,3.554688,0.588867,0.588867,40.000000,-80.000000,40.000000,-40.000000,0.000000,40.000000
9,equal,76000,20.000,0,5,0.500,0.500,0.400,A8s,jam,0.000000,-13.788281,3.398438,-13.788281,3.398438,0.584961,0.584961,40.000000,-80.000000,40.000000,-40.000000,0.000000,40.000000
9,equal,76000,20.000,0,5,0.500,0.500,0.400,A3s,jam,0.000000,-13.809375,3.281250,-13.809375,3.281250,0.582031,0.582031,40.000000,-80.000000,40.000000,-40.000000,0.000000,40.000000
9,equal,76000,20.000,0,5,0.500,0.500,0.400,K5s,jam,0.000000,-13.837500,3.125000,-13.837500,3.125000,0.578125,0.578125,40.000000,-80.000000,40.000000,-40.000000,0.000000,40.000000
9,equal,76000,20.000,0,5,0.500,0.500,0.400,AQo,jam,0.000000,-13.839844,3.111979,-13.839844,3.111979,0.577799,0.577799,40.000000,-80.000000,40.000000,-40.000000,0.000000,40.000000
9,equal,76000,20.000,0,5,0.500,0.500,0.400,Q7s,jam,0.000000,-13.844531,3.085938,-13.844531,3.085938,0.577148,0.577148,40.000000,-80.000000,40.000000,-40.000000,0.000000,40.000000
9,equal,76000,20.000,0,5,0.500,0.500,0.400,AKo,jam,0.000000,-13.872656,2.929688,-13.872656,2.929688,0.573242,0.573242,40.000000,-80.000000,40.000000,-40.000000,0.000000,40.000000
9,equal,76000,20.000,0,5,0.500,0.500,0.400,J7s,jam,0.000000,-13.907812,2.734375,-13.907812,2.734375,0.568359,0.568359,40.000000,-80.000000,40.000000,-40.000000,0.000000,40.000000
9,equal,76000,20.000,0,5,0.500,0.500,0.400,A2s,jam,0.000000,-13.921875,2.656250,-13.921875,2.656250,0.566406,0.566406,40.000000,-80.000000,40.000000,-40.000000,0.000000,40.000000
9,equal,76000,20.000,0,5,0.500,0.500,0.400,A6s,jam,0.000000,-13.935937,2.578125,-13.935937,2.578125,0.564453,0.564453,40.000000,-80.000000,40.000000,-40.000000,0.000000,40.000000
9,equal,76000,20.000,0,5,0.500,0.500,0.400,Q6s,jam,0.000000,-13.978125,2.343750,-13.978125,2.343750,0.558594,0.558594,40.000000,-80.000000,40.000000,-40.000000,0.000000,40.000000
9,equal,76000,20.000,0,5,0.500,0.500,0.400,Q5s,jam,0.000000,-14.006250,2.187500,-14.006250,2.187500,0.554688,0.554688,40.000000,-80.000000,40.000000,-40.000000,0.000000,40.000000
9,equal,76000,20.000,0,5,0.500,0.500,0.400,K6s,jam,0.000000,-14.013281,2.148438,-14.013281,2.148438,0.553711,0.553711,40.000000,-80.000000,40.000000,-40.000000,0.000000,40.000000
9,equal,76000,20.000,0,5,0.500,0.500,0.400,A7s,jam,0.000000,-14.034375,2.031250,-14.034375,2.031250,0.550781,0.550781,40.000000,-80.000000,40.000000,-40.000000,0.000000,40.000000
9,equal,76000,20.000,0,5,0.500,0.500,0.400,K7s,jam,0.000000,-14.041406,1.992188,-14.041406,1.992188,0.549805,0.549805,40.000000,-80.000000,40.000000,-40.000000,0.000000,40.000000
9,equal,76000,20.000,0,5,0.500,0.500,0.400,J5s,jam,0.000000,-14.041406,1.992188,-14.041406,1.992188,0.549805,0.549805,40.000000,-80.000000,40.000000,-40.000000,0.000000,40.000000
9,equal,76000,20.000,0,5,0.500,0.500,0.400,Q4s,jam,0.000000,-14.048437,1.953125,-14.048437,1.953125,0.548828,0.548828,40.000000,-80.000000,40.000000,-40.000000,0.000000,40.000000
9,equal,76000,20.000,0,5,0.500,0.500,0.400,A8o,jam,0.000000,-14.062500,1.875000,-14.062500,1.875000,0.546875,0.546875,40.000000,-80.000000,40.000000,-40.000000,0.000000,40.000000
9,equal,76000,20.000,0,5,0.500,0.500,0.400,J8o,jam,0.000000,-14.062500,1.875000,-14.062500,1.875000,0.546875,0.546875,40.000000,-80.000000,40.000000,-40.000000,0.000000,40.000000
9,equal,76000,20.000,0,5,0.500,0.500,0.400,K2s,jam,0.000000,-14.076562,1.796875,-14.076562,1.796875,0.544922,0.544922,40.000000,-80.000000,40.000000,-40.000000,0.000000,40.000000
9,equal,76000,20.000,0,5,0.500,0.500,0.400,A5s,jam,0.000000,-14.090625,1.718750,-14.090625,1.718750,0.542969,0.542969,40.000000,-80.000000,40.000000,-40.000000,0.000000,40.000000
9,equal,76000,20.000,0,5,0.500,0.500,0.400,J2o,jam,0.000000,-14.092969,1.705729,-14.092969,1.705729,0.542643,0.542643,40.000000,-80.000000,40.000000,-40.000000,0.000000,40.000000
9,equal,76000,20.000,0,5,0.500,0.500,0.400,K8s,jam,0.000000,-14.104687,1.640625,-14.104687,1.640625,0.541016,0.541016,40.000000,-80.000000,40.000000,-40.000000,0.000000,40.000000
9,equal,76000,20.000,0,5,0.500,0.500,0.400,A4s,jam,0.000000,-14.111719,1.601562,-14.111719,1.601562,0.540039,0.540039,40.000000,-80.000000,40.000000,-40.000000,0.000000,40.000000
9,equal,76000,20.000,0,5,0.500,0.500,0.400,Q8o,jam,0.000000,-14.128125,1.510417,-14.128125,1.510417,0.537760,0.537760,40.000000,-80.000000,40.000000,-40.000000,0.000000,40.000000
9,equal,76000,20.000,0,5,0.500,0.500,0.400,Q2s,jam,0.000000,-14.132812,1.484375,-14.132812,1.484375,0.537109,0.537109,40.000000,-80.000000,40.000000,-40.000000,0.000000,40.000000
9,equal,76000,20.000,0,5,0.500,0.500,0.400,A3o,jam,0.000000,-14.135156,1.471354,-14.135156,1.471354,0.536784,0.536784,40.000000,-80.000000,40.000000,-40.000000,0.000000,40.000000
9,equal,76000,20.000,0,5,0.500,0.500,0.400,Q6o,jam,0.000000,-14.139844,1.445312,-14.139844,1.445312,0.536133,0.536133,40.000000,-80.000000,40.000000,-40.000000,0.000000,40.000000
9,equal,76000,20.000,0,5,0.500,0.500,0.400,K4s,jam,0.000000,-14.167969,1.289062,-14.167969,1.289062,0.532227,0.532227,40.000000,-80.000000,40.000000,-40.000000,0.000000,40.000000
9,equal,76000,20.000,0,5,0.500,0.500,0.400,Q2o,jam,0.000000,-14.172656,1.263021,-14.172656,1.263021,0.531576,0.531576,40.000000,-80.000000,40.000000,-40.000000,0.000000,40.000000
9,equal,76000,20.000,0,5,0.500,0.500,0.400,A6o,jam,0.000000,-14.186719,1.184896,-14.186719,1.184896,0.529622,0.529622,40.000000,-80.000000,40.000000,-40.000000,0.000000,40.000000
9,equal,76000,20.000,0,5,0.500,0.500,0.400,K7o,jam,0.000000,-14.193750,1.145833,-14.193750,1.145833,0.528646,0.528646,40.000000,-80.000000,40.000000,-40.000000,0.000000,40.000000
9,equal,76000,20.000,0,5,0.500,0.500,0.400,K8o,jam,0.000000,-14.198437,1.119792,-14.198437,1.119792,0.527995,0.527995,40.000000,-80.000000,40.000000,-40.000000,0.000000,40.000000
9,equal,76000,20.000,0,5,0.500,0.500,0.400,J5o,jam,0.000000,-14.203125,1.093750,-14.203125,1.093750,0.527344,0.527344,40.000000,-80.000000,40.000000,-40.000000,0.000000,40.000000
9,equal,76000,20.000,0,5,0.500,0.500,0.400,A5o,jam,0.000000,-14.207812,1.067708,-14.207812,1.067708,0.526693,0.526693,40.000000,-80.000000,40.000000,-40.000000,0.000000,40.000000
9,equal,76000,20.000,0,5,0.500,0.500,0.400,K3s,jam,0.000000,-14.210156,1.054688,-14.210156,1.054688,0.526367,0.526367,40.000000,-80.000000,40.000000,-40.000000,0.000000,40.000000
9,equal,76000,20.000,0,5,0.500,0.500,0.400,J2s,jam,0.000000,-14.217187,1.015625,-14.217187,1.015625,0.525391,0.525391,40.000000,-80.000000,40.000000,-40.000000,0.000000,40.000000
9,equal,76000,20.000,0,5,0.500,0.500,0.400,A4o,jam,0.000000,-14.231250,0.937500,-14.231250,0.937500,0.523438,0.523438,40.000000,-80.000000,40.000000,-40.000000,0.000000,40.000000
9,equal,76000,20.000,0,5,0.500,0.500,0.400,K4o,jam,0.000000,-14.254687,0.807292,-14.254687,0.807292,0.520182,0.520182,40.000000,-80.000000,40.000000,-40.000000,0.000000,40.000000
9,equal,76000,20.000,0,5,0.500,0.500,0.400,J7o,jam,0.000000,-14.266406,0.742188,-14.266406,0.742188,0.518555,0.518555,40.000000,-80.000000,40.000000,-40.000000,0.000000,40.000000
9,equal,76000,20.000,0,5,0.500,0.500,0.400,K3o,jam,0.000000,-14.273438,0.703125,-14.273438,0.703125,0.517578,0.517578,40.000000,-80.000000,40.000000,-40.000000,0.000000,40.000000
9,equal,76000,20.000,0,5,0.500,0.500,0.400,J4o,jam,0.000000,-14.275781,0.690104,-14.275781,0.690104,0.517253,0.517253,40.000000,-80.000000,40.000000,-40.000000,0.000000,40.000000
9,equal,76000,20.000,0,5,0.500,0.500,0.400,88,jam,0.000000,-14.278125,0.677083,-14.278125,0.677083,0.516927,0.516927,40.000000,-80.000000,40.000000,-40.000000,0.000000,40.000000
9,equal,76000,20.000,0,5,0.500,0.500,0.400,A7o,jam,0.000000,-14.299219,0.559896,-14.299219,0.559896,0.513997,0.513997,40.000000,-80.000000,40.000000,-40.000000,0.000000,40.000000
9,equal,76000,20.000,0,5,0.500,0.500,0.400,Q3s,jam,0.000000,-14.322656,0.429688,-14.322656,0.429688,0.510742,0.510742,40.000000,-80.000000,40.000000,-40.000000,0.000000,40.000000
9,equal,76000,20.000,0,5,0.500,0.500,0.400,J3s,jam,0.000000,-14.336719,0.351562,-14.336719,0.351562,0.508789,0.508789,40.000000,-80.000000,40.000000,-40.000000,0.000000,40.000000
9,equal,76000,20.000,0,5,0.500,0.500,0.400,K6o,jam,0.000000,-14.355469,0.247396,-14.355469,0.247396,0.506185,0.506185,40.000000,-80.000000,40.000000,-40.000000,0.000000,40.000000
9,equal,76000,20.000,0,5,0.500,0.500,0.400,Q5o,jam,0.000000,-14.360156,0.221354,-14.360156,0.221354,0.505534,0.505534,40.000000,-80.000000,40.000000,-40.000000,0.000000,40.000000
9,equal,76000,20.000,0,5,0.500,0.500,0.400,J6o,jam,0.000000,-14.364844,0.195312,-14.364844,0.195312,0.504883,0.504883,40.000000,-80.000000,40.000000,-40.000000,0.000000,40.000000
9,equal,76000,20.000,0,5,0.500,0.500,0.400,Q3o,jam,0.000000,-14.376562,0.130208,-14.376562,0.130208,0.503255,0.503255,40.000000,-80.000000,40.000000,-40.000000,0.000000,40.000000
9,equal,76000,20.000,0,5,0.500,0.500,0.400,A2o,jam,0.000000,-14.390625,0.052083,-14.390625,0.052083,0.501302,0.501302,40.000000,-80.000000,40.000000,-40.000000,0.000000,40.000000
9,equal,76000,20.000,0,5,0.500,0.500,0.400,Q4o,jam,0.000000,-14.397656,0.013021,-14.397656,0.013021,0.500326,0.500326,40.000000,-80.000000,40.000000,-40.000000,0.000000,40.000000
9,equal,76000,20.000,0,5,0.500,0.500,0.400,Q7o,jam,0.000000,-14.400000,0.000000,-14.400000,0.000000,0.500000,0.500000,40.000000,-80.000000,40.000000,-40.000000,0.000000,40.000000
9,equal,76000,20.000,0,5,0.500,0.500,0.400,J3o,jam,0.000000,-14.400000,0.000000,-14.400000,0.000000,0.500000,0.500000,40.000000,-80.000000,40.000000,-40.000000,0.000000,40.000000
9,equal,76000,20.000,0,5,0.500,0.500,0.400,T9s,jam,0.000000,-14.400000,0.000000,-14.400000,0.000000,0.500000,0.500000,40.000000,-80.000000,40.000000,-40.000000,0.000000,40.000000
9,equal,76000,20.000,0,5,0.500,0.500,0.400,66,fold,0.000000,-14.414062,-0.078125,-14.414062,-0.078125,0.498047,0.498047,40.000000,-80.000000,40.000000,-40.000000,0.000000,40.000000
9,equal,76000,20.000,0,5,0.500,0.500,0.400,K2o,fold,0.000000,-14.465625,-0.364583,-14.465625,-0.364583,0.490885,0.490885,40.000000,-80.000000,40.000000,-40.000000,0.000000,40.000000
9,equal,76000,20.000,0,5,0.500,0.500,0.400,K5o,fold,0.000000,-14.477344,-0.429688,-14.477344,-0.429688,0.489258,0.489258,40.000000,-80.000000,40.000000,-40.000000,0.000000,40.000000
9,equal,76000,20.000,0,5,0.500,0.500,0.400,55,fold,0.000000,-14.479687,-0.442708,-14.479687,-0.442708,0.488932,0.488932,40.000000,-80.000000,40.000000,-40.000000,0.000000,40.000000
9,equal,76000,20.000,0,5,0.500,0.500,0.400,33,fold,0.000000,-14.540625,-0.781250,-14.540625,-0.781250,0.480469,0.480469,40.000000,-80.000000,40.000000,-40.000000,0.000000,40.000000
9,equal,76000,20.000,0,5,0.500,0.500,0.400,T9o,fold,0.000000,-14.564062,-0.911458,-14.564062,-0.911458,0.477214,0.477214,40.000000,-80.000000,40.000000,-40.000000,0.000000,40.000000
9,equal,76000,20.000,0,5,0.500,0.500,0.400,22,fold,0.000000,-14.657813,-1.432292,-14.657813,-1.432292,0.464193,0.464193,40.000000,-80.000000,40.000000,-40.000000,0.000000,40.000000
9,equal,76000,20.000,0,5,0.500,0.500,0.400,77,fold,0.000000,-14.676562,-1.536458,-14.676562,-1.536458,0.461589,0.461589,40.000000,-80.000000,40.000000,-40.000000,0.000000,40.000000
9,equal,76000,20.000,0,5,0.500,0.500,0.400,44,fold,0.000000,-14.840625,-2.447917,-14.840625,-2.447917,0.438802,0.438802,40.000000,-80.000000,40.000000,-40.000000,0.000000,40.000000
9,equal,76000,20.000,0,5,0.500,0.500,0.400,76s,fold,0.000000,-15.271875,-4.843750,-15.271875,-4.843750,0.378906,0.378906,40.000000,-80.000000,40.000000,-40.000000,0.000000,40.000000
9,equal,76000,20.000,0,5,0.500,0.500,0.400,72s,fold,0.000000,-15.356250,-5.312500,-15.356250,-5.312500,0.367188,0.367188,40.000000,-80.000000,40.000000,-40.000000,0.000000,40.000000
9,equal,76000,20.000,0,5,0.500,0.500,0.400,75s,fold,0.000000,-15.398438,-5.546875,-15.398438,-5.546875,0.361328,0.361328,40.000000,-80.000000,40.000000,-40.000000,0.000000,40.000000
9,equal,76000,20.000,0,5,0.500,0.500,0.400,42s,fold,0.000000,-15.405469,-5.585938,-15.405469,-5.585938,0.360352,0.360352,40.000000,-80.000000,40.000000,-40.000000,0.000000,40.000000
9,equal,76000,20.000,0,5,0.500,0.500,0.400,54o,fold,0.000000,-15.410156,-5.611979,-15.410156,-5.611979,0.359701,0.359701,40.000000,-80.000000,40.000000,-40.000000,0.000000,40.000000
9,equal,76000,20.000,0,5,0.500,0.500,0.400,76o,fold,0.000000,-15.414844,-5.638021,-15.414844,-5.638021,0.359049,0.359049,40.000000,-80.000000,40.000000,-40.000000,0.000000,40.000000
9,equal,76000,20.000,0,5,0.500,0.500,0.400,43s,fold,0.000000,-15.440625,-5.781250,-15.440625,-5.781250,0.355469,0.355469,40.000000,-80.000000,40.000000,-40.000000,0.000000,40.000000
9,equal,76000,20.000,0,5,0.500,0.500,0.400,52s,fold,0.000000,-15.461719,-5.898438,-15.461719,-5.898438,0.352539,0.352539,40.000000,-80.000000,40.000000,-40.000000,0.000000,40.000000
9,equal,76000,20.000,0,5,0.500,0.500,0.400,T3s,fold,0.000000,-15.478125,-5.989583,-15.478125,-5.989583,0.350260,0.350260,40.000000,-80.000000,40.000000,-40.000000,0.000000,40.000000
9,equal,76000,20.000,0,5,0.500,0.500,0.400,86s,fold,0.000000,-15.482812,-6.015625,-15.482812,-6.015625,0.349609,0.349609,40.000000,-80.000000,40.000000,-40.000000,0.000000,40.000000
9,equal,76000,20.000,0,5,0.500,0.500,0.400,73s,fold,0.000000,-15.482812,-6.015625,-15.482812,-6.015625,0.349609,0.349609,40.000000,-80.000000,40.000000,-40.000000,0.000000,40.000000
9,equal,76000,20.000,0,5,0.500,0.500,0.400,87o,fold,0.000000,-15.496875,-6.093750,-15.496875,-6.093750,0.347656,0.347656,40.000000,-80.000000,40.000000,-40.000000,0.000000,40.000000
9,equal,76000,20.000,0,5,0.500,0.500,0.400,85s,fold,0.000000,-15.496875,-6.093750,-15.496875,-6.093750,0.347656,0.347656,40.000000,-80.000000,40.000000,-40.000000,0.000000,40.000000
9,equal,76000,20.000,0,5,0.500,0.500,0.400,74s,fold,0.000000,-15.510937,-6.171875,-15.510937,-6.171875,0.345703,0.345703,40.000000,-80.000000,40.000000,-40.000000,0.000000,40.000000
9,equal,76000,20.000,0,5,0.500,0.500,0.400,63s,fold,0.000000,-15.510937,-6.171875,-15.510937,-6.171875,0.345703,0.345703,40.000000,-80.000000,40.000000,-40.000000,0.000000,40.000000
9,equal,76000,20.000,0,5,0.500,0.500,0.400,T8s,fold,0.000000,-15.515625,-6.197917,-15.515625,-6.197917,0.345052,0.345052,40.000000,-80.000000,40.000000,-40.000000,0.000000,40.000000
9,equal,76000,20.000,0,5,0.500,0.500,0.400,65s,fold,0.000000,-15.525000,-6.250000,-15.525000,-6.250000,0.343750,0.343750,40.000000,-80.000000,40.000000,-40.000000,0.000000,40.000000
9,equal,76000,20.000,0,5,0.500,0.500,0.400,53s,fold,0.000000,-15.546094,-6.367188,-15.546094,-6.367188,0.340820,0.340820,40.000000,-80.000000,40.000000,-40.000000,0.000000,40.000000
9,equal,76000,20.000,0,5,0.500,0.500,0.400,87s,fold,0.000000,-15.574219,-6.523438,-15.574219,-6.523438,0.336914,0.336914,40.000000,-80.000000,40.000000,-40.000000,0.000000,40.000000
9,equal,76000,20.000,0,5,0.500,0.500,0.400,53o,fold,0.000000,-15.576562,-6.536458,-15.576562,-6.536458,0.336589,0.336589,40.000000,-80.000000,40.000000,-40.000000,0.000000,40.000000
9,equal,76000,20.000,0,5,0.500,0.500,0.400,65o,fold,0.000000,-15.581250,-6.562500,-15.581250,-6.562500,0.335938,0.335938,40.000000,-80.000000,40.000000,-40.000000,0.000000,40.000000
9,equal,76000,20.000,0,5,0.500,0.500,0.400,52o,fold,0.000000,-15.614062,-6.744792,-15.614062,-6.744792,0.331380,0.331380,40.000000,-80.000000,40.000000,-40.000000,0.000000,40.000000
9,equal,76000,20.000,0,5,0.500,0.500,0.400,32o,fold,0.000000,-15.621094,-6.783854,-15.621094,-6.783854,0.330404,0.330404,40.000000,-80.000000,40.000000,-40.000000,0.000000,40.000000
9,equal,76000,20.000,0,5,0.500,0.500,0.400,64o,fold,0.000000,-15.639844,-6.888021,-15.639844,-6.888021,0.327799,0.327799,40.000000,-80.000000,40.000000,-40.000000,0.000000,40.000000
9,equal,76000,20.000,0,5,0.500,0.500,0.400,84s,fold,0.000000,-15.644531,-6.914062,-15.644531,-6.914062,0.327148,0.327148,40.000000,-80.000000,40.000000,-40.000000,0.000000,40.000000
9,equal,76000,20.000,0,5,0.500,0.500,0.400,62s,fold,0.000000,-15.651562,-6.953125,-15.651562,-6.953125,0.326172,0.326172,40.000000,-80.000000,40.000000,-40.000000,0.000000,40.000000
9,equal,76000,20.000,0,5,0.500,0.500,0.400,63o,fold,0.000000,-15.656250,-6.979167,-15.656250,-6.979167,0.325521,0.325521,40.000000,-80.000000,40.000000,-40.000000,0.000000,40.000000
9,equal,76000,20.000,0,5,0.500,0.500,0.400,42o,fold,0.000000,-15.665625,-7.031250,-15.665625,-7.031250,0.324219,0.324219,40.000000,-80.000000,40.000000,-40.000000,0.000000,40.000000
9,equal,76000,20.000,0,5,0.500,0.500,0.400,43o,fold,0.000000,-15.670312,-7.057292,-15.670312,-7.057292,0.323568,0.323568,40.000000,-80.000000,40.000000,-40.000000,0.000000,40.000000
9,equal,76000,20.000,0,5,0.500,0.500,0.400,54s,fold,0.000000,-15.672656,-7.070312,-15.672656,-7.070312,0.323242,0.323242,40.000000,-80.000000,40.000000,-40.000000,0.000000,40.000000
9,equal,76000,20.000,0,5,0.500,0.500,0.400,T6s,fold,0.000000,-15.675000,-7.083333,-15.675000,-7.083333,0.322917,0.322917,40.000000,-80.000000,40.000000,-40.000000,0.000000,40.000000
9,equal,76000,20.000,0,5,0.500,0.500,0.400,92s,fold,0.000000,-15.675000,-7.083333,-15.675000,-7.083333,0.322917,0.322917,40.000000,-80.000000,40.000000,-40.000000,0.000000,40.000000
9,equal,76000,20.000,0,5,0.500,0.500,0.400,62o,fold,0.000000,-15.689062,-7.161458,-15.689062,-7.161458,0.320964,0.320964,40.000000,-80.000000,40.000000,-40.000000,0.000000,40.000000
9,equal,76000,20.000,0,5,0.500,0.500,0.400,96s,fold,0.000000,-15.693750,-7.187500,-15.693750,-7.187500,0.320312,0.320312,40.000000,-80.000000,40.000000,-40.000000,0.000000,40.000000
9,equal,76000,20.000,0,5,0.500,0.500,0.400,75o,fold,0.000000,-15.696094,-7.200521,-15.696094,-7.200521,0.319987,0.319987,40.000000,-80.000000,40.000000,-40.000000,0.000000,40.000000
9,equal,76000,20.000,0,5,0.500,0.500,0.400,86o,fold,0.000000,-15.717187,-7.317708,-15.717187,-7.317708,0.317057,0.317057,40.000000,-80.000000,40.000000,-40.000000,0.000000,40.000000
9,equal,76000,20.000,0,5,0.500,0.500,0.400,T2s,fold,0.000000,-15.721875,-7.343750,-15.721875,-7.343750,0.316406,0.316406,40.000000,-80.000000,40.000000,-40.000000,0.000000,40.000000
9,equal,76000,20.000,0,5,0.500,0.500,0.400,82s,fold,0.000000,-15.735937,-7.421875,-15.735937,-7.421875,0.314453,0.314453,40.000000,-80.000000,40.000000,-40.000000,0.000000,40.000000
9,equal,76000,20.000,0,5,0.500,0.500,0.400,83s,fold,0.000000,-15.742969,-7.460938,-15.742969,-7.460938,0.313477,0.313477,40.000000,-80.000000,40.000000,-40.000000,0.000000,40.000000
9,equal,76000,20.000,0,5,0.500,0.500,0.400,T7s,fold,0.000000,-15.759375,-7.552083,-15.759375,-7.552083,0.311198,0.311198,40.000000,-80.000000,40.000000,-40.000000,0.000000,40.000000
9,equal,76000,20.000,0,5,0.500,0.500,0.400,T5s,fold,0.000000,-15.796875,-7.760417,-15.796875,-7.760417,0.305990,0.305990,40.000000,-80.000000,40.000000,-40.000000,0.000000,40.000000
9,equal,76000,20.000,0,5,0.500,0.500,0.400,85o,fold,0.000000,-15.817969,-7.877604,-15.817969,-7.877604,0.303060,0.303060,40.000000,-80.000000,40.000000,-40.000000,0.000000,40.000000
9,equal,76000,20.000,0,5,0.500,0.500,0.400,84o,fold,0.000000,-15.822656,-7.903646,-15.822656,-7.903646,0.302409,0.302409,40.000000,-80.000000,40.000000,-40.000000,0.000000,40.000000
9,equal,76000,20.000,0,5,0.500,0.500,0.400,T4s,fold,0.000000,-15.825000,-7.916667,-15.825000,-7.916667,0.302083,0.302083,40.000000,-80.000000,40.000000,-40.000000,0.000000,40.000000
9,equal,76000,20.000,0,5,0.500,0.500,0.400,93s,fold,0.000000,-15.825000,-7.916667,-15.825000,-7.916667,0.302083,0.302083,40.000000,-80.000000,40.000000,-40.000000,0.000000,40.000000
9,equal,76000,20.000,0,5,0.500,0.500,0.400,73o,fold,0.000000,-15.836719,-7.981771,-15.836719,-7.981771,0.300456,0.300456,40.000000,-80.000000,40.000000,-40.000000,0.000000,40.000000
9,equal,76000,20.000,0,5,0.500,0.500,0.400,74o,fold,0.000000,-15.855469,-8.085938,-15.855469,-8.085938,0.297852,0.297852,40.000000,-80.000000,40.000000,-40.000000,0.000000,40.000000
9,equal,76000,20.000,0,5,0.500,0.500,0.400,97s,fold,0.000000,-15.862500,-8.125000,-15.862500,-8.125000,0.296875,0.296875,40.000000,-80.000000,40.000000,-40.000000,0.000000,40.000000
9,equal,76000,20.000,0,5,0.500,0.500,0.400,94s,fold,0.000000,-15.871875,-8.177083,-15.871875,-8.177083,0.295573,0.295573,40.000000,-80.000000,40.000000,-40.000000,0.000000,40.000000
9,equal,76000,20.000,0,5,0.500,0.500,0.400,95s,fold,0.000000,-15.909375,-8.385417,-15.909375,-8.385417,0.290365,0.290365,40.000000,-80.000000,40.000000,-40.000000,0.000000,40.000000
9,equal,76000,20.000,0,5,0.500,0.500,0.400,T6o,fold,0.000000,-15.912500,-8.402778,-15.912500,-8.402778,0.289931,0.289931,40.000000,-80.000000,40.000000,-40.000000,0.000000,40.000000
9,equal,76000,20.000,0,5,0.500,0.500,0.400,T2o,fold,0.000000,-15.912500,-8.402778,-15.912500,-8.402778,0.289931,0.289931,40.000000,-80.000000,40.000000,-40.000000,0.000000,40.000000
9,equal,76000,20.000,0,5,0.500,0.500,0.400,T5o,fold,0.000000,-15.918750,-8.437500,-15.918750,-8.437500,0.289062,0.289062,40.000000,-80.000000,40.000000,-40.000000,0.000000,40.000000
9,equal,76000,20.000,0,5,0.500,0.500,0.400,72o,fold,0.000000,-15.923438,-8.463542,-15.923438,-8.463542,0.288411,0.288411,40.000000,-80.000000,40.000000,-40.000000,0.000000,40.000000
9,equal,76000,20.000,0,5,0.500,0.500,0.400,T8o,fold,0.000000,-15.925000,-8.472222,-15.925000,-8.472222,0.288194,0.288194,40.000000,-80.000000,40.000000,-40.000000,0.000000,40.000000
9,equal,76000,20.000,0,5,0.500,0.500,0.400,98s,fold,0.000000,-15.928125,-8.489583,-15.928125,-8.489583,0.287760,0.287760,40.000000,-80.000000,40.000000,-40.000000,0.000000,40.000000
9,equal,76000,20.000,0,5,0.500,0.500,0.400,64s,fold,0.000000,-15.932812,-8.515625,-15.932812,-8.515625,0.287109,0.287109,40.000000,-80.000000,40.000000,-40.000000,0.000000,40.000000
9,equal,76000,20.000,0,5,0.500,0.500,0.400,T7o,fold,0.000000,-15.956250,-8.645833,-15.956250,-8.645833,0.283854,0.283854,40.000000,-80.000000,40.000000,-40.000000,0.000000,40.000000
9,equal,76000,20.000,0,5,0.500,0.500,0.400,82o,fold,0.000000,-15.975000,-8.750000,-15.975000,-8.750000,0.281250,0.281250,40.000000,-80.000000,40.000000,-40.000000,0.000000,40.000000
9,equal,76000,20.000,0,5,0.500,0.500,0.400,83o,fold,0.000000,-15.996094,-8.867188,-15.996094,-8.867188,0.278320,0.278320,40.000000,-80.000000,40.000000,-40.000000,0.000000,40.000000
9,equal,76000,20.000,0,5,0.500,0.500,0.400,32s,fold,0.000000,-16.024219,-9.023438,-16.024219,-9.023438,0.274414,0.274414,40.000000,-80.000000,40.000000,-40.000000,0.000000,40.000000
9,equal,76000,20.000,0,5,0.500,0.500,0.400,T4o,fold,0.000000,-16.028125,-9.045139,-16.028125,-9.045139,0.273872,0.273872,40.000000,-80.000000,40.000000,-40.000000,0.000000,40.000000
9,equal,76000,20.000,0,5,0.500,0.500,0.400,T3o,fold,0.000000,-16.040625,-9.114583,-16.040625,-9.114583,0.272135,0.272135,40.000000,-80.000000,40.000000,-40.000000,0.000000,40.000000
9,equal,76000,20.000,0,5,0.500,0.500,0.400,93o,fold,0.000000,-16.059375,-9.218750,-16.059375,-9.218750,0.269531,0.269531,40.000000,-80.000000,40.000000,-40.000000,0.000000,40.000000
9,equal,76000,20.000,0,5,0.500,0.500,0.400,98o,fold,0.000000,-16.118750,-9.548611,-16.118750,-9.548611,0.261285,0.261285,40.000000,-80.000000,40.000000,-40.000000,0.000000,40.000000
9,equal,76000,20.000,0,5,0.500,0.500,0.400,96o,fold,0.000000,-16.140625,-9.670139,-16.140625,-9.670139,0.258247,0.258247,40.000000,-80.000000,40.000000,-40.000000,0.000000,40.000000
9,equal,76000,20.000,0,5,0.500,0.500,0.400,97o,fold,0.000000,-16.143750,-9.687500,-16.143750,-9.687500,0.257812,0.257812,40.000000,-80.000000,40.000000,-40.000000,0.000000,40.000000
9,equal,76000,20.000,0,5,0.500,0.500,0.400,94o,fold,0.000000,-16.187500,-9.930556,-16.187500,-9.930556,0.251736,0.251736,40.000000,-80.000000,40.000000,-40.000000,0.000000,40.000000
9,equal,76000,20.000,0,5,0.500,0.500,0.400,92o,fold,0.000000,-16.262500,-10.347222,-16.262500,-10.347222,0.241319,0.241319,40.000000,-80.000000,40.000000,-40.000000,0.000000,40.000000
9,equal,76000,20.000,0,5,0.500,0.500,0.400,95o,fold,0.000000,-16.365625,-10.920139,-16.365625,-10.920139,0.226997,0.226997,40.000000,-80.000000,40.000000,-40.000000,0.000000,40.000000
9,one-critical-short,76000,20.000,0,5,0.500,0.050,0.400,QQ,jam,-18.000000,0.955729,39.350694,18.955729,57.350694,0.817057,0.837674,58.000000,-80.000000,22.000000,-22.000000,0.000000,22.000000
9,one-critical-short,76000,20.000,0,5,0.500,0.050,0.400,JJ,jam,-18.000000,1.167188,39.284722,19.167188,57.284722,0.826172,0.821181,58.000000,-80.000000,22.000000,-22.000000,0.000000,22.000000
9,one-critical-short,76000,20.000,0,5,0.500,0.050,0.400,TT,jam,-18.000000,0.940625,39.276042,18.940625,57.276042,0.816406,0.819010,58.000000,-80.000000,22.000000,-22.000000,0.000000,22.000000
9,one-critical-short,76000,20.000,0,5,0.500,0.050,0.400,KK,jam,-18.000000,0.109896,39.270833,18.109896,57.270833,0.780599,0.817708,58.000000,-80.000000,22.000000,-22.000000,0.000000,22.000000
9,one-critical-short,76000,20.000,0,5,0.500,0.050,0.400,AA,jam,-18.000000,0.276042,39.258681,18.276042,57.258681,0.787760,0.814670,58.000000,-80.000000,22.000000,-22.000000,0.000000,22.000000
9,one-critical-short,76000,20.000,0,5,0.500,0.050,0.400,AQs,jam,-18.000000,-3.114844,38.007812,14.885156,56.007812,0.641602,0.501953,58.000000,-80.000000,22.000000,-22.000000,0.000000,22.000000
9,one-critical-short,76000,20.000,0,5,0.500,0.050,0.400,99,jam,-18.000000,-3.590625,38.000000,14.409375,56.000000,0.621094,0.500000,58.000000,-80.000000,22.000000,-22.000000,0.000000,22.000000
9,one-critical-short,76000,20.000,0,5,0.500,0.050,0.400,KQs,jam,-18.000000,-2.752344,37.968750,15.247656,55.968750,0.657227,0.492188,58.000000,-80.000000,22.000000,-22.000000,0.000000,22.000000
9,one-critical-short,76000,20.000,0,5,0.500,0.050,0.400,JTs,jam,-18.000000,-1.687500,37.963542,16.312500,55.963542,0.703125,0.490885,58.000000,-80.000000,22.000000,-22.000000,0.000000,22.000000
9,one-critical-short,76000,20.000,0,5,0.500,0.050,0.400,QJs,jam,-18.000000,-2.775000,37.906250,15.225000,55.906250,0.656250,0.476562,58.000000,-80.000000,22.000000,-22.000000,0.000000,22.000000
9,one-critical-short,76000,20.000,0,5,0.500,0.050,0.400,QTs,jam,-18.000000,-1.838542,37.893229,16.161458,55.893229,0.696615,0.473307,58.000000,-80.000000,22.000000,-22.000000,0.000000,22.000000
9,one-critical-short,76000,20.000,0,5,0.500,0.050,0.400,ATs,jam,-18.000000,-2.170833,37.882812,15.829167,55.882812,0.682292,0.470703,58.000000,-80.000000,22.000000,-22.000000,0.000000,22.000000
9,one-critical-short,76000,20.000,0,5,0.500,0.050,0.400,AJs,jam,-18.000000,-3.137500,37.872396,14.862500,55.872396,0.640625,0.468099,58.000000,-80.000000,22.000000,-22.000000,0.000000,22.000000
9,one-critical-short,76000,20.000,0,5,0.500,0.050,0.400,KTs,jam,-18.000000,-2.412500,37.867188,15.587500,55.867188,0.671875,0.466797,58.000000,-80.000000,22.000000,-22.000000,0.000000,22.000000
9,one-critical-short,76000,20.000,0,5,0.500,0.050,0.400,AJo,jam,-18.000000,-3.922917,37.862847,14.077083,55.862847,0.606771,0.465712,58.000000,-80.000000,22.000000,-22.000000,0.000000,22.000000
9,one-critical-short,76000,20.000,0,5,0.500,0.050,0.400,AKs,jam,-18.000000,-3.228125,37.828125,14.771875,55.828125,0.636719,0.457031,58.000000,-80.000000,22.000000,-22.000000,0.000000,22.000000
9,one-critical-short,76000,20.000,0,5,0.500,0.050,0.400,QJo,jam,-18.000000,-3.560417,37.818576,14.439583,55.818576,0.622396,0.454644,58.000000,-80.000000,22.000000,-22.000000,0.000000,22.000000
9,one-critical-short,76000,20.000,0,5,0.500,0.050,0.400,QTo,jam,-18.000000,-2.513194,37.811632,15.486806,55.811632,0.667535,0.452908,58.000000,-80.000000,22.000000,-22.000000,0.000000,22.000000
9,one-critical-short,76000,20.000,0,5,0.500,0.050,0.400,JTo,jam,-18.000000,-1.919097,37.803819,16.080903,55.803819,0.693142,0.450955,58.000000,-80.000000,22.000000,-22.000000,0.000000,22.000000
9,one-critical-short,76000,20.000,0,5,0.500,0.050,0.400,KJs,jam,-18.000000,-2.933594,37.802083,15.066406,55.802083,0.649414,0.450521,58.000000,-80.000000,22.000000,-22.000000,0.000000,22.000000
9,one-critical-short,76000,20.000,0,5,0.500,0.050,0.400,AQo,jam,-18.000000,-4.595052,37.772569,13.404948,55.772569,0.577799,0.443142,58.000000,-80.000000,22.000000,-22.000000,0.000000,22.000000
9,one-critical-short,76000,20.000,0,5,0.500,0.050,0.400,ATo,jam,-18.000000,-1.798264,37.762153,16.201736,55.762153,0.698351,0.440538,58.000000,-80.000000,22.000000,-22.000000,0.000000,22.000000
9,one-critical-short,76000,20.000,0,5,0.500,0.050,0.400,KJo,jam,-18.000000,-4.187240,37.753472,13.812760,55.753472,0.595378,0.438368,58.000000,-80.000000,22.000000,-22.000000,0.000000,22.000000
9,one-critical-short,76000,20.000,0,5,0.500,0.050,0.400,KTo,jam,-18.000000,-2.140625,37.747396,15.859375,55.747396,0.683594,0.436849,58.000000,-80.000000,22.000000,-22.000000,0.000000,22.000000
9,one-critical-short,76000,20.000,0,5,0.500,0.050,0.400,AKo,jam,-18.000000,-4.700781,37.738715,13.299219,55.738715,0.573242,0.434679,58.000000,-80.000000,22.000000,-22.000000,0.000000,22.000000
9,one-critical-short,76000,20.000,0,5,0.500,0.050,0.400,KQo,jam,-18.000000,-4.089062,37.724826,13.910938,55.724826,0.599609,0.431207,58.000000,-80.000000,22.000000,-22.000000,0.000000,22.000000
9,one-critical-short,76000,20.000,0,5,0.500,0.050,0.400,T9o,jam,-18.000000,-6.928646,37.526042,11.071354,55.526042,0.477214,0.381510,58.000000,-80.000000,22.000000,-22.000000,0.000000,22.000000
9,one-critical-short,76000,20.000,0,5,0.500,0.050,0.400,T9s,jam,-18.000000,-6.400000,37.515625,11.600000,55.515625,0.500000,0.378906,58.000000,-80.000000,22.000000,-22.000000,0.000000,22.000000
9,one-critical-short,76000,20.000,0,5,0.500,0.050,0.400,A4s,jam,-18.000000,-5.471094,37.471354,12.528906,55.471354,0.540039,0.367839,58.000000,-80.000000,22.000000,-22.000000,0.000000,22.000000
9,one-critical-short,76000,20.000,0,5,0.500,0.050,0.400,A5s,jam,-18.000000,-5.403125,37.450521,12.596875,55.450521,0.542969,0.362630,58.000000,-80.000000,22.000000,-22.000000,0.000000,22.000000
9,one-critical-short,76000,20.000,0,5,0.500,0.050,0.400,Q9s,jam,-18.000000,-2.593750,37.437500,15.406250,55.437500,0.664062,0.359375,58.000000,-80.000000,22.000000,-22.000000,0.000000,22.000000
9,one-critical-short,76000,20.000,0,5,0.500,0.050,0.400,J9s,jam,-18.000000,-0.690625,37.411458,17.309375,55.411458,0.746094,0.352865,58.000000,-80.000000,22.000000,-22.000000,0.000000,22.000000
9,one-critical-short,76000,20.000,0,5,0.500,0.050,0.400,Q3s,jam,-18.000000,-6.150781,37.395833,11.849219,55.395833,0.510742,0.348958,58.000000,-80.000000,22.000000,-22.000000,0.000000,22.000000
9,one-critical-short,76000,20.000,0,5,0.500,0.050,0.400,J8s,jam,-18.000000,-4.338281,37.390625,13.661719,55.390625,0.588867,0.347656,58.000000,-80.000000,22.000000,-22.000000,0.000000,22.000000
9,one-critical-short,76000,20.000,0,5,0.500,0.050,0.400,T6s,jam,-18.000000,-10.508333,37.390625,7.491667,55.390625,0.322917,0.347656,58.000000,-80.000000,22.000000,-22.000000,0.000000,22.000000
9,one-critical-short,76000,20.000,0,5,0.500,0.050,0.400,T8s,jam,-18.000000,-9.994792,37.388021,8.005208,55.388021,0.345052,0.347005,58.000000,-80.000000,22.000000,-22.000000,0.000000,22.000000
9,one-critical-short,76000,20.000,0,5,0.500,0.050,0.400,K7s,jam,-18.000000,-5.244531,37.369792,12.755469,55.369792,0.549805,0.342448,58.000000,-80.000000,22.000000,-22.000000,0.000000,22.000000
9,one-critical-short,76000,20.000,0,5,0.500,0.050,0.400,K9s,jam,-18.000000,-2.714583,37.364583,15.285417,55.364583,0.658854,0.341146,58.000000,-80.000000,22.000000,-22.000000,0.000000,22.000000
9,one-critical-short,76000,20.000,0,5,0.500,0.050,0.400,J6s,jam,-18.000000,-4.202344,37.364583,13.797656,55.364583,0.594727,0.341146,58.000000,-80.000000,22.000000,-22.000000,0.000000,22.000000
9,one-critical-short,76000,20.000,0,5,0.500,0.050,0.400,Q9o,jam,-18.000000,-2.372222,37.355903,15.627778,55.355903,0.673611,0.338976,58.000000,-80.000000,22.000000,-22.000000,0.000000,22.000000
9,one-critical-short,76000,20.000,0,5,0.500,0.050,0.400,A9s,jam,-18.000000,-2.110417,37.348958,15.889583,55.348958,0.684896,0.337240,58.000000,-80.000000,22.000000,-22.000000,0.000000,22.000000
9,one-critical-short,76000,20.000,0,5,0.500,0.050,0.400,K5s,jam,-18.000000,-4.587500,37.341146,13.412500,55.341146,0.578125,0.335286,58.000000,-80.000000,22.000000,-22.000000,0.000000,22.000000
9,one-critical-short,76000,20.000,0,5,0.500,0.050,0.400,J5s,jam,-18.000000,-5.244531,37.335938,12.755469,55.335938,0.549805,0.333984,58.000000,-80.000000,22.000000,-22.000000,0.000000,22.000000
9,one-critical-short,76000,20.000,0,5,0.500,0.050,0.400,Q8s,jam,-18.000000,-4.338281,37.317708,13.661719,55.317708,0.588867,0.329427,58.000000,-80.000000,22.000000,-22.000000,0.000000,22.000000
9,one-critical-short,76000,20.000,0,5,0.500,0.050,0.400,Q7s,jam,-18.000000,-4.610156,37.312500,13.389844,55.312500,0.577148,0.328125,58.000000,-80.000000,22.000000,-22.000000,0.000000,22.000000
9,one-critical-short,76000,20.000,0,5,0.500,0.050,0.400,T5s,jam,-18.000000,-10.901042,37.312500,7.098958,55.312500,0.305990,0.328125,58.000000,-80.000000,22.000000,-22.000000,0.000000,22.000000
9,one-critical-short,76000,20.000,0,5,0.500,0.050,0.400,A6s,jam,-18.000000,-4.904687,37.299479,13.095313,55.299479,0.564453,0.324870,58.000000,-80.000000,22.000000,-22.000000,0.000000,22.000000
9,one-critical-short,76000,20.000,0,5,0.500,0.050,0.400,K3s,jam,-18.000000,-5.788281,37.299479,12.211719,55.299479,0.526367,0.324870,58.000000,-80.000000,22.000000,-22.000000,0.000000,22.000000
9,one-critical-short,76000,20.000,0,5,0.500,0.050,0.400,A3s,jam,-18.000000,-4.496875,37.296875,13.503125,55.296875,0.582031,0.324219,58.000000,-80.000000,22.000000,-22.000000,0.000000,22.000000
9,one-critical-short,76000,20.000,0,5,0.500,0.050,0.400,A2s,jam,-18.000000,-4.859375,37.296875,13.140625,55.296875,0.566406,0.324219,58.000000,-80.000000,22.000000,-22.000000,0.000000,22.000000
9,one-critical-short,76000,20.000,0,5,0.500,0.050,0.400,K8s,jam,-18.000000,-5.448437,37.291667,12.551563,55.291667,0.541016,0.322917,58.000000,-80.000000,22.000000,-22.000000,0.000000,22.000000
9,one-critical-short,76000,20.000,0,5,0.500,0.050,0.400,A8s,jam,-18.000000,-4.428906,37.283854,13.571094,55.283854,0.584961,0.320964,58.000000,-80.000000,22.000000,-22.000000,0.000000,22.000000
9,one-critical-short,76000,20.000,0,5,0.500,0.050,0.400,J2s,jam,-18.000000,-5.810937,37.273438,12.189063,55.273438,0.525391,0.318359,58.000000,-80.000000,22.000000,-22.000000,0.000000,22.000000
9,one-critical-short,76000,20.000,0,5,0.500,0.050,0.400,K2s,jam,-18.000000,-5.357812,37.257812,12.642188,55.257812,0.544922,0.314453,58.000000,-80.000000,22.000000,-22.000000,0.000000,22.000000
9,one-critical-short,76000,20.000,0,5,0.500,0.050,0.400,T7s,jam,-18.000000,-10.780208,37.252604,7.219792,55.252604,0.311198,0.313151,58.000000,-80.000000,22.000000,-22.000000,0.000000,22.000000
9,one-critical-short,76000,20.000,0,5,0.500,0.050,0.400,A5o,jam,-18.000000,-5.780729,37.245660,12.219271,55.245660,0.526693,0.311415,58.000000,-80.000000,22.000000,-22.000000,0.000000,22.000000
9,one-critical-short,76000,20.000,0,5,0.500,0.050,0.400,T5o,jam,-18.000000,-11.293750,37.245660,6.706250,55.245660,0.289062,0.311415,58.000000,-80.000000,22.000000,-22.000000,0.000000,22.000000
9,one-critical-short,76000,20.000,0,5,0.500,0.050,0.400,T3s,jam,-18.000000,-9.873958,37.244792,8.126042,55.244792,0.350260,0.311198,58.000000,-80.000000,22.000000,-22.000000,0.000000,22.000000
9,one-critical-short,76000,20.000,0,5,0.500,0.050,0.400,A7s,jam,-18.000000,-5.221875,37.236979,12.778125,55.236979,0.550781,0.309245,58.000000,-80.000000,22.000000,-22.000000,0.000000,22.000000
9,one-critical-short,76000,20.000,0,5,0.500,0.050,0.400,Q5s,jam,-18.000000,-5.131250,37.234375,12.868750,55.234375,0.554688,0.308594,58.000000,-80.000000,22.000000,-22.000000,0.000000,22.000000
9,one-critical-short,76000,20.000,0,5,0.500,0.050,0.400,K4s,jam,-18.000000,-5.652344,37.234375,12.347656,55.234375,0.532227,0.308594,58.000000,-80.000000,22.000000,-22.000000,0.000000,22.000000
9,one-critical-short,76000,20.000,0,5,0.500,0.050,0.400,A9o,jam,-18.000000,-2.724653,37.232639,15.275347,55.232639,0.658420,0.308160,58.000000,-80.000000,22.000000,-22.000000,0.000000,22.000000
9,one-critical-short,76000,20.000,0,5,0.500,0.050,0.400,A7o,jam,-18.000000,-6.075260,37.230903,11.924740,55.230903,0.513997,0.307726,58.000000,-80.000000,22.000000,-22.000000,0.000000,22.000000
9,one-critical-short,76000,20.000,0,5,0.500,0.050,0.400,Q2s,jam,-18.000000,-5.539062,37.226562,12.460938,55.226562,0.537109,0.306641,58.000000,-80.000000,22.000000,-22.000000,0.000000,22.000000
9,one-critical-short,76000,20.000,0,5,0.500,0.050,0.400,K6s,jam,-18.000000,-5.153906,37.223958,12.846094,55.223958,0.553711,0.305990,58.000000,-80.000000,22.000000,-22.000000,0.000000,22.000000
9,one-critical-short,76000,20.000,0,5,0.500,0.050,0.400,J4s,jam,-18.000000,-4.134375,37.221354,13.865625,55.221354,0.597656,0.305339,58.000000,-80.000000,22.000000,-22.000000,0.000000,22.000000
9,one-critical-short,76000,20.000,0,5,0.500,0.050,0.400,J9o,jam,-18.000000,-2.452778,37.218750,15.547222,55.218750,0.670139,0.304688,58.000000,-80.000000,22.000000,-22.000000,0.000000,22.000000
9,one-critical-short,76000,20.000,0,5,0.500,0.050,0.400,T4s,jam,-18.000000,-10.991667,37.216146,7.008333,55.216146,0.302083,0.304036,58.000000,-80.000000,22.000000,-22.000000,0.000000,22.000000
9,one-critical-short,76000,20.000,0,5,0.500,0.050,0.400,J7o,jam,-18.000000,-5.969531,37.214410,12.030469,55.214410,0.518555,0.303602,58.000000,-80.000000,22.000000,-22.000000,0.000000,22.000000
9,one-critical-short,76000,20.000,0,5,0.500,0.050,0.400,Q6s,jam,-18.000000,-5.040625,37.213542,12.959375,55.213542,0.558594,0.303385,58.000000,-80.000000,22.000000,-22.000000,0.000000,22.000000
9,one-critical-short,76000,20.000,0,5,0.500,0.050,0.400,Q4s,jam,-18.000000,-5.267187,37.213542,12.732813,55.213542,0.548828,0.303385,58.000000,-80.000000,22.000000,-22.000000,0.000000,22.000000
9,one-critical-short,76000,20.000,0,5,0.500,0.050,0.400,Q4o,jam,-18.000000,-6.392448,37.211806,11.607552,55.211806,0.500326,0.302951,58.000000,-80.000000,22.000000,-22.000000,0.000000,22.000000
9,one-critical-short,76000,20.000,0,5,0.500,0.050,0.400,A2o,jam,-18.000000,-6.369792,37.205729,11.630208,55.205729,0.501302,0.301432,58.000000,-80.000000,22.000000,-22.000000,0.000000,22.000000
9,one-critical-short,76000,20.000,0,5,0.500,0.050,0.400,A4o,jam,-18.000000,-5.856250,37.196181,12.143750,55.196181,0.523438,0.299045,58.000000,-80.000000,22.000000,-22.000000,0.000000,22.000000
9,one-critical-short,76000,20.000,0,5,0.500,0.050,0.400,T7o,jam,-18.000000,-11.414583,37.194444,6.585417,55.194444,0.283854,0.298611,58.000000,-80.000000,22.000000,-22.000000,0.000000,22.000000
9,one-critical-short,76000,20.000,0,5,0.500,0.050,0.400,Q8o,jam,-18.000000,-5.523958,37.193576,12.476042,55.193576,0.537760,0.298394,58.000000,-80.000000,22.000000,-22.000000,0.000000,22.000000
9,one-critical-short,76000,20.000,0,5,0.500,0.050,0.400,J7s,jam,-18.000000,-4.814062,37.187500,13.185938,55.187500,0.568359,0.296875,58.000000,-80.000000,22.000000,-22.000000,0.000000,22.000000
9,one-critical-short,76000,20.000,0,5,0.500,0.050,0.400,T8o,jam,-18.000000,-11.313889,37.185764,6.686111,55.185764,0.288194,0.296441,58.000000,-80.000000,22.000000,-22.000000,0.000000,22.000000
9,one-critical-short,76000,20.000,0,5,0.500,0.050,0.400,J3s,jam,-18.000000,-6.196094,37.179688,11.803906,55.179688,0.508789,0.294922,58.000000,-80.000000,22.000000,-22.000000,0.000000,22.000000
9,one-critical-short,76000,20.000,0,5,0.500,0.050,0.400,T2s,jam,-18.000000,-10.659375,37.179688,7.340625,55.179688,0.316406,0.294922,58.000000,-80.000000,22.000000,-22.000000,0.000000,22.000000
9,one-critical-short,76000,20.000,0,5,0.500,0.050,0.400,K5o,jam,-18.000000,-6.649219,37.173611,11.350781,55.173611,0.489258,0.293403,58.000000,-80.000000,22.000000,-22.000000,0.000000,22.000000
9,one-critical-short,76000,20.000,0,5,0.500,0.050,0.400,A3o,jam,-18.000000,-5.546615,37.166667,12.453385,55.166667,0.536784,0.291667,58.000000,-80.000000,22.000000,-22.000000,0.000000,22.000000
9,one-critical-short,76000,20.000,0,5,0.500,0.050,0.400,A8o,jam,-18.000000,-5.312500,37.161458,12.687500,55.161458,0.546875,0.290365,58.000000,-80.000000,22.000000,-22.000000,0.000000,22.000000
9,one-critical-short,76000,20.000,0,5,0.500,0.050,0.400,J8o,jam,-18.000000,-5.312500,37.148438,12.687500,55.148438,0.546875,0.287109,58.000000,-80.000000,22.000000,-22.000000,0.000000,22.000000
9,one-critical-short,76000,20.000,0,5,0.500,0.050,0.400,A6o,jam,-18.000000,-5.712760,37.147569,12.287240,55.147569,0.529622,0.286892,58.000000,-80.000000,22.000000,-22.000000,0.000000,22.000000
9,one-critical-short,76000,20.000,0,5,0.500,0.050,0.400,J3o,jam,-18.000000,-6.400000,37.146701,11.600000,55.146701,0.500000,0.286675,58.000000,-80.000000,22.000000,-22.000000,0.000000,22.000000
9,one-critical-short,76000,20.000,0,5,0.500,0.050,0.400,Q7o,jam,-18.000000,-6.400000,37.144965,11.600000,55.144965,0.500000,0.286241,58.000000,-80.000000,22.000000,-22.000000,0.000000,22.000000
9,one-critical-short,76000,20.000,0,5,0.500,0.050,0.400,K7o,jam,-18.000000,-5.735417,37.139757,12.264583,55.139757,0.528646,0.284939,58.000000,-80.000000,22.000000,-22.000000,0.000000,22.000000
9,one-critical-short,76000,20.000,0,5,0.500,0.050,0.400,K9o,jam,-18.000000,-2.452778,37.138889,15.547222,55.138889,0.670139,0.284722,58.000000,-80.000000,22.000000,-22.000000,0.000000,22.000000
9,one-critical-short,76000,20.000,0,5,0.500,0.050,0.400,Q5o,jam,-18.000000,-6.271615,37.138889,11.728385,55.138889,0.505534,0.284722,58.000000,-80.000000,22.000000,-22.000000,0.000000,22.000000
9,one-critical-short,76000,20.000,0,5,0.500,0.050,0.400,T6o,jam,-18.000000,-11.273611,37.138021,6.726389,55.138021,0.289931,0.284505,58.000000,-80.000000,22.000000,-22.000000,0.000000,22.000000
9,one-critical-short,76000,20.000,0,5,0.500,0.050,0.400,K4o,jam,-18.000000,-5.931771,37.135417,12.068229,55.135417,0.520182,0.283854,58.000000,-80.000000,22.000000,-22.000000,0.000000,22.000000
9,one-critical-short,76000,20.000,0,5,0.500,0.050,0.400,K6o,jam,-18.000000,-6.256510,37.127604,11.743490,55.127604,0.506185,0.281901,58.000000,-80.000000,22.000000,-22.000000,0.000000,22.000000
9,one-critical-short,76000,20.000,0,5,0.500,0.050,0.400,K2o,jam,-18.000000,-6.611458,37.125868,11.388542,55.125868,0.490885,0.281467,58.000000,-80.000000,22.000000,-22.000000,0.000000,22.000000
9,one-critical-short,76000,20.000,0,5,0.500,0.050,0.400,J6o,jam,-18.000000,-6.286719,37.121528,11.713281,55.121528,0.504883,0.280382,58.000000,-80.000000,22.000000,-22.000000,0.000000,22.000000
9,one-critical-short,76000,20.000,0,5,0.500,0.050,0.400,J5o,jam,-18.000000,-5.765625,37.114583,12.234375,55.114583,0.527344,0.278646,58.000000,-80.000000,22.000000,-22.000000,0.000000,22.000000
9,one-critical-short,76000,20.000,0,5,0.500,0.050,0.400,Q2o,jam,-18.000000,-5.667448,37.106771,12.332552,55.106771,0.531576,0.276693,58.000000,-80.000000,22.000000,-22.000000,0.000000,22.000000
9,one-critical-short,76000,20.000,0,5,0.500,0.050,0.400,J4o,jam,-18.000000,-5.999740,37.106771,12.000260,55.106771,0.517253,0.276693,58.000000,-80.000000,22.000000,-22.000000,0.000000,22.000000
9,one-critical-short,76000,20.000,0,5,0.500,0.050,0.400,T2o,jam,-18.000000,-11.273611,37.105035,6.726389,55.105035,0.289931,0.276259,58.000000,-80.000000,22.000000,-22.000000,0.000000,22.000000
9,one-critical-short,76000,20.000,0,5,0.500,0.050,0.400,T4o,jam,-18.000000,-11.646181,37.105035,6.353819,55.105035,0.273872,0.276259,58.000000,-80.000000,22.000000,-22.000000,0.000000,22.000000
9,one-critical-short,76000,20.000,0,5,0.500,0.050,0.400,J2o,jam,-18.000000,-5.410677,37.095486,12.589323,55.095486,0.542643,0.273872,58.000000,-80.000000,22.000000,-22.000000,0.000000,22.000000
9,one-critical-short,76000,20.000,0,5,0.500,0.050,0.400,Q6o,jam,-18.000000,-5.561719,37.095486,12.438281,55.095486,0.536133,0.273872,58.000000,-80.000000,22.000000,-22.000000,0.000000,22.000000
9,one-critical-short,76000,20.000,0,5,0.500,0.050,0.400,Q3o,jam,-18.000000,-6.324479,37.095486,11.675521,55.095486,0.503255,0.273872,58.000000,-80.000000,22.000000,-22.000000,0.000000,22.000000
9,one-critical-short,76000,20.000,0,5,0.500,0.050,0.400,T3o,jam,-18.000000,-11.686458,37.088542,6.313542,55.088542,0.272135,0.272135,58.000000,-80.000000,22.000000,-22.000000,0.000000,22.000000
9,one-critical-short,76000,20.000,0,5,0.500,0.050,0.400,K8o,jam,-18.000000,-5.750521,37.078125,12.249479,55.078125,0.527995,0.269531,58.000000,-80.000000,22.000000,-22.000000,0.000000,22.000000
9,one-critical-short,76000,20.000,0,5,0.500,0.050,0.400,K3o,jam,-18.000000,-5.992187,37.073785,12.007813,55.073785,0.517578,0.268446,58.000000,-80.000000,22.000000,-22.000000,0.000000,22.000000
9,one-critical-short,76000,20.000,0,5,0.500,0.050,0.400,54s,jam,-18.000000,-10.500781,36.971354,7.499219,54.971354,0.323242,0.242839,58.000000,-80.000000,22.000000,-22.000000,0.000000,22.000000
9,one-critical-short,76000,20.000,0,5,0.500,0.050,0.400,43s,jam,-18.000000,-9.753125,36.893229,8.246875,54.893229,0.355469,0.223307,58.000000,-80.000000,22.000000,-22.000000,0.000000,22.000000
9,one-critical-short,76000,20.000,0,5,0.500,0.050,0.400,75s,jam,-18.000000,-9.617187,36.872396,8.382813,54.872396,0.361328,0.218099,58.000000,-80.000000,22.000000,-22.000000,0.000000,22.000000
9,one-critical-short,76000,20.000,0,5,0.500,0.050,0.400,42s,jam,-18.000000,-9.639844,36.851562,8.360156,54.851562,0.360352,0.212891,58.000000,-80.000000,22.000000,-22.000000,0.000000,22.000000
9,one-critical-short,76000,20.000,0,5,0.500,0.050,0.400,64s,jam,-18.000000,-11.339062,36.846354,6.660938,54.846354,0.287109,0.211589,58.000000,-80.000000,22.000000,-22.000000,0.000000,22.000000
9,one-critical-short,76000,20.000,0,5,0.500,0.050,0.400,52s,jam,-18.000000,-9.821094,36.841146,8.178906,54.841146,0.352539,0.210286,58.000000,-80.000000,22.000000,-22.000000,0.000000,22.000000
9,one-critical-short,76000,20.000,0,5,0.500,0.050,0.400,65s,jam,-18.000000,-10.025000,36.838542,7.975000,54.838542,0.343750,0.209635,58.000000,-80.000000,22.000000,-22.000000,0.000000,22.000000
9,one-critical-short,76000,20.000,0,5,0.500,0.050,0.400,87s,jam,-18.000000,-10.183594,36.835938,7.816406,54.835938,0.336914,0.208984,58.000000,-80.000000,22.000000,-22.000000,0.000000,22.000000
9,one-critical-short,76000,20.000,0,5,0.500,0.050,0.400,53s,jam,-18.000000,-10.092969,36.820312,7.907031,54.820312,0.340820,0.205078,58.000000,-80.000000,22.000000,-22.000000,0.000000,22.000000
9,one-critical-short,76000,20.000,0,5,0.500,0.050,0.400,33,jam,-18.000000,-6.853125,36.812500,11.146875,54.812500,0.480469,0.203125,58.000000,-80.000000,22.000000,-22.000000,0.000000,22.000000
9,one-critical-short,76000,20.000,0,5,0.500,0.050,0.400,76s,jam,-18.000000,-9.209375,36.812500,8.790625,54.812500,0.378906,0.203125,58.000000,-80.000000,22.000000,-22.000000,0.000000,22.000000
9,one-critical-short,76000,20.000,0,5,0.500,0.050,0.400,85s,jam,-18.000000,-9.934375,36.799479,8.065625,54.799479,0.347656,0.199870,58.000000,-80.000000,22.000000,-22.000000,0.000000,22.000000
9,one-critical-short,76000,20.000,0,5,0.500,0.050,0.400,98s,jam,-18.000000,-11.323958,36.796875,6.676042,54.796875,0.287760,0.199219,58.000000,-80.000000,22.000000,-22.000000,0.000000,22.000000
9,one-critical-short,76000,20.000,0,5,0.500,0.050,0.400,84s,jam,-18.000000,-10.410156,36.778646,7.589844,54.778646,0.327148,0.194661,58.000000,-80.000000,22.000000,-22.000000,0.000000,22.000000
9,one-critical-short,76000,20.000,0,5,0.500,0.050,0.400,77,jam,-18.000000,-7.291146,36.755208,10.708854,54.755208,0.461589,0.188802,58.000000,-80.000000,22.000000,-22.000000,0.000000,22.000000
9,one-critical-short,76000,20.000,0,5,0.500,0.050,0.400,74s,jam,-18.000000,-9.979687,36.744792,8.020313,54.744792,0.345703,0.186198,58.000000,-80.000000,22.000000,-22.000000,0.000000,22.000000
9,one-critical-short,76000,20.000,0,5,0.500,0.050,0.400,86s,jam,-18.000000,-9.889062,36.742188,8.110938,54.742188,0.349609,0.185547,58.000000,-80.000000,22.000000,-22.000000,0.000000,22.000000
9,one-critical-short,76000,20.000,0,5,0.500,0.050,0.400,44,jam,-18.000000,-7.819792,36.739583,10.180208,54.739583,0.438802,0.184896,58.000000,-80.000000,22.000000,-22.000000,0.000000,22.000000
9,one-critical-short,76000,20.000,0,5,0.500,0.050,0.400,32s,jam,-18.000000,-11.633594,36.731771,6.366406,54.731771,0.274414,0.182943,58.000000,-80.000000,22.000000,-22.000000,0.000000,22.000000
9,one-critical-short,76000,20.000,0,5,0.500,0.050,0.400,65o,jam,-18.000000,-10.206250,36.724826,7.793750,54.724826,0.335938,0.181207,58.000000,-80.000000,22.000000,-22.000000,0.000000,22.000000
9,one-critical-short,76000,20.000,0,5,0.500,0.050,0.400,66,jam,-18.000000,-6.445312,36.722222,11.554688,54.722222,0.498047,0.180556,58.000000,-80.000000,22.000000,-22.000000,0.000000,22.000000
9,one-critical-short,76000,20.000,0,5,0.500,0.050,0.400,72s,jam,-18.000000,-9.481250,36.708333,8.518750,54.708333,0.367188,0.177083,58.000000,-80.000000,22.000000,-22.000000,0.000000,22.000000
9,one-critical-short,76000,20.000,0,5,0.500,0.050,0.400,54o,jam,-18.000000,-9.654948,36.708333,8.345052,54.708333,0.359701,0.177083,58.000000,-80.000000,22.000000,-22.000000,0.000000,22.000000
9,one-critical-short,76000,20.000,0,5,0.500,0.050,0.400,63s,jam,-18.000000,-9.979687,36.705729,8.020313,54.705729,0.345703,0.176432,58.000000,-80.000000,22.000000,-22.000000,0.000000,22.000000
9,one-critical-short,76000,20.000,0,5,0.500,0.050,0.400,88,jam,-18.000000,-6.007292,36.704861,11.992708,54.704861,0.516927,0.176215,58.000000,-80.000000,22.000000,-22.000000,0.000000,22.000000
9,one-critical-short,76000,20.000,0,5,0.500,0.050,0.400,22,jam,-18.000000,-7.230729,36.701389,10.769271,54.701389,0.464193,0.175347,58.000000,-80.000000,22.000000,-22.000000,0.000000,22.000000
9,one-critical-short,76000,20.000,0,5,0.500,0.050,0.400,83s,jam,-18.000000,-10.727344,36.697917,7.272656,54.697917,0.313477,0.174479,58.000000,-80.000000,22.000000,-22.000000,0.000000,22.000000
9,one-critical-short,76000,20.000,0,5,0.500,0.050,0.400,55,jam,-18.000000,-6.656771,36.694444,11.343229,54.694444,0.488932,0.173611,58.000000,-80.000000,22.000000,-22.000000,0.000000,22.000000
9,one-critical-short,76000,20.000,0,5,0.500,0.050,0.400,64o,jam,-18.000000,-10.395052,36.692708,7.604948,54.692708,0.327799,0.173177,58.000000,-80.000000,22.000000,-22.000000,0.000000,22.000000
9,one-critical-short,76000,20.000,0,5,0.500,0.050,0.400,97s,jam,-18.000000,-11.112500,36.682292,6.887500,54.682292,0.296875,0.170573,58.000000,-80.000000,22.000000,-22.000000,0.000000,22.000000
9,one-critical-short,76000,20.000,0,5,0.500,0.050,0.400,73s,jam,-18.000000,-9.889062,36.666667,8.110938,54.666667,0.349609,0.166667,58.000000,-80.000000,22.000000,-22.000000,0.000000,22.000000
9,one-critical-short,76000,20.000,0,5,0.500,0.050,0.400,62s,jam,-18.000000,-10.432812,36.666667,7.567188,54.666667,0.326172,0.166667,58.000000,-80.000000,22.000000,-22.000000,0.000000,22.000000
9,one-critical-short,76000,20.000,0,5,0.500,0.050,0.400,76o,jam,-18.000000,-9.670052,36.658854,8.329948,54.658854,0.359049,0.164714,58.000000,-80.000000,22.000000,-22.000000,0.000000,22.000000
9,one-critical-short,76000,20.000,0,5,0.500,0.050,0.400,52o,jam,-18.000000,-10.311979,36.657118,7.688021,54.657118,0.331380,0.164280,58.000000,-80.000000,22.000000,-22.000000,0.000000,22.000000
9,one-critical-short,76000,20.000,0,5,0.500,0.050,0.400,75o,jam,-18.000000,-10.576302,36.639757,7.423698,54.639757,0.319987,0.159939,58.000000,-80.000000,22.000000,-22.000000,0.000000,22.000000
9,one-critical-short,76000,20.000,0,5,0.500,0.050,0.400,43o,jam,-18.000000,-10.493229,36.627604,7.506771,54.627604,0.323568,0.156901,58.000000,-80.000000,22.000000,-22.000000,0.000000,22.000000
9,one-critical-short,76000,20.000,0,5,0.500,0.050,0.400,82s,jam,-18.000000,-10.704687,36.625000,7.295313,54.625000,0.314453,0.156250,58.000000,-80.000000,22.000000,-22.000000,0.000000,22.000000
9,one-critical-short,76000,20.000,0,5,0.500,0.050,0.400,53o,jam,-18.000000,-10.191146,36.620660,7.808854,54.620660,0.336589,0.155165,58.000000,-80.000000,22.000000,-22.000000,0.000000,22.000000
9,one-critical-short,76000,20.000,0,5,0.500,0.050,0.400,93s,jam,-18.000000,-10.991667,36.614583,7.008333,54.614583,0.302083,0.153646,58.000000,-80.000000,22.000000,-22.000000,0.000000,22.000000
9,one-critical-short,76000,20.000,0,5,0.500,0.050,0.400,74o,jam,-18.000000,-11.089844,36.601562,6.910156,54.601562,0.297852,0.150391,58.000000,-80.000000,22.000000,-22.000000,0.000000,22.000000
9,one-critical-short,76000,20.000,0,5,0.500,0.050,0.400,87o,jam,-18.000000,-9.934375,36.592014,8.065625,54.592014,0.347656,0.148003,58.000000,-80.000000,22.000000,-22.000000,0.000000,22.000000
9,one-critical-short,76000,20.000,0,5,0.500,0.050,0.400,42o,jam,-18.000000,-10.478125,36.589410,7.521875,54.589410,0.324219,0.147352,58.000000,-80.000000,22.000000,-22.000000,0.000000,22.000000
9,one-critical-short,76000,20.000,0,5,0.500,0.050,0.400,32o,jam,-18.000000,-10.334635,36.579861,7.665365,54.579861,0.330404,0.144965,58.000000,-80.000000,22.000000,-22.000000,0.000000,22.000000
9,one-critical-short,76000,20.000,0,5,0.500,0.050,0.400,98o,jam,-18.000000,-11.938194,36.564236,6.061806,54.564236,0.261285,0.141059,58.000000,-80.000000,22.000000,-22.000000,0.000000,22.000000
9,one-critical-short,76000,20.000,0,5,0.500,0.050,0.400,63o,jam,-18.000000,-10.447917,36.559896,7.552083,54.559896,0.325521,0.139974,58.000000,-80.000000,22.000000,-22.000000,0.000000,22.000000
9,one-critical-short,76000,20.000,0,5,0.500,0.050,0.400,73o,jam,-18.000000,-11.029427,36.552083,6.970573,54.552083,0.300456,0.138021,58.000000,-80.000000,22.000000,-22.000000,0.000000,22.000000
9,one-critical-short,76000,20.000,0,5,0.500,0.050,0.400,95s,jam,-18.000000,-11.263542,36.546875,6.736458,54.546875,0.290365,0.136719,58.000000,-80.000000,22.000000,-22.000000,0.000000,22.000000
9,one-critical-short,76000,20.000,0,5,0.500,0.050,0.400,86o,jam,-18.000000,-10.644271,36.546007,7.355729,54.546007,0.317057,0.136502,58.000000,-80.000000,22.000000,-22.000000,0.000000,22.000000
9,one-critical-short,76000,20.000,0,5,0.500,0.050,0.400,85o,jam,-18.000000,-10.969010,36.546007,7.030990,54.546007,0.303060,0.136502,58.000000,-80.000000,22.000000,-22.000000,0.000000,22.000000
9,one-critical-short,76000,20.000,0,5,0.500,0.050,0.400,96s,jam,-18.000000,-10.568750,36.541667,7.431250,54.541667,0.320312,0.135417,58.000000,-80.000000,22.000000,-22.000000,0.000000,22.000000
9,one-critical-short,76000,20.000,0,5,0.500,0.050,0.400,62o,jam,-18.000000,-10.553646,36.536458,7.446354,54.536458,0.320964,0.134115,58.000000,-80.000000,22.000000,-22.000000,0.000000,22.000000
9,one-critical-short,76000,20.000,0,5,0.500,0.050,0.400,84o,jam,-18.000000,-10.984115,36.509549,7.015885,54.509549,0.302409,0.127387,58.000000,-80.000000,22.000000,-22.000000,0.000000,22.000000
9,one-critical-short,76000,20.000,0,5,0.500,0.050,0.400,83o,jam,-18.000000,-11.542969,36.496528,6.457031,54.496528,0.278320,0.124132,58.000000,-80.000000,22.000000,-22.000000,0.000000,22.000000
9,one-critical-short,76000,20.000,0,5,0.500,0.050,0.400,82o,jam,-18.000000,-11.475000,36.472222,6.525000,54.472222,0.281250,0.118056,58.000000,-80.000000,22.000000,-22.000000,0.000000,22.000000
9,one-critical-short,76000,20.000,0,5,0.500,0.050,0.400,97o,jam,-18.000000,-12.018750,36.463542,5.981250,54.463542,0.257812,0.115885,58.000000,-80.000000,22.000000,-22.000000,0.000000,22.000000
9,one-critical-short,76000,20.000,0,5,0.500,0.050,0.400,92s,jam,-18.000000,-10.508333,36.458333,7.491667,54.458333,0.322917,0.114583,58.000000,-80.000000,22.000000,-22.000000,0.000000,22.000000
9,one-critical-short,76000,20.000,0,5,0.500,0.050,0.400,72o,jam,-18.000000,-11.308854,36.438368,6.691146,54.438368,0.288411,0.109592,58.000000,-80.000000,22.000000,-22.000000,0.000000,22.000000
9,one-critical-short,76000,20.000,0,5,0.500,0.050,0.400,94s,jam,-18.000000,-11.142708,36.437500,6.857292,54.437500,0.295573,0.109375,58.000000,-80.000000,22.000000,-22.000000,0.000000,22.000000
9,one-critical-short,76000,20.000,0,5,0.500,0.050,0.400,96o,jam,-18.000000,-12.008681,36.387153,5.991319,54.387153,0.258247,0.096788,58.000000,-80.000000,22.000000,-22.000000,0.000000,22.000000
9,one-critical-short,76000,20.000,0,5,0.500,0.050,0.400,92o,jam,-18.000000,-12.401389,36.310764,5.598611,54.310764,0.241319,0.077691,58.000000,-80.000000,22.000000,-22.000000,0.000000,22.000000
9,one-critical-short,76000,20.000,0,5,0.500,0.050,0.400,93o,jam,-18.000000,-11.746875,36.305556,6.253125,54.305556,0.269531,0.076389,58.000000,-80.000000,22.000000,-22.000000,0.000000,22.000000
9,one-critical-short,76000,20.000,0,5,0.500,0.050,0.400,95o,jam,-18.000000,-12.733681,36.305556,5.266319,54.305556,0.226997,0.076389,58.000000,-80.000000,22.000000,-22.000000,0.000000,22.000000
9,one-critical-short,76000,20.000,0,5,0.500,0.050,0.400,94o,jam,-18.000000,-12.159722,36.243056,5.840278,54.243056,0.251736,0.060764,58.000000,-80.000000,22.000000,-22.000000,0.000000,22.000000
9,one-critical-short,76000,20.000,0,5,0.500,0.100,0.400,88,jam,-18.000000,-6.007292,38.590278,11.992708,56.590278,0.516927,0.823785,58.000000,-80.000000,22.000000,-22.000000,0.000000,22.000000
9,one-critical-short,76000,20.000,0,5,0.500,0.100,0.400,66,jam,-18.000000,-6.445312,38.579861,11.554688,56.579861,0.498047,0.822483,58.000000,-80.000000,22.000000,-22.000000,0.000000,22.000000
9,one-critical-short,76000,20.000,0,5,0.500,0.100,0.400,55,jam,-18.000000,-6.656771,38.531250,11.343229,56.531250,0.488932,0.816406,58.000000,-80.000000,22.000000,-22.000000,0.000000,22.000000
9,one-critical-short,76000,20.000,0,5,0.500,0.100,0.400,99,jam,-18.000000,-3.590625,38.520833,14.409375,56.520833,0.621094,0.815104,58.000000,-80.000000,22.000000,-22.000000,0.000000,22.000000
9,one-critical-short,76000,20.000,0,5,0.500,0.100,0.400,KK,jam,-18.000000,0.109896,38.517361,18.109896,56.517361,0.780599,0.814670,58.000000,-80.000000,22.000000,-22.000000,0.000000,22.000000
9,one-critical-short,76000,20.000,0,5,0.500,0.100,0.400,JJ,jam,-18.000000,1.167188,38.475694,19.167188,56.475694,0.826172,0.809462,58.000000,-80.000000,22.000000,-22.000000,0.000000,22.000000
9,one-critical-short,76000,20.000,0,5,0.500,0.100,0.400,QQ,jam,-18.000000,0.955729,38.472222,18.955729,56.472222,0.817057,0.809028,58.000000,-80.000000,22.000000,-22.000000,0.000000,22.000000
9,one-critical-short,76000,20.000,0,5,0.500,0.100,0.400,TT,jam,-18.000000,0.940625,38.451389,18.940625,56.451389,0.816406,0.806424,58.000000,-80.000000,22.000000,-22.000000,0.000000,22.000000
9,one-critical-short,76000,20.000,0,5,0.500,0.100,0.400,77,jam,-18.000000,-7.291146,38.427083,10.708854,56.427083,0.461589,0.803385,58.000000,-80.000000,22.000000,-22.000000,0.000000,22.000000
9,one-critical-short,76000,20.000,0,5,0.500,0.100,0.400,AA,jam,-18.000000,0.276042,38.309028,18.276042,56.309028,0.787760,0.788628,58.000000,-80.000000,22.000000,-22.000000,0.000000,22.000000
9,one-critical-short,76000,20.000,0,5,0.500,0.100,0.400,T9s,jam,-18.000000,-6.400000,36.489583,11.600000,54.489583,0.500000,0.561198,58.000000,-80.000000,22.000000,-22.000000,0.000000,22.000000
9,one-critical-short,76000,20.000,0,5,0.500,0.100,0.400,J9s,jam,-18.000000,-0.690625,36.328125,17.309375,54.328125,0.746094,0.541016,58.000000,-80.000000,22.000000,-22.000000,0.000000,22.000000
9,one-critical-short,76000,20.000,0,5,0.500,0.100,0.400,QTs,jam,-18.000000,-1.838542,36.302083,16.161458,54.302083,0.696615,0.537760,58.000000,-80.000000,22.000000,-22.000000,0.000000,22.000000
9,one-critical-short,76000,20.000,0,5,0.500,0.100,0.400,QJs,jam,-18.000000,-2.775000,36.197917,15.225000,54.197917,0.656250,0.524740,58.000000,-80.000000,22.000000,-22.000000,0.000000,22.000000
9,one-critical-short,76000,20.000,0,5,0.500,0.100,0.400,87s,jam,-18.000000,-10.183594,36.171875,7.816406,54.171875,0.336914,0.521484,58.000000,-80.000000,22.000000,-22.000000,0.000000,22.000000
9,one-critical-short,76000,20.000,0,5,0.500,0.100,0.400,T5s,jam,-18.000000,-10.901042,36.166667,7.098958,54.166667,0.305990,0.520833,58.000000,-80.000000,22.000000,-22.000000,0.000000,22.000000
9,one-critical-short,76000,20.000,0,5,0.500,0.100,0.400,JTo,jam,-18.000000,-1.919097,36.142361,16.080903,54.142361,0.693142,0.517795,58.000000,-80.000000,22.000000,-22.000000,0.000000,22.000000
9,one-critical-short,76000,20.000,0,5,0.500,0.100,0.400,75s,jam,-18.000000,-9.617187,36.140625,8.382813,54.140625,0.361328,0.517578,58.000000,-80.000000,22.000000,-22.000000,0.000000,22.000000
9,one-critical-short,76000,20.000,0,5,0.500,0.100,0.400,AQs,jam,-18.000000,-3.114844,36.125000,14.885156,54.125000,0.641602,0.515625,58.000000,-80.000000,22.000000,-22.000000,0.000000,22.000000
9,one-critical-short,76000,20.000,0,5,0.500,0.100,0.400,KQs,jam,-18.000000,-2.752344,36.109375,15.247656,54.109375,0.657227,0.513672,58.000000,-80.000000,22.000000,-22.000000,0.000000,22.000000
9,one-critical-short,76000,20.000,0,5,0.500,0.100,0.400,J8s,jam,-18.000000,-4.338281,36.098958,13.661719,54.098958,0.588867,0.512370,58.000000,-80.000000,22.000000,-22.000000,0.000000,22.000000
9,one-critical-short,76000,20.000,0,5,0.500,0.100,0.400,T6s,jam,-18.000000,-10.508333,36.093750,7.491667,54.093750,0.322917,0.511719,58.000000,-80.000000,22.000000,-22.000000,0.000000,22.000000
9,one-critical-short,76000,20.000,0,5,0.500,0.100,0.400,AJs,jam,-18.000000,-3.137500,36.083333,14.862500,54.083333,0.640625,0.510417,58.000000,-80.000000,22.000000,-22.000000,0.000000,22.000000
9,one-critical-short,76000,20.000,0,5,0.500,0.100,0.400,Q8s,jam,-18.000000,-4.338281,36.078125,13.661719,54.078125,0.588867,0.509766,58.000000,-80.000000,22.000000,-22.000000,0.000000,22.000000
9,one-critical-short,76000,20.000,0,5,0.500,0.100,0.400,Q6s,jam,-18.000000,-5.040625,36.052083,12.959375,54.052083,0.558594,0.506510,58.000000,-80.000000,22.000000,-22.000000,0.000000,22.000000
9,one-critical-short,76000,20.000,0,5,0.500,0.100,0.400,86s,jam,-18.000000,-9.889062,36.052083,8.110938,54.052083,0.349609,0.506510,58.000000,-80.000000,22.000000,-22.000000,0.000000,22.000000
9,one-critical-short,76000,20.000,0,5,0.500,0.100,0.400,Q9s,jam,-18.000000,-2.593750,36.046875,15.406250,54.046875,0.664062,0.505859,58.000000,-80.000000,22.000000,-22.000000,0.000000,22.000000
9,one-critical-short,76000,20.000,0,5,0.500,0.100,0.400,T7s,jam,-18.000000,-10.780208,36.041667,7.219792,54.041667,0.311198,0.505208,58.000000,-80.000000,22.000000,-22.000000,0.000000,22.000000
9,one-critical-short,76000,20.000,0,5,0.500,0.100,0.400,ATs,jam,-18.000000,-2.170833,36.015625,15.829167,54.015625,0.682292,0.501953,58.000000,-80.000000,22.000000,-22.000000,0.000000,22.000000
9,one-critical-short,76000,20.000,0,5,0.500,0.100,0.400,JTs,jam,-18.000000,-1.687500,36.010417,16.312500,54.010417,0.703125,0.501302,58.000000,-80.000000,22.000000,-22.000000,0.000000,22.000000
9,one-critical-short,76000,20.000,0,5,0.500,0.100,0.400,KJs,jam,-18.000000,-2.933594,36.010417,15.066406,54.010417,0.649414,0.501302,58.000000,-80.000000,22.000000,-22.000000,0.000000,22.000000
9,one-critical-short,76000,20.000,0,5,0.500,0.100,0.400,44,jam,-18.000000,-7.819792,36.000000,10.180208,54.000000,0.438802,0.500000,58.000000,-80.000000,22.000000,-22.000000,0.000000,22.000000
9,one-critical-short,76000,20.000,0,5,0.500,0.100,0.400,KTs,jam,-18.000000,-2.412500,35.994792,15.587500,53.994792,0.671875,0.499349,58.000000,-80.000000,22.000000,-22.000000,0.000000,22.000000
9,one-critical-short,76000,20.000,0,5,0.500,0.100,0.400,85s,jam,-18.000000,-9.934375,35.994792,8.065625,53.994792,0.347656,0.499349,58.000000,-80.000000,22.000000,-22.000000,0.000000,22.000000
9,one-critical-short,76000,20.000,0,5,0.500,0.100,0.400,T8o,jam,-18.000000,-11.313889,35.994792,6.686111,53.994792,0.288194,0.499349,58.000000,-80.000000,22.000000,-22.000000,0.000000,22.000000
9,one-critical-short,76000,20.000,0,5,0.500,0.100,0.400,T8s,jam,-18.000000,-9.994792,35.984375,8.005208,53.984375,0.345052,0.498047,58.000000,-80.000000,22.000000,-22.000000,0.000000,22.000000
9,one-critical-short,76000,20.000,0,5,0.500,0.100,0.400,AKs,jam,-18.000000,-3.228125,35.979167,14.771875,53.979167,0.636719,0.497396,58.000000,-80.000000,22.000000,-22.000000,0.000000,22.000000
9,one-critical-short,76000,20.000,0,5,0.500,0.100,0.400,Q7s,jam,-18.000000,-4.610156,35.979167,13.389844,53.979167,0.577148,0.497396,58.000000,-80.000000,22.000000,-22.000000,0.000000,22.000000
9,one-critical-short,76000,20.000,0,5,0.500,0.100,0.400,K6s,jam,-18.000000,-5.153906,35.979167,12.846094,53.979167,0.553711,0.497396,58.000000,-80.000000,22.000000,-22.000000,0.000000,22.000000
9,one-critical-short,76000,20.000,0,5,0.500,0.100,0.400,97s,jam,-18.000000,-11.112500,35.979167,6.887500,53.979167,0.296875,0.497396,58.000000,-80.000000,22.000000,-22.000000,0.000000,22.000000
9,one-critical-short,76000,20.000,0,5,0.500,0.100,0.400,T9o,jam,-18.000000,-6.928646,35.960069,11.071354,53.960069,0.477214,0.495009,58.000000,-80.000000,22.000000,-22.000000,0.000000,22.000000
9,one-critical-short,76000,20.000,0,5,0.500,0.100,0.400,65s,jam,-18.000000,-10.025000,35.953125,7.975000,53.953125,0.343750,0.494141,58.000000,-80.000000,22.000000,-22.000000,0.000000,22.000000
9,one-critical-short,76000,20.000,0,5,0.500,0.100,0.400,98s,jam,-18.000000,-11.323958,35.953125,6.676042,53.953125,0.287760,0.494141,58.000000,-80.000000,22.000000,-22.000000,0.000000,22.000000
9,one-critical-short,76000,20.000,0,5,0.500,0.100,0.400,98o,jam,-18.000000,-11.938194,35.942708,6.061806,53.942708,0.261285,0.492839,58.000000,-80.000000,22.000000,-22.000000,0.000000,22.000000
9,one-critical-short,76000,20.000,0,5,0.500,0.100,0.400,Q9o,jam,-18.000000,-2.372222,35.937500,15.627778,53.937500,0.673611,0.492188,58.000000,-80.000000,22.000000,-22.000000,0.000000,22.000000
9,one-critical-short,76000,20.000,0,5,0.500,0.100,0.400,95s,jam,-18.000000,-11.263542,35.937500,6.736458,53.937500,0.290365,0.492188,58.000000,-80.000000,22.000000,-22.000000,0.000000,22.000000
9,one-critical-short,76000,20.000,0,5,0.500,0.100,0.400,J9o,jam,-18.000000,-2.452778,35.928819,15.547222,53.928819,0.670139,0.491102,58.000000,-80.000000,22.000000,-22.000000,0.000000,22.000000
9,one-critical-short,76000,20.000,0,5,0.500,0.100,0.400,QJo,jam,-18.000000,-3.560417,35.925347,14.439583,53.925347,0.622396,0.490668,58.000000,-80.000000,22.000000,-22.000000,0.000000,22.000000
9,one-critical-short,76000,20.000,0,5,0.500,0.100,0.400,J5s,jam,-18.000000,-5.244531,35.916667,12.755469,53.916667,0.549805,0.489583,58.000000,-80.000000,22.000000,-22.000000,0.000000,22.000000
9,one-critical-short,76000,20.000,0,5,0.500,0.100,0.400,A5s,jam,-18.000000,-5.403125,35.911458,12.596875,53.911458,0.542969,0.488932,58.000000,-80.000000,22.000000,-22.000000,0.000000,22.000000
9,one-critical-short,76000,20.000,0,5,0.500,0.100,0.400,96s,jam,-18.000000,-10.568750,35.911458,7.431250,53.911458,0.320312,0.488932,58.000000,-80.000000,22.000000,-22.000000,0.000000,22.000000
9,one-critical-short,76000,20.000,0,5,0.500,0.100,0.400,J7o,jam,-18.000000,-5.969531,35.906250,12.030469,53.906250,0.518555,0.488281,58.000000,-80.000000,22.000000,-22.000000,0.000000,22.000000
9,one-critical-short,76000,20.000,0,5,0.500,0.100,0.400,J7s,jam,-18.000000,-4.814062,35.890625,13.185938,53.890625,0.568359,0.486328,58.000000,-80.000000,22.000000,-22.000000,0.000000,22.000000
9,one-critical-short,76000,20.000,0,5,0.500,0.100,0.400,97o,jam,-18.000000,-12.018750,35.888889,5.981250,53.888889,0.257812,0.486111,58.000000,-80.000000,22.000000,-22.000000,0.000000,22.000000
9,one-critical-short,76000,20.000,0,5,0.500,0.100,0.400,A7s,jam,-18.000000,-5.221875,35.880208,12.778125,53.880208,0.550781,0.485026,58.000000,-80.000000,22.000000,-22.000000,0.000000,22.000000
9,one-critical-short,76000,20.000,0,5,0.500,0.100,0.400,T7o,jam,-18.000000,-11.414583,35.880208,6.585417,53.880208,0.283854,0.485026,58.000000,-80.000000,22.000000,-22.000000,0.000000,22.000000
9,one-critical-short,76000,20.000,0,5,0.500,0.100,0.400,J8o,jam,-18.000000,-5.312500,35.859375,12.687500,53.859375,0.546875,0.482422,58.000000,-80.000000,22.000000,-22.000000,0.000000,22.000000
9,one-critical-short,76000,20.000,0,5,0.500,0.100,0.400,QTo,jam,-18.000000,-2.513194,35.855903,15.486806,53.855903,0.667535,0.481988,58.000000,-80.000000,22.000000,-22.000000,0.000000,22.000000
9,one-critical-short,76000,20.000,0,5,0.500,0.100,0.400,75o,jam,-18.000000,-10.576302,35.843750,7.423698,53.843750,0.319987,0.480469,58.000000,-80.000000,22.000000,-22.000000,0.000000,22.000000
9,one-critical-short,76000,20.000,0,5,0.500,0.100,0.400,95o,jam,-18.000000,-12.733681,35.842014,5.266319,53.842014,0.226997,0.480252,58.000000,-80.000000,22.000000,-22.000000,0.000000,22.000000
9,one-critical-short,76000,20.000,0,5,0.500,0.100,0.400,87o,jam,-18.000000,-9.934375,35.838542,8.065625,53.838542,0.347656,0.479818,58.000000,-80.000000,22.000000,-22.000000,0.000000,22.000000
9,one-critical-short,76000,20.000,0,5,0.500,0.100,0.400,76o,jam,-18.000000,-9.670052,35.835069,8.329948,53.835069,0.359049,0.479384,58.000000,-80.000000,22.000000,-22.000000,0.000000,22.000000
9,one-critical-short,76000,20.000,0,5,0.500,0.100,0.400,KTo,jam,-18.000000,-2.140625,35.824653,15.859375,53.824653,0.683594,0.478082,58.000000,-80.000000,22.000000,-22.000000,0.000000,22.000000
9,one-critical-short,76000,20.000,0,5,0.500,0.100,0.400,K8s,jam,-18.000000,-5.448437,35.822917,12.551563,53.822917,0.541016,0.477865,58.000000,-80.000000,22.000000,-22.000000,0.000000,22.000000
9,one-critical-short,76000,20.000,0,5,0.500,0.100,0.400,T6o,jam,-18.000000,-11.273611,35.822917,6.726389,53.822917,0.289931,0.477865,58.000000,-80.000000,22.000000,-22.000000,0.000000,22.000000
9,one-critical-short,76000,20.000,0,5,0.500,0.100,0.400,A8s,jam,-18.000000,-4.428906,35.817708,13.571094,53.817708,0.584961,0.477214,58.000000,-80.000000,22.000000,-22.000000,0.000000,22.000000
9,one-critical-short,76000,20.000,0,5,0.500,0.100,0.400,A9s,jam,-18.000000,-2.110417,35.802083,15.889583,53.802083,0.684896,0.475260,58.000000,-80.000000,22.000000,-22.000000,0.000000,22.000000
9,one-critical-short,76000,20.000,0,5,0.500,0.100,0.400,65o,jam,-18.000000,-10.206250,35.802083,7.793750,53.802083,0.335938,0.475260,58.000000,-80.000000,22.000000,-22.000000,0.000000,22.000000
9,one-critical-short,76000,20.000,0,5,0.500,0.100,0.400,AJo,jam,-18.000000,-3.922917,35.798611,14.077083,53.798611,0.606771,0.474826,58.000000,-80.000000,22.000000,-22.000000,0.000000,22.000000
9,one-critical-short,76000,20.000,0,5,0.500,0.100,0.400,KQo,jam,-18.000000,-4.089062,35.788194,13.910938,53.788194,0.599609,0.473524,58.000000,-80.000000,22.000000,-22.000000,0.000000,22.000000
9,one-critical-short,76000,20.000,0,5,0.500,0.100,0.400,K9o,jam,-18.000000,-2.452778,35.784722,15.547222,53.784722,0.670139,0.473090,58.000000,-80.000000,22.000000,-22.000000,0.000000,22.000000
9,one-critical-short,76000,20.000,0,5,0.500,0.100,0.400,A9o,jam,-18.000000,-2.724653,35.784722,15.275347,53.784722,0.658420,0.473090,58.000000,-80.000000,22.000000,-22.000000,0.000000,22.000000
9,one-critical-short,76000,20.000,0,5,0.500,0.100,0.400,96o,jam,-18.000000,-12.008681,35.782986,5.991319,53.782986,0.258247,0.472873,58.000000,-80.000000,22.000000,-22.000000,0.000000,22.000000
9,one-critical-short,76000,20.000,0,5,0.500,0.100,0.400,A7o,jam,-18.000000,-6.075260,35.781250,11.924740,53.781250,0.513997,0.472656,58.000000,-80.000000,22.000000,-22.000000,0.000000,22.000000
9,one-critical-short,76000,20.000,0,5,0.500,0.100,0.400,A8o,jam,-18.000000,-5.312500,35.755208,12.687500,53.755208,0.546875,0.469401,58.000000,-80.000000,22.000000,-22.000000,0.000000,22.000000
9,one-critical-short,76000,20.000,0,5,0.500,0.100,0.400,J5o,jam,-18.000000,-5.765625,35.739583,12.234375,53.739583,0.527344,0.467448,58.000000,-80.000000,22.000000,-22.000000,0.000000,22.000000
9,one-critical-short,76000,20.000,0,5,0.500,0.100,0.400,86o,jam,-18.000000,-10.644271,35.734375,7.355729,53.734375,0.317057,0.466797,58.000000,-80.000000,22.000000,-22.000000,0.000000,22.000000
9,one-critical-short,76000,20.000,0,5,0.500,0.100,0.400,Q8o,jam,-18.000000,-5.523958,35.723958,12.476042,53.723958,0.537760,0.465495,58.000000,-80.000000,22.000000,-22.000000,0.000000,22.000000
9,one-critical-short,76000,20.000,0,5,0.500,0.100,0.400,J6s,jam,-18.000000,-4.202344,35.713542,13.797656,53.713542,0.594727,0.464193,58.000000,-80.000000,22.000000,-22.000000,0.000000,22.000000
9,one-critical-short,76000,20.000,0,5,0.500,0.100,0.400,KJo,jam,-18.000000,-4.187240,35.696181,13.812760,53.696181,0.595378,0.462023,58.000000,-80.000000,22.000000,-22.000000,0.000000,22.000000
9,one-critical-short,76000,20.000,0,5,0.500,0.100,0.400,K5s,jam,-18.000000,-4.587500,35.687500,13.412500,53.687500,0.578125,0.460938,58.000000,-80.000000,22.000000,-22.000000,0.000000,22.000000
9,one-critical-short,76000,20.000,0,5,0.500,0.100,0.400,AQo,jam,-18.000000,-4.595052,35.677083,13.404948,53.677083,0.577799,0.459635,58.000000,-80.000000,22.000000,-22.000000,0.000000,22.000000
9,one-critical-short,76000,20.000,0,5,0.500,0.100,0.400,Q6o,jam,-18.000000,-5.561719,35.677083,12.438281,53.677083,0.536133,0.459635,58.000000,-80.000000,22.000000,-22.000000,0.000000,22.000000
9,one-critical-short,76000,20.000,0,5,0.500,0.100,0.400,76s,jam,-18.000000,-9.209375,35.677083,8.790625,53.677083,0.378906,0.459635,58.000000,-80.000000,22.000000,-22.000000,0.000000,22.000000
9,one-critical-short,76000,20.000,0,5,0.500,0.100,0.400,ATo,jam,-18.000000,-1.798264,35.666667,16.201736,53.666667,0.698351,0.458333,58.000000,-80.000000,22.000000,-22.000000,0.000000,22.000000
9,one-critical-short,76000,20.000,0,5,0.500,0.100,0.400,K7o,jam,-18.000000,-5.735417,35.652778,12.264583,53.652778,0.528646,0.456597,58.000000,-80.000000,22.000000,-22.000000,0.000000,22.000000
9,one-critical-short,76000,20.000,0,5,0.500,0.100,0.400,K7s,jam,-18.000000,-5.244531,35.645833,12.755469,53.645833,0.549805,0.455729,58.000000,-80.000000,22.000000,-22.000000,0.000000,22.000000
9,one-critical-short,76000,20.000,0,5,0.500,0.100,0.400,K6o,jam,-18.000000,-6.256510,35.638889,11.743490,53.638889,0.506185,0.454861,58.000000,-80.000000,22.000000,-22.000000,0.000000,22.000000
9,one-critical-short,76000,20.000,0,5,0.500,0.100,0.400,85o,jam,-18.000000,-10.969010,35.635417,7.030990,53.635417,0.303060,0.454427,58.000000,-80.000000,22.000000,-22.000000,0.000000,22.000000
9,one-critical-short,76000,20.000,0,5,0.500,0.100,0.400,T5o,jam,-18.000000,-11.293750,35.616319,6.706250,53.616319,0.289062,0.452040,58.000000,-80.000000,22.000000,-22.000000,0.000000,22.000000
9,one-critical-short,76000,20.000,0,5,0.500,0.100,0.400,A6s,jam,-18.000000,-4.904687,35.604167,13.095313,53.604167,0.564453,0.450521,58.000000,-80.000000,22.000000,-22.000000,0.000000,22.000000
9,one-critical-short,76000,20.000,0,5,0.500,0.100,0.400,Q5o,jam,-18.000000,-6.271615,35.593750,11.728385,53.593750,0.505534,0.449219,58.000000,-80.000000,22.000000,-22.000000,0.000000,22.000000
9,one-critical-short,76000,20.000,0,5,0.500,0.100,0.400,AKo,jam,-18.000000,-4.700781,35.585069,13.299219,53.585069,0.573242,0.448134,58.000000,-80.000000,22.000000,-22.000000,0.000000,22.000000
9,one-critical-short,76000,20.000,0,5,0.500,0.100,0.400,K5o,jam,-18.000000,-6.649219,35.581597,11.350781,53.581597,0.489258,0.447700,58.000000,-80.000000,22.000000,-22.000000,0.000000,22.000000
9,one-critical-short,76000,20.000,0,5,0.500,0.100,0.400,K9s,jam,-18.000000,-2.714583,35.572917,15.285417,53.572917,0.658854,0.446615,58.000000,-80.000000,22.000000,-22.000000,0.000000,22.000000
9,one-critical-short,76000,20.000,0,5,0.500,0.100,0.400,K8o,jam,-18.000000,-5.750521,35.567708,12.249479,53.567708,0.527995,0.445964,58.000000,-80.000000,22.000000,-22.000000,0.000000,22.000000
9,one-critical-short,76000,20.000,0,5,0.500,0.100,0.400,Q5s,jam,-18.000000,-5.131250,35.531250,12.868750,53.531250,0.554688,0.441406,58.000000,-80.000000,22.000000,-22.000000,0.000000,22.000000
9,one-critical-short,76000,20.000,0,5,0.500,0.100,0.400,A5o,jam,-18.000000,-5.780729,35.527778,12.219271,53.527778,0.526693,0.440972,58.000000,-80.000000,22.000000,-22.000000,0.000000,22.000000
9,one-critical-short,76000,20.000,0,5,0.500,0.100,0.400,Q7o,jam,-18.000000,-6.400000,35.517361,11.600000,53.517361,0.500000,0.439670,58.000000,-80.000000,22.000000,-22.000000,0.000000,22.000000
9,one-critical-short,76000,20.000,0,5,0.500,0.100,0.400,A6o,jam,-18.000000,-5.712760,35.487847,12.287240,53.487847,0.529622,0.435981,58.000000,-80.000000,22.000000,-22.000000,0.000000,22.000000
9,one-critical-short,76000,20.000,0,5,0.500,0.100,0.400,J6o,jam,-18.000000,-6.286719,35.472222,11.713281,53.472222,0.504883,0.434028,58.000000,-80.000000,22.000000,-22.000000,0.000000,22.000000
9,one-critical-short,76000,20.000,0,5,0.500,0.100,0.400,54s,jam,-18.000000,-10.500781,35.291667,7.499219,53.291667,0.323242,0.411458,58.000000,-80.000000,22.000000,-22.000000,0.000000,22.000000
9,one-critical-short,76000,20.000,0,5,0.500,0.100,0.400,64s,jam,-18.000000,-11.339062,35.260417,6.660938,53.260417,0.287109,0.407552,58.000000,-80.000000,22.000000,-22.000000,0.000000,22.000000
9,one-critical-short,76000,20.000,0,5,0.500,0.100,0.400,A4s,jam,-18.000000,-5.471094,35.166667,12.528906,53.166667,0.540039,0.395833,58.000000,-80.000000,22.000000,-22.000000,0.000000,22.000000
9,one-critical-short,76000,20.000,0,5,0.500,0.100,0.400,94s,jam,-18.000000,-11.142708,35.156250,6.857292,53.156250,0.295573,0.394531,58.000000,-80.000000,22.000000,-22.000000,0.000000,22.000000
9,one-critical-short,76000,20.000,0,5,0.500,0.100,0.400,Q4s,jam,-18.000000,-5.267187,35.031250,12.732813,53.031250,0.548828,0.378906,58.000000,-80.000000,22.000000,-22.000000,0.000000,22.000000
9,one-critical-short,76000,20.000,0,5,0.500,0.100,0.400,54o,jam,-18.000000,-9.654948,35.006944,8.345052,53.006944,0.359701,0.375868,58.000000,-80.000000,22.000000,-22.000000,0.000000,22.000000
9,one-critical-short,76000,20.000,0,5,0.500,0.100,0.400,A4o,jam,-18.000000,-5.856250,34.958333,12.143750,52.958333,0.523438,0.369792,58.000000,-80.000000,22.000000,-22.000000,0.000000,22.000000
9,one-critical-short,76000,20.000,0,5,0.500,0.100,0.400,64o,jam,-18.000000,-10.395052,34.892361,7.604948,52.892361,0.327799,0.361545,58.000000,-80.000000,22.000000,-22.000000,0.000000,22.000000
9,one-critical-short,76000,20.000,0,5,0.500,0.100,0.400,74s,jam,-18.000000,-9.979687,34.875000,8.020313,52.875000,0.345703,0.359375,58.000000,-80.000000,22.000000,-22.000000,0.000000,22.000000
9,one-critical-short,76000,20.000,0,5,0.500,0.100,0.400,T2s,jam,-18.000000,-10.659375,34.869792,7.340625,52.869792,0.316406,0.358724,58.000000,-80.000000,22.000000,-22.000000,0.000000,22.000000
9,one-critical-short,76000,20.000,0,5,0.500,0.100,0.400,93s,jam,-18.000000,-10.991667,34.817708,7.008333,52.817708,0.302083,0.352214,58.000000,-80.000000,22.000000,-22.000000,0.000000,22.000000
9,one-critical-short,76000,20.000,0,5,0.500,0.100,0.400,K3s,jam,-18.000000,-5.788281,34.807292,12.211719,52.807292,0.526367,0.350911,58.000000,-80.000000,22.000000,-22.000000,0.000000,22.000000
9,one-critical-short,76000,20.000,0,5,0.500,0.100,0.400,84s,jam,-18.000000,-10.410156,34.802083,7.589844,52.802083,0.327148,0.350260,58.000000,-80.000000,22.000000,-22.000000,0.000000,22.000000
9,one-critical-short,76000,20.000,0,5,0.500,0.100,0.400,Q2s,jam,-18.000000,-5.539062,34.776042,12.460938,52.776042,0.537109,0.347005,58.000000,-80.000000,22.000000,-22.000000,0.000000,22.000000
9,one-critical-short,76000,20.000,0,5,0.500,0.100,0.400,92s,jam,-18.000000,-10.508333,34.755208,7.491667,52.755208,0.322917,0.344401,58.000000,-80.000000,22.000000,-22.000000,0.000000,22.000000
9,one-critical-short,76000,20.000,0,5,0.500,0.100,0.400,63s,jam,-18.000000,-9.979687,34.750000,8.020313,52.750000,0.345703,0.343750,58.000000,-80.000000,22.000000,-22.000000,0.000000,22.000000
9,one-critical-short,76000,20.000,0,5,0.500,0.100,0.400,K4s,jam,-18.000000,-5.652344,34.708333,12.347656,52.708333,0.532227,0.338542,58.000000,-80.000000,22.000000,-22.000000,0.000000,22.000000
9,one-critical-short,76000,20.000,0,5,0.500,0.100,0.400,83s,jam,-18.000000,-10.727344,34.703125,7.272656,52.703125,0.313477,0.337891,58.000000,-80.000000,22.000000,-22.000000,0.000000,22.000000
9,one-critical-short,76000,20.000,0,5,0.500,0.100,0.400,K2s,jam,-18.000000,-5.357812,34.697917,12.642188,52.697917,0.544922,0.337240,58.000000,-80.000000,22.000000,-22.000000,0.000000,22.000000
9,one-critical-short,76000,20.000,0,5,0.500,0.100,0.400,T4s,jam,-18.000000,-10.991667,34.697917,7.008333,52.697917,0.302083,0.337240,58.000000,-80.000000,22.000000,-22.000000,0.000000,22.000000
9,one-critical-short,76000,20.000,0,5,0.500,0.100,0.400,A3s,jam,-18.000000,-4.496875,34.677083,13.503125,52.677083,0.582031,0.334635,58.000000,-80.000000,22.000000,-22.000000,0.000000,22.000000
9,one-critical-short,76000,20.000,0,5,0.500,0.100,0.400,82s,jam,-18.000000,-10.704687,34.677083,7.295313,52.677083,0.314453,0.334635,58.000000,-80.000000,22.000000,-22.000000,0.000000,22.000000
9,one-critical-short,76000,20.000,0,5,0.500,0.100,0.400,J3s,jam,-18.000000,-6.196094,34.671875,11.803906,52.671875,0.508789,0.333984,58.000000,-80.000000,22.000000,-22.000000,0.000000,22.000000
9,one-critical-short,76000,20.000,0,5,0.500,0.100,0.400,53s,jam,-18.000000,-10.092969,34.640625,7.907031,52.640625,0.340820,0.330078,58.000000,-80.000000,22.000000,-22.000000,0.000000,22.000000
9,one-critical-short,76000,20.000,0,5,0.500,0.100,0.400,J4s,jam,-18.000000,-4.134375,34.635417,13.865625,52.635417,0.597656,0.329427,58.000000,-80.000000,22.000000,-22.000000,0.000000,22.000000
9,one-critical-short,76000,20.000,0,5,0.500,0.100,0.400,T3s,jam,-18.000000,-9.873958,34.635417,8.126042,52.635417,0.350260,0.329427,58.000000,-80.000000,22.000000,-22.000000,0.000000,22.000000
9,one-critical-short,76000,20.000,0,5,0.500,0.100,0.400,A2s,jam,-18.000000,-4.859375,34.630208,13.140625,52.630208,0.566406,0.328776,58.000000,-80.000000,22.000000,-22.000000,0.000000,22.000000
9,one-critical-short,76000,20.000,0,5,0.500,0.100,0.400,J3o,jam,-18.000000,-6.400000,34.621528,11.600000,52.621528,0.500000,0.327691,58.000000,-80.000000,22.000000,-22.000000,0.000000,22.000000
9,one-critical-short,76000,20.000,0,5,0.500,0.100,0.400,94o,jam,-18.000000,-12.159722,34.593750,5.840278,52.593750,0.251736,0.324219,58.000000,-80.000000,22.000000,-22.000000,0.000000,22.000000
9,one-critical-short,76000,20.000,0,5,0.500,0.100,0.400,J4o,jam,-18.000000,-5.999740,34.583333,12.000260,52.583333,0.517253,0.322917,58.000000,-80.000000,22.000000,-22.000000,0.000000,22.000000
9,one-critical-short,76000,20.000,0,5,0.500,0.100,0.400,K4o,jam,-18.000000,-5.931771,34.572917,12.068229,52.572917,0.520182,0.321615,58.000000,-80.000000,22.000000,-22.000000,0.000000,22.000000
9,one-critical-short,76000,20.000,0,5,0.500,0.100,0.400,Q3o,jam,-18.000000,-6.324479,34.559028,11.675521,52.559028,0.503255,0.319878,58.000000,-80.000000,22.000000,-22.000000,0.000000,22.000000
9,one-critical-short,76000,20.000,0,5,0.500,0.100,0.400,J2s,jam,-18.000000,-5.810937,34.557292,12.189063,52.557292,0.525391,0.319661,58.000000,-80.000000,22.000000,-22.000000,0.000000,22.000000
9,one-critical-short,76000,20.000,0,5,0.500,0.100,0.400,52s,jam,-18.000000,-9.821094,34.557292,8.178906,52.557292,0.352539,0.319661,58.000000,-80.000000,22.000000,-22.000000,0.000000,22.000000
9,one-critical-short,76000,20.000,0,5,0.500,0.100,0.400,T3o,jam,-18.000000,-11.686458,34.545139,6.313542,52.545139,0.272135,0.318142,58.000000,-80.000000,22.000000,-22.000000,0.000000,22.000000
9,one-critical-short,76000,20.000,0,5,0.500,0.100,0.400,73s,jam,-18.000000,-9.889062,34.536458,8.110938,52.536458,0.349609,0.317057,58.000000,-80.000000,22.000000,-22.000000,0.000000,22.000000
9,one-critical-short,76000,20.000,0,5,0.500,0.100,0.400,53o,jam,-18.000000,-10.191146,34.522569,7.808854,52.522569,0.336589,0.315321,58.000000,-80.000000,22.000000,-22.000000,0.000000,22.000000
9,one-critical-short,76000,20.000,0,5,0.500,0.100,0.400,83o,jam,-18.000000,-11.542969,34.512153,6.457031,52.512153,0.278320,0.314019,58.000000,-80.000000,22.000000,-22.000000,0.000000,22.000000
9,one-critical-short,76000,20.000,0,5,0.500,0.100,0.400,52o,jam,-18.000000,-10.311979,34.508681,7.688021,52.508681,0.331380,0.313585,58.000000,-80.000000,22.000000,-22.000000,0.000000,22.000000
9,one-critical-short,76000,20.000,0,5,0.500,0.100,0.400,Q3s,jam,-18.000000,-6.150781,34.484375,11.849219,52.484375,0.510742,0.310547,58.000000,-80.000000,22.000000,-22.000000,0.000000,22.000000
9,one-critical-short,76000,20.000,0,5,0.500,0.100,0.400,63o,jam,-18.000000,-10.447917,34.484375,7.552083,52.484375,0.325521,0.310547,58.000000,-80.000000,22.000000,-22.000000,0.000000,22.000000
9,one-critical-short,76000,20.000,0,5,0.500,0.100,0.400,84o,jam,-18.000000,-10.984115,34.482639,7.015885,52.482639,0.302409,0.310330,58.000000,-80.000000,22.000000,-22.000000,0.000000,22.000000
9,one-critical-short,76000,20.000,0,5,0.500,0.100,0.400,T4o,jam,-18.000000,-11.646181,34.482639,6.353819,52.482639,0.273872,0.310330,58.000000,-80.000000,22.000000,-22.000000,0.000000,22.000000
9,one-critical-short,76000,20.000,0,5,0.500,0.100,0.400,73o,jam,-18.000000,-11.029427,34.480903,6.970573,52.480903,0.300456,0.310113,58.000000,-80.000000,22.000000,-22.000000,0.000000,22.000000
9,one-critical-short,76000,20.000,0,5,0.500,0.100,0.400,93o,jam,-18.000000,-11.746875,34.477431,6.253125,52.477431,0.269531,0.309679,58.000000,-80.000000,22.000000,-22.000000,0.000000,22.000000
9,one-critical-short,76000,20.000,0,5,0.500,0.100,0.400,T2o,jam,-18.000000,-11.273611,34.470486,6.726389,52.470486,0.289931,0.308811,58.000000,-80.000000,22.000000,-22.000000,0.000000,22.000000
9,one-critical-short,76000,20.000,0,5,0.500,0.100,0.400,92o,jam,-18.000000,-12.401389,34.467014,5.598611,52.467014,0.241319,0.308377,58.000000,-80.000000,22.000000,-22.000000,0.000000,22.000000
9,one-critical-short,76000,20.000,0,5,0.500,0.100,0.400,72s,jam,-18.000000,-9.481250,34.458333,8.518750,52.458333,0.367188,0.307292,58.000000,-80.000000,22.000000,-22.000000,0.000000,22.000000
9,one-critical-short,76000,20.000,0,5,0.500,0.100,0.400,62s,jam,-18.000000,-10.432812,34.453125,7.567188,52.453125,0.326172,0.306641,58.000000,-80.000000,22.000000,-22.000000,0.000000,22.000000
9,one-critical-short,76000,20.000,0,5,0.500,0.100,0.400,74o,jam,-18.000000,-11.089844,34.451389,6.910156,52.451389,0.297852,0.306424,58.000000,-80.000000,22.000000,-22.000000,0.000000,22.000000
9,one-critical-short,76000,20.000,0,5,0.500,0.100,0.400,Q4o,jam,-18.000000,-6.392448,34.447917,11.607552,52.447917,0.500326,0.305990,58.000000,-80.000000,22.000000,-22.000000,0.000000,22.000000
9,one-critical-short,76000,20.000,0,5,0.500,0.100,0.400,62o,jam,-18.000000,-10.553646,34.434028,7.446354,52.434028,0.320964,0.304253,58.000000,-80.000000,22.000000,-22.000000,0.000000,22.000000
9,one-critical-short,76000,20.000,0,5,0.500,0.100,0.400,A3o,jam,-18.000000,-5.546615,34.428819,12.453385,52.428819,0.536784,0.303602,58.000000,-80.000000,22.000000,-22.000000,0.000000,22.000000
9,one-critical-short,76000,20.000,0,5,0.500,0.100,0.400,J2o,jam,-18.000000,-5.410677,34.395833,12.589323,52.395833,0.542643,0.299479,58.000000,-80.000000,22.000000,-22.000000,0.000000,22.000000
9,one-critical-short,76000,20.000,0,5,0.500,0.100,0.400,82o,jam,-18.000000,-11.475000,34.368056,6.525000,52.368056,0.281250,0.296007,58.000000,-80.000000,22.000000,-22.000000,0.000000,22.000000
9,one-critical-short,76000,20.000,0,5,0.500,0.100,0.400,K3o,jam,-18.000000,-5.992187,34.366319,12.007813,52.366319,0.517578,0.295790,58.000000,-80.000000,22.000000,-22.000000,0.000000,22.000000
9,one-critical-short,76000,20.000,0,5,0.500,0.100,0.400,Q2o,jam,-18.000000,-5.667448,34.350694,12.332552,52.350694,0.531576,0.293837,58.000000,-80.000000,22.000000,-22.000000,0.000000,22.000000
9,one-critical-short,76000,20.000,0,5,0.500,0.100,0.400,A2o,jam,-18.000000,-6.369792,34.338542,11.630208,52.338542,0.501302,0.292318,58.000000,-80.000000,22.000000,-22.000000,0.000000,22.000000
9,one-critical-short,76000,20.000,0,5,0.500,0.100,0.400,K2o,jam,-18.000000,-6.611458,34.329861,11.388542,52.329861,0.490885,0.291233,58.000000,-80.000000,22.000000,-22.000000,0.000000,22.000000
9,one-critical-short,76000,20.000,0,5,0.500,0.100,0.400,72o,jam,-18.000000,-11.308854,34.319444,6.691146,52.319444,0.288411,0.289931,58.000000,-80.000000,22.000000,-22.000000,0.000000,22.000000
9,one-critical-short,76000,20.000,0,5,0.500,0.100,0.400,22,jam,-18.000000,-7.230729,33.520833,10.769271,51.520833,0.464193,0.190104,58.000000,-80.000000,22.000000,-22.000000,0.000000,22.000000
9,one-critical-short,76000,20.000,0,5,0.500,0.100,0.400,32s,jam,-18.000000,-11.633594,33.484375,6.366406,51.484375,0.274414,0.185547,58.000000,-80.000000,22.000000,-22.000000,0.000000,22.000000
9,one-critical-short,76000,20.000,0,5,0.500,0.100,0.400,33,jam,-18.000000,-6.853125,33.482639,11.146875,51.482639,0.480469,0.185330,58.000000,-80.000000,22.000000,-22.000000,0.000000,22.000000
9,one-critical-short,76000,20.000,0,5,0.500,0.100,0.400,43s,jam,-18.000000,-9.753125,33.447917,8.246875,51.447917,0.355469,0.180990,58.000000,-80.000000,22.000000,-22.000000,0.000000,22.000000
9,one-critical-short,76000,20.000,0,5,0.500,0.100,0.400,42s,jam,-18.000000,-9.639844,33.072917,8.360156,51.072917,0.360352,0.134115,58.000000,-80.000000,22.000000,-22.000000,0.000000,22.000000
9,one-critical-short,76000,20.000,0,5,0.500,0.100,0.400,32o,jam,-18.000000,-10.334635,32.947917,7.665365,50.947917,0.330404,0.118490,58.000000,-80.000000,22.000000,-22.000000,0.000000,22.000000
9,one-critical-short,76000,20.000,0,5,0.500,0.100,0.400,43o,jam,-18.000000,-10.493229,32.895833,7.506771,50.895833,0.323568,0.111979,58.000000,-80.000000,22.000000,-22.000000,0.000000,22.000000
9,one-critical-short,76000,20.000,0,5,0.500,0.100,0.400,42o,jam,-18.000000,-10.478125,32.798611,7.521875,50.798611,0.324219,0.099826,58.000000,-80.000000,22.000000,-22.000000,0.000000,22.000000
9,one-critical-short,76000,20.000,0,5,0.500,0.200,0.400,KK,jam,-18.000000,0.109896,38.520833,18.109896,56.520833,0.780599,0.907552,58.000000,-80.000000,22.000000,-22.000000,0.000000,22.000000
9,one-critical-short,76000,20.000,0,5,0.500,0.200,0.400,AA,jam,-18.000000,0.276042,37.822917,18.276042,55.822917,0.787760,0.863932,58.000000,-80.000000,22.000000,-22.000000,0.000000,22.000000
9,one-critical-short,76000,20.000,0,5,0.500,0.200,0.400,AQs,jam,-18.000000,-3.114844,36.250000,14.885156,54.250000,0.641602,0.765625,58.000000,-80.000000,22.000000,-22.000000,0.000000,22.000000
9,one-critical-short,76000,20.000,0,5,0.500,0.200,0.400,AKs,jam,-18.000000,-3.228125,36.173611,14.771875,54.173611,0.636719,0.760851,58.000000,-80.000000,22.000000,-22.000000,0.000000,22.000000
9,one-critical-short,76000,20.000,0,5,0.500,0.200,0.400,AKo,jam,-18.000000,-4.700781,35.893519,13.299219,53.893519,0.573242,0.743345,58.000000,-80.000000,22.000000,-22.000000,0.000000,22.000000
9,one-critical-short,76000,20.000,0,5,0.500,0.200,0.400,AQo,jam,-18.000000,-4.595052,35.793981,13.404948,53.793981,0.577799,0.737124,58.000000,-80.000000,22.000000,-22.000000,0.000000,22.000000
9,one-critical-short,76000,20.000,0,5,0.500,0.200,0.400,QQ,jam,-18.000000,0.955729,34.513889,18.955729,52.513889,0.817057,0.657118,58.000000,-80.000000,22.000000,-22.000000,0.000000,22.000000
9,one-critical-short,76000,20.000,0,5,0.500,0.200,0.400,ATs,jam,-18.000000,-2.170833,34.213542,15.829167,52.213542,0.682292,0.638346,58.000000,-80.000000,22.000000,-22.000000,0.000000,22.000000
9,one-critical-short,76000,20.000,0,5,0.500,0.200,0.400,A4s,jam,-18.000000,-5.471094,33.942708,12.528906,51.942708,0.540039,0.621419,58.000000,-80.000000,22.000000,-22.000000,0.000000,22.000000
9,one-critical-short,76000,20.000,0,5,0.500,0.200,0.400,AJs,jam,-18.000000,-3.137500,33.901042,14.862500,51.901042,0.640625,0.618815,58.000000,-80.000000,22.000000,-22.000000,0.000000,22.000000
9,one-critical-short,76000,20.000,0,5,0.500,0.200,0.400,A7s,jam,-18.000000,-5.221875,33.760417,12.778125,51.760417,0.550781,0.610026,58.000000,-80.000000,22.000000,-22.000000,0.000000,22.000000
9,one-critical-short,76000,20.000,0,5,0.500,0.200,0.400,A5s,jam,-18.000000,-5.403125,33.744792,12.596875,51.744792,0.542969,0.609049,58.000000,-80.000000,22.000000,-22.000000,0.000000,22.000000
9,one-critical-short,76000,20.000,0,5,0.500,0.200,0.400,ATo,jam,-18.000000,-1.798264,33.718750,16.201736,51.718750,0.698351,0.607422,58.000000,-80.000000,22.000000,-22.000000,0.000000,22.000000
9,one-critical-short,76000,20.000,0,5,0.500,0.200,0.400,A6s,jam,-18.000000,-4.904687,33.562500,13.095313,51.562500,0.564453,0.597656,58.000000,-80.000000,22.000000,-22.000000,0.000000,22.000000
9,one-critical-short,76000,20.000,0,5,0.500,0.200,0.400,A9s,jam,-18.000000,-2.110417,33.541667,15.889583,51.541667,0.684896,0.596354,58.000000,-80.000000,22.000000,-22.000000,0.000000,22.000000
9,one-critical-short,76000,20.000,0,5,0.500,0.200,0.400,A5o,jam,-18.000000,-5.780729,33.475694,12.219271,51.475694,0.526693,0.592231,58.000000,-80.000000,22.000000,-22.000000,0.000000,22.000000
9,one-critical-short,76000,20.000,0,5,0.500,0.200,0.400,AJo,jam,-18.000000,-3.922917,33.468750,14.077083,51.468750,0.606771,0.591797,58.000000,-80.000000,22.000000,-22.000000,0.000000,22.000000
9,one-critical-short,76000,20.000,0,5,0.500,0.200,0.400,A3s,jam,-18.000000,-4.496875,33.468750,13.503125,51.468750,0.582031,0.591797,58.000000,-80.000000,22.000000,-22.000000,0.000000,22.000000
9,one-critical-short,76000,20.000,0,5,0.500,0.200,0.400,A8s,jam,-18.000000,-4.428906,33.447917,13.571094,51.447917,0.584961,0.590495,58.000000,-80.000000,22.000000,-22.000000,0.000000,22.000000
9,one-critical-short,76000,20.000,0,5,0.500,0.200,0.400,A3o,jam,-18.000000,-5.546615,33.366319,12.453385,51.366319,0.536784,0.585395,58.000000,-80.000000,22.000000,-22.000000,0.000000,22.000000
9,one-critical-short,76000,20.000,0,5,0.500,0.200,0.400,A2o,jam,-18.000000,-6.369792,33.364583,11.630208,51.364583,0.501302,0.585286,58.000000,-80.000000,22.000000,-22.000000,0.000000,22.000000
9,one-critical-short,76000,20.000,0,5,0.500,0.200,0.400,A9o,jam,-18.000000,-2.724653,33.328125,15.275347,51.328125,0.658420,0.583008,58.000000,-80.000000,22.000000,-22.000000,0.000000,22.000000
9,one-critical-short,76000,20.000,0,5,0.500,0.200,0.400,A7o,jam,-18.000000,-6.075260,33.303819,11.924740,51.303819,0.513997,0.581489,58.000000,-80.000000,22.000000,-22.000000,0.000000,22.000000
9,one-critical-short,76000,20.000,0,5,0.500,0.200,0.400,A2s,jam,-18.000000,-4.859375,33.296875,13.140625,51.296875,0.566406,0.581055,58.000000,-80.000000,22.000000,-22.000000,0.000000,22.000000
9,one-critical-short,76000,20.000,0,5,0.500,0.200,0.400,A8o,jam,-18.000000,-5.312500,33.289931,12.687500,51.289931,0.546875,0.580621,58.000000,-80.000000,22.000000,-22.000000,0.000000,22.000000
9,one-critical-short,76000,20.000,0,5,0.500,0.200,0.400,A6o,jam,-18.000000,-5.712760,33.241319,12.287240,51.241319,0.529622,0.577582,58.000000,-80.000000,22.000000,-22.000000,0.000000,22.000000
9,one-critical-short,76000,20.000,0,5,0.500,0.200,0.400,A4o,jam,-18.000000,-5.856250,33.206597,12.143750,51.206597,0.523438,0.575412,58.000000,-80.000000,22.000000,-22.000000,0.000000,22.000000
9,one-critical-short,76000,20.000,0,5,0.500,0.200,0.400,99,jam,-18.000000,-3.590625,33.100694,14.409375,51.100694,0.621094,0.568793,58.000000,-80.000000,22.000000,-22.000000,0.000000,22.000000
9,one-critical-short,76000,20.000,0,5,0.500,0.200,0.400,TT,jam,-18.000000,0.940625,32.951389,18.940625,50.951389,0.816406,0.559462,58.000000,-80.000000,22.000000,-22.000000,0.000000,22.000000
9,one-critical-short,76000,20.000,0,5,0.500,0.200,0.400,JJ,jam,-18.000000,1.167188,32.923611,19.167188,50.923611,0.826172,0.557726,58.000000,-80.000000,22.000000,-22.000000,0.000000,22.000000
9,one-critical-short,76000,20.000,0,5,0.500,0.200,0.400,77,jam,-18.000000,-7.291146,32.631944,10.708854,50.631944,0.461589,0.539497,58.000000,-80.000000,22.000000,-22.000000,0.000000,22.000000
9,one-critical-short,76000,20.000,0,5,0.500,0.200,0.400,55,jam,-18.000000,-6.656771,32.625000,11.343229,50.625000,0.488932,0.539062,58.000000,-80.000000,22.000000,-22.000000,0.000000,22.000000
9,one-critical-short,76000,20.000,0,5,0.500,0.200,0.400,66,jam,-18.000000,-6.445312,32.590278,11.554688,50.590278,0.498047,0.536892,58.000000,-80.000000,22.000000,-22.000000,0.000000,22.000000
9,one-critical-short,76000,20.000,0,5,0.500,0.200,0.400,88,jam,-18.000000,-6.007292,32.565972,11.992708,50.565972,0.516927,0.535373,58.000000,-80.000000,22.000000,-22.000000,0.000000,22.000000
9,one-critical-short,76000,20.000,0,5,0.500,0.200,0.400,KQs,jam,-18.000000,-2.752344,32.489583,15.247656,50.489583,0.657227,0.530599,58.000000,-80.000000,22.000000,-22.000000,0.000000,22.000000
9,one-critical-short,76000,20.000,0,5,0.500,0.200,0.400,44,jam,-18.000000,-7.819792,32.423611,10.180208,50.423611,0.438802,0.526476,58.000000,-80.000000,22.000000,-22.000000,0.000000,22.000000
9,one-critical-short,76000,20.000,0,5,0.500,0.200,0.400,33,jam,-18.000000,-6.853125,32.298611,11.146875,50.298611,0.480469,0.518663,58.000000,-80.000000,22.000000,-22.000000,0.000000,22.000000
9,one-critical-short,76000,20.000,0,5,0.500,0.200,0.400,22,jam,-18.000000,-7.230729,32.208333,10.769271,50.208333,0.464193,0.513021,58.000000,-80.000000,22.000000,-22.000000,0.000000,22.000000
9,one-critical-short,76000,20.000,0,5,0.500,0.200,0.400,KQo,jam,-18.000000,-4.089062,32.000000,13.910938,50.000000,0.599609,0.500000,58.000000,-80.000000,22.000000,-22.000000,0.000000,22.000000
9,one-critical-short,76000,20.000,0,5,0.500,0.200,0.400,65s,jam,-18.000000,-10.025000,30.614583,7.975000,48.614583,0.343750,0.413411,58.000000,-80.000000,22.000000,-22.000000,0.000000,22.000000
9,one-critical-short,76000,20.000,0,5,0.500,0.200,0.400,76s,jam,-18.000000,-9.209375,30.598958,8.790625,48.598958,0.378906,0.412435,58.000000,-80.000000,22.000000,-22.000000,0.000000,22.000000
9,one-critical-short,76000,20.000,0,5,0.500,0.200,0.400,97s,jam,-18.000000,-11.112500,30.598958,6.887500,48.598958,0.296875,0.412435,58.000000,-80.000000,22.000000,-22.000000,0.000000,22.000000
9,one-critical-short,76000,20.000,0,5,0.500,0.200,0.400,64s,jam,-18.000000,-11.339062,30.567708,6.660938,48.567708,0.287109,0.410482,58.000000,-80.000000,22.000000,-22.000000,0.000000,22.000000
9,one-critical-short,76000,20.000,0,5,0.500,0.200,0.400,98s,jam,-18.000000,-11.323958,30.515625,6.676042,48.515625,0.287760,0.407227,58.000000,-80.000000,22.000000,-22.000000,0.000000,22.000000
9,one-critical-short,76000,20.000,0,5,0.500,0.200,0.400,86s,jam,-18.000000,-9.889062,30.447917,8.110938,48.447917,0.349609,0.402995,58.000000,-80.000000,22.000000,-22.000000,0.000000,22.000000
9,one-critical-short,76000,20.000,0,5,0.500,0.200,0.400,54s,jam,-18.000000,-10.500781,30.421875,7.499219,48.421875,0.323242,0.401367,58.000000,-80.000000,22.000000,-22.000000,0.000000,22.000000
9,one-critical-short,76000,20.000,0,5,0.500,0.200,0.400,87s,jam,-18.000000,-10.183594,30.411458,7.816406,48.411458,0.336914,0.400716,58.000000,-80.000000,22.000000,-22.000000,0.000000,22.000000
9,one-critical-short,76000,20.000,0,5,0.500,0.200,0.400,T9s,jam,-18.000000,-6.400000,30.406250,11.600000,48.406250,0.500000,0.400391,58.000000,-80.000000,22.000000,-22.000000,0.000000,22.000000
9,one-critical-short,76000,20.000,0,5,0.500,0.200,0.400,JTs,jam,-18.000000,-1.687500,30.369792,16.312500,48.369792,0.703125,0.398112,58.000000,-80.000000,22.000000,-22.000000,0.000000,22.000000
9,one-critical-short,76000,20.000,0,5,0.500,0.200,0.400,63s,jam,-18.000000,-9.979687,30.333333,8.020313,48.333333,0.345703,0.395833,58.000000,-80.000000,22.000000,-22.000000,0.000000,22.000000
9,one-critical-short,76000,20.000,0,5,0.500,0.200,0.400,53s,jam,-18.000000,-10.092969,30.322917,7.907031,48.322917,0.340820,0.395182,58.000000,-80.000000,22.000000,-22.000000,0.000000,22.000000
9,one-critical-short,76000,20.000,0,5,0.500,0.200,0.400,43s,jam,-18.000000,-9.753125,30.307292,8.246875,48.307292,0.355469,0.394206,58.000000,-80.000000,22.000000,-22.000000,0.000000,22.000000
9,one-critical-short,76000,20.000,0,5,0.500,0.200,0.400,73s,jam,-18.000000,-9.889062,30.203125,8.110938,48.203125,0.349609,0.387695,58.000000,-80.000000,22.000000,-22.000000,0.000000,22.000000
9,one-critical-short,76000,20.000,0,5,0.500,0.200,0.400,83s,jam,-18.000000,-10.727344,30.161458,7.272656,48.161458,0.313477,0.385091,58.000000,-80.000000,22.000000,-22.000000,0.000000,22.000000
9,one-critical-short,76000,20.000,0,5,0.500,0.200,0.400,75s,jam,-18.000000,-9.617187,30.156250,8.382813,48.156250,0.361328,0.384766,58.000000,-80.000000,22.000000,-22.000000,0.000000,22.000000
9,one-critical-short,76000,20.000,0,5,0.500,0.200,0.400,84s,jam,-18.000000,-10.410156,30.130208,7.589844,48.130208,0.327148,0.383138,58.000000,-80.000000,22.000000,-22.000000,0.000000,22.000000
9,one-critical-short,76000,20.000,0,5,0.500,0.200,0.400,85s,jam,-18.000000,-9.934375,30.072917,8.065625,48.072917,0.347656,0.379557,58.000000,-80.000000,22.000000,-22.000000,0.000000,22.000000
9,one-critical-short,76000,20.000,0,5,0.500,0.200,0.400,32s,jam,-18.000000,-11.633594,30.072917,6.366406,48.072917,0.274414,0.379557,58.000000,-80.000000,22.000000,-22.000000,0.000000,22.000000
9,one-critical-short,76000,20.000,0,5,0.500,0.200,0.400,54o,jam,-18.000000,-9.654948,30.060764,8.345052,48.060764,0.359701,0.378798,58.000000,-80.000000,22.000000,-22.000000,0.000000,22.000000
9,one-critical-short,76000,20.000,0,5,0.500,0.200,0.400,J9s,jam,-18.000000,-0.690625,30.046875,17.309375,48.046875,0.746094,0.377930,58.000000,-80.000000,22.000000,-22.000000,0.000000,22.000000
9,one-critical-short,76000,20.000,0,5,0.500,0.200,0.400,T8s,jam,-18.000000,-9.994792,30.031250,8.005208,48.031250,0.345052,0.376953,58.000000,-80.000000,22.000000,-22.000000,0.000000,22.000000
9,one-critical-short,76000,20.000,0,5,0.500,0.200,0.400,T5s,jam,-18.000000,-10.901042,30.020833,7.098958,48.020833,0.305990,0.376302,58.000000,-80.000000,22.000000,-22.000000,0.000000,22.000000
9,one-critical-short,76000,20.000,0,5,0.500,0.200,0.400,76o,jam,-18.000000,-9.670052,30.000000,8.329948,48.000000,0.359049,0.375000,58.000000,-80.000000,22.000000,-22.000000,0.000000,22.000000
9,one-critical-short,76000,20.000,0,5,0.500,0.200,0.400,42s,jam,-18.000000,-9.639844,29.994792,8.360156,47.994792,0.360352,0.374674,58.000000,-80.000000,22.000000,-22.000000,0.000000,22.000000
9,one-critical-short,76000,20.000,0,5,0.500,0.200,0.400,52s,jam,-18.000000,-9.821094,29.994792,8.178906,47.994792,0.352539,0.374674,58.000000,-80.000000,22.000000,-22.000000,0.000000,22.000000
9,one-critical-short,76000,20.000,0,5,0.500,0.200,0.400,74s,jam,-18.000000,-9.979687,29.973958,8.020313,47.973958,0.345703,0.373372,58.000000,-80.000000,22.000000,-22.000000,0.000000,22.000000
9,one-critical-short,76000,20.000,0,5,0.500,0.200,0.400,92s,jam,-18.000000,-10.508333,29.911458,7.491667,47.911458,0.322917,0.369466,58.000000,-80.000000,22.000000,-22.000000,0.000000,22.000000
9,one-critical-short,76000,20.000,0,5,0.500,0.200,0.400,T6s,jam,-18.000000,-10.508333,29.895833,7.491667,47.895833,0.322917,0.368490,58.000000,-80.000000,22.000000,-22.000000,0.000000,22.000000
9,one-critical-short,76000,20.000,0,5,0.500,0.200,0.400,93s,jam,-18.000000,-10.991667,29.895833,7.008333,47.895833,0.302083,0.368490,58.000000,-80.000000,22.000000,-22.000000,0.000000,22.000000
9,one-critical-short,76000,20.000,0,5,0.500,0.200,0.400,J4s,jam,-18.000000,-4.134375,29.859375,13.865625,47.859375,0.597656,0.366211,58.000000,-80.000000,22.000000,-22.000000,0.000000,22.000000
9,one-critical-short,76000,20.000,0,5,0.500,0.200,0.400,95s,jam,-18.000000,-11.263542,29.854167,6.736458,47.854167,0.290365,0.365885,58.000000,-80.000000,22.000000,-22.000000,0.000000,22.000000
9,one-critical-short,76000,20.000,0,5,0.500,0.200,0.400,65o,jam,-18.000000,-10.206250,29.848958,7.793750,47.848958,0.335938,0.365560,58.000000,-80.000000,22.000000,-22.000000,0.000000,22.000000
9,one-critical-short,76000,20.000,0,5,0.500,0.200,0.400,T3s,jam,-18.000000,-9.873958,29.843750,8.126042,47.843750,0.350260,0.365234,58.000000,-80.000000,22.000000,-22.000000,0.000000,22.000000
9,one-critical-short,76000,20.000,0,5,0.500,0.200,0.400,64o,jam,-18.000000,-10.395052,29.821181,7.604948,47.821181,0.327799,0.363824,58.000000,-80.000000,22.000000,-22.000000,0.000000,22.000000
9,one-critical-short,76000,20.000,0,5,0.500,0.200,0.400,96s,jam,-18.000000,-10.568750,29.796875,7.431250,47.796875,0.320312,0.362305,58.000000,-80.000000,22.000000,-22.000000,0.000000,22.000000
9,one-critical-short,76000,20.000,0,5,0.500,0.200,0.400,JTo,jam,-18.000000,-1.919097,29.786458,16.080903,47.786458,0.693142,0.361654,58.000000,-80.000000,22.000000,-22.000000,0.000000,22.000000
9,one-critical-short,76000,20.000,0,5,0.500,0.200,0.400,94s,jam,-18.000000,-11.142708,29.770833,6.857292,47.770833,0.295573,0.360677,58.000000,-80.000000,22.000000,-22.000000,0.000000,22.000000
9,one-critical-short,76000,20.000,0,5,0.500,0.200,0.400,62s,jam,-18.000000,-10.432812,29.760417,7.567188,47.760417,0.326172,0.360026,58.000000,-80.000000,22.000000,-22.000000,0.000000,22.000000
9,one-critical-short,76000,20.000,0,5,0.500,0.200,0.400,J2s,jam,-18.000000,-5.810937,29.755208,12.189063,47.755208,0.525391,0.359701,58.000000,-80.000000,22.000000,-22.000000,0.000000,22.000000
9,one-critical-short,76000,20.000,0,5,0.500,0.200,0.400,72s,jam,-18.000000,-9.481250,29.734375,8.518750,47.734375,0.367188,0.358398,58.000000,-80.000000,22.000000,-22.000000,0.000000,22.000000
9,one-critical-short,76000,20.000,0,5,0.500,0.200,0.400,98o,jam,-18.000000,-11.938194,29.722222,6.061806,47.722222,0.261285,0.357639,58.000000,-80.000000,22.000000,-22.000000,0.000000,22.000000
9,one-critical-short,76000,20.000,0,5,0.500,0.200,0.400,J3s,jam,-18.000000,-6.196094,29.718750,11.803906,47.718750,0.508789,0.357422,58.000000,-80.000000,22.000000,-22.000000,0.000000,22.000000
9,one-critical-short,76000,20.000,0,5,0.500,0.200,0.400,53o,jam,-18.000000,-10.191146,29.713542,7.808854,47.713542,0.336589,0.357096,58.000000,-80.000000,22.000000,-22.000000,0.000000,22.000000
9,one-critical-short,76000,20.000,0,5,0.500,0.200,0.400,T9o,jam,-18.000000,-6.928646,29.703125,11.071354,47.703125,0.477214,0.356445,58.000000,-80.000000,22.000000,-22.000000,0.000000,22.000000
9,one-critical-short,76000,20.000,0,5,0.500,0.200,0.400,75o,jam,-18.000000,-10.576302,29.692708,7.423698,47.692708,0.319987,0.355794,58.000000,-80.000000,22.000000,-22.000000,0.000000,22.000000
9,one-critical-short,76000,20.000,0,5,0.500,0.200,0.400,43o,jam,-18.000000,-10.493229,29.687500,7.506771,47.687500,0.323568,0.355469,58.000000,-80.000000,22.000000,-22.000000,0.000000,22.000000
9,one-critical-short,76000,20.000,0,5,0.500,0.200,0.400,T8o,jam,-18.000000,-11.313889,29.678819,6.686111,47.678819,0.288194,0.354926,58.000000,-80.000000,22.000000,-22.000000,0.000000,22.000000
9,one-critical-short,76000,20.000,0,5,0.500,0.200,0.400,96o,jam,-18.000000,-12.008681,29.668403,5.991319,47.668403,0.258247,0.354275,58.000000,-80.000000,22.000000,-22.000000,0.000000,22.000000
9,one-critical-short,76000,20.000,0,5,0.500,0.200,0.400,J8s,jam,-18.000000,-4.338281,29.666667,13.661719,47.666667,0.588867,0.354167,58.000000,-80.000000,22.000000,-22.000000,0.000000,22.000000
9,one-critical-short,76000,20.000,0,5,0.500,0.200,0.400,J5s,jam,-18.000000,-5.244531,29.661458,12.755469,47.661458,0.549805,0.353841,58.000000,-80.000000,22.000000,-22.000000,0.000000,22.000000
9,one-critical-short,76000,20.000,0,5,0.500,0.200,0.400,87o,jam,-18.000000,-9.934375,29.651042,8.065625,47.651042,0.347656,0.353190,58.000000,-80.000000,22.000000,-22.000000,0.000000,22.000000
9,one-critical-short,76000,20.000,0,5,0.500,0.200,0.400,97o,jam,-18.000000,-12.018750,29.633681,5.981250,47.633681,0.257812,0.352105,58.000000,-80.000000,22.000000,-22.000000,0.000000,22.000000
9,one-critical-short,76000,20.000,0,5,0.500,0.200,0.400,J6s,jam,-18.000000,-4.202344,29.630208,13.797656,47.630208,0.594727,0.351888,58.000000,-80.000000,22.000000,-22.000000,0.000000,22.000000
9,one-critical-short,76000,20.000,0,5,0.500,0.200,0.400,T4s,jam,-18.000000,-10.991667,29.630208,7.008333,47.630208,0.302083,0.351888,58.000000,-80.000000,22.000000,-22.000000,0.000000,22.000000
9,one-critical-short,76000,20.000,0,5,0.500,0.200,0.400,63o,jam,-18.000000,-10.447917,29.593750,7.552083,47.593750,0.325521,0.349609,58.000000,-80.000000,22.000000,-22.000000,0.000000,22.000000
9,one-critical-short,76000,20.000,0,5,0.500,0.200,0.400,T7s,jam,-18.000000,-10.780208,29.583333,7.219792,47.583333,0.311198,0.348958,58.000000,-80.000000,22.000000,-22.000000,0.000000,22.000000
9,one-critical-short,76000,20.000,0,5,0.500,0.200,0.400,73o,jam,-18.000000,-11.029427,29.541667,6.970573,47.541667,0.300456,0.346354,58.000000,-80.000000,22.000000,-22.000000,0.000000,22.000000
9,one-critical-short,76000,20.000,0,5,0.500,0.200,0.400,J7s,jam,-18.000000,-4.814062,29.531250,13.185938,47.531250,0.568359,0.345703,58.000000,-80.000000,22.000000,-22.000000,0.000000,22.000000
9,one-critical-short,76000,20.000,0,5,0.500,0.200,0.400,85o,jam,-18.000000,-10.969010,29.513889,7.030990,47.513889,0.303060,0.344618,58.000000,-80.000000,22.000000,-22.000000,0.000000,22.000000
9,one-critical-short,76000,20.000,0,5,0.500,0.200,0.400,42o,jam,-18.000000,-10.478125,29.498264,7.521875,47.498264,0.324219,0.343641,58.000000,-80.000000,22.000000,-22.000000,0.000000,22.000000
9,one-critical-short,76000,20.000,0,5,0.500,0.200,0.400,84o,jam,-18.000000,-10.984115,29.470486,7.015885,47.470486,0.302409,0.341905,58.000000,-80.000000,22.000000,-22.000000,0.000000,22.000000
9,one-critical-short,76000,20.000,0,5,0.500,0.200,0.400,74o,jam,-18.000000,-11.089844,29.446181,6.910156,47.446181,0.297852,0.340386,58.000000,-80.000000,22.000000,-22.000000,0.000000,22.000000
9,one-critical-short,76000,20.000,0,5,0.500,0.200,0.400,86o,jam,-18.000000,-10.644271,29.444444,7.355729,47.444444,0.317057,0.340278,58.000000,-80.000000,22.000000,-22.000000,0.000000,22.000000
9,one-critical-short,76000,20.000,0,5,0.500,0.200,0.400,J9o,jam,-18.000000,-2.452778,29.425347,15.547222,47.425347,0.670139,0.339084,58.000000,-80.000000,22.000000,-22.000000,0.000000,22.000000
9,one-critical-short,76000,20.000,0,5,0.500,0.200,0.400,95o,jam,-18.000000,-12.733681,29.413194,5.266319,47.413194,0.226997,0.338325,58.000000,-80.000000,22.000000,-22.000000,0.000000,22.000000
9,one-critical-short,76000,20.000,0,5,0.500,0.200,0.400,62o,jam,-18.000000,-10.553646,29.328125,7.446354,47.328125,0.320964,0.333008,58.000000,-80.000000,22.000000,-22.000000,0.000000,22.000000
9,one-critical-short,76000,20.000,0,5,0.500,0.200,0.400,32o,jam,-18.000000,-10.334635,29.303819,7.665365,47.303819,0.330404,0.331489,58.000000,-80.000000,22.000000,-22.000000,0.000000,22.000000
9,one-critical-short,76000,20.000,0,5,0.500,0.200,0.400,82s,jam,-18.000000,-10.704687,29.296875,7.295313,47.296875,0.314453,0.331055,58.000000,-80.000000,22.000000,-22.000000,0.000000,22.000000
9,one-critical-short,76000,20.000,0,5,0.500,0.200,0.400,72o,jam,-18.000000,-11.308854,29.295139,6.691146,47.295139,0.288411,0.330946,58.000000,-80.000000,22.000000,-22.000000,0.000000,22.000000
9,one-critical-short,76000,20.000,0,5,0.500,0.200,0.400,J8o,jam,-18.000000,-5.312500,29.293403,12.687500,47.293403,0.546875,0.330838,58.000000,-80.000000,22.000000,-22.000000,0.000000,22.000000
9,one-critical-short,76000,20.000,0,5,0.500,0.200,0.400,T7o,jam,-18.000000,-11.414583,29.286458,6.585417,47.286458,0.283854,0.330404,58.000000,-80.000000,22.000000,-22.000000,0.000000,22.000000
9,one-critical-short,76000,20.000,0,5,0.500,0.200,0.400,52o,jam,-18.000000,-10.311979,29.281250,7.688021,47.281250,0.331380,0.330078,58.000000,-80.000000,22.000000,-22.000000,0.000000,22.000000
9,one-critical-short,76000,20.000,0,5,0.500,0.200,0.400,T5o,jam,-18.000000,-11.293750,29.256944,6.706250,47.256944,0.289062,0.328559,58.000000,-80.000000,22.000000,-22.000000,0.000000,22.000000
9,one-critical-short,76000,20.000,0,5,0.500,0.200,0.400,K4s,jam,-18.000000,-5.652344,29.229167,12.347656,47.229167,0.532227,0.326823,58.000000,-80.000000,22.000000,-22.000000,0.000000,22.000000
9,one-critical-short,76000,20.000,0,5,0.500,0.200,0.400,T6o,jam,-18.000000,-11.273611,29.218750,6.726389,47.218750,0.289931,0.326172,58.000000,-80.000000,22.000000,-22.000000,0.000000,22.000000
9,one-critical-short,76000,20.000,0,5,0.500,0.200,0.400,J7o,jam,-18.000000,-5.969531,29.180556,12.030469,47.180556,0.518555,0.323785,58.000000,-80.000000,22.000000,-22.000000,0.000000,22.000000
9,one-critical-short,76000,20.000,0,5,0.500,0.200,0.400,J5o,jam,-18.000000,-5.765625,29.159722,12.234375,47.159722,0.527344,0.322483,58.000000,-80.000000,22.000000,-22.000000,0.000000,22.000000
9,one-critical-short,76000,20.000,0,5,0.500,0.200,0.400,92o,jam,-18.000000,-12.401389,29.126736,5.598611,47.126736,0.241319,0.320421,58.000000,-80.000000,22.000000,-22.000000,0.000000,22.000000
9,one-critical-short,76000,20.000,0,5,0.500,0.200,0.400,QTs,jam,-18.000000,-1.838542,29.125000,16.161458,47.125000,0.696615,0.320312,58.000000,-80.000000,22.000000,-22.000000,0.000000,22.000000
9,one-critical-short,76000,20.000,0,5,0.500,0.200,0.400,94o,jam,-18.000000,-12.159722,29.118056,5.840278,47.118056,0.251736,0.319878,58.000000,-80.000000,22.000000,-22.000000,0.000000,22.000000
9,one-critical-short,76000,20.000,0,5,0.500,0.200,0.400,T3o,jam,-18.000000,-11.686458,29.112847,6.313542,47.112847,0.272135,0.319553,58.000000,-80.000000,22.000000,-22.000000,0.000000,22.000000
9,one-critical-short,76000,20.000,0,5,0.500,0.200,0.400,T2s,jam,-18.000000,-10.659375,29.078125,7.340625,47.078125,0.316406,0.317383,58.000000,-80.000000,22.000000,-22.000000,0.000000,22.000000
9,one-critical-short,76000,20.000,0,5,0.500,0.200,0.400,T4o,jam,-18.000000,-11.646181,29.072917,6.353819,47.072917,0.273872,0.317057,58.000000,-80.000000,22.000000,-22.000000,0.000000,22.000000
9,one-critical-short,76000,20.000,0,5,0.500,0.200,0.400,Q6s,jam,-18.000000,-5.040625,29.041667,12.959375,47.041667,0.558594,0.315104,58.000000,-80.000000,22.000000,-22.000000,0.000000,22.000000
9,one-critical-short,76000,20.000,0,5,0.500,0.200,0.400,82o,jam,-18.000000,-11.475000,29.039931,6.525000,47.039931,0.281250,0.314996,58.000000,-80.000000,22.000000,-22.000000,0.000000,22.000000
9,one-critical-short,76000,20.000,0,5,0.500,0.200,0.400,Q4s,jam,-18.000000,-5.267187,29.020833,12.732813,47.020833,0.548828,0.313802,58.000000,-80.000000,22.000000,-22.000000,0.000000,22.000000
9,one-critical-short,76000,20.000,0,5,0.500,0.200,0.400,KTs,jam,-18.000000,-2.412500,29.013889,15.587500,47.013889,0.671875,0.313368,58.000000,-80.000000,22.000000,-22.000000,0.000000,22.000000
9,one-critical-short,76000,20.000,0,5,0.500,0.200,0.400,Q5s,jam,-18.000000,-5.131250,28.993056,12.868750,46.993056,0.554688,0.312066,58.000000,-80.000000,22.000000,-22.000000,0.000000,22.000000
9,one-critical-short,76000,20.000,0,5,0.500,0.200,0.400,J3o,jam,-18.000000,-6.400000,28.980903,11.600000,46.980903,0.500000,0.311306,58.000000,-80.000000,22.000000,-22.000000,0.000000,22.000000
9,one-critical-short,76000,20.000,0,5,0.500,0.200,0.400,93o,jam,-18.000000,-11.746875,28.968750,6.253125,46.968750,0.269531,0.310547,58.000000,-80.000000,22.000000,-22.000000,0.000000,22.000000
9,one-critical-short,76000,20.000,0,5,0.500,0.200,0.400,83o,jam,-18.000000,-11.542969,28.946181,6.457031,46.946181,0.278320,0.309136,58.000000,-80.000000,22.000000,-22.000000,0.000000,22.000000
9,one-critical-short,76000,20.000,0,5,0.500,0.200,0.400,K6s,jam,-18.000000,-5.153906,28.944444,12.846094,46.944444,0.553711,0.309028,58.000000,-80.000000,22.000000,-22.000000,0.000000,22.000000
9,one-critical-short,76000,20.000,0,5,0.500,0.200,0.400,K8s,jam,-18.000000,-5.448437,28.923611,12.551563,46.923611,0.541016,0.307726,58.000000,-80.000000,22.000000,-22.000000,0.000000,22.000000
9,one-critical-short,76000,20.000,0,5,0.500,0.200,0.400,J6o,jam,-18.000000,-6.286719,28.923611,11.713281,46.923611,0.504883,0.307726,58.000000,-80.000000,22.000000,-22.000000,0.000000,22.000000
9,one-critical-short,76000,20.000,0,5,0.500,0.200,0.400,T2o,jam,-18.000000,-11.273611,28.906250,6.726389,46.906250,0.289931,0.306641,58.000000,-80.000000,22.000000,-22.000000,0.000000,22.000000
9,one-critical-short,76000,20.000,0,5,0.500,0.200,0.400,J2o,jam,-18.000000,-5.410677,28.902778,12.589323,46.902778,0.542643,0.306424,58.000000,-80.000000,22.000000,-22.000000,0.000000,22.000000
9,one-critical-short,76000,20.000,0,5,0.500,0.200,0.400,J4o,jam,-18.000000,-5.999740,28.894097,12.000260,46.894097,0.517253,0.305881,58.000000,-80.000000,22.000000,-22.000000,0.000000,22.000000
9,one-critical-short,76000,20.000,0,5,0.500,0.200,0.400,K9s,jam,-18.000000,-2.714583,28.861111,15.285417,46.861111,0.658854,0.303819,58.000000,-80.000000,22.000000,-22.000000,0.000000,22.000000
9,one-critical-short,76000,20.000,0,5,0.500,0.200,0.400,KJs,jam,-18.000000,-2.933594,28.854167,15.066406,46.854167,0.649414,0.303385,58.000000,-80.000000,22.000000,-22.000000,0.000000,22.000000
9,one-critical-short,76000,20.000,0,5,0.500,0.200,0.400,Q2s,jam,-18.000000,-5.539062,28.750000,12.460938,46.750000,0.537109,0.296875,58.000000,-80.000000,22.000000,-22.000000,0.000000,22.000000
9,one-critical-short,76000,20.000,0,5,0.500,0.200,0.400,K7s,jam,-18.000000,-5.244531,28.715278,12.755469,46.715278,0.549805,0.294705,58.000000,-80.000000,22.000000,-22.000000,0.000000,22.000000
9,one-critical-short,76000,20.000,0,5,0.500,0.200,0.400,K2s,jam,-18.000000,-5.357812,28.715278,12.642188,46.715278,0.544922,0.294705,58.000000,-80.000000,22.000000,-22.000000,0.000000,22.000000
9,one-critical-short,76000,20.000,0,5,0.500,0.200,0.400,K5s,jam,-18.000000,-4.587500,28.680556,13.412500,46.680556,0.578125,0.292535,58.000000,-80.000000,22.000000,-22.000000,0.000000,22.000000
9,one-critical-short,76000,20.000,0,5,0.500,0.200,0.400,QJs,jam,-18.000000,-2.775000,28.673611,15.225000,46.673611,0.656250,0.292101,58.000000,-80.000000,22.000000,-22.000000,0.000000,22.000000
9,one-critical-short,76000,20.000,0,5,0.500,0.200,0.400,Q7s,jam,-18.000000,-4.610156,28.604167,13.389844,46.604167,0.577148,0.287760,58.000000,-80.000000,22.000000,-22.000000,0.000000,22.000000
9,one-critical-short,76000,20.000,0,5,0.500,0.200,0.400,Q3s,jam,-18.000000,-6.150781,28.562500,11.849219,46.562500,0.510742,0.285156,58.000000,-80.000000,22.000000,-22.000000,0.000000,22.000000
9,one-critical-short,76000,20.000,0,5,0.500,0.200,0.400,K3s,jam,-18.000000,-5.788281,28.555556,12.211719,46.555556,0.526367,0.284722,58.000000,-80.000000,22.000000,-22.000000,0.000000,22.000000
9,one-critical-short,76000,20.000,0,5,0.500,0.200,0.400,Q8s,jam,-18.000000,-4.338281,28.437500,13.661719,46.437500,0.588867,0.277344,58.000000,-80.000000,22.000000,-22.000000,0.000000,22.000000
9,one-critical-short,76000,20.000,0,5,0.500,0.200,0.400,KTo,jam,-18.000000,-2.140625,28.326389,15.859375,46.326389,0.683594,0.270399,58.000000,-80.000000,22.000000,-22.000000,0.000000,22.000000
9,one-critical-short,76000,20.000,0,5,0.500,0.200,0.400,K9o,jam,-18.000000,-2.452778,28.277778,15.547222,46.277778,0.670139,0.267361,58.000000,-80.000000,22.000000,-22.000000,0.000000,22.000000
9,one-critical-short,76000,20.000,0,5,0.500,0.200,0.400,Q9s,jam,-18.000000,-2.593750,28.263889,15.406250,46.263889,0.664062,0.266493,58.000000,-80.000000,22.000000,-22.000000,0.000000,22.000000
9,one-critical-short,76000,20.000,0,5,0.500,0.200,0.400,K8o,jam,-18.000000,-5.750521,28.263889,12.249479,46.263889,0.527995,0.266493,58.000000,-80.000000,22.000000,-22.000000,0.000000,22.000000
9,one-critical-short,76000,20.000,0,5,0.500,0.200,0.400,QTo,jam,-18.000000,-2.513194,28.250000,15.486806,46.250000,0.667535,0.265625,58.000000,-80.000000,22.000000,-22.000000,0.000000,22.000000
9,one-critical-short,76000,20.000,0,5,0.500,0.200,0.400,K4o,jam,-18.000000,-5.931771,28.233796,12.068229,46.233796,0.520182,0.264612,58.000000,-80.000000,22.000000,-22.000000,0.000000,22.000000
9,one-critical-short,76000,20.000,0,5,0.500,0.200,0.400,K5o,jam,-18.000000,-6.649219,28.206019,11.350781,46.206019,0.489258,0.262876,58.000000,-80.000000,22.000000,-22.000000,0.000000,22.000000
9,one-critical-short,76000,20.000,0,5,0.500,0.200,0.400,K6o,jam,-18.000000,-6.256510,28.189815,11.743490,46.189815,0.506185,0.261863,58.000000,-80.000000,22.000000,-22.000000,0.000000,22.000000
9,one-critical-short,76000,20.000,0,5,0.500,0.200,0.400,K7o,jam,-18.000000,-5.735417,28.185185,12.264583,46.185185,0.528646,0.261574,58.000000,-80.000000,22.000000,-22.000000,0.000000,22.000000
9,one-critical-short,76000,20.000,0,5,0.500,0.200,0.400,Q6o,jam,-18.000000,-5.561719,28.118056,12.438281,46.118056,0.536133,0.257378,58.000000,-80.000000,22.000000,-22.000000,0.000000,22.000000
9,one-critical-short,76000,20.000,0,5,0.500,0.200,0.400,K2o,jam,-18.000000,-6.611458,28.115741,11.388542,46.115741,0.490885,0.257234,58.000000,-80.000000,22.000000,-22.000000,0.000000,22.000000
9,one-critical-short,76000,20.000,0,5,0.500,0.200,0.400,QJo,jam,-18.000000,-3.560417,28.050926,14.439583,46.050926,0.622396,0.253183,58.000000,-80.000000,22.000000,-22.000000,0.000000,22.000000
9,one-critical-short,76000,20.000,0,5,0.500,0.200,0.400,Q9o,jam,-18.000000,-2.372222,28.018519,15.627778,46.018519,0.673611,0.251157,58.000000,-80.000000,22.000000,-22.000000,0.000000,22.000000
9,one-critical-short,76000,20.000,0,5,0.500,0.200,0.400,Q5o,jam,-18.000000,-6.271615,27.960648,11.728385,45.960648,0.505534,0.247541,58.000000,-80.000000,22.000000,-22.000000,0.000000,22.000000
9,one-critical-short,76000,20.000,0,5,0.500,0.200,0.400,KJo,jam,-18.000000,-4.187240,27.909722,13.812760,45.909722,0.595378,0.244358,58.000000,-80.000000,22.000000,-22.000000,0.000000,22.000000
9,one-critical-short,76000,20.000,0,5,0.500,0.200,0.400,Q3o,jam,-18.000000,-6.324479,27.907407,11.675521,45.907407,0.503255,0.244213,58.000000,-80.000000,22.000000,-22.000000,0.000000,22.000000
9,one-critical-short,76000,20.000,0,5,0.500,0.200,0.400,K3o,jam,-18.000000,-5.992187,27.872685,12.007813,45.872685,0.517578,0.242043,58.000000,-80.000000,22.000000,-22.000000,0.000000,22.000000
9,one-critical-short,76000,20.000,0,5,0.500,0.200,0.400,Q4o,jam,-18.000000,-6.392448,27.844907,11.607552,45.844907,0.500326,0.240307,58.000000,-80.000000,22.000000,-22.000000,0.000000,22.000000
9,one-critical-short,76000,20.000,0,5,0.500,0.200,0.400,Q8o,jam,-18.000000,-5.523958,27.775463,12.476042,45.775463,0.537760,0.235966,58.000000,-80.000000,22.000000,-22.000000,0.000000,22.000000
9,one-critical-short,76000,20.000,0,5,0.500,0.200,0.400,Q2o,jam,-18.000000,-5.667448,27.719907,12.332552,45.719907,0.531576,0.232494,58.000000,-80.000000,22.000000,-22.000000,0.000000,22.000000
9,one-critical-short,76000,20.000,0,5,0.500,0.200,0.400,Q7o,jam,-18.000000,-6.400000,27.636574,11.600000,45.636574,0.500000,0.227286,58.000000,-80.000000,22.000000,-22.000000,0.000000,22.000000
9,one-critical-short,76000,20.000,0,5,0.500,0.500,0.400,JJ,jam,-18.000000,1.167188,33.046875,19.167188,51.046875,0.826172,0.826172,58.000000,-80.000000,22.000000,-22.000000,0.000000,22.000000
9,one-critical-short,76000,20.000,0,5,0.500,0.500,0.400,QQ,jam,-18.000000,0.955729,32.682292,18.955729,50.682292,0.817057,0.817057,58.000000,-80.000000,22.000000,-22.000000,0.000000,22.000000
9,one-critical-short,76000,20.000,0,5,0.500,0.500,0.400,TT,jam,-18.000000,0.940625,32.656250,18.940625,50.656250,0.816406,0.816406,58.000000,-80.000000,22.000000,-22.000000,0.000000,22.000000
9,one-critical-short,76000,20.000,0,5,0.500,0.500,0.400,AA,jam,-18.000000,0.276042,31.510417,18.276042,49.510417,0.787760,0.787760,58.000000,-80.000000,22.000000,-22.000000,0.000000,22.000000
9,one-critical-short,76000,20.000,0,5,0.500,0.500,0.400,KK,jam,-18.000000,0.109896,31.223958,18.109896,49.223958,0.780599,0.780599,58.000000,-80.000000,22.000000,-22.000000,0.000000,22.000000
9,one-critical-short,76000,20.000,0,5,0.500,0.500,0.400,J9s,jam,-18.000000,-0.690625,29.843750,17.309375,47.843750,0.746094,0.746094,58.000000,-80.000000,22.000000,-22.000000,0.000000,22.000000
9,one-critical-short,76000,20.000,0,5,0.500,0.500,0.400,JTs,jam,-18.000000,-1.687500,28.125000,16.312500,46.125000,0.703125,0.703125,58.000000,-80.000000,22.000000,-22.000000,0.000000,22.000000
9,one-critical-short,76000,20.000,0,5,0.500,0.500,0.400,ATo,jam,-18.000000,-1.798264,27.934028,16.201736,45.934028,0.698351,0.698351,58.000000,-80.000000,22.000000,-22.000000,0.000000,22.000000
9,one-critical-short,76000,20.000,0,5,0.500,0.500,0.400,QTs,jam,-18.000000,-1.838542,27.864583,16.161458,45.864583,0.696615,0.696615,58.000000,-80.000000,22.000000,-22.000000,0.000000,22.000000
9,one-critical-short,76000,20.000,0,5,0.500,0.500,0.400,JTo,jam,-18.000000,-1.919097,27.725694,16.080903,45.725694,0.693142,0.693142,58.000000,-80.000000,22.000000,-22.000000,0.000000,22.000000
9,one-critical-short,76000,20.000,0,5,0.500,0.500,0.400,A9s,jam,-18.000000,-2.110417,27.395833,15.889583,45.395833,0.684896,0.684896,58.000000,-80.000000,22.000000,-22.000000,0.000000,22.000000
9,one-critical-short,76000,20.000,0,5,0.500,0.500,0.400,KTo,jam,-18.000000,-2.140625,27.343750,15.859375,45.343750,0.683594,0.683594,58.000000,-80.000000,22.000000,-22.000000,0.000000,22.000000
9,one-critical-short,76000,20.000,0,5,0.500,0.500,0.400,ATs,jam,-18.000000,-2.170833,27.291667,15.829167,45.291667,0.682292,0.682292,58.000000,-80.000000,22.000000,-22.000000,0.000000,22.000000
9,one-critical-short,76000,20.000,0,5,0.500,0.500,0.400,Q9o,jam,-18.000000,-2.372222,26.944444,15.627778,44.944444,0.673611,0.673611,58.000000,-80.000000,22.000000,-22.000000,0.000000,22.000000
9,one-critical-short,76000,20.000,0,5,0.500,0.500,0.400,KTs,jam,-18.000000,-2.412500,26.875000,15.587500,44.875000,0.671875,0.671875,58.000000,-80.000000,22.000000,-22.000000,0.000000,22.000000
9,one-critical-short,76000,20.000,0,5,0.500,0.500,0.400,K9o,jam,-18.000000,-2.452778,26.805556,15.547222,44.805556,0.670139,0.670139,58.000000,-80.000000,22.000000,-22.000000,0.000000,22.000000
9,one-critical-short,76000,20.000,0,5,0.500,0.500,0.400,J9o,jam,-18.000000,-2.452778,26.805556,15.547222,44.805556,0.670139,0.670139,58.000000,-80.000000,22.000000,-22.000000,0.000000,22.000000
9,one-critical-short,76000,20.000,0,5,0.500,0.500,0.400,QTo,jam,-18.000000,-2.513194,26.701389,15.486806,44.701389,0.667535,0.667535,58.000000,-80.000000,22.000000,-22.000000,0.000000,22.000000
9,one-critical-short,76000,20.000,0,5,0.500,0.500,0.400,Q9s,jam,-18.000000,-2.593750,26.562500,15.406250,44.562500,0.664062,0.664062,58.000000,-80.000000,22.000000,-22.000000,0.000000,22.000000
9,one-critical-short,76000,20.000,0,5,0.500,0.500,0.400,K9s,jam,-18.000000,-2.714583,26.354167,15.285417,44.354167,0.658854,0.658854,58.000000,-80.000000,22.000000,-22.000000,0.000000,22.000000
9,one-critical-short,76000,20.000,0,5,0.500,0.500,0.400,A9o,jam,-18.000000,-2.724653,26.336806,15.275347,44.336806,0.658420,0.658420,58.000000,-80.000000,22.000000,-22.000000,0.000000,22.000000
9,one-critical-short,76000,20.000,0,5,0.500,0.500,0.400,KQs,jam,-18.000000,-2.752344,26.289062,15.247656,44.289062,0.657227,0.657227,58.000000,-80.000000,22.000000,-22.000000,0.000000,22.000000
9,one-critical-short,76000,20.000,0,5,0.500,0.500,0.400,QJs,jam,-18.000000,-2.775000,26.250000,15.225000,44.250000,0.656250,0.656250,58.000000,-80.000000,22.000000,-22.000000,0.000000,22.000000
9,one-critical-short,76000,20.000,0,5,0.500,0.500,0.400,KJs,jam,-18.000000,-2.933594,25.976562,15.066406,43.976562,0.649414,0.649414,58.000000,-80.000000,22.000000,-22.000000,0.000000,22.000000
9,one-critical-short,76000,20.000,0,5,0.500,0.500,0.400,AQs,jam,-18.000000,-3.114844,25.664062,14.885156,43.664062,0.641602,0.641602,58.000000,-80.000000,22.000000,-22.000000,0.000000,22.000000
9,one-critical-short,76000,20.000,0,5,0.500,0.500,0.400,AJs,jam,-18.000000,-3.137500,25.625000,14.862500,43.625000,0.640625,0.640625,58.000000,-80.000000,22.000000,-22.000000,0.000000,22.000000
9,one-critical-short,76000,20.000,0,5,0.500,0.500,0.400,AKs,jam,-18.000000,-3.228125,25.468750,14.771875,43.468750,0.636719,0.636719,58.000000,-80.000000,22.000000,-22.000000,0.000000,22.000000
9,one-critical-short,76000,20.000,0,5,0.500,0.500,0.400,QJo,jam,-18.000000,-3.560417,24.895833,14.439583,42.895833,0.622396,0.622396,58.000000,-80.000000,22.000000,-22.000000,0.000000,22.000000
9,one-critical-short,76000,20.000,0,5,0.500,0.500,0.400,99,jam,-18.000000,-3.590625,24.843750,14.409375,42.843750,0.621094,0.621094,58.000000,-80.000000,22.000000,-22.000000,0.000000,22.000000
9,one-critical-short,76000,20.000,0,5,0.500,0.500,0.400,AJo,jam,-18.000000,-3.922917,24.270833,14.077083,42.270833,0.606771,0.606771,58.000000,-80.000000,22.000000,-22.000000,0.000000,22.000000
9,one-critical-short,76000,20.000,0,5,0.500,0.500,0.400,KQo,jam,-18.000000,-4.089062,23.984375,13.910938,41.984375,0.599609,0.599609,58.000000,-80.000000,22.000000,-22.000000,0.000000,22.000000
9,one-critical-short,76000,20.000,0,5,0.500,0.500,0.400,J4s,jam,-18.000000,-4.134375,23.906250,13.865625,41.906250,0.597656,0.597656,58.000000,-80.000000,22.000000,-22.000000,0.000000,22.000000
9,one-critical-short,76000,20.000,0,5,0.500,0.500,0.400,KJo,jam,-18.000000,-4.187240,23.815104,13.812760,41.815104,0.595378,0.595378,58.000000,-80.000000,22.000000,-22.000000,0.000000,22.000000
9,one-critical-short,76000,20.000,0,5,0.500,0.500,0.400,J6s,jam,-18.000000,-4.202344,23.789062,13.797656,41.789062,0.594727,0.594727,58.000000,-80.000000,22.000000,-22.000000,0.000000,22.000000
9,one-critical-short,76000,20.000,0,5,0.500,0.500,0.400,Q8s,jam,-18.000000,-4.338281,23.554688,13.661719,41.554688,0.588867,0.588867,58.000000,-80.000000,22.000000,-22.000000,0.000000,22.000000
9,one-critical-short,76000,20.000,0,5,0.500,0.500,0.400,J8s,jam,-18.000000,-4.338281,23.554688,13.661719,41.554688,0.588867,0.588867,58.000000,-80.000000,22.000000,-22.000000,0.000000,22.000000
9,one-critical-short,76000,20.000,0,5,0.500,0.500,0.400,A8s,jam,-18.000000,-4.428906,23.398438,13.571094,41.398438,0.584961,0.584961,58.000000,-80.000000,22.000000,-22.000000,0.000000,22.000000
9,one-critical-short,76000,20.000,0,5,0.500,0.500,0.400,A3s,jam,-18.000000,-4.496875,23.281250,13.503125,41.281250,0.582031,0.582031,58.000000,-80.000000,22.000000,-22.000000,0.000000,22.000000
9,one-critical-short,76000,20.000,0,5,0.500,0.500,0.400,K5s,jam,-18.000000,-4.587500,23.125000,13.412500,41.125000,0.578125,0.578125,58.000000,-80.000000,22.000000,-22.000000,0.000000,22.000000
9,one-critical-short,76000,20.000,0,5,0.500,0.500,0.400,AQo,jam,-18.000000,-4.595052,23.111979,13.404948,41.111979,0.577799,0.577799,58.000000,-80.000000,22.000000,-22.000000,0.000000,22.000000
9,one-critical-short,76000,20.000,0,5,0.500,0.500,0.400,Q7s,jam,-18.000000,-4.610156,23.085938,13.389844,41.085938,0.577148,0.577148,58.000000,-80.000000,22.000000,-22.000000,0.000000,22.000000
9,one-critical-short,76000,20.000,0,5,0.500,0.500,0.400,AKo,jam,-18.000000,-4.700781,22.929688,13.299219,40.929688,0.573242,0.573242,58.000000,-80.000000,22.000000,-22.000000,0.000000,22.000000
9,one-critical-short,76000,20.000,0,5,0.500,0.500,0.400,J7s,jam,-18.000000,-4.814062,22.734375,13.185938,40.734375,0.568359,0.568359,58.000000,-80.000000,22.000000,-22.000000,0.000000,22.000000
9,one-critical-short,76000,20.000,0,5,0.500,0.500,0.400,A2s,jam,-18.000000,-4.859375,22.656250,13.140625,40.656250,0.566406,0.566406,58.000000,-80.000000,22.000000,-22.000000,0.000000,22.000000
9,one-critical-short,76000,20.000,0,5,0.500,0.500,0.400,A6s,jam,-18.000000,-4.904687,22.578125,13.095313,40.578125,0.564453,0.564453,58.000000,-80.000000,22.000000,-22.000000,0.000000,22.000000
9,one-critical-short,76000,20.000,0,5,0.500,0.500,0.400,Q6s,jam,-18.000000,-5.040625,22.343750,12.959375,40.343750,0.558594,0.558594,58.000000,-80.000000,22.000000,-22.000000,0.000000,22.000000
9,one-critical-short,76000,20.000,0,5,0.500,0.500,0.400,Q5s,jam,-18.000000,-5.131250,22.187500,12.868750,40.187500,0.554688,0.554688,58.000000,-80.000000,22.000000,-22.000000,0.000000,22.000000
9,one-critical-short,76000,20.000,0,5,0.500,0.500,0.400,K6s,jam,-18.000000,-5.153906,22.148438,12.846094,40.148438,0.553711,0.553711,58.000000,-80.000000,22.000000,-22.000000,0.000000,22.000000
9,one-critical-short,76000,20.000,0,5,0.500,0.500,0.400,A7s,jam,-18.000000,-5.221875,22.031250,12.778125,40.031250,0.550781,0.550781,58.000000,-80.000000,22.000000,-22.000000,0.000000,22.000000
9,one-critical-short,76000,20.000,0,5,0.500,0.500,0.400,K7s,jam,-18.000000,-5.244531,21.992188,12.755469,39.992188,0.549805,0.549805,58.000000,-80.000000,22.000000,-22.000000,0.000000,22.000000
9,one-critical-short,76000,20.000,0,5,0.500,0.500,0.400,J5s,jam,-18.000000,-5.244531,21.992188,12.755469,39.992188,0.549805,0.549805,58.000000,-80.000000,22.000000,-22.000000,0.000000,22.000000
9,one-critical-short,76000,20.000,0,5,0.500,0.500,0.400,Q4s,jam,-18.000000,-5.267187,21.953125,12.732813,39.953125,0.548828,0.548828,58.000000,-80.000000,22.000000,-22.000000,0.000000,22.000000
9,one-critical-short,76000,20.000,0,5,0.500,0.500,0.400,A8o,jam,-18.000000,-5.312500,21.875000,12.687500,39.875000,0.546875,0.546875,58.000000,-80.000000,22.000000,-22.000000,0.000000,22.000000
9,one-critical-short,76000,20.000,0,5,0.500,0.500,0.400,J8o,jam,-18.000000,-5.312500,21.875000,12.687500,39.875000,0.546875,0.546875,58.000000,-80.000000,22.000000,-22.000000,0.000000,22.000000
9,one-critical-short,76000,20.000,0,5,0.500,0.500,0.400,K2s,jam,-18.000000,-5.357812,21.796875,12.642188,39.796875,0.544922,0.544922,58.000000,-80.000000,22.000000,-22.000000,0.000000,22.000000
9,one-critical-short,76000,20.000,0,5,0.500,0.500,0.400,A5s,jam,-18.000000,-5.403125,21.718750,12.596875,39.718750,0.542969,0.542969,58.000000,-80.000000,22.000000,-22.000000,0.000000,22.000000
9,one-critical-short,76000,20.000,0,5,0.500,0.500,0.400,J2o,jam,-18.000000,-5.410677,21.705729,12.589323,39.705729,0.542643,0.542643,58.000000,-80.000000,22.000000,-22.000000,0.000000,22.000000
9,one-critical-short,76000,20.000,0,5,0.500,0.500,0.400,K8s,jam,-18.000000,-5.448437,21.640625,12.551563,39.640625,0.541016,0.541016,58.000000,-80.000000,22.000000,-22.000000,0.000000,22.000000
9,one-critical-short,76000,20.000,0,5,0.500,0.500,0.400,A4s,jam,-18.000000,-5.471094,21.601562,12.528906,39.601562,0.540039,0.540039,58.000000,-80.000000,22.000000,-22.000000,0.000000,22.000000
9,one-critical-short,76000,20.000,0,5,0.500,0.500,0.400,Q8o,jam,-18.000000,-5.523958,21.510417,12.476042,39.510417,0.537760,0.537760,58.000000,-80.000000,22.000000,-22.000000,0.000000,22.000000
9,one-critical-short,76000,20.000,0,5,0.500,0.500,0.400,Q2s,jam,-18.000000,-5.539062,21.484375,12.460938,39.484375,0.537109,0.537109,58.000000,-80.000000,22.000000,-22.000000,0.000000,22.000000
9,one-critical-short,76000,20.000,0,5,0.500,0.500,0.400,A3o,jam,-18.000000,-5.546615,21.471354,12.453385,39.471354,0.536784,0.536784,58.000000,-80.000000,22.000000,-22.000000,0.000000,22.000000
9,one-critical-short,76000,20.000,0,5,0.500,0.500,0.400,Q6o,jam,-18.000000,-5.561719,21.445312,12.438281,39.445312,0.536133,0.536133,58.000000,-80.000000,22.000000,-22.000000,0.000000,22.000000
9,one-critical-short,76000,20.000,0,5,0.500,0.500,0.400,K4s,jam,-18.000000,-5.652344,21.289062,12.347656,39.289062,0.532227,0.532227,58.000000,-80.000000,22.000000,-22.000000,0.000000,22.000000
9,one-critical-short,76000,20.000,0,5,0.500,0.500,0.400,Q2o,jam,-18.000000,-5.667448,21.263021,12.332552,39.263021,0.531576,0.531576,58.000000,-80.000000,22.000000,-22.000000,0.000000,22.000000
9,one-critical-short,76000,20.000,0,5,0.500,0.500,0.400,A6o,jam,-18.000000,-5.712760,21.184896,12.287240,39.184896,0.529622,0.529622,58.000000,-80.000000,22.000000,-22.000000,0.000000,22.000000
9,one-critical-short,76000,20.000,0,5,0.500,0.500,0.400,K7o,jam,-18.000000,-5.735417,21.145833,12.264583,39.145833,0.528646,0.528646,58.000000,-80.000000,22.000000,-22.000000,0.000000,22.000000
9,one-critical-short,76000,20.000,0,5,0.500,0.500,0.400,K8o,jam,-18.000000,-5.750521,21.119792,12.249479,39.119792,0.527995,0.527995,58.000000,-80.000000,22.000000,-22.000000,0.000000,22.000000
9,one-critical-short,76000,20.000,0,5,0.500,0.500,0.400,J5o,jam,-18.000000,-5.765625,21.093750,12.234375,39.093750,0.527344,0.527344,58.000000,-80.000000,22.000000,-22.000000,0.000000,22.000000
9,one-critical-short,76000,20.000,0,5,0.500,0.500,0.400,A5o,jam,-18.000000,-5.780729,21.067708,12.219271,39.067708,0.526693,0.526693,58.000000,-80.000000,22.000000,-22.000000,0.000000,22.000000
9,one-critical-short,76000,20.000,0,5,0.500,0.500,0.400,K3s,jam,-18.000000,-5.788281,21.054688,12.211719,39.054688,0.526367,0.526367,58.000000,-80.000000,22.000000,-22.000000,0.000000,22.000000
9,one-critical-short,76000,20.000,0,5,0.500,0.500,0.400,J2s,jam,-18.000000,-5.810937,21.015625,12.189063,39.015625,0.525391,0.525391,58.000000,-80.000000,22.000000,-22.000000,0.000000,22.000000
9,one-critical-short,76000,20.000,0,5,0.500,0.500,0.400,A4o,jam,-18.000000,-5.856250,20.937500,12.143750,38.937500,0.523438,0.523438,58.000000,-80.000000,22.000000,-22.000000,0.000000,22.000000
9,one-critical-short,76000,20.000,0,5,0.500,0.500,0.400,K4o,jam,-18.000000,-5.931771,20.807292,12.068229,38.807292,0.520182,0.520182,58.000000,-80.000000,22.000000,-22.000000,0.000000,22.000000
9,one-critical-short,76000,20.000,0,5,0.500,0.500,0.400,J7o,jam,-18.000000,-5.969531,20.742188,12.030469,38.742188,0.518555,0.518555,58.000000,-80.000000,22.000000,-22.000000,0.000000,22.000000
9,one-critical-short,76000,20.000,0,5,0.500,0.500,0.400,K3o,jam,-18.000000,-5.992187,20.703125,12.007813,38.703125,0.517578,0.517578,58.000000,-80.000000,22.000000,-22.000000,0.000000,22.000000
9,one-critical-short,76000,20.000,0,5,0.500,0.500,0.400,J4o,jam,-18.000000,-5.999740,20.690104,12.000260,38.690104,0.517253,0.517253,58.000000,-80.000000,22.000000,-22.000000,0.000000,22.000000
9,one-critical-short,76000,20.000,0,5,0.500,0.500,0.400,88,jam,-18.000000,-6.007292,20.677083,11.992708,38.677083,0.516927,0.516927,58.000000,-80.000000,22.000000,-22.000000,0.000000,22.000000
9,one-critical-short,76000,20.000,0,5,0.500,0.500,0.400,A7o,jam,-18.000000,-6.075260,20.559896,11.924740,38.559896,0.513997,0.513997,58.000000,-80.000000,22.000000,-22.000000,0.000000,22.000000
9,one-critical-short,76000,20.000,0,5,0.500,0.500,0.400,Q3s,jam,-18.000000,-6.150781,20.429688,11.849219,38.429688,0.510742,0.510742,58.000000,-80.000000,22.000000,-22.000000,0.000000,22.000000
9,one-critical-short,76000,20.000,0,5,0.500,0.500,0.400,J3s,jam,-18.000000,-6.196094,20.351562,11.803906,38.351562,0.508789,0.508789,58.000000,-80.000000,22.000000,-22.000000,0.000000,22.000000
9,one-critical-short,76000,20.000,0,5,0.500,0.500,0.400,K6o,jam,-18.000000,-6.256510,20.247396,11.743490,38.247396,0.506185,0.506185,58.000000,-80.000000,22.000000,-22.000000,0.000000,22.000000
9,one-critical-short,76000,20.000,0,5,0.500,0.500,0.400,Q5o,jam,-18.000000,-6.271615,20.221354,11.728385,38.221354,0.505534,0.505534,58.000000,-80.000000,22.000000,-22.000000,0.000000,22.000000
9,one-critical-short,76000,20.000,0,5,0.500,0.500,0.400,J6o,jam,-18.000000,-6.286719,20.195312,11.713281,38.195312,0.504883,0.504883,58.000000,-80.000000,22.000000,-22.000000,0.000000,22.000000
9,one-critical-short,76000,20.000,0,5,0.500,0.500,0.400,Q3o,jam,-18.000000,-6.324479,20.130208,11.675521,38.130208,0.503255,0.503255,58.000000,-80.000000,22.000000,-22.000000,0.000000,22.000000
9,one-critical-short,76000,20.000,0,5,0.500,0.500,0.400,A2o,jam,-18.000000,-6.369792,20.052083,11.630208,38.052083,0.501302,0.501302,58.000000,-80.000000,22.000000,-22.000000,0.000000,22.000000
9,one-critical-short,76000,20.000,0,5,0.500,0.500,0.400,Q4o,jam,-18.000000,-6.392448,20.013021,11.607552,38.013021,0.500326,0.500326,58.000000,-80.000000,22.000000,-22.000000,0.000000,22.000000
9,one-critical-short,76000,20.000,0,5,0.500,0.500,0.400,Q7o,jam,-18.000000,-6.400000,20.000000,11.600000,38.000000,0.500000,0.500000,58.000000,-80.000000,22.000000,-22.000000,0.000000,22.000000
9,one-critical-short,76000,20.000,0,5,0.500,0.500,0.400,J3o,jam,-18.000000,-6.400000,20.000000,11.600000,38.000000,0.500000,0.500000,58.000000,-80.000000,22.000000,-22.000000,0.000000,22.000000
9,one-critical-short,76000,20.000,0,5,0.500,0.500,0.400,T9s,jam,-18.000000,-6.400000,20.000000,11.600000,38.000000,0.500000,0.500000,58.000000,-80.000000,22.000000,-22.000000,0.000000,22.000000
9,one-critical-short,76000,20.000,0,5,0.500,0.500,0.400,66,jam,-18.000000,-6.445312,19.921875,11.554688,37.921875,0.498047,0.498047,58.000000,-80.000000,22.000000,-22.000000,0.000000,22.000000
9,one-critical-short,76000,20.000,0,5,0.500,0.500,0.400,K2o,jam,-18.000000,-6.611458,19.635417,11.388542,37.635417,0.490885,0.490885,58.000000,-80.000000,22.000000,-22.000000,0.000000,22.000000
9,one-critical-short,76000,20.000,0,5,0.500,0.500,0.400,K5o,jam,-18.000000,-6.649219,19.570312,11.350781,37.570312,0.489258,0.489258,58.000000,-80.000000,22.000000,-22.000000,0.000000,22.000000
9,one-critical-short,76000,20.000,0,5,0.500,0.500,0.400,55,jam,-18.000000,-6.656771,19.557292,11.343229,37.557292,0.488932,0.488932,58.000000,-80.000000,22.000000,-22.000000,0.000000,22.000000
9,one-critical-short,76000,20.000,0,5,0.500,0.500,0.400,33,jam,-18.000000,-6.853125,19.218750,11.146875,37.218750,0.480469,0.480469,58.000000,-80.000000,22.000000,-22.000000,0.000000,22.000000
9,one-critical-short,76000,20.000,0,5,0.500,0.500,0.400,T9o,jam,-18.000000,-6.928646,19.088542,11.071354,37.088542,0.477214,0.477214,58.000000,-80.000000,22.000000,-22.000000,0.000000,22.000000
9,one-critical-short,76000,20.000,0,5,0.500,0.500,0.400,22,jam,-18.000000,-7.230729,18.567708,10.769271,36.567708,0.464193,0.464193,58.000000,-80.000000,22.000000,-22.000000,0.000000,22.000000
9,one-critical-short,76000,20.000,0,5,0.500,0.500,0.400,77,jam,-18.000000,-7.291146,18.463542,10.708854,36.463542,0.461589,0.461589,58.000000,-80.000000,22.000000,-22.000000,0.000000,22.000000
9,one-critical-short,76000,20.000,0,5,0.500,0.500,0.400,44,jam,-18.000000,-7.819792,17.552083,10.180208,35.552083,0.438802,0.438802,58.000000,-80.000000,22.000000,-22.000000,0.000000,22.000000
9,one-critical-short,76000,20.000,0,5,0.500,0.500,0.400,76s,jam,-18.000000,-9.209375,15.156250,8.790625,33.156250,0.378906,0.378906,58.000000,-80.000000,22.000000,-22.000000,0.000000,22.000000
9,one-critical-short,76000,20.000,0,5,0.500,0.500,0.400,72s,jam,-18.000000,-9.481250,14.687500,8.518750,32.687500,0.367188,0.367188,58.000000,-80.000000,22.000000,-22.000000,0.000000,22.000000
9,one-critical-short,76000,20.000,0,5,0.500,0.500,0.400,75s,jam,-18.000000,-9.617187,14.453125,8.382813,32.453125,0.361328,0.361328,58.000000,-80.000000,22.000000,-22.000000,0.000000,22.000000
9,one-critical-short,76000,20.000,0,5,0.500,0.500,0.400,42s,jam,-18.000000,-9.639844,14.414062,8.360156,32.414062,0.360352,0.360352,58.000000,-80.000000,22.000000,-22.000000,0.000000,22.000000
9,one-critical-short,76000,20.000,0,5,0.500,0.500,0.400,54o,jam,-18.000000,-9.654948,14.388021,8.345052,32.388021,0.359701,0.359701,58.000000,-80.000000,22.000000,-22.000000,0.000000,22.000000
9,one-critical-short,76000,20.000,0,5,0.500,0.500,0.400,76o,jam,-18.000000,-9.670052,14.361979,8.329948,32.361979,0.359049,0.359049,58.000000,-80.000000,22.000000,-22.000000,0.000000,22.000000
9,one-critical-short,76000,20.000,0,5,0.500,0.500,0.400,43s,jam,-18.000000,-9.753125,14.218750,8.246875,32.218750,0.355469,0.355469,58.000000,-80.000000,22.000000,-22.000000,0.000000,22.000000
9,one-critical-short,76000,20.000,0,5,0.500,0.500,0.400,52s,jam,-18.000000,-9.821094,14.101562,8.178906,32.101562,0.352539,0.352539,58.000000,-80.000000,22.000000,-22.000000,0.000000,22.000000
9,one-critical-short,76000,20.000,0,5,0.500,0.500,0.400,T3s,jam,-18.000000,-9.873958,14.010417,8.126042,32.010417,0.350260,0.350260,58.000000,-80.000000,22.000000,-22.000000,0.000000,22.000000
9,one-critical-short,76000,20.000,0,5,0.500,0.500,0.400,86s,jam,-18.000000,-9.889062,13.984375,8.110938,31.984375,0.349609,0.349609,58.000000,-80.000000,22.000000,-22.000000,0.000000,22.000000
9,one-critical-short,76000,20.000,0,5,0.500,0.500,0.400,73s,jam,-18.000000,-9.889062,13.984375,8.110938,31.984375,0.349609,0.349609,58.000000,-80.000000,22.000000,-22.000000,0.000000,22.000000
9,one-critical-short,76000,20.000,0,5,0.500,0.500,0.400,87o,jam,-18.000000,-9.934375,13.906250,8.065625,31.906250,0.347656,0.347656,58.000000,-80.000000,22.000000,-22.000000,0.000000,22.000000
9,one-critical-short,76000,20.000,0,5,0.500,0.500,0.400,85s,jam,-18.000000,-9.934375,13.906250,8.065625,31.906250,0.347656,0.347656,58.000000,-80.000000,22.000000,-22.000000,0.000000,22.000000
9,one-critical-short,76000,20.000,0,5,0.500,0.500,0.400,74s,jam,-18.000000,-9.979687,13.828125,8.020313,31.828125,0.345703,0.345703,58.000000,-80.000000,22.000000,-22.000000,0.000000,22.000000
9,one-critical-short,76000,20.000,0,5,0.500,0.500,0.400,63s,jam,-18.000000,-9.979687,13.828125,8.020313,31.828125,0.345703,0.345703,58.000000,-80.000000,22.000000,-22.000000,0.000000,22.000000
9,one-critical-short,76000,20.000,0,5,0.500,0.500,0.400,T8s,jam,-18.000000,-9.994792,13.802083,8.005208,31.802083,0.345052,0.345052,58.000000,-80.000000,22.000000,-22.000000,0.000000,22.000000
9,one-critical-short,76000,20.000,0,5,0.500,0.500,0.400,65s,jam,-18.000000,-10.025000,13.750000,7.975000,31.750000,0.343750,0.343750,58.000000,-80.000000,22.000000,-22.000000,0.000000,22.000000
9,one-critical-short,76000,20.000,0,5,0.500,0.500,0.400,53s,jam,-18.000000,-10.092969,13.632812,7.907031,31.632812,0.340820,0.340820,58.000000,-80.000000,22.000000,-22.000000,0.000000,22.000000
9,one-critical-short,76000,20.000,0,5,0.500,0.500,0.400,87s,jam,-18.000000,-10.183594,13.476562,7.816406,31.476562,0.336914,0.336914,58.000000,-80.000000,22.000000,-22.000000,0.000000,22.000000
9,one-critical-short,76000,20.000,0,5,0.500,0.500,0.400,53o,jam,-18.000000,-10.191146,13.463542,7.808854,31.463542,0.336589,0.336589,58.000000,-80.000000,22.000000,-22.000000,0.000000,22.000000
9,one-critical-short,76000,20.000,0,5,0.500,0.500,0.400,65o,jam,-18.000000,-10.206250,13.437500,7.793750,31.437500,0.335938,0.335938,58.000000,-80.000000,22.000000,-22.000000,0.000000,22.000000
9,one-critical-short,76000,20.000,0,5,0.500,0.500,0.400,52o,jam,-18.000000,-10.311979,13.255208,7.688021,31.255208,0.331380,0.331380,58.000000,-80.000000,22.000000,-22.000000,0.000000,22.000000
9,one-critical-short,76000,20.000,0,5,0.500,0.500,0.400,32o,jam,-18.000000,-10.334635,13.216146,7.665365,31.216146,0.330404,0.330404,58.000000,-80.000000,22.000000,-22.000000,0.000000,22.000000
9,one-critical-short,76000,20.000,0,5,0.500,0.500,0.400,64o,jam,-18.000000,-10.395052,13.111979,7.604948,31.111979,0.327799,0.327799,58.000000,-80.000000,22.000000,-22.000000,0.000000,22.000000
9,one-critical-short,76000,20.000,0,5,0.500,0.500,0.400,84s,jam,-18.000000,-10.410156,13.085938,7.589844,31.085938,0.327148,0.327148,58.000000,-80.000000,22.000000,-22.000000,0.000000,22.000000
9,one-critical-short,76000,20.000,0,5,0.500,0.500,0.400,62s,jam,-18.000000,-10.432812,13.046875,7.567188,31.046875,0.326172,0.326172,58.000000,-80.000000,22.000000,-22.000000,0.000000,22.000000
9,one-critical-short,76000,20.000,0,5,0.500,0.500,0.400,63o,jam,-18.000000,-10.447917,13.020833,7.552083,31.020833,0.325521,0.325521,58.000000,-80.000000,22.000000,-22.000000,0.000000,22.000000
9,one-critical-short,76000,20.000,0,5,0.500,0.500,0.400,42o,jam,-18.000000,-10.478125,12.968750,7.521875,30.968750,0.324219,0.324219,58.000000,-80.000000,22.000000,-22.000000,0.000000,22.000000
9,one-critical-short,76000,20.000,0,5,0.500,0.500,0.400,43o,jam,-18.000000,-10.493229,12.942708,7.506771,30.942708,0.323568,0.323568,58.000000,-80.000000,22.000000,-22.000000,0.000000,22.000000
9,one-critical-short,76000,20.000,0,5,0.500,0.500,0.400,54s,jam,-18.000000,-10.500781,12.929688,7.499219,30.929688,0.323242,0.323242,58.000000,-80.000000,22.000000,-22.000000,0.000000,22.000000
9,one-critical-short,76000,20.000,0,5,0.500,0.500,0.400,T6s,jam,-18.000000,-10.508333,12.916667,7.491667,30.916667,0.322917,0.322917,58.000000,-80.000000,22.000000,-22.000000,0.000000,22.000000
9,one-critical-short,76000,20.000,0,5,0.500,0.500,0.400,92s,jam,-18.000000,-10.508333,12.916667,7.491667,30.916667,0.322917,0.322917,58.000000,-80.000000,22.000000,-22.000000,0.000000,22.000000
9,one-critical-short,76000,20.000,0,5,0.500,0.500,0.400,62o,jam,-18.000000,-10.553646,12.838542,7.446354,30.838542,0.320964,0.320964,58.000000,-80.000000,22.000000,-22.000000,0.000000,22.000000
9,one-critical-short,76000,20.000,0,5,0.500,0.500,0.400,96s,jam,-18.000000,-10.568750,12.812500,7.431250,30.812500,0.320312,0.320312,58.000000,-80.000000,22.000000,-22.000000,0.000000,22.000000
9,one-critical-short,76000,20.000,0,5,0.500,0.500,0.400,75o,jam,-18.000000,-10.576302,12.799479,7.423698,30.799479,0.319987,0.319987,58.000000,-80.000000,22.000000,-22.000000,0.000000,22.000000
9,one-critical-short,76000,20.000,0,5,0.500,0.500,0.400,86o,jam,-18.000000,-10.644271,12.682292,7.355729,30.682292,0.317057,0.317057,58.000000,-80.000000,22.000000,-22.000000,0.000000,22.000000
9,one-critical-short,76000,20.000,0,5,0.500,0.500,0.400,T2s,jam,-18.000000,-10.659375,12.656250,7.340625,30.656250,0.316406,0.316406,58.000000,-80.000000,22.000000,-22.000000,0.000000,22.000000
9,one-critical-short,76000,20.000,0,5,0.500,0.500,0.400,82s,jam,-18.000000,-10.704687,12.578125,7.295313,30.578125,0.314453,0.314453,58.000000,-80.000000,22.000000,-22.000000,0.000000,22.000000
9,one-critical-short,76000,20.000,0,5,0.500,0.500,0.400,83s,jam,-18.000000,-10.727344,12.539062,7.272656,30.539062,0.313477,0.313477,58.000000,-80.000000,22.000000,-22.000000,0.000000,22.000000
9,one-critical-short,76000,20.000,0,5,0.500,0.500,0.400,T7s,jam,-18.000000,-10.780208,12.447917,7.219792,30.447917,0.311198,0.311198,58.000000,-80.000000,22.000000,-22.000000,0.000000,22.000000
9,one-critical-short,76000,20.000,0,5,0.500,0.500,0.400,T5s,jam,-18.000000,-10.901042,12.239583,7.098958,30.239583,0.305990,0.305990,58.000000,-80.000000,22.000000,-22.000000,0.000000,22.000000
9,one-critical-short,76000,20.000,0,5,0.500,0.500,0.400,85o,jam,-18.000000,-10.969010,12.122396,7.030990,30.122396,0.303060,0.303060,58.000000,-80.000000,22.000000,-22.000000,0.000000,22.000000
9,one-critical-short,76000,20.000,0,5,0.500,0.500,0.400,84o,jam,-18.000000,-10.984115,12.096354,7.015885,30.096354,0.302409,0.302409,58.000000,-80.000000,22.000000,-22.000000,0.000000,22.000000
9,one-critical-short,76000,20.000,0,5,0.500,0.500,0.400,T4s,jam,-18.000000,-10.991667,12.083333,7.008333,30.083333,0.302083,0.302083,58.000000,-80.000000,22.000000,-22.000000,0.000000,22.000000
9,one-critical-short,76000,20.000,0,5,0.500,0.500,0.400,93s,jam,-18.000000,-10.991667,12.083333,7.008333,30.083333,0.302083,0.302083,58.000000,-80.000000,22.000000,-22.000000,0.000000,22.000000
9,one-critical-short,76000,20.000,0,5,0.500,0.500,0.400,73o,jam,-18.000000,-11.029427,12.018229,6.970573,30.018229,0.300456,0.300456,58.000000,-80.000000,22.000000,-22.000000,0.000000,22.000000
9,one-critical-short,76000,20.000,0,5,0.500,0.500,0.400,74o,jam,-18.000000,-11.089844,11.914062,6.910156,29.914062,0.297852,0.297852,58.000000,-80.000000,22.000000,-22.000000,0.000000,22.000000
9,one-critical-short,76000,20.000,0,5,0.500,0.500,0.400,97s,jam,-18.000000,-11.112500,11.875000,6.887500,29.875000,0.296875,0.296875,58.000000,-80.000000,22.000000,-22.000000,0.000000,22.000000
9,one-critical-short,76000,20.000,0,5,0.500,0.500,0.400,94s,jam,-18.000000,-11.142708,11.822917,6.857292,29.822917,0.295573,0.295573,58.000000,-80.000000,22.000000,-22.000000,0.000000,22.000000
9,one-critical-short,76000,20.000,0,5,0.500,0.500,0.400,95s,jam,-18.000000,-11.263542,11.614583,6.736458,29.614583,0.290365,0.290365,58.000000,-80.000000,22.000000,-22.000000,0.000000,22.000000
9,one-critical-short,76000,20.000,0,5,0.500,0.500,0.400,T6o,jam,-18.000000,-11.273611,11.597222,6.726389,29.597222,0.289931,0.289931,58.000000,-80.000000,22.000000,-22.000000,0.000000,22.000000
9,one-critical-short,76000,20.000,0,5,0.500,0.500,0.400,T2o,jam,-18.000000,-11.273611,11.597222,6.726389,29.597222,0.289931,0.289931,58.000000,-80.000000,22.000000,-22.000000,0.000000,22.000000
9,one-critical-short,76000,20.000,0,5,0.500,0.500,0.400,T5o,jam,-18.000000,-11.293750,11.562500,6.706250,29.562500,0.289062,0.289062,58.000000,-80.000000,22.000000,-22.000000,0.000000,22.000000
9,one-critical-short,76000,20.000,0,5,0.500,0.500,0.400,72o,jam,-18.000000,-11.308854,11.536458,6.691146,29.536458,0.288411,0.288411,58.000000,-80.000000,22.000000,-22.000000,0.000000,22.000000
9,one-critical-short,76000,20.000,0,5,0.500,0.500,0.400,T8o,jam,-18.000000,-11.313889,11.527778,6.686111,29.527778,0.288194,0.288194,58.000000,-80.000000,22.000000,-22.000000,0.000000,22.000000
9,one-critical-short,76000,20.000,0,5,0.500,0.500,0.400,98s,jam,-18.000000,-11.323958,11.510417,6.676042,29.510417,0.287760,0.287760,58.000000,-80.000000,22.000000,-22.000000,0.000000,22.000000
9,one-critical-short,76000,20.000,0,5,0.500,0.500,0.400,64s,jam,-18.000000,-11.339062,11.484375,6.660938,29.484375,0.287109,0.287109,58.000000,-80.000000,22.000000,-22.000000,0.000000,22.000000
9,one-critical-short,76000,20.000,0,5,0.500,0.500,0.400,T7o,jam,-18.000000,-11.414583,11.354167,6.585417,29.354167,0.283854,0.283854,58.000000,-80.000000,22.000000,-22.000000,0.000000,22.000000
9,one-critical-short,76000,20.000,0,5,0.500,0.500,0.400,82o,jam,-18.000000,-11.475000,11.250000,6.525000,29.250000,0.281250,0.281250,58.000000,-80.000000,22.000000,-22.000000,0.000000,22.000000
9,one-critical-short,76000,20.000,0,5,0.500,0.500,0.400,83o,jam,-18.000000,-11.542969,11.132812,6.457031,29.132812,0.278320,0.278320,58.000000,-80.000000,22.000000,-22.000000,0.000000,22.000000
9,one-critical-short,76000,20.000,0,5,0.500,0.500,0.400,32s,jam,-18.000000,-11.633594,10.976562,6.366406,28.976562,0.274414,0.274414,58.000000,-80.000000,22.000000,-22.000000,0.000000,22.000000
9,one-critical-short,76000,20.000,0,5,0.500,0.500,0.400,T4o,jam,-18.000000,-11.646181,10.954861,6.353819,28.954861,0.273872,0.273872,58.000000,-80.000000,22.000000,-22.000000,0.000000,22.000000
9,one-critical-short,76000,20.000,0,5,0.500,0.500,0.400,T3o,jam,-18.000000,-11.686458,10.885417,6.313542,28.885417,0.272135,0.272135,58.000000,-80.000000,22.000000,-22.000000,0.000000,22.000000
9,one-critical-short,76000,20.000,0,5,0.500,0.500,0.400,93o,jam,-18.000000,-11.746875,10.781250,6.253125,28.781250,0.269531,0.269531,58.000000,-80.000000,22.000000,-22.000000,0.000000,22.000000
9,one-critical-short,76000,20.000,0,5,0.500,0.500,0.400,98o,jam,-18.000000,-11.938194,10.451389,6.061806,28.451389,0.261285,0.261285,58.000000,-80.000000,22.000000,-22.000000,0.000000,22.000000
9,one-critical-short,76000,20.000,0,5,0.500,0.500,0.400,96o,jam,-18.000000,-12.008681,10.329861,5.991319,28.329861,0.258247,0.258247,58.000000,-80.000000,22.000000,-22.000000,0.000000,22.000000
9,one-critical-short,76000,20.000,0,5,0.500,0.500,0.400,97o,jam,-18.000000,-12.018750,10.312500,5.981250,28.312500,0.257812,0.257812,58.000000,-80.000000,22.000000,-22.000000,0.000000,22.000000
9,one-critical-short,76000,20.000,0,5,0.500,0.500,0.400,94o,jam,-18.000000,-12.159722,10.069444,5.840278,28.069444,0.251736,0.251736,58.000000,-80.000000,22.000000,-22.000000,0.000000,22.000000
9,one-critical-short,76000,20.000,0,5,0.500,0.500,0.400,92o,jam,-18.000000,-12.401389,9.652778,5.598611,27.652778,0.241319,0.241319,58.000000,-80.000000,22.000000,-22.000000,0.000000,22.000000
9,one-critical-short,76000,20.000,0,5,0.500,0.500,0.400,95o,jam,-18.000000,-12.733681,9.079861,5.266319,27.079861,0.226997,0.226997,58.000000,-80.000000,22.000000,-22.000000,0.000000,22.000000
9,one-medium-short,76000,20.000,0,5,0.500,0.050,0.400,QQ,jam,0.000000,14.872917,39.350694,14.872917,39.350694,0.817057,0.837674,40.000000,-55.000000,15.000000,-40.000000,25.000000,15.000000
9,one-medium-short,76000,20.000,0,5,0.500,0.050,0.400,JJ,jam,0.000000,15.018750,39.284722,15.018750,39.284722,0.826172,0.821181,40.000000,-55.000000,15.000000,-40.000000,25.000000,15.000000
9,one-medium-short,76000,20.000,0,5,0.500,0.050,0.400,TT,jam,0.000000,14.862500,39.276042,14.862500,39.276042,0.816406,0.819010,40.000000,-55.000000,15.000000,-40.000000,25.000000,15.000000
9,one-medium-short,76000,20.000,0,5,0.500,0.050,0.400,KK,jam,0.000000,14.289583,39.270833,14.289583,39.270833,0.780599,0.817708,40.000000,-55.000000,15.000000,-40.000000,25.000000,15.000000
9,one-medium-short,76000,20.000,0,5,0.500,0.050,0.400,AA,jam,0.000000,14.404167,39.258681,14.404167,39.258681,0.787760,0.814670,40.000000,-55.000000,15.000000,-40.000000,25.000000,15.000000
9,one-medium-short,76000,20.000,0,5,0.500,0.050,0.400,AQs,jam,0.000000,12.065625,38.007812,12.065625,38.007812,0.641602,0.501953,40.000000,-55.000000,15.000000,-40.000000,25.000000,15.000000
9,one-medium-short,76000,20.000,0,5,0.500,0.050,0.400,99,jam,0.000000,11.737500,38.000000,11.737500,38.000000,0.621094,0.500000,40.000000,-55.000000,15.000000,-40.000000,25.000000,15.000000
9,one-medium-short,76000,20.000,0,5,0.500,0.050,0.400,KQs,jam,0.000000,12.315625,37.968750,12.315625,37.968750,0.657227,0.492188,40.000000,-55.000000,15.000000,-40.000000,25.000000,15.000000
9,one-medium-short,76000,20.000,0,5,0.500,0.050,0.400,JTs,jam,0.000000,13.050000,37.963542,13.050000,37.963542,0.703125,0.490885,40.000000,-55.000000,15.000000,-40.000000,25.000000,15.000000
9,one-medium-short,76000,20.000,0,5,0.500,0.050,0.400,QJs,jam,0.000000,12.300000,37.906250,12.300000,37.906250,0.656250,0.476562,40.000000,-55.000000,15.000000,-40.000000,25.000000,15.000000
9,one-medium-short,76000,20.000,0,5,0.500,0.050,0.400,QTs,jam,0.000000,12.945833,37.893229,12.945833,37.893229,0.696615,0.473307,40.000000,-55.000000,15.000000,-40.000000,25.000000,15.000000
9,one-medium-short,76000,20.000,0,5,0.500,0.050,0.400,ATs,jam,0.000000,12.716667,37.882812,12.716667,37.882812,0.682292,0.470703,40.000000,-55.000000,15.000000,-40.000000,25.000000,15.000000
9,one-medium-short,76000,20.000,0,5,0.500,0.050,0.400,AJs,jam,0.000000,12.050000,37.872396,12.050000,37.872396,0.640625,0.468099,40.000000,-55.000000,15.000000,-40.000000,25.000000,15.000000
9,one-medium-short,76000,20.000,0,5,0.500,0.050,0.400,KTs,jam,0.000000,12.550000,37.867188,12.550000,37.867188,0.671875,0.466797,40.000000,-55.000000,15.000000,-40.000000,25.000000,15.000000
9,one-medium-short,76000,20.000,0,5,0.500,0.050,0.400,AJo,jam,0.000000,11.508333,37.862847,11.508333,37.862847,0.606771,0.465712,40.000000,-55.000000,15.000000,-40.000000,25.000000,15.000000
9,one-medium-short,76000,20.000,0,5,0.500,0.050,0.400,AKs,jam,0.000000,11.987500,37.828125,11.987500,37.828125,0.636719,0.457031,40.000000,-55.000000,15.000000,-40.000000,25.000000,15.000000
9,one-medium-short,76000,20.000,0,5,0.500,0.050,0.400,QJo,jam,0.000000,11.758333,37.818576,11.758333,37.818576,0.622396,0.454644,40.000000,-55.000000,15.000000,-40.000000,25.000000,15.000000
9,one-medium-short,76000,20.000,0,5,0.500,0.050,0.400,QTo,jam,0.000000,12.480556,37.811632,12.480556,37.811632,0.667535,0.452908,40.000000,-55.000000,15.000000,-40.000000,25.000000,15.000000
9,one-medium-short,76000,20.000,0,5,0.500,0.050,0.400,JTo,jam,0.000000,12.890278,37.803819,12.890278,37.803819,0.693142,0.450955,40.000000,-55.000000,15.000000,-40.000000,25.000000,15.000000
9,one-medium-short,76000,20.000,0,5,0.500,0.050,0.400,KJs,jam,0.000000,12.190625,37.802083,12.190625,37.802083,0.649414,0.450521,40.000000,-55.000000,15.000000,-40.000000,25.000000,15.000000
9,one-medium-short,76000,20.000,0,5,0.500,0.050,0.400,AQo,jam,0.000000,11.044792,37.772569,11.044792,37.772569,0.577799,0.443142,40.000000,-55.000000,15.000000,-40.000000,25.000000,15.000000
9,one-medium-short,76000,20.000,0,5,0.500,0.050,0.400,ATo,jam,0.000000,12.973611,37.762153,12.973611,37.762153,0.698351,0.440538,40.000000,-55.000000,15.000000,-40.000000,25.000000,15.000000
9,one-medium-short,76000,20.000,0,5,0.500,0.050,0.400,KJo,jam,0.000000,11.326042,37.753472,11.326042,37.753472,0.595378,0.438368,40.000000,-55.000000,15.000000,-40.000000,25.000000,15.000000
9,one-medium-short,76000,20.000,0,5,0.500,0.050,0.400,KTo,jam,0.000000,12.737500,37.747396,12.737500,37.747396,0.683594,0.436849,40.000000,-55.000000,15.000000,-40.000000,25.000000,15.000000
9,one-medium-short,76000,20.000,0,5,0.500,0.050,0.400,AKo,jam,0.000000,10.971875,37.738715,10.971875,37.738715,0.573242,0.434679,40.000000,-55.000000,15.000000,-40.000000,25.000000,15.000000
9,one-medium-short,76000,20.000,0,5,0.500,0.050,0.400,KQo,jam,0.000000,11.393750,37.724826,11.393750,37.724826,0.599609,0.431207,40.000000,-55.000000,15.000000,-40.000000,25.000000,15.000000
9,one-medium-short,76000,20.000,0,5,0.500,0.050,0.400,T9o,jam,0.000000,9.435417,37.526042,9.435417,37.526042,0.477214,0.381510,40.000000,-55.000000,15.000000,-40.000000,25.000000,15.000000
9,one-medium-short,76000,20.000,0,5,0.500,0.050,0.400,T9s,jam,0.000000,9.800000,37.515625,9.800000,37.515625,0.500000,0.378906,40.000000,-55.000000,15.000000,-40.000000,25.000000,15.000000
9,one-medium-short,76000,20.000,0,5,0.500,0.050,0.400,A4s,jam,0.000000,10.440625,37.471354,10.440625,37.471354,0.540039,0.367839,40.000000,-55.000000,15.000000,-40.000000,25.000000,15.000000
9,one-medium-short,76000,20.000,0,5,0.500,0.050,0.400,A5s,jam,0.000000,10.487500,37.450521,10.487500,37.450521,0.542969,0.362630,40.000000,-55.000000,15.000000,-40.000000,25.000000,15.000000
9,one-medium-short,76000,20.000,0,5,0.500,0.050,0.400,Q9s,jam,0.000000,12.425000,37.437500,12.425000,37.437500,0.664062,0.359375,40.000000,-55.000000,15.000000,-40.000000,25.000000,15.000000
9,one-medium-short,76000,20.000,0,5,0.500,0.050,0.400,J9s,jam,0.000000,13.737500,37.411458,13.737500,37.411458,0.746094,0.352865,40.000000,-55.000000,15.000000,-40.000000,25.000000,15.000000
9,one-medium-short,76000,20.000,0,5,0.500,0.050,0.400,Q3s,jam,0.000000,9.971875,37.395833,9.971875,37.395833,0.510742,0.348958,40.000000,-55.000000,15.000000,-40.000000,25.000000,15.000000
9,one-medium-short,76000,20.000,0,5,0.500,0.050,0.400,J8s,jam,0.000000,11.221875,37.390625,11.221875,37.390625,0.588867,0.347656,40.000000,-55.000000,15.000000,-40.000000,25.000000,15.000000
9,one-medium-short,76000,20.000,0,5,0.500,0.050,0.400,T6s,jam,0.000000,6.966667,37.390625,6.966667,37.390625,0.322917,0.347656,40.000000,-55.000000,15.000000,-40.000000,25.000000,15.000000
9,one-medium-short,76000,20.000,0,5,0.500,0.050,0.400,T8s,jam,0.000000,7.320833,37.388021,7.320833,37.388021,0.345052,0.347005,40.000000,-55.000000,15.000000,-40.000000,25.000000,15.000000
9,one-medium-short,76000,20.000,0,5,0.500,0.050,0.400,K7s,jam,0.000000,10.596875,37.369792,10.596875,37.369792,0.549805,0.342448,40.000000,-55.000000,15.000000,-40.000000,25.000000,15.000000
9,one-medium-short,76000,20.000,0,5,0.500,0.050,0.400,K9s,jam,0.000000,12.341667,37.364583,12.341667,37.364583,0.658854,0.341146,40.000000,-55.000000,15.000000,-40.000000,25.000000,15.000000
9,one-medium-short,76000,20.000,0,5,0.500,0.050,0.400,J6s,jam,0.000000,11.315625,37.364583,11.315625,37.364583,0.594727,0.341146,40.000000,-55.000000,15.000000,-40.000000,25.000000,15.000000
9,one-medium-short,76000,20.000,0,5,0.500,0.050,0.400,Q9o,jam,0.000000,12.577778,37.355903,12.577778,37.355903,0.673611,0.338976,40.000000,-55.000000,15.000000,-40.000000,25.000000,15.000000
9,one-medium-short,76000,20.000,0,5,0.500,0.050,0.400,A9s,jam,0.000000,12.758333,37.348958,12.758333,37.348958,0.684896,0.337240,40.000000,-55.000000,15.000000,-40.000000,25.000000,15.000000
9,one-medium-short,76000,20.000,0,5,0.500,0.050,0.400,K5s,jam,0.000000,11.050000,37.341146,11.050000,37.341146,0.578125,0.335286,40.000000,-55.000000,15.000000,-40.000000,25.000000,15.000000
9,one-medium-short,76000,20.000,0,5,0.500,0.050,0.400,J5s,jam,0.000000,10.596875,37.335938,10.596875,37.335938,0.549805,0.333984,40.000000,-55.000000,15.000000,-40.000000,25.000000,15.000000
9,one-medium-short,76000,20.000,0,5,0.500,0.050,0.400,Q8s,jam,0.000000,11.221875,37.317708,11.221875,37.317708,0.588867,0.329427,40.000000,-55.000000,15.000000,-40.000000,25.000000,15.000000
9,one-medium-short,76000,20.000,0,5,0.500,0.050,0.400,Q7s,jam,0.000000,11.034375,37.312500,11.034375,37.312500,0.577148,0.328125,40.000000,-55.000000,15.000000,-40.000000,25.000000,15.000000
9,one-medium-short,76000,20.000,0,5,0.500,0.050,0.400,T5s,jam,0.000000,6.695833,37.312500,6.695833,37.312500,0.305990,0.328125,40.000000,-55.000000,15.000000,-40.000000,25.000000,15.000000
9,one-medium-short,76000,20.000,0,5,0.500,0.050,0.400,A6s,jam,0.000000,10.831250,37.299479,10.831250,37.299479,0.564453,0.324870,40.000000,-55.000000,15.000000,-40.000000,25.000000,15.000000
9,one-medium-short,76000,20.000,0,5,0.500,0.050,0.400,K3s,jam,0.000000,10.221875,37.299479,10.221875,37.299479,0.526367,0.324870,40.000000,-55.000000,15.000000,-40.000000,25.000000,15.000000
9,one-medium-short,76000,20.000,0,5,0.500,0.050,0.400,A3s,jam,0.000000,11.112500,37.296875,11.112500,37.296875,0.582031,0.324219,40.000000,-55.000000,15.000000,-40.000000,25.000000,15.000000
9,one-medium-short,76000,20.000,0,5,0.500,0.050,0.400,A2s,jam,0.000000,10.862500,37.296875,10.862500,37.296875,0.566406,0.324219,40.000000,-55.000000,15.000000,-40.000000,25.000000,15.000000
9,one-medium-short,76000,20.000,0,5,0.500,0.050,0.400,K8s,jam,0.000000,10.456250,37.291667,10.456250,37.291667,0.541016,0.322917,40.000000,-55.000000,15.000000,-40.000000,25.000000,15.000000
9,one-medium-short,76000,20.000,0,5,0.500,0.050,0.400,A8s,jam,0.000000,11.159375,37.283854,11.159375,37.283854,0.584961,0.320964,40.000000,-55.000000,15.000000,-40.000000,25.000000,15.000000
9,one-medium-short,76000,20.000,0,5,0.500,0.050,0.400,J2s,jam,0.000000,10.206250,37.273438,10.206250,37.273438,0.525391,0.318359,40.000000,-55.000000,15.000000,-40.000000,25.000000,15.000000
9,one-medium-short,76000,20.000,0,5,0.500,0.050,0.400,K2s,jam,0.000000,10.518750,37.257812,10.518750,37.257812,0.544922,0.314453,40.000000,-55.000000,15.000000,-40.000000,25.000000,15.000000
9,one-medium-short,76000,20.000,0,5,0.500,0.050,0.400,T7s,jam,0.000000,6.779167,37.252604,6.779167,37.252604,0.311198,0.313151,40.000000,-55.000000,15.000000,-40.000000,25.000000,15.000000
9,one-medium-short,76000,20.000,0,5,0.500,0.050,0.400,A5o,jam,0.000000,10.227083,37.245660,10.227083,37.245660,0.526693,0.311415,40.000000,-55.000000,15.000000,-40.000000,25.000000,15.000000
9,one-medium-short,76000,20.000,0,5,0.500,0.050,0.400,T5o,jam,0.000000,6.425000,37.245660,6.425000,37.245660,0.289062,0.311415,40.000000,-55.000000,15.000000,-40.000000,25.000000,15.000000
9,one-medium-short,76000,20.000,0,5,0.500,0.050,0.400,T3s,jam,0.000000,7.404167,37.244792,7.404167,37.244792,0.350260,0.311198,40.000000,-55.000000,15.000000,-40.000000,25.000000,15.000000
9,one-medium-short,76000,20.000,0,5,0.500,0.050,0.400,A7s,jam,0.000000,10.612500,37.236979,10.612500,37.236979,0.550781,0.309245,40.000000,-55.000000,15.000000,-40.000000,25.000000,15.000000
9,one-medium-short,76000,20.000,0,5,0.500,0.050,0.400,Q5s,jam,0.000000,10.675000,37.234375,10.675000,37.234375,0.554688,0.308594,40.000000,-55.000000,15.000000,-40.000000,25.000000,15.000000
9,one-medium-short,76000,20.000,0,5,0.500,0.050,0.400,K4s,jam,0.000000,10.315625,37.234375,10.315625,37.234375,0.532227,0.308594,40.000000,-55.000000,15.000000,-40.000000,25.000000,15.000000
9,one-medium-short,76000,20.000,0,5,0.500,0.050,0.400,A9o,jam,0.000000,12.334722,37.232639,12.334722,37.232639,0.658420,0.308160,40.000000,-55.000000,15.000000,-40.000000,25.000000,15.000000
9,one-medium-short,76000,20.000,0,5,0.500,0.050,0.400,A7o,jam,0.000000,10.023958,37.230903,10.023958,37.230903,0.513997,0.307726,40.000000,-55.000000,15.000000,-40.000000,25.000000,15.000000
9,one-medium-short,76000,20.000,0,5,0.500,0.050,0.400,Q2s,jam,0.000000,10.393750,37.226562,10.393750,37.226562,0.537109,0.306641,40.000000,-55.000000,15.000000,-40.000000,25.000000,15.000000
9,one-medium-short,76000,20.000,0,5,0.500,0.050,0.400,K6s,jam,0.000000,10.659375,37.223958,10.659375,37.223958,0.553711,0.305990,40.000000,-55.000000,15.000000,-40.000000,25.000000,15.000000
9,one-medium-short,76000,20.000,0,5,0.500,0.050,0.400,J4s,jam,0.000000,11.362500,37.221354,11.362500,37.221354,0.597656,0.305339,40.000000,-55.000000,15.000000,-40.000000,25.000000,15.000000
9,one-medium-short,76000,20.000,0,5,0.500,0.050,0.400,J9o,jam,0.000000,12.522222,37.218750,12.522222,37.218750,0.670139,0.304688,40.000000,-55.000000,15.000000,-40.000000,25.000000,15.000000
9,one-medium-short,76000,20.000,0,5,0.500,0.050,0.400,T4s,jam,0.000000,6.633333,37.216146,6.633333,37.216146,0.302083,0.304036,40.000000,-55.000000,15.000000,-40.000000,25.000000,15.000000
9,one-medium-short,76000,20.000,0,5,0.500,0.050,0.400,J7o,jam,0.000000,10.096875,37.214410,10.096875,37.214410,0.518555,0.303602,40.000000,-55.000000,15.000000,-40.000000,25.000000,15.000000
9,one-medium-short,76000,20.000,0,5,0.500,0.050,0.400,Q6s,jam,0.000000,10.737500,37.213542,10.737500,37.213542,0.558594,0.303385,40.000000,-55.000000,15.000000,-40.000000,25.000000,15.000000
9,one-medium-short,76000,20.000,0,5,0.500,0.050,0.400,Q4s,jam,0.000000,10.581250,37.213542,10.581250,37.213542,0.548828,0.303385,40.000000,-55.000000,15.000000,-40.000000,25.000000,15.000000
9,one-medium-short,76000,20.000,0,5,0.500,0.050,0.400,Q4o,jam,0.000000,9.805208,37.211806,9.805208,37.211806,0.500326,0.302951,40.000000,-55.000000,15.000000,-40.000000,25.000000,15.000000
9,one-medium-short,76000,20.000,0,5,0.500,0.050,0.400,A2o,jam,0.000000,9.820833,37.205729,9.820833,37.205729,0.501302,0.301432,40.000000,-55.000000,15.000000,-40.000000,25.000000,15.000000
9,one-medium-short,76000,20.000,0,5,0.500,0.050,0.400,A4o,jam,0.000000,10.175000,37.196181,10.175000,37.196181,0.523438,0.299045,40.000000,-55.000000,15.000000,-40.000000,25.000000,15.000000
9,one-medium-short,76000,20.000,0,5,0.500,0.050,0.400,T7o,jam,0.000000,6.341667,37.194444,6.341667,37.194444,0.283854,0.298611,40.000000,-55.000000,15.000000,-40.000000,25.000000,15.000000
9,one-medium-short,76000,20.000,0,5,0.500,0.050,0.400,Q8o,jam,0.000000,10.404167,37.193576,10.404167,37.193576,0.537760,0.298394,40.000000,-55.000000,15.000000,-40.000000,25.000000,15.000000
9,one-medium-short,76000,20.000,0,5,0.500,0.050,0.400,J7s,jam,0.000000,10.893750,37.187500,10.893750,37.187500,0.568359,0.296875,40.000000,-55.000000,15.000000,-40.000000,25.000000,15.000000
9,one-medium-short,76000,20.000,0,5,0.500,0.050,0.400,T8o,jam,0.000000,6.411111,37.185764,6.411111,37.185764,0.288194,0.296441,40.000000,-55.000000,15.000000,-40.000000,25.000000,15.000000
9,one-medium-short,76000,20.000,0,5,0.500,0.050,0.400,J3s,jam,0.000000,9.940625,37.179688,9.940625,37.179688,0.508789,0.294922,40.000000,-55.000000,15.000000,-40.000000,25.000000,15.000000
9,one-medium-short,76000,20.000,0,5,0.500,0.050,0.400,T2s,jam,0.000000,6.862500,37.179688,6.862500,37.179688,0.316406,0.294922,40.000000,-55.000000,15.000000,-40.000000,25.000000,15.000000
9,one-medium-short,76000,20.000,0,5,0.500,0.050,0.400,K5o,jam,0.000000,9.628125,37.173611,9.628125,37.173611,0.489258,0.293403,40.000000,-55.000000,15.000000,-40.000000,25.000000,15.000000
9,one-medium-short,76000,20.000,0,5,0.500,0.050,0.400,A3o,jam,0.000000,10.388542,37.166667,10.388542,37.166667,0.536784,0.291667,40.000000,-55.000000,15.000000,-40.000000,25.000000,15.000000
9,one-medium-short,76000,20.000,0,5,0.500,0.050,0.400,A8o,jam,0.000000,10.550000,37.161458,10.550000,37.161458,0.546875,0.290365,40.000000,-55.000000,15.000000,-40.000000,25.000000,15.000000
9,one-medium-short,76000,20.000,0,5,0.500,0.050,0.400,J8o,jam,0.000000,10.550000,37.148438,10.550000,37.148438,0.546875,0.287109,40.000000,-55.000000,15.000000,-40.000000,25.000000,15.000000
9,one-medium-short,76000,20.000,0,5,0.500,0.050,0.400,A6o,jam,0.000000,10.273958,37.147569,10.273958,37.147569,0.529622,0.286892,40.000000,-55.000000,15.000000,-40.000000,25.000000,15.000000
9,one-medium-short,76000,20.000,0,5,0.500,0.050,0.400,J3o,jam,0.000000,9.800000,37.146701,9.800000,37.146701,0.500000,0.286675,40.000000,-55.000000,15.000000,-40.000000,25.000000,15.000000
9,one-medium-short,76000,20.000,0,5,0.500,0.050,0.400,Q7o,jam,0.000000,9.800000,37.144965,9.800000,37.144965,0.500000,0.286241,40.000000,-55.000000,15.000000,-40.000000,25.000000,15.000000
9,one-medium-short,76000,20.000,0,5,0.500,0.050,0.400,K7o,jam,0.000000,10.258333,37.139757,10.258333,37.139757,0.528646,0.284939,40.000000,-55.000000,15.000000,-40.000000,25.000000,15.000000
9,one-medium-short,76000,20.000,0,5,0.500,0.050,0.400,K9o,jam,0.000000,12.522222,37.138889,12.522222,37.138889,0.670139,0.284722,40.000000,-55.000000,15.000000,-40.000000,25.000000,15.000000
9,one-medium-short,76000,20.000,0,5,0.500,0.050,0.400,Q5o,jam,0.000000,9.888542,37.138889,9.888542,37.138889,0.505534,0.284722,40.000000,-55.000000,15.000000,-40.000000,25.000000,15.000000
9,one-medium-short,76000,20.000,0,5,0.500,0.050,0.400,T6o,jam,0.000000,6.438889,37.138021,6.438889,37.138021,0.289931,0.284505,40.000000,-55.000000,15.000000,-40.000000,25.000000,15.000000
9,one-medium-short,76000,20.000,0,5,0.500,0.050,0.400,K4o,jam,0.000000,10.122917,37.135417,10.122917,37.135417,0.520182,0.283854,40.000000,-55.000000,15.000000,-40.000000,25.000000,15.000000
9,one-medium-short,76000,20.000,0,5,0.500,0.050,0.400,K6o,jam,0.000000,9.898958,37.127604,9.898958,37.127604,0.506185,0.281901,40.000000,-55.000000,15.000000,-40.000000,25.000000,15.000000
9,one-medium-short,76000,20.000,0,5,0.500,0.050,0.400,K2o,jam,0.000000,9.654167,37.125868,9.654167,37.125868,0.490885,0.281467,40.000000,-55.000000,15.000000,-40.000000,25.000000,15.000000
9,one-medium-short,76000,20.000,0,5,0.500,0.050,0.400,J6o,jam,0.000000,9.878125,37.121528,9.878125,37.121528,0.504883,0.280382,40.000000,-55.000000,15.000000,-40.000000,25.000000,15.000000
9,one-medium-short,76000,20.000,0,5,0.500,0.050,0.400,J5o,jam,0.000000,10.237500,37.114583,10.237500,37.114583,0.527344,0.278646,40.000000,-55.000000,15.000000,-40.000000,25.000000,15.000000
9,one-medium-short,76000,20.000,0,5,0.500,0.050,0.400,Q2o,jam,0.000000,10.305208,37.106771,10.305208,37.106771,0.531576,0.276693,40.000000,-55.000000,15.000000,-40.000000,25.000000,15.000000
9,one-medium-short,76000,20.000,0,5,0.500,0.050,0.400,J4o,jam,0.000000,10.076042,37.106771,10.076042,37.106771,0.517253,0.276693,40.000000,-55.000000,15.000000,-40.000000,25.000000,15.000000
9,one-medium-short,76000,20.000,0,5,0.500,0.050,0.400,T2o,jam,0.000000,6.438889,37.105035,6.438889,37.105035,0.289931,0.276259,40.000000,-55.000000,15.000000,-40.000000,25.000000,15.000000
9,one-medium-short,76000,20.000,0,5,0.500,0.050,0.400,T4o,jam,0.000000,6.181944,37.105035,6.181944,37.105035,0.273872,0.276259,40.000000,-55.000000,15.000000,-40.000000,25.000000,15.000000
9,one-medium-short,76000,20.000,0,5,0.500,0.050,0.400,J2o,jam,0.000000,10.482292,37.095486,10.482292,37.095486,0.542643,0.273872,40.000000,-55.000000,15.000000,-40.000000,25.000000,15.000000
9,one-medium-short,76000,20.000,0,5,0.500,0.050,0.400,Q6o,jam,0.000000,10.378125,37.095486,10.378125,37.095486,0.536133,0.273872,40.000000,-55.000000,15.000000,-40.000000,25.000000,15.000000
9,one-medium-short,76000,20.000,0,5,0.500,0.050,0.400,Q3o,jam,0.000000,9.852083,37.095486,9.852083,37.095486,0.503255,0.273872,40.000000,-55.000000,15.000000,-40.000000,25.000000,15.000000
9,one-medium-short,76000,20.000,0,5,0.500,0.050,0.400,T3o,jam,0.000000,6.154167,37.088542,6.154167,37.088542,0.272135,0.272135,40.000000,-55.000000,15.000000,-40.000000,25.000000,15.000000
9,one-medium-short,76000,20.000,0,5,0.500,0.050,0.400,K8o,jam,0.000000,10.247917,37.078125,10.247917,37.078125,0.527995,0.269531,40.000000,-55.000000,15.000000,-40.000000,25.000000,15.000000
9,one-medium-short,76000,20.000,0,5,0.500,0.050,0.400,K3o,jam,0.000000,10.081250,37.073785,10.081250,37.073785,0.517578,0.268446,40.000000,-55.000000,15.000000,-40.000000,25.000000,15.000000
9,one-medium-short,76000,20.000,0,5,0.500,0.050,0.400,54s,jam,0.000000,6.971875,36.971354,6.971875,36.971354,0.323242,0.242839,40.000000,-55.000000,15.000000,-40.000000,25.000000,15.000000
9,one-medium-short,76000,20.000,0,5,0.500,0.050,0.400,43s,jam,0.000000,7.487500,36.893229,7.487500,36.893229,0.355469,0.223307,40.000000,-55.000000,15.000000,-40.000000,25.000000,15.000000
9,one-medium-short,76000,20.000,0,5,0.500,0.050,0.400,75s,jam,0.000000,7.581250,36.872396,7.581250,36.872396,0.361328,0.218099,40.000000,-55.000000,15.000000,-40.000000,25.000000,15.000000
9,one-medium-short,76000,20.000,0,5,0.500,0.050,0.400,42s,jam,0.000000,7.565625,36.851562,7.565625,36.851562,0.360352,0.212891,40.000000,-55.000000,15.000000,-40.000000,25.000000,15.000000
9,one-medium-short,76000,20.000,0,5,0.500,0.050,0.400,64s,jam,0.000000,6.393750,36.846354,6.393750,36.846354,0.287109,0.211589,40.000000,-55.000000,15.000000,-40.000000,25.000000,15.000000
9,one-medium-short,76000,20.000,0,5,0.500,0.050,0.400,52s,jam,0.000000,7.440625,36.841146,7.440625,36.841146,0.352539,0.210286,40.000000,-55.000000,15.000000,-40.000000,25.000000,15.000000
9,one-medium-short,76000,20.000,0,5,0.500,0.050,0.400,65s,jam,0.000000,7.300000,36.838542,7.300000,36.838542,0.343750,0.209635,40.000000,-55.000000,15.000000,-40.000000,25.000000,15.000000
9,one-medium-short,76000,20.000,0,5,0.500,0.050,0.400,87s,jam,0.000000,7.190625,36.835938,7.190625,36.835938,0.336914,0.208984,40.000000,-55.000000,15.000000,-40.000000,25.000000,15.000000
9,one-medium-short,76000,20.000,0,5,0.500,0.050,0.400,53s,jam,0.000000,7.253125,36.820312,7.253125,36.820312,0.340820,0.205078,40.000000,-55.000000,15.000000,-40.000000,25.000000,15.000000
9,one-medium-short,76000,20.000,0,5,0.500,0.050,0.400,33,jam,0.000000,9.487500,36.812500,9.487500,36.812500,0.480469,0.203125,40.000000,-55.000000,15.000000,-40.000000,25.000000,15.000000
9,one-medium-short,76000,20.000,0,5,0.500,0.050,0.400,76s,jam,0.000000,7.862500,36.812500,7.862500,36.812500,0.378906,0.203125,40.000000,-55.000000,15.000000,-40.000000,25.000000,15.000000
9,one-medium-short,76000,20.000,0,5,0.500,0.050,0.400,85s,jam,0.000000,7.362500,36.799479,7.362500,36.799479,0.347656,0.199870,40.000000,-55.000000,15.000000,-40.000000,25.000000,15.000000
9,one-medium-short,76000,20.000,0,5,0.500,0.050,0.400,98s,jam,0.000000,6.404167,36.796875,6.404167,36.796875,0.287760,0.199219,40.000000,-55.000000,15.000000,-40.000000,25.000000,15.000000
9,one-medium-short,76000,20.000,0,5,0.500,0.050,0.400,84s,jam,0.000000,7.034375,36.778646,7.034375,36.778646,0.327148,0.194661,40.000000,-55.000000,15.000000,-40.000000,25.000000,15.000000
9,one-medium-short,76000,20.000,0,5,0.500,0.050,0.400,77,jam,0.000000,9.185417,36.755208,9.185417,36.755208,0.461589,0.188802,40.000000,-55.000000,15.000000,-40.000000,25.000000,15.000000
9,one-medium-short,76000,20.000,0,5,0.500,0.050,0.400,74s,jam,0.000000,7.331250,36.744792,7.331250,36.744792,0.345703,0.186198,40.000000,-55.000000,15.000000,-40.000000,25.000000,15.000000
9,one-medium-short,76000,20.000,0,5,0.500,0.050,0.400,86s,jam,0.000000,7.393750,36.742188,7.393750,36.742188,0.349609,0.185547,40.000000,-55.000000,15.000000,-40.000000,25.000000,15.000000
9,one-medium-short,76000,20.000,0,5,0.500,0.050,0.400,44,jam,0.000000,8.820833,36.739583,8.820833,36.739583,0.438802,0.184896,40.000000,-55.000000,15.000000,-40.000000,25.000000,15.000000
9,one-medium-short,76000,20.000,0,5,0.500,0.050,0.400,32s,jam,0.000000,6.190625,36.731771,6.190625,36.731771,0.274414,0.182943,40.000000,-55.000000,15.000000,-40.000000,25.000000,15.000000
9,one-medium-short,76000,20.000,0,5,0.500,0.050,0.400,65o,jam,0.000000,7.175000,36.724826,7.175000,36.724826,0.335938,0.181207,40.000000,-55.000000,15.000000,-40.000000,25.000000,15.000000
9,one-medium-short,76000,20.000,0,5,0.500,0.050,0.400,66,jam,0.000000,9.768750,36.722222,9.768750,36.722222,0.498047,0.180556,40.000000,-55.000000,15.000000,-40.000000,25.000000,15.000000
9,one-medium-short,76000,20.000,0,5,0.500,0.050,0.400,72s,jam,0.000000,7.675000,36.708333,7.675000,36.708333,0.367188,0.177083,40.000000,-55.000000,15.000000,-40.000000,25.000000,15.000000
9,one-medium-short,76000,20.000,0,5,0.500,0.050,0.400,54o,jam,0.000000,7.555208,36.708333,7.555208,36.708333,0.359701,0.177083,40.000000,-55.000000,15.000000,-40.000000,25.000000,15.000000
9,one-medium-short,76000,20.000,0,5,0.500,0.050,0.400,63s,jam,0.000000,7.331250,36.705729,7.331250,36.705729,0.345703,0.176432,40.000000,-55.000000,15.000000,-40.000000,25.000000,15.000000
9,one-medium-short,76000,20.000,0,5,0.500,0.050,0.400,88,jam,0.000000,10.070833,36.704861,10.070833,36.704861,0.516927,0.176215,40.000000,-55.000000,15.000000,-40.000000,25.000000,15.000000
9,one-medium-short,76000,20.000,0,5,0.500,0.050,0.400,22,jam,0.000000,9.227083,36.701389,9.227083,36.701389,0.464193,0.175347,40.000000,-55.000000,15.000000,-40.000000,25.000000,15.000000
9,one-medium-short,76000,20.000,0,5,0.500,0.050,0.400,83s,jam,0.000000,6.815625,36.697917,6.815625,36.697917,0.313477,0.174479,40.000000,-55.000000,15.000000,-40.000000,25.000000,15.000000
9,one-medium-short,76000,20.000,0,5,0.500,0.050,0.400,55,jam,0.000000,9.622917,36.694444,9.622917,36.694444,0.488932,0.173611,40.000000,-55.000000,15.000000,-40.000000,25.000000,15.000000
9,one-medium-short,76000,20.000,0,5,0.500,0.050,0.400,64o,jam,0.000000,7.044792,36.692708,7.044792,36.692708,0.327799,0.173177,40.000000,-55.000000,15.000000,-40.000000,25.000000,15.000000
9,one-medium-short,76000,20.000,0,5,0.500,0.050,0.400,97s,jam,0.000000,6.550000,36.682292,6.550000,36.682292,0.296875,0.170573,40.000000,-55.000000,15.000000,-40.000000,25.000000,15.000000
9,one-medium-short,76000,20.000,0,5,0.500,0.050,0.400,73s,jam,0.000000,7.393750,36.666667,7.393750,36.666667,0.349609,0.166667,40.000000,-55.000000,15.000000,-40.000000,25.000000,15.000000
9,one-medium-short,76000,20.000,0,5,0.500,0.050,0.400,62s,jam,0.000000,7.018750,36.666667,7.018750,36.666667,0.326172,0.166667,40.000000,-55.000000,15.000000,-40.000000,25.000000,15.000000
9,one-medium-short,76000,20.000,0,5,0.500,0.050,0.400,76o,jam,0.000000,7.544792,36.658854,7.544792,36.658854,0.359049,0.164714,40.000000,-55.000000,15.000000,-40.000000,25.000000,15.000000
9,one-medium-short,76000,20.000,0,5,0.500,0.050,0.400,52o,jam,0.000000,7.102083,36.657118,7.102083,36.657118,0.331380,0.164280,40.000000,-55.000000,15.000000,-40.000000,25.000000,15.000000
9,one-medium-short,76000,20.000,0,5,0.500,0.050,0.400,75o,jam,0.000000,6.919792,36.639757,6.919792,36.639757,0.319987,0.159939,40.000000,-55.000000,15.000000,-40.000000,25.000000,15.000000
9,one-medium-short,76000,20.000,0,5,0.500,0.050,0.400,43o,jam,0.000000,6.977083,36.627604,6.977083,36.627604,0.323568,0.156901,40.000000,-55.000000,15.000000,-40.000000,25.000000,15.000000
9,one-medium-short,76000,20.000,0,5,0.500,0.050,0.400,82s,jam,0.000000,6.831250,36.625000,6.831250,36.625000,0.314453,0.156250,40.000000,-55.000000,15.000000,-40.000000,25.000000,15.000000
9,one-medium-short,76000,20.000,0,5,0.500,0.050,0.400,53o,jam,0.000000,7.185417,36.620660,7.185417,36.620660,0.336589,0.155165,40.000000,-55.000000,15.000000,-40.000000,25.000000,15.000000
9,one-medium-short,76000,20.000,0,5,0.500,0.050,0.400,93s,jam,0.000000,6.633333,36.614583,6.633333,36.614583,0.302083,0.153646,40.000000,-55.000000,15.000000,-40.000000,25.000000,15.000000
9,one-medium-short,76000,20.000,0,5,0.500,0.050,0.400,74o,jam,0.000000,6.565625,36.601562,6.565625,36.601562,0.297852,0.150391,40.000000,-55.000000,15.000000,-40.000000,25.000000,15.000000
9,one-medium-short,76000,20.000,0,5,0.500,0.050,0.400,87o,jam,0.000000,7.362500,36.592014,7.362500,36.592014,0.347656,0.148003,40.000000,-55.000000,15.000000,-40.000000,25.000000,15.000000
9,one-medium-short,76000,20.000,0,5,0.500,0.050,0.400,42o,jam,0.000000,6.987500,36.589410,6.987500,36.589410,0.324219,0.147352,40.000000,-55.000000,15.000000,-40.000000,25.000000,15.000000
9,one-medium-short,76000,20.000,0,5,0.500,0.050,0.400,32o,jam,0.000000,7.086458,36.579861,7.086458,36.579861,0.330404,0.144965,40.000000,-55.000000,15.000000,-40.000000,25.000000,15.000000
9,one-medium-short,76000,20.000,0,5,0.500,0.050,0.400,98o,jam,0.000000,5.980556,36.564236,5.980556,36.564236,0.261285,0.141059,40.000000,-55.000000,15.000000,-40.000000,25.000000,15.000000
9,one-medium-short,76000,20.000,0,5,0.500,0.050,0.400,63o,jam,0.000000,7.008333,36.559896,7.008333,36.559896,0.325521,0.139974,40.000000,-55.000000,15.000000,-40.000000,25.000000,15.000000
9,one-medium-short,76000,20.000,0,5,0.500,0.050,0.400,73o,jam,0.000000,6.607292,36.552083,6.607292,36.552083,0.300456,0.138021,40.000000,-55.000000,15.000000,-40.000000,25.000000,15.000000
9,one-medium-short,76000,20.000,0,5,0.500,0.050,0.400,95s,jam,0.000000,6.445833,36.546875,6.445833,36.546875,0.290365,0.136719,40.000000,-55.000000,15.000000,-40.000000,25.000000,15.000000
9,one-medium-short,76000,20.000,0,5,0.500,0.050,0.400,86o,jam,0.000000,6.872917,36.546007,6.872917,36.546007,0.317057,0.136502,40.000000,-55.000000,15.000000,-40.000000,25.000000,15.000000
9,one-medium-short,76000,20.000,0,5,0.500,0.050,0.400,85o,jam,0.000000,6.648958,36.546007,6.648958,36.546007,0.303060,0.136502,40.000000,-55.000000,15.000000,-40.000000,25.000000,15.000000
9,one-medium-short,76000,20.000,0,5,0.500,0.050,0.400,96s,jam,0.000000,6.925000,36.541667,6.925000,36.541667,0.320312,0.135417,40.000000,-55.000000,15.000000,-40.000000,25.000000,15.000000
9,one-medium-short,76000,20.000,0,5,0.500,0.050,0.400,62o,jam,0.000000,6.935417,36.536458,6.935417,36.536458,0.320964,0.134115,40.000000,-55.000000,15.000000,-40.000000,25.000000,15.000000
9,one-medium-short,76000,20.000,0,5,0.500,0.050,0.400,84o,jam,0.000000,6.638542,36.509549,6.638542,36.509549,0.302409,0.127387,40.000000,-55.000000,15.000000,-40.000000,25.000000,15.000000
9,one-medium-short,76000,20.000,0,5,0.500,0.050,0.400,83o,jam,0.000000,6.253125,36.496528,6.253125,36.496528,0.278320,0.124132,40.000000,-55.000000,15.000000,-40.000000,25.000000,15.000000
9,one-medium-short,76000,20.000,0,5,0.500,0.050,0.400,82o,jam,0.000000,6.300000,36.472222,6.300000,36.472222,0.281250,0.118056,40.000000,-55.000000,15.000000,-40.000000,25.000000,15.000000
9,one-medium-short,76000,20.000,0,5,0.500,0.050,0.400,97o,jam,0.000000,5.925000,36.463542,5.925000,36.463542,0.257812,0.115885,40.000000,-55.000000,15.000000,-40.000000,25.000000,15.000000
9,one-medium-short,76000,20.000,0,5,0.500,0.050,0.400,92s,jam,0.000000,6.966667,36.458333,6.966667,36.458333,0.322917,0.114583,40.000000,-55.000000,15.000000,-40.000000,25.000000,15.000000
9,one-medium-short,76000,20.000,0,5,0.500,0.050,0.400,72o,jam,0.000000,6.414583,36.438368,6.414583,36.438368,0.288411,0.109592,40.000000,-55.000000,15.000000,-40.000000,25.000000,15.000000
9,one-medium-short,76000,20.000,0,5,0.500,0.050,0.400,94s,jam,0.000000,6.529167,36.437500,6.529167,36.437500,0.295573,0.109375,40.000000,-55.000000,15.000000,-40.000000,25.000000,15.000000
9,one-medium-short,76000,20.000,0,5,0.500,0.050,0.400,96o,jam,0.000000,5.931944,36.387153,5.931944,36.387153,0.258247,0.096788,40.000000,-55.000000,15.000000,-40.000000,25.000000,15.000000
9,one-medium-short,76000,20.000,0,5,0.500,0.050,0.400,92o,jam,0.000000,5.661111,36.310764,5.661111,36.310764,0.241319,0.077691,40.000000,-55.000000,15.000000,-40.000000,25.000000,15.000000
9,one-medium-short,76000,20.000,0,5,0.500,0.050,0.400,93o,jam,0.000000,6.112500,36.305556,6.112500,36.305556,0.269531,0.076389,40.000000,-55.000000,15.000000,-40.000000,25.000000,15.000000
9,one-medium-short,76000,20.000,0,5,0.500,0.050,0.400,95o,jam,0.000000,5.431944,36.305556,5.431944,36.305556,0.226997,0.076389,40.000000,-55.000000,15.000000,-40.000000,25.000000,15.000000
9,one-medium-short,76000,20.000,0,5,0.500,0.050,0.400,94o,jam,0.000000,5.827778,36.243056,5.827778,36.243056,0.251736,0.060764,40.000000,-55.000000,15.000000,-40.000000,25.000000,15.000000
9,one-medium-short,76000,20.000,0,5,0.500,0.100,0.400,88,jam,0.000000,10.070833,38.590278,10.070833,38.590278,0.516927,0.823785,40.000000,-55.000000,15.000000,-40.000000,25.000000,15.000000
9,one-medium-short,76000,20.000,0,5,0.500,0.100,0.400,66,jam,0.000000,9.768750,38.579861,9.768750,38.579861,0.498047,0.822483,40.000000,-55.000000,15.000000,-40.000000,25.000000,15.000000
9,one-medium-short,76000,20.000,0,5,0.500,0.100,0.400,55,jam,0.000000,9.622917,38.531250,9.622917,38.531250,0.488932,0.816406,40.000000,-55.000000,15.000000,-40.000000,25.000000,15.000000
9,one-medium-short,76000,20.000,0,5,0.500,0.100,0.400,99,jam,0.000000,11.737500,38.520833,11.737500,38.520833,0.621094,0.815104,40.000000,-55.000000,15.000000,-40.000000,25.000000,15.000000
9,one-medium-short,76000,20.000,0,5,0.500,0.100,0.400,KK,jam,0.000000,14.289583,38.517361,14.289583,38.517361,0.780599,0.814670,40.000000,-55.000000,15.000000,-40.000000,25.000000,15.000000
9,one-medium-short,76000,20.000,0,5,0.500,0.100,0.400,JJ,jam,0.000000,15.018750,38.475694,15.018750,38.475694,0.826172,0.809462,40.000000,-55.000000,15.000000,-40.000000,25.000000,15.000000
9,one-medium-short,76000,20.000,0,5,0.500,0.100,0.400,QQ,jam,0.000000,14.872917,38.472222,14.872917,38.472222,0.817057,0.809028,40.000000,-55.000000,15.000000,-40.000000,25.000000,15.000000
9,one-medium-short,76000,20.000,0,5,0.500,0.100,0.400,TT,jam,0.000000,14.862500,38.451389,14.862500,38.451389,0.816406,0.806424,40.000000,-55.000000,15.000000,-40.000000,25.000000,15.000000
9,one-medium-short,76000,20.000,0,5,0.500,0.100,0.400,77,jam,0.000000,9.185417,38.427083,9.185417,38.427083,0.461589,0.803385,40.000000,-55.000000,15.000000,-40.000000,25.000000,15.000000
9,one-medium-short,76000,20.000,0,5,0.500,0.100,0.400,AA,jam,0.000000,14.404167,38.309028,14.404167,38.309028,0.787760,0.788628,40.000000,-55.000000,15.000000,-40.000000,25.000000,15.000000
9,one-medium-short,76000,20.000,0,5,0.500,0.100,0.400,T9s,jam,0.000000,9.800000,36.489583,9.800000,36.489583,0.500000,0.561198,40.000000,-55.000000,15.000000,-40.000000,25.000000,15.000000
9,one-medium-short,76000,20.000,0,5,0.500,0.100,0.400,J9s,jam,0.000000,13.737500,36.328125,13.737500,36.328125,0.746094,0.541016,40.000000,-55.000000,15.000000,-40.000000,25.000000,15.000000
9,one-medium-short,76000,20.000,0,5,0.500,0.100,0.400,QTs,jam,0.000000,12.945833,36.302083,12.945833,36.302083,0.696615,0.537760,40.000000,-55.000000,15.000000,-40.000000,25.000000,15.000000
9,one-medium-short,76000,20.000,0,5,0.500,0.100,0.400,QJs,jam,0.000000,12.300000,36.197917,12.300000,36.197917,0.656250,0.524740,40.000000,-55.000000,15.000000,-40.000000,25.000000,15.000000
9,one-medium-short,76000,20.000,0,5,0.500,0.100,0.400,87s,jam,0.000000,7.190625,36.171875,7.190625,36.171875,0.336914,0.521484,40.000000,-55.000000,15.000000,-40.000000,25.000000,15.000000
9,one-medium-short,76000,20.000,0,5,0.500,0.100,0.400,T5s,jam,0.000000,6.695833,36.166667,6.695833,36.166667,0.305990,0.520833,40.000000,-55.000000,15.000000,-40.000000,25.000000,15.000000
9,one-medium-short,76000,20.000,0,5,0.500,0.100,0.400,JTo,jam,0.000000,12.890278,36.142361,12.890278,36.142361,0.693142,0.517795,40.000000,-55.000000,15.000000,-40.000000,25.000000,15.000000
9,one-medium-short,76000,20.000,0,5,0.500,0.100,0.400,75s,jam,0.000000,7.581250,36.140625,7.581250,36.140625,0.361328,0.517578,40.000000,-55.000000,15.000000,-40.000000,25.000000,15.000000
9,one-medium-short,76000,20.000,0,5,0.500,0.100,0.400,AQs,jam,0.000000,12.065625,36.125000,12.065625,36.125000,0.641602,0.515625,40.000000,-55.000000,15.000000,-40.000000,25.000000,15.000000
9,one-medium-short,76000,20.000,0,5,0.500,0.100,0.400,KQs,jam,0.000000,12.315625,36.109375,12.315625,36.109375,0.657227,0.513672,40.000000,-55.000000,15.000000,-40.000000,25.000000,15.000000
9,one-medium-short,76000,20.000,0,5,0.500,0.100,0.400,J8s,jam,0.000000,11.221875,36.098958,11.221875,36.098958,0.588867,0.512370,40.000000,-55.000000,15.000000,-40.000000,25.000000,15.000000
9,one-medium-short,76000,20.000,0,5,0.500,0.100,0.400,T6s,jam,0.000000,6.966667,36.093750,6.966667,36.093750,0.322917,0.511719,40.000000,-55.000000,15.000000,-40.000000,25.000000,15.000000
9,one-medium-short,76000,20.000,0,5,0.500,0.100,0.400,AJs,jam,0.000000,12.050000,36.083333,12.050000,36.083333,0.640625,0.510417,40.000000,-55.000000,15.000000,-40.000000,25.000000,15.000000
9,one-medium-short,76000,20.000,0,5,0.500,0.100,0.400,Q8s,jam,0.000000,11.221875,36.078125,11.221875,36.078125,0.588867,0.509766,40.000000,-55.000000,15.000000,-40.000000,25.000000,15.000000
9,one-medium-short,76000,20.000,0,5,0.500,0.100,0.400,Q6s,jam,0.000000,10.737500,36.052083,10.737500,36.052083,0.558594,0.506510,40.000000,-55.000000,15.000000,-40.000000,25.000000,15.000000
9,one-medium-short,76000,20.000,0,5,0.500,0.100,0.400,86s,jam,0.000000,7.393750,36.052083,7.393750,36.052083,0.349609,0.506510,40.000000,-55.000000,15.000000,-40.000000,25.000000,15.000000
9,one-medium-short,76000,20.000,0,5,0.500,0.100,0.400,Q9s,jam,0.000000,12.425000,36.046875,12.425000,36.046875,0.664062,0.505859,40.000000,-55.000000,15.000000,-40.000000,25.000000,15.000000
9,one-medium-short,76000,20.000,0,5,0.500,0.100,0.400,T7s,jam,0.000000,6.779167,36.041667,6.779167,36.041667,0.311198,0.505208,40.000000,-55.000000,15.000000,-40.000000,25.000000,15.000000
9,one-medium-short,76000,20.000,0,5,0.500,0.100,0.400,ATs,jam,0.000000,12.716667,36.015625,12.716667,36.015625,0.682292,0.501953,40.000000,-55.000000,15.000000,-40.000000,25.000000,15.000000
9,one-medium-short,76000,20.000,0,5,0.500,0.100,0.400,JTs,jam,0.000000,13.050000,36.010417,13.050000,36.010417,0.703125,0.501302,40.000000,-55.000000,15.000000,-40.000000,25.000000,15.000000
9,one-medium-short,76000,20.000,0,5,0.500,0.100,0.400,KJs,jam,0.000000,12.190625,36.010417,12.190625,36.010417,0.649414,0.501302,40.000000,-55.000000,15.000000,-40.000000,25.000000,15.000000
9,one-medium-short,76000,20.000,0,5,0.500,0.100,0.400,44,jam,0.000000,8.820833,36.000000,8.820833,36.000000,0.438802,0.500000,40.000000,-55.000000,15.000000,-40.000000,25.000000,15.000000
9,one-medium-short,76000,20.000,0,5,0.500,0.100,0.400,KTs,jam,0.000000,12.550000,35.994792,12.550000,35.994792,0.671875,0.499349,40.000000,-55.000000,15.000000,-40.000000,25.000000,15.000000
9,one-medium-short,76000,20.000,0,5,0.500,0.100,0.400,85s,jam,0.000000,7.362500,35.994792,7.362500,35.994792,0.347656,0.499349,40.000000,-55.000000,15.000000,-40.000000,25.000000,15.000000
9,one-medium-short,76000,20.000,0,5,0.500,0.100,0.400,T8o,jam,0.000000,6.411111,35.994792,6.411111,35.994792,0.288194,0.499349,40.000000,-55.000000,15.000000,-40.000000,25.000000,15.000000
9,one-medium-short,76000,20.000,0,5,0.500,0.100,0.400,T8s,jam,0.000000,7.320833,35.984375,7.320833,35.984375,0.345052,0.498047,40.000000,-55.000000,15.000000,-40.000000,25.000000,15.000000
9,one-medium-short,76000,20.000,0,5,0.500,0.100,0.400,AKs,jam,0.000000,11.987500,35.979167,11.987500,35.979167,0.636719,0.497396,40.000000,-55.000000,15.000000,-40.000000,25.000000,15.000000
9,one-medium-short,76000,20.000,0,5,0.500,0.100,0.400,Q7s,jam,0.000000,11.034375,35.979167,11.034375,35.979167,0.577148,0.497396,40.000000,-55.000000,15.000000,-40.000000,25.000000,15.000000
9,one-medium-short,76000,20.000,0,5,0.500,0.100,0.400,K6s,jam,0.000000,10.659375,35.979167,10.659375,35.979167,0.553711,0.497396,40.000000,-55.000000,15.000000,-40.000000,25.000000,15.000000
9,one-medium-short,76000,20.000,0,5,0.500,0.100,0.400,97s,jam,0.000000,6.550000,35.979167,6.550000,35.979167,0.296875,0.497396,40.000000,-55.000000,15.000000,-40.000000,25.000000,15.000000
9,one-medium-short,76000,20.000,0,5,0.500,0.100,0.400,T9o,jam,0.000000,9.435417,35.960069,9.435417,35.960069,0.477214,0.495009,40.000000,-55.000000,15.000000,-40.000000,25.000000,15.000000
9,one-medium-short,76000,20.000,0,5,0.500,0.100,0.400,65s,jam,0.000000,7.300000,35.953125,7.300000,35.953125,0.343750,0.494141,40.000000,-55.000000,15.000000,-40.000000,25.000000,15.000000
9,one-medium-short,76000,20.000,0,5,0.500,0.100,0.400,98s,jam,0.000000,6.404167,35.953125,6.404167,35.953125,0.287760,0.494141,40.000000,-55.000000,15.000000,-40.000000,25.000000,15.000000
9,one-medium-short,76000,20.000,0,5,0.500,0.100,0.400,98o,jam,0.000000,5.980556,35.942708,5.980556,35.942708,0.261285,0.492839,40.000000,-55.000000,15.000000,-40.000000,25.000000,15.000000
9,one-medium-short,76000,20.000,0,5,0.500,0.100,0.400,Q9o,jam,0.000000,12.577778,35.937500,12.577778,35.937500,0.673611,0.492188,40.000000,-55.000000,15.000000,-40.000000,25.000000,15.000000
9,one-medium-short,76000,20.000,0,5,0.500,0.100,0.400,95s,jam,0.000000,6.445833,35.937500,6.445833,35.937500,0.290365,0.492188,40.000000,-55.000000,15.000000,-40.000000,25.000000,15.000000
9,one-medium-short,76000,20.000,0,5,0.500,0.100,0.400,J9o,jam,0.000000,12.522222,35.928819,12.522222,35.928819,0.670139,0.491102,40.000000,-55.000000,15.000000,-40.000000,25.000000,15.000000
9,one-medium-short,76000,20.000,0,5,0.500,0.100,0.400,QJo,jam,0.000000,11.758333,35.925347,11.758333,35.925347,0.622396,0.490668,40.000000,-55.000000,15.000000,-40.000000,25.000000,15.000000
9,one-medium-short,76000,20.000,0,5,0.500,0.100,0.400,J5s,jam,0.000000,10.596875,35.916667,10.596875,35.916667,0.549805,0.489583,40.000000,-55.000000,15.000000,-40.000000,25.000000,15.000000
9,one-medium-short,76000,20.000,0,5,0.500,0.100,0.400,A5s,jam,0.000000,10.487500,35.911458,10.487500,35.911458,0.542969,0.488932,40.000000,-55.000000,15.000000,-40.000000,25.000000,15.000000
9,one-medium-short,76000,20.000,0,5,0.500,0.100,0.400,96s,jam,0.000000,6.925000,35.911458,6.925000,35.911458,0.320312,0.488932,40.000000,-55.000000,15.000000,-40.000000,25.000000,15.000000
9,one-medium-short,76000,20.000,0,5,0.500,0.100,0.400,J7o,jam,0.000000,10.096875,35.906250,10.096875,35.906250,0.518555,0.488281,40.000000,-55.000000,15.000000,-40.000000,25.000000,15.000000
9,one-medium-short,76000,20.000,0,5,0.500,0.100,0.400,J7s,jam,0.000000,10.893750,35.890625,10.893750,35.890625,0.568359,0.486328,40.000000,-55.000000,15.000000,-40.000000,25.000000,15.000000
9,one-medium-short,76000,20.000,0,5,0.500,0.100,0.400,97o,jam,0.000000,5.925000,35.888889,5.925000,35.888889,0.257812,0.486111,40.000000,-55.000000,15.000000,-40.000000,25.000000,15.000000
9,one-medium-short,76000,20.000,0,5,0.500,0.100,0.400,A7s,jam,0.000000,10.612500,35.880208,10.612500,35.880208,0.550781,0.485026,40.000000,-55.000000,15.000000,-40.000000,25.000000,15.000000
9,one-medium-short,76000,20.000,0,5,0.500,0.100,0.400,T7o,jam,0.000000,6.341667,35.880208,6.341667,35.880208,0.283854,0.485026,40.000000,-55.000000,15.000000,-40.000000,25.000000,15.000000
9,one-medium-short,76000,20.000,0,5,0.500,0.100,0.400,J8o,jam,0.000000,10.550000,35.859375,10.550000,35.859375,0.546875,0.482422,40.000000,-55.000000,15.000000,-40.000000,25.000000,15.000000
9,one-medium-short,76000,20.000,0,5,0.500,0.100,0.400,QTo,jam,0.000000,12.480556,35.855903,12.480556,35.855903,0.667535,0.481988,40.000000,-55.000000,15.000000,-40.000000,25.000000,15.000000
9,one-medium-short,76000,20.000,0,5,0.500,0.100,0.400,75o,jam,0.000000,6.919792,35.843750,6.919792,35.843750,0.319987,0.480469,40.000000,-55.000000,15.000000,-40.000000,25.000000,15.000000
9,one-medium-short,76000,20.000,0,5,0.500,0.100,0.400,95o,jam,0.000000,5.431944,35.842014,5.431944,35.842014,0.226997,0.480252,40.000000,-55.000000,15.000000,-40.000000,25.000000,15.000000
9,one-medium-short,76000,20.000,0,5,0.500,0.100,0.400,87o,jam,0.000000,7.362500,35.838542,7.362500,35.838542,0.347656,0.479818,40.000000,-55.000000,15.000000,-40.000000,25.000000,15.000000
9,one-medium-short,76000,20.000,0,5,0.500,0.100,0.400,76o,jam,0.000000,7.544792,35.835069,7.544792,35.835069,0.359049,0.479384,40.000000,-55.000000,15.000000,-40.000000,25.000000,15.000000
9,one-medium-short,76000,20.000,0,5,0.500,0.100,0.400,KTo,jam,0.000000,12.737500,35.824653,12.737500,35.824653,0.683594,0.478082,40.000000,-55.000000,15.000000,-40.000000,25.000000,15.000000
9,one-medium-short,76000,20.000,0,5,0.500,0.100,0.400,K8s,jam,0.000000,10.456250,35.822917,10.456250,35.822917,0.541016,0.477865,40.000000,-55.000000,15.000000,-40.000000,25.000000,15.000000
9,one-medium-short,76000,20.000,0,5,0.500,0.100,0.400,T6o,jam,0.000000,6.438889,35.822917,6.438889,35.822917,0.289931,0.477865,40.000000,-55.000000,15.000000,-40.000000,25.000000,15.000000
9,one-medium-short,76000,20.000,0,5,0.500,0.100,0.400,A8s,jam,0.000000,11.159375,35.817708,11.159375,35.817708,0.584961,0.477214,40.000000,-55.000000,15.000000,-40.000000,25.000000,15.000000
9,one-medium-short,76000,20.000,0,5,0.500,0.100,0.400,A9s,jam,0.000000,12.758333,35.802083,12.758333,35.802083,0.684896,0.475260,40.000000,-55.000000,15.000000,-40.000000,25.000000,15.000000
9,one-medium-short,76000,20.000,0,5,0.500,0.100,0.400,65o,jam,0.000000,7.175000,35.802083,7.175000,35.802083,0.335938,0.475260,40.000000,-55.000000,15.000000,-40.000000,25.000000,15.000000
9,one-medium-short,76000,20.000,0,5,0.500,0.100,0.400,AJo,jam,0.000000,11.508333,35.798611,11.508333,35.798611,0.606771,0.474826,40.000000,-55.000000,15.000000,-40.000000,25.000000,15.000000
9,one-medium-short,76000,20.000,0,5,0.500,0.100,0.400,KQo,jam,0.000000,11.393750,35.788194,11.393750,35.788194,0.599609,0.473524,40.000000,-55.000000,15.000000,-40.000000,25.000000,15.000000
9,one-medium-short,76000,20.000,0,5,0.500,0.100,0.400,K9o,jam,0.000000,12.522222,35.784722,12.522222,35.784722,0.670139,0.473090,40.000000,-55.000000,15.000000,-40.000000,25.000000,15.000000
9,one-medium-short,76000,20.000,0,5,0.500,0.100,0.400,A9o,jam,0.000000,12.334722,35.784722,12.334722,35.784722,0.658420,0.473090,40.000000,-55.000000,15.000000,-40.000000,25.000000,15.000000
9,one-medium-short,76000,20.000,0,5,0.500,0.100,0.400,96o,jam,0.000000,5.931944,35.782986,5.931944,35.782986,0.258247,0.472873,40.000000,-55.000000,15.000000,-40.000000,25.000000,15.000000
9,one-medium-short,76000,20.000,0,5,0.500,0.100,0.400,A7o,jam,0.000000,10.023958,35.781250,10.023958,35.781250,0.513997,0.472656,40.000000,-55.000000,15.000000,-40.000000,25.000000,15.000000
9,one-medium-short,76000,20.000,0,5,0.500,0.100,0.400,A8o,jam,0.000000,10.550000,35.755208,10.550000,35.755208,0.546875,0.469401,40.000000,-55.000000,15.000000,-40.000000,25.000000,15.000000
9,one-medium-short,76000,20.000,0,5,0.500,0.100,0.400,J5o,jam,0.000000,10.237500,35.739583,10.237500,35.739583,0.527344,0.467448,40.000000,-55.000000,15.000000,-40.000000,25.000000,15.000000
9,one-medium-short,76000,20.000,0,5,0.500,0.100,0.400,86o,jam,0.000000,6.872917,35.734375,6.872917,35.734375,0.317057,0.466797,40.000000,-55.000000,15.000000,-40.000000,25.000000,15.000000
9,one-medium-short,76000,20.000,0,5,0.500,0.100,0.400,Q8o,jam,0.000000,10.404167,35.723958,10.404167,35.723958,0.537760,0.465495,40.000000,-55.000000,15.000000,-40.000000,25.000000,15.000000
9,one-medium-short,76000,20.000,0,5,0.500,0.100,0.400,J6s,jam,0.000000,11.315625,35.713542,11.315625,35.713542,0.594727,0.464193,40.000000,-55.000000,15.000000,-40.000000,25.000000,15.000000
9,one-medium-short,76000,20.000,0,5,0.500,0.100,0.400,KJo,jam,0.000000,11.326042,35.696181,11.326042,35.696181,0.595378,0.462023,40.000000,-55.000000,15.000000,-40.000000,25.000000,15.000000
9,one-medium-short,76000,20.000,0,5,0.500,0.100,0.400,K5s,jam,0.000000,11.050000,35.687500,11.050000,35.687500,0.578125,0.460938,40.000000,-55.000000,15.000000,-40.000000,25.000000,15.000000
9,one-medium-short,76000,20.000,0,5,0.500,0.100,0.400,AQo,jam,0.000000,11.044792,35.677083,11.044792,35.677083,0.577799,0.459635,40.000000,-55.000000,15.000000,-40.000000,25.000000,15.000000
9,one-medium-short,76000,20.000,0,5,0.500,0.100,0.400,Q6o,jam,0.000000,10.378125,35.677083,10.378125,35.677083,0.536133,0.459635,40.000000,-55.000000,15.000000,-40.000000,25.000000,15.000000
9,one-medium-short,76000,20.000,0,5,0.500,0.100,0.400,76s,jam,0.000000,7.862500,35.677083,7.862500,35.677083,0.378906,0.459635,40.000000,-55.000000,15.000000,-40.000000,25.000000,15.000000
9,one-medium-short,76000,20.000,0,5,0.500,0.100,0.400,ATo,jam,0.000000,12.973611,35.666667,12.973611,35.666667,0.698351,0.458333,40.000000,-55.000000,15.000000,-40.000000,25.000000,15.000000
9,one-medium-short,76000,20.000,0,5,0.500,0.100,0.400,K7o,jam,0.000000,10.258333,35.652778,10.258333,35.652778,0.528646,0.456597,40.000000,-55.000000,15.000000,-40.000000,25.000000,15.000000
9,one-medium-short,76000,20.000,0,5,0.500,0.100,0.400,K7s,jam,0.000000,10.596875,35.645833,10.596875,35.645833,0.549805,0.455729,40.000000,-55.000000,15.000000,-40.000000,25.000000,15.000000
9,one-medium-short,76000,20.000,0,5,0.500,0.100,0.400,K6o,jam,0.000000,9.898958,35.638889,9.898958,35.638889,0.506185,0.454861,40.000000,-55.000000,15.000000,-40.000000,25.000000,15.000000
9,one-medium-short,76000,20.000,0,5,0.500,0.100,0.400,85o,jam,0.000000,6.648958,35.635417,6.648958,35.635417,0.303060,0.454427,40.000000,-55.000000,15.000000,-40.000000,25.000000,15.000000
9,one-medium-short,76000,20.000,0,5,0.500,0.100,0.400,T5o,jam,0.000000,6.425000,35.616319,6.425000,35.616319,0.289062,0.452040,40.000000,-55.000000,15.000000,-40.000000,25.000000,15.000000
9,one-medium-short,76000,20.000,0,5,0.500,0.100,0.400,A6s,jam,0.000000,10.831250,35.604167,10.831250,35.604167,0.564453,0.450521,40.000000,-55.000000,15.000000,-40.000000,25.000000,15.000000
9,one-medium-short,76000,20.000,0,5,0.500,0.100,0.400,Q5o,jam,0.000000,9.888542,35.593750,9.888542,35.593750,0.505534,0.449219,40.000000,-55.000000,15.000000,-40.000000,25.000000,15.000000
9,one-medium-short,76000,20.000,0,5,0.500,0.100,0.400,AKo,jam,0.000000,10.971875,35.585069,10.971875,35.585069,0.573242,0.448134,40.000000,-55.000000,15.000000,-40.000000,25.000000,15.000000
9,one-medium-short,76000,20.000,0,5,0.500,0.100,0.400,K5o,jam,0.000000,9.628125,35.581597,9.628125,35.581597,0.489258,0.447700,40.000000,-55.000000,15.000000,-40.000000,25.000000,15.000000
9,one-medium-short,76000,20.000,0,5,0.500,0.100,0.400,K9s,jam,0.000000,12.341667,35.572917,12.341667,35.572917,0.658854,0.446615,40.000000,-55.000000,15.000000,-40.000000,25.000000,15.000000
9,one-medium-short,76000,20.000,0,5,0.500,0.100,0.400,K8o,jam,0.000000,10.247917,35.567708,10.247917,35.567708,0.527995,0.445964,40.000000,-55.000000,15.000000,-40.000000,25.000000,15.000000
9,one-medium-short,76000,20.000,0,5,0.500,0.100,0.400,Q5s,jam,0.000000,10.675000,35.531250,10.675000,35.531250,0.554688,0.441406,40.000000,-55.000000,15.000000,-40.000000,25.000000,15.000000
9,one-medium-short,76000,20.000,0,5,0.500,0.100,0.400,A5o,jam,0.000000,10.227083,35.527778,10.227083,35.527778,0.526693,0.440972,40.000000,-55.000000,15.000000,-40.000000,25.000000,15.000000
9,one-medium-short,76000,20.000,0,5,0.500,0.100,0.400,Q7o,jam,0.000000,9.800000,35.517361,9.800000,35.517361,0.500000,0.439670,40.000000,-55.000000,15.000000,-40.000000,25.000000,15.000000
9,one-medium-short,76000,20.000,0,5,0.500,0.100,0.400,A6o,jam,0.000000,10.273958,35.487847,10.273958,35.487847,0.529622,0.435981,40.000000,-55.000000,15.000000,-40.000000,25.000000,15.000000
9,one-medium-short,76000,20.000,0,5,0.500,0.100,0.400,J6o,jam,0.000000,9.878125,35.472222,9.878125,35.472222,0.504883,0.434028,40.000000,-55.000000,15.000000,-40.000000,25.000000,15.000000
9,one-medium-short,76000,20.000,0,5,0.500,0.100,0.400,54s,jam,0.000000,6.971875,35.291667,6.971875,35.291667,0.323242,0.411458,40.000000,-55.000000,15.000000,-40.000000,25.000000,15.000000
9,one-medium-short,76000,20.000,0,5,0.500,0.100,0.400,64s,jam,0.000000,6.393750,35.260417,6.393750,35.260417,0.287109,0.407552,40.000000,-55.000000,15.000000,-40.000000,25.000000,15.000000
9,one-medium-short,76000,20.000,0,5,0.500,0.100,0.400,A4s,jam,0.000000,10.440625,35.166667,10.440625,35.166667,0.540039,0.395833,40.000000,-55.000000,15.000000,-40.000000,25.000000,15.000000
9,one-medium-short,76000,20.000,0,5,0.500,0.100,0.400,94s,jam,0.000000,6.529167,35.156250,6.529167,35.156250,0.295573,0.394531,40.000000,-55.000000,15.000000,-40.000000,25.000000,15.000000
9,one-medium-short,76000,20.000,0,5,0.500,0.100,0.400,Q4s,jam,0.000000,10.581250,35.031250,10.581250,35.031250,0.548828,0.378906,40.000000,-55.000000,15.000000,-40.000000,25.000000,15.000000
9,one-medium-short,76000,20.000,0,5,0.500,0.100,0.400,54o,jam,0.000000,7.555208,35.006944,7.555208,35.006944,0.359701,0.375868,40.000000,-55.000000,15.000000,-40.000000,25.000000,15.000000
9,one-medium-short,76000,20.000,0,5,0.500,0.100,0.400,A4o,jam,0.000000,10.175000,34.958333,10.175000,34.958333,0.523438,0.369792,40.000000,-55.000000,15.000000,-40.000000,25.000000,15.000000
9,one-medium-short,76000,20.000,0,5,0.500,0.100,0.400,64o,jam,0.000000,7.044792,34.892361,7.044792,34.892361,0.327799,0.361545,40.000000,-55.000000,15.000000,-40.000000,25.000000,15.000000
9,one-medium-short,76000,20.000,0,5,0.500,0.100,0.400,74s,jam,0.000000,7.331250,34.875000,7.331250,34.875000,0.345703,0.359375,40.000000,-55.000000,15.000000,-40.000000,25.000000,15.000000
9,one-medium-short,76000,20.000,0,5,0.500,0.100,0.400,T2s,jam,0.000000,6.862500,34.869792,6.862500,34.869792,0.316406,0.358724,40.000000,-55.000000,15.000000,-40.000000,25.000000,15.000000
9,one-medium-short,76000,20.000,0,5,0.500,0.100,0.400,93s,jam,0.000000,6.633333,34.817708,6.633333,34.817708,0.302083,0.352214,40.000000,-55.000000,15.000000,-40.000000,25.000000,15.000000
9,one-medium-short,76000,20.000,0,5,0.500,0.100,0.400,K3s,jam,0.000000,10.221875,34.807292,10.221875,34.807292,0.526367,0.350911,40.000000,-55.000000,15.000000,-40.000000,25.000000,15.000000
9,one-medium-short,76000,20.000,0,5,0.500,0.100,0.400,84s,jam,0.000000,7.034375,34.802083,7.034375,34.802083,0.327148,0.350260,40.000000,-55.000000,15.000000,-40.000000,25.000000,15.000000
9,one-medium-short,76000,20.000,0,5,0.500,0.100,0.400,Q2s,jam,0.000000,10.393750,34.776042,10.393750,34.776042,0.537109,0.347005,40.000000,-55.000000,15.000000,-40.000000,25.000000,15.000000
9,one-medium-short,76000,20.000,0,5,0.500,0.100,0.400,92s,jam,0.000000,6.966667,34.755208,6.966667,34.755208,0.322917,0.344401,40.000000,-55.000000,15.000000,-40.000000,25.000000,15.000000
9,one-medium-short,76000,20.000,0,5,0.500,0.100,0.400,63s,jam,0.000000,7.331250,34.750000,7.331250,34.750000,0.345703,0.343750,40.000000,-55.000000,15.000000,-40.000000,25.000000,15.000000
9,one-medium-short,76000,20.000,0,5,0.500,0.100,0.400,K4s,jam,0.000000,10.315625,34.708333,10.315625,34.708333,0.532227,0.338542,40.000000,-55.000000,15.000000,-40.000000,25.000000,15.000000
9,one-medium-short,76000,20.000,0,5,0.500,0.100,0.400,83s,jam,0.000000,6.815625,34.703125,6.815625,34.703125,0.313477,0.337891,40.000000,-55.000000,15.000000,-40.000000,25.000000,15.000000
9,one-medium-short,76000,20.000,0,5,0.500,0.100,0.400,K2s,jam,0.000000,10.518750,34.697917,10.518750,34.697917,0.544922,0.337240,40.000000,-55.000000,15.000000,-40.000000,25.000000,15.000000
9,one-medium-short,76000,20.000,0,5,0.500,0.100,0.400,T4s,jam,0.000000,6.633333,34.697917,6.633333,34.697917,0.302083,0.337240,40.000000,-55.000000,15.000000,-40.000000,25.000000,15.000000
9,one-medium-short,76000,20.000,0,5,0.500,0.100,0.400,A3s,jam,0.000000,11.112500,34.677083,11.112500,34.677083,0.582031,0.334635,40.000000,-55.000000,15.000000,-40.000000,25.000000,15.000000
9,one-medium-short,76000,20.000,0,5,0.500,0.100,0.400,82s,jam,0.000000,6.831250,34.677083,6.831250,34.677083,0.314453,0.334635,40.000000,-55.000000,15.000000,-40.000000,25.000000,15.000000
9,one-medium-short,76000,20.000,0,5,0.500,0.100,0.400,J3s,jam,0.000000,9.940625,34.671875,9.940625,34.671875,0.508789,0.333984,40.000000,-55.000000,15.000000,-40.000000,25.000000,15.000000
9,one-medium-short,76000,20.000,0,5,0.500,0.100,0.400,53s,jam,0.000000,7.253125,34.640625,7.253125,34.640625,0.340820,0.330078,40.000000,-55.000000,15.000000,-40.000000,25.000000,15.000000
9,one-medium-short,76000,20.000,0,5,0.500,0.100,0.400,J4s,jam,0.000000,11.362500,34.635417,11.362500,34.635417,0.597656,0.329427,40.000000,-55.000000,15.000000,-40.000000,25.000000,15.000000
9,one-medium-short,76000,20.000,0,5,0.500,0.100,0.400,T3s,jam,0.000000,7.404167,34.635417,7.404167,34.635417,0.350260,0.329427,40.000000,-55.000000,15.000000,-40.000000,25.000000,15.000000
9,one-medium-short,76000,20.000,0,5,0.500,0.100,0.400,A2s,jam,0.000000,10.862500,34.630208,10.862500,34.630208,0.566406,0.328776,40.000000,-55.000000,15.000000,-40.000000,25.000000,15.000000
9,one-medium-short,76000,20.000,0,5,0.500,0.100,0.400,J3o,jam,0.000000,9.800000,34.621528,9.800000,34.621528,0.500000,0.327691,40.000000,-55.000000,15.000000,-40.000000,25.000000,15.000000
9,one-medium-short,76000,20.000,0,5,0.500,0.100,0.400,94o,jam,0.000000,5.827778,34.593750,5.827778,34.593750,0.251736,0.324219,40.000000,-55.000000,15.000000,-40.000000,25.000000,15.000000
9,one-medium-short,76000,20.000,0,5,0.500,0.100,0.400,J4o,jam,0.000000,10.076042,34.583333,10.076042,34.583333,0.517253,0.322917,40.000000,-55.000000,15.000000,-40.000000,25.000000,15.000000
9,one-medium-short,76000,20.000,0,5,0.500,0.100,0.400,K4o,jam,0.000000,10.122917,34.572917,10.122917,34.572917,0.520182,0.321615,40.000000,-55.000000,15.000000,-40.000000,25.000000,15.000000
9,one-medium-short,76000,20.000,0,5,0.500,0.100,0.400,Q3o,jam,0.000000,9.852083,34.559028,9.852083,34.559028,0.503255,0.319878,40.000000,-55.000000,15.000000,-40.000000,25.000000,15.000000
9,one-medium-short,76000,20.000,0,5,0.500,0.100,0.400,J2s,jam,0.000000,10.206250,34.557292,10.206250,34.557292,0.525391,0.319661,40.000000,-55.000000,15.000000,-40.000000,25.000000,15.000000
9,one-medium-short,76000,20.000,0,5,0.500,0.100,0.400,52s,jam,0.000000,7.440625,34.557292,7.440625,34.557292,0.352539,0.319661,40.000000,-55.000000,15.000000,-40.000000,25.000000,15.000000
9,one-medium-short,76000,20.000,0,5,0.500,0.100,0.400,T3o,jam,0.000000,6.154167,34.545139,6.154167,34.545139,0.272135,0.318142,40.000000,-55.000000,15.000000,-40.000000,25.000000,15.000000
9,one-medium-short,76000,20.000,0,5,0.500,0.100,0.400,73s,jam,0.000000,7.393750,34.536458,7.393750,34.536458,0.349609,0.317057,40.000000,-55.000000,15.000000,-40.000000,25.000000,15.000000
9,one-medium-short,76000,20.000,0,5,0.500,0.100,0.400,53o,jam,0.000000,7.185417,34.522569,7.185417,34.522569,0.336589,0.315321,40.000000,-55.000000,15.000000,-40.000000,25.000000,15.000000
9,one-medium-short,76000,20.000,0,5,0.500,0.100,0.400,83o,jam,0.000000,6.253125,34.512153,6.253125,34.512153,0.278320,0.314019,40.000000,-55.000000,15.000000,-40.000000,25.000000,15.000000
9,one-medium-short,76000,20.000,0,5,0.500,0.100,0.400,52o,jam,0.000000,7.102083,34.508681,7.102083,34.508681,0.331380,0.313585,40.000000,-55.000000,15.000000,-40.000000,25.000000,15.000000
9,one-medium-short,76000,20.000,0,5,0.500,0.100,0.400,Q3s,jam,0.000000,9.971875,34.484375,9.971875,34.484375,0.510742,0.310547,40.000000,-55.000000,15.000000,-40.000000,25.000000,15.000000
9,one-medium-short,76000,20.000,0,5,0.500,0.100,0.400,63o,jam,0.000000,7.008333,34.484375,7.008333,34.484375,0.325521,0.310547,40.000000,-55.000000,15.000000,-40.000000,25.000000,15.000000
9,one-medium-short,76000,20.000,0,5,0.500,0.100,0.400,84o,jam,0.000000,6.638542,34.482639,6.638542,34.482639,0.302409,0.310330,40.000000,-55.000000,15.000000,-40.000000,25.000000,15.000000
9,one-medium-short,76000,20.000,0,5,0.500,0.100,0.400,T4o,jam,0.000000,6.181944,34.482639,6.181944,34.482639,0.273872,0.310330,40.000000,-55.000000,15.000000,-40.000000,25.000000,15.000000
9,one-medium-short,76000,20.000,0,5,0.500,0.100,0.400,73o,jam,0.000000,6.607292,34.480903,6.607292,34.480903,0.300456,0.310113,40.000000,-55.000000,15.000000,-40.000000,25.000000,15.000000
9,one-medium-short,76000,20.000,0,5,0.500,0.100,0.400,93o,jam,0.000000,6.112500,34.477431,6.112500,34.477431,0.269531,0.309679,40.000000,-55.000000,15.000000,-40.000000,25.000000,15.000000
9,one-medium-short,76000,20.000,0,5,0.500,0.100,0.400,T2o,jam,0.000000,6.438889,34.470486,6.438889,34.470486,0.289931,0.308811,40.000000,-55.000000,15.000000,-40.000000,25.000000,15.000000
9,one-medium-short,76000,20.000,0,5,0.500,0.100,0.400,92o,jam,0.000000,5.661111,34.467014,5.661111,34.467014,0.241319,0.308377,40.000000,-55.000000,15.000000,-40.000000,25.000000,15.000000
9,one-medium-short,76000,20.000,0,5,0.500,0.100,0.400,72s,jam,0.000000,7.675000,34.458333,7.675000,34.458333,0.367188,0.307292,40.000000,-55.000000,15.000000,-40.000000,25.000000,15.000000
9,one-medium-short,76000,20.000,0,5,0.500,0.100,0.400,62s,jam,0.000000,7.018750,34.453125,7.018750,34.453125,0.326172,0.306641,40.000000,-55.000000,15.000000,-40.000000,25.000000,15.000000
9,one-medium-short,76000,20.000,0,5,0.500,0.100,0.400,74o,jam,0.000000,6.565625,34.451389,6.565625,34.451389,0.297852,0.306424,40.000000,-55.000000,15.000000,-40.000000,25.000000,15.000000
9,one-medium-short,76000,20.000,0,5,0.500,0.100,0.400,Q4o,jam,0.000000,9.805208,34.447917,9.805208,34.447917,0.500326,0.305990,40.000000,-55.000000,15.000000,-40.000000,25.000000,15.000000
9,one-medium-short,76000,20.000,0,5,0.500,0.100,0.400,62o,jam,0.000000,6.935417,34.434028,6.935417,34.434028,0.320964,0.304253,40.000000,-55.000000,15.000000,-40.000000,25.000000,15.000000
9,one-medium-short,76000,20.000,0,5,0.500,0.100,0.400,A3o,jam,0.000000,10.388542,34.428819,10.388542,34.428819,0.536784,0.303602,40.000000,-55.000000,15.000000,-40.000000,25.000000,15.000000
9,one-medium-short,76000,20.000,0,5,0.500,0.100,0.400,J2o,jam,0.000000,10.482292,34.395833,10.482292,34.395833,0.542643,0.299479,40.000000,-55.000000,15.000000,-40.000000,25.000000,15.000000
9,one-medium-short,76000,20.000,0,5,0.500,0.100,0.400,82o,jam,0.000000,6.300000,34.368056,6.300000,34.368056,0.281250,0.296007,40.000000,-55.000000,15.000000,-40.000000,25.000000,15.000000
9,one-medium-short,76000,20.000,0,5,0.500,0.100,0.400,K3o,jam,0.000000,10.081250,34.366319,10.081250,34.366319,0.517578,0.295790,40.000000,-55.000000,15.000000,-40.000000,25.000000,15.000000
9,one-medium-short,76000,20.000,0,5,0.500,0.100,0.400,Q2o,jam,0.000000,10.305208,34.350694,10.305208,34.350694,0.531576,0.293837,40.000000,-55.000000,15.000000,-40.000000,25.000000,15.000000
9,one-medium-short,76000,20.000,0,5,0.500,0.100,0.400,A2o,jam,0.000000,9.820833,34.338542,9.820833,34.338542,0.501302,0.292318,40.000000,-55.000000,15.000000,-40.000000,25.000000,15.000000
9,one-medium-short,76000,20.000,0,5,0.500,0.100,0.400,K2o,jam,0.000000,9.654167,34.329861,9.654167,34.329861,0.490885,0.291233,40.000000,-55.000000,15.000000,-40.000000,25.000000,15.000000
9,one-medium-short,76000,20.000,0,5,0.500,0.100,0.400,72o,jam,0.000000,6.414583,34.319444,6.414583,34.319444,0.288411,0.289931,40.000000,-55.000000,15.000000,-40.000000,25.000000,15.000000
9,one-medium-short,76000,20.000,0,5,0.500,0.100,0.400,22,jam,0.000000,9.227083,33.520833,9.227083,33.520833,0.464193,0.190104,40.000000,-55.000000,15.000000,-40.000000,25.000000,15.000000
9,one-medium-short,76000,20.000,0,5,0.500,0.100,0.400,32s,jam,0.000000,6.190625,33.484375,6.190625,33.484375,0.274414,0.185547,40.000000,-55.000000,15.000000,-40.000000,25.000000,15.000000
9,one-medium-short,76000,20.000,0,5,0.500,0.100,0.400,33,jam,0.000000,9.487500,33.482639,9.487500,33.482639,0.480469,0.185330,40.000000,-55.000000,15.000000,-40.000000,25.000000,15.000000
9,one-medium-short,76000,20.000,0,5,0.500,0.100,0.400,43s,jam,0.000000,7.487500,33.447917,7.487500,33.447917,0.355469,0.180990,40.000000,-55.000000,15.000000,-40.000000,25.000000,15.000000
9,one-medium-short,76000,20.000,0,5,0.500,0.100,0.400,42s,jam,0.000000,7.565625,33.072917,7.565625,33.072917,0.360352,0.134115,40.000000,-55.000000,15.000000,-40.000000,25.000000,15.000000
9,one-medium-short,76000,20.000,0,5,0.500,0.100,0.400,32o,jam,0.000000,7.086458,32.947917,7.086458,32.947917,0.330404,0.118490,40.000000,-55.000000,15.000000,-40.000000,25.000000,15.000000
9,one-medium-short,76000,20.000,0,5,0.500,0.100,0.400,43o,jam,0.000000,6.977083,32.895833,6.977083,32.895833,0.323568,0.111979,40.000000,-55.000000,15.000000,-40.000000,25.000000,15.000000
9,one-medium-short,76000,20.000,0,5,0.500,0.100,0.400,42o,jam,0.000000,6.987500,32.798611,6.987500,32.798611,0.324219,0.099826,40.000000,-55.000000,15.000000,-40.000000,25.000000,15.000000
9,one-medium-short,76000,20.000,0,5,0.500,0.200,0.400,KK,jam,0.000000,14.289583,38.520833,14.289583,38.520833,0.780599,0.907552,40.000000,-55.000000,15.000000,-40.000000,25.000000,15.000000
9,one-medium-short,76000,20.000,0,5,0.500,0.200,0.400,AA,jam,0.000000,14.404167,37.822917,14.404167,37.822917,0.787760,0.863932,40.000000,-55.000000,15.000000,-40.000000,25.000000,15.000000
9,one-medium-short,76000,20.000,0,5,0.500,0.200,0.400,AQs,jam,0.000000,12.065625,36.250000,12.065625,36.250000,0.641602,0.765625,40.000000,-55.000000,15.000000,-40.000000,25.000000,15.000000
9,one-medium-short,76000,20.000,0,5,0.500,0.200,0.400,AKs,jam,0.000000,11.987500,36.173611,11.987500,36.173611,0.636719,0.760851,40.000000,-55.000000,15.000000,-40.000000,25.000000,15.000000
9,one-medium-short,76000,20.000,0,5,0.500,0.200,0.400,AKo,jam,0.000000,10.971875,35.893519,10.971875,35.893519,0.573242,0.743345,40.000000,-55.000000,15.000000,-40.000000,25.000000,15.000000
9,one-medium-short,76000,20.000,0,5,0.500,0.200,0.400,AQo,jam,0.000000,11.044792,35.793981,11.044792,35.793981,0.577799,0.737124,40.000000,-55.000000,15.000000,-40.000000,25.000000,15.000000
9,one-medium-short,76000,20.000,0,5,0.500,0.200,0.400,QQ,jam,0.000000,14.872917,34.513889,14.872917,34.513889,0.817057,0.657118,40.000000,-55.000000,15.000000,-40.000000,25.000000,15.000000
9,one-medium-short,76000,20.000,0,5,0.500,0.200,0.400,ATs,jam,0.000000,12.716667,34.213542,12.716667,34.213542,0.682292,0.638346,40.000000,-55.000000,15.000000,-40.000000,25.000000,15.000000
9,one-medium-short,76000,20.000,0,5,0.500,0.200,0.400,A4s,jam,0.000000,10.440625,33.942708,10.440625,33.942708,0.540039,0.621419,40.000000,-55.000000,15.000000,-40.000000,25.000000,15.000000
9,one-medium-short,76000,20.000,0,5,0.500,0.200,0.400,AJs,jam,0.000000,12.050000,33.901042,12.050000,33.901042,0.640625,0.618815,40.000000,-55.000000,15.000000,-40.000000,25.000000,15.000000
9,one-medium-short,76000,20.000,0,5,0.500,0.200,0.400,A7s,jam,0.000000,10.612500,33.760417,10.612500,33.760417,0.550781,0.610026,40.000000,-55.000000,15.000000,-40.000000,25.000000,15.000000
9,one-medium-short,76000,20.000,0,5,0.500,0.200,0.400,A5s,jam,0.000000,10.487500,33.744792,10.487500,33.744792,0.542969,0.609049,40.000000,-55.000000,15.000000,-40.000000,25.000000,15.000000
9,one-medium-short,76000,20.000,0,5,0.500,0.200,0.400,ATo,jam,0.000000,12.973611,33.718750,12.973611,33.718750,0.698351,0.607422,40.000000,-55.000000,15.000000,-40.000000,25.000000,15.000000
9,one-medium-short,76000,20.000,0,5,0.500,0.200,0.400,A6s,jam,0.000000,10.831250,33.562500,10.831250,33.562500,0.564453,0.597656,40.000000,-55.000000,15.000000,-40.000000,25.000000,15.000000
9,one-medium-short,76000,20.000,0,5,0.500,0.200,0.400,A9s,jam,0.000000,12.758333,33.541667,12.758333,33.541667,0.684896,0.596354,40.000000,-55.000000,15.000000,-40.000000,25.000000,15.000000
9,one-medium-short,76000,20.000,0,5,0.500,0.200,0.400,A5o,jam,0.000000,10.227083,33.475694,10.227083,33.475694,0.526693,0.592231,40.000000,-55.000000,15.000000,-40.000000,25.000000,15.000000
9,one-medium-short,76000,20.000,0,5,0.500,0.200,0.400,AJo,jam,0.000000,11.508333,33.468750,11.508333,33.468750,0.606771,0.591797,40.000000,-55.000000,15.000000,-40.000000,25.000000,15.000000
9,one-medium-short,76000,20.000,0,5,0.500,0.200,0.400,A3s,jam,0.000000,11.112500,33.468750,11.112500,33.468750,0.582031,0.591797,40.000000,-55.000000,15.000000,-40.000000,25.000000,15.000000
9,one-medium-short,76000,20.000,0,5,0.500,0.200,0.400,A8s,jam,0.000000,11.159375,33.447917,11.159375,33.447917,0.584961,0.590495,40.000000,-55.000000,15.000000,-40.000000,25.000000,15.000000
9,one-medium-short,76000,20.000,0,5,0.500,0.200,0.400,A3o,jam,0.000000,10.388542,33.366319,10.388542,33.366319,0.536784,0.585395,40.000000,-55.000000,15.000000,-40.000000,25.000000,15.000000
9,one-medium-short,76000,20.000,0,5,0.500,0.200,0.400,A2o,jam,0.000000,9.820833,33.364583,9.820833,33.364583,0.501302,0.585286,40.000000,-55.000000,15.000000,-40.000000,25.000000,15.000000
9,one-medium-short,76000,20.000,0,5,0.500,0.200,0.400,A9o,jam,0.000000,12.334722,33.328125,12.334722,33.328125,0.658420,0.583008,40.000000,-55.000000,15.000000,-40.000000,25.000000,15.000000
9,one-medium-short,76000,20.000,0,5,0.500,0.200,0.400,A7o,jam,0.000000,10.023958,33.303819,10.023958,33.303819,0.513997,0.581489,40.000000,-55.000000,15.000000,-40.000000,25.000000,15.000000
9,one-medium-short,76000,20.000,0,5,0.500,0.200,0.400,A2s,jam,0.000000,10.862500,33.296875,10.862500,33.296875,0.566406,0.581055,40.000000,-55.000000,15.000000,-40.000000,25.000000,15.000000
9,one-medium-short,76000,20.000,0,5,0.500,0.200,0.400,A8o,jam,0.000000,10.550000,33.289931,10.550000,33.289931,0.546875,0.580621,40.000000,-55.000000,15.000000,-40.000000,25.000000,15.000000
9,one-medium-short,76000,20.000,0,5,0.500,0.200,0.400,A6o,jam,0.000000,10.273958,33.241319,10.273958,33.241319,0.529622,0.577582,40.000000,-55.000000,15.000000,-40.000000,25.000000,15.000000
9,one-medium-short,76000,20.000,0,5,0.500,0.200,0.400,A4o,jam,0.000000,10.175000,33.206597,10.175000,33.206597,0.523438,0.575412,40.000000,-55.000000,15.000000,-40.000000,25.000000,15.000000
9,one-medium-short,76000,20.000,0,5,0.500,0.200,0.400,99,jam,0.000000,11.737500,33.100694,11.737500,33.100694,0.621094,0.568793,40.000000,-55.000000,15.000000,-40.000000,25.000000,15.000000
9,one-medium-short,76000,20.000,0,5,0.500,0.200,0.400,TT,jam,0.000000,14.862500,32.951389,14.862500,32.951389,0.816406,0.559462,40.000000,-55.000000,15.000000,-40.000000,25.000000,15.000000
9,one-medium-short,76000,20.000,0,5,0.500,0.200,0.400,JJ,jam,0.000000,15.018750,32.923611,15.018750,32.923611,0.826172,0.557726,40.000000,-55.000000,15.000000,-40.000000,25.000000,15.000000
9,one-medium-short,76000,20.000,0,5,0.500,0.200,0.400,77,jam,0.000000,9.185417,32.631944,9.185417,32.631944,0.461589,0.539497,40.000000,-55.000000,15.000000,-40.000000,25.000000,15.000000
9,one-medium-short,76000,20.000,0,5,0.500,0.200,0.400,55,jam,0.000000,9.622917,32.625000,9.622917,32.625000,0.488932,0.539062,40.000000,-55.000000,15.000000,-40.000000,25.000000,15.000000
9,one-medium-short,76000,20.000,0,5,0.500,0.200,0.400,66,jam,0.000000,9.768750,32.590278,9.768750,32.590278,0.498047,0.536892,40.000000,-55.000000,15.000000,-40.000000,25.000000,15.000000
9,one-medium-short,76000,20.000,0,5,0.500,0.200,0.400,88,jam,0.000000,10.070833,32.565972,10.070833,32.565972,0.516927,0.535373,40.000000,-55.000000,15.000000,-40.000000,25.000000,15.000000
9,one-medium-short,76000,20.000,0,5,0.500,0.200,0.400,KQs,jam,0.000000,12.315625,32.489583,12.315625,32.489583,0.657227,0.530599,40.000000,-55.000000,15.000000,-40.000000,25.000000,15.000000
9,one-medium-short,76000,20.000,0,5,0.500,0.200,0.400,44,jam,0.000000,8.820833,32.423611,8.820833,32.423611,0.438802,0.526476,40.000000,-55.000000,15.000000,-40.000000,25.000000,15.000000
9,one-medium-short,76000,20.000,0,5,0.500,0.200,0.400,33,jam,0.000000,9.487500,32.298611,9.487500,32.298611,0.480469,0.518663,40.000000,-55.000000,15.000000,-40.000000,25.000000,15.000000
9,one-medium-short,76000,20.000,0,5,0.500,0.200,0.400,22,jam,0.000000,9.227083,32.208333,9.227083,32.208333,0.464193,0.513021,40.000000,-55.000000,15.000000,-40.000000,25.000000,15.000000
9,one-medium-short,76000,20.000,0,5,0.500,0.200,0.400,KQo,jam,0.000000,11.393750,32.000000,11.393750,32.000000,0.599609,0.500000,40.000000,-55.000000,15.000000,-40.000000,25.000000,15.000000
9,one-medium-short,76000,20.000,0,5,0.500,0.200,0.400,65s,jam,0.000000,7.300000,30.614583,7.300000,30.614583,0.343750,0.413411,40.000000,-55.000000,15.000000,-40.000000,25.000000,15.000000
9,one-medium-short,76000,20.000,0,5,0.500,0.200,0.400,76s,jam,0.000000,7.862500,30.598958,7.862500,30.598958,0.378906,0.412435,40.000000,-55.000000,15.000000,-40.000000,25.000000,15.000000
9,one-medium-short,76000,20.000,0,5,0.500,0.200,0.400,97s,jam,0.000000,6.550000,30.598958,6.550000,30.598958,0.296875,0.412435,40.000000,-55.000000,15.000000,-40.000000,25.000000,15.000000
9,one-medium-short,76000,20.000,0,5,0.500,0.200,0.400,64s,jam,0.000000,6.393750,30.567708,6.393750,30.567708,0.287109,0.410482,40.000000,-55.000000,15.000000,-40.000000,25.000000,15.000000
9,one-medium-short,76000,20.000,0,5,0.500,0.200,0.400,98s,jam,0.000000,6.404167,30.515625,6.404167,30.515625,0.287760,0.407227,40.000000,-55.000000,15.000000,-40.000000,25.000000,15.000000
9,one-medium-short,76000,20.000,0,5,0.500,0.200,0.400,86s,jam,0.000000,7.393750,30.447917,7.393750,30.447917,0.349609,0.402995,40.000000,-55.000000,15.000000,-40.000000,25.000000,15.000000
9,one-medium-short,76000,20.000,0,5,0.500,0.200,0.400,54s,jam,0.000000,6.971875,30.421875,6.971875,30.421875,0.323242,0.401367,40.000000,-55.000000,15.000000,-40.000000,25.000000,15.000000
9,one-medium-short,76000,20.000,0,5,0.500,0.200,0.400,87s,jam,0.000000,7.190625,30.411458,7.190625,30.411458,0.336914,0.400716,40.000000,-55.000000,15.000000,-40.000000,25.000000,15.000000
9,one-medium-short,76000,20.000,0,5,0.500,0.200,0.400,T9s,jam,0.000000,9.800000,30.406250,9.800000,30.406250,0.500000,0.400391,40.000000,-55.000000,15.000000,-40.000000,25.000000,15.000000
9,one-medium-short,76000,20.000,0,5,0.500,0.200,0.400,JTs,jam,0.000000,13.050000,30.369792,13.050000,30.369792,0.703125,0.398112,40.000000,-55.000000,15.000000,-40.000000,25.000000,15.000000
9,one-medium-short,76000,20.000,0,5,0.500,0.200,0.400,63s,jam,0.000000,7.331250,30.333333,7.331250,30.333333,0.345703,0.395833,40.000000,-55.000000,15.000000,-40.000000,25.000000,15.000000
9,one-medium-short,76000,20.000,0,5,0.500,0.200,0.400,53s,jam,0.000000,7.253125,30.322917,7.253125,30.322917,0.340820,0.395182,40.000000,-55.000000,15.000000,-40.000000,25.000000,15.000000
9,one-medium-short,76000,20.000,0,5,0.500,0.200,0.400,43s,jam,0.000000,7.487500,30.307292,7.487500,30.307292,0.355469,0.394206,40.000000,-55.000000,15.000000,-40.000000,25.000000,15.000000
9,one-medium-short,76000,20.000,0,5,0.500,0.200,0.400,73s,jam,0.000000,7.393750,30.203125,7.393750,30.203125,0.349609,0.387695,40.000000,-55.000000,15.000000,-40.000000,25.000000,15.000000
9,one-medium-short,76000,20.000,0,5,0.500,0.200,0.400,83s,jam,0.000000,6.815625,30.161458,6.815625,30.161458,0.313477,0.385091,40.000000,-55.000000,15.000000,-40.000000,25.000000,15.000000
9,one-medium-short,76000,20.000,0,5,0.500,0.200,0.400,75s,jam,0.000000,7.581250,30.156250,7.581250,30.156250,0.361328,0.384766,40.000000,-55.000000,15.000000,-40.000000,25.000000,15.000000
9,one-medium-short,76000,20.000,0,5,0.500,0.200,0.400,84s,jam,0.000000,7.034375,30.130208,7.034375,30.130208,0.327148,0.383138,40.000000,-55.000000,15.000000,-40.000000,25.000000,15.000000
9,one-medium-short,76000,20.000,0,5,0.500,0.200,0.400,85s,jam,0.000000,7.362500,30.072917,7.362500,30.072917,0.347656,0.379557,40.000000,-55.000000,15.000000,-40.000000,25.000000,15.000000
9,one-medium-short,76000,20.000,0,5,0.500,0.200,0.400,32s,jam,0.000000,6.190625,30.072917,6.190625,30.072917,0.274414,0.379557,40.000000,-55.000000,15.000000,-40.000000,25.000000,15.000000
9,one-medium-short,76000,20.000,0,5,0.500,0.200,0.400,54o,jam,0.000000,7.555208,30.060764,7.555208,30.060764,0.359701,0.378798,40.000000,-55.000000,15.000000,-40.000000,25.000000,15.000000
9,one-medium-short,76000,20.000,0,5,0.500,0.200,0.400,J9s,jam,0.000000,13.737500,30.046875,13.737500,30.046875,0.746094,0.377930,40.000000,-55.000000,15.000000,-40.000000,25.000000,15.000000
9,one-medium-short,76000,20.000,0,5,0.500,0.200,0.400,T8s,jam,0.000000,7.320833,30.031250,7.320833,30.031250,0.345052,0.376953,40.000000,-55.000000,15.000000,-40.000000,25.000000,15.000000
9,one-medium-short,76000,20.000,0,5,0.500,0.200,0.400,T5s,jam,0.000000,6.695833,30.020833,6.695833,30.020833,0.305990,0.376302,40.000000,-55.000000,15.000000,-40.000000,25.000000,15.000000
9,one-medium-short,76000,20.000,0,5,0.500,0.200,0.400,76o,jam,0.000000,7.544792,30.000000,7.544792,30.000000,0.359049,0.375000,40.000000,-55.000000,15.000000,-40.000000,25.000000,15.000000
9,one-medium-short,76000,20.000,0,5,0.500,0.200,0.400,42s,jam,0.000000,7.565625,29.994792,7.565625,29.994792,0.360352,0.374674,40.000000,-55.000000,15.000000,-40.000000,25.000000,15.000000
9,one-medium-short,76000,20.000,0,5,0.500,0.200,0.400,52s,jam,0.000000,7.440625,29.994792,7.440625,29.994792,0.352539,0.374674,40.000000,-55.000000,15.000000,-40.000000,25.000000,15.000000
9,one-medium-short,76000,20.000,0,5,0.500,0.200,0.400,74s,jam,0.000000,7.331250,29.973958,7.331250,29.973958,0.345703,0.373372,40.000000,-55.000000,15.000000,-40.000000,25.000000,15.000000
9,one-medium-short,76000,20.000,0,5,0.500,0.200,0.400,92s,jam,0.000000,6.966667,29.911458,6.966667,29.911458,0.322917,0.369466,40.000000,-55.000000,15.000000,-40.000000,25.000000,15.000000
9,one-medium-short,76000,20.000,0,5,0.500,0.200,0.400,T6s,jam,0.000000,6.966667,29.895833,6.966667,29.895833,0.322917,0.368490,40.000000,-55.000000,15.000000,-40.000000,25.000000,15.000000
9,one-medium-short,76000,20.000,0,5,0.500,0.200,0.400,93s,jam,0.000000,6.633333,29.895833,6.633333,29.895833,0.302083,0.368490,40.000000,-55.000000,15.000000,-40.000000,25.000000,15.000000
9,one-medium-short,76000,20.000,0,5,0.500,0.200,0.400,J4s,jam,0.000000,11.362500,29.859375,11.362500,29.859375,0.597656,0.366211,40.000000,-55.000000,15.000000,-40.000000,25.000000,15.000000
9,one-medium-short,76000,20.000,0,5,0.500,0.200,0.400,95s,jam,0.000000,6.445833,29.854167,6.445833,29.854167,0.290365,0.365885,40.000000,-55.000000,15.000000,-40.000000,25.000000,15.000000
9,one-medium-short,76000,20.000,0,5,0.500,0.200,0.400,65o,jam,0.000000,7.175000,29.848958,7.175000,29.848958,0.335938,0.365560,40.000000,-55.000000,15.000000,-40.000000,25.000000,15.000000
9,one-medium-short,76000,20.000,0,5,0.500,0.200,0.400,T3s,jam,0.000000,7.404167,29.843750,7.404167,29.843750,0.350260,0.365234,40.000000,-55.000000,15.000000,-40.000000,25.000000,15.000000
9,one-medium-short,76000,20.000,0,5,0.500,0.200,0.400,64o,jam,0.000000,7.044792,29.821181,7.044792,29.821181,0.327799,0.363824,40.000000,-55.000000,15.000000,-40.000000,25.000000,15.000000
9,one-medium-short,76000,20.000,0,5,0.500,0.200,0.400,96s,jam,0.000000,6.925000,29.796875,6.925000,29.796875,0.320312,0.362305,40.000000,-55.000000,15.000000,-40.000000,25.000000,15.000000
9,one-medium-short,76000,20.000,0,5,0.500,0.200,0.400,JTo,jam,0.000000,12.890278,29.786458,12.890278,29.786458,0.693142,0.361654,40.000000,-55.000000,15.000000,-40.000000,25.000000,15.000000
9,one-medium-short,76000,20.000,0,5,0.500,0.200,0.400,94s,jam,0.000000,6.529167,29.770833,6.529167,29.770833,0.295573,0.360677,40.000000,-55.000000,15.000000,-40.000000,25.000000,15.000000
9,one-medium-short,76000,20.000,0,5,0.500,0.200,0.400,62s,jam,0.000000,7.018750,29.760417,7.018750,29.760417,0.326172,0.360026,40.000000,-55.000000,15.000000,-40.000000,25.000000,15.000000
9,one-medium-short,76000,20.000,0,5,0.500,0.200,0.400,J2s,jam,0.000000,10.206250,29.755208,10.206250,29.755208,0.525391,0.359701,40.000000,-55.000000,15.000000,-40.000000,25.000000,15.000000
9,one-medium-short,76000,20.000,0,5,0.500,0.200,0.400,72s,jam,0.000000,7.675000,29.734375,7.675000,29.734375,0.367188,0.358398,40.000000,-55.000000,15.000000,-40.000000,25.000000,15.000000
9,one-medium-short,76000,20.000,0,5,0.500,0.200,0.400,98o,jam,0.000000,5.980556,29.722222,5.980556,29.722222,0.261285,0.357639,40.000000,-55.000000,15.000000,-40.000000,25.000000,15.000000
9,one-medium-short,76000,20.000,0,5,0.500,0.200,0.400,J3s,jam,0.000000,9.940625,29.718750,9.940625,29.718750,0.508789,0.357422,40.000000,-55.000000,15.000000,-40.000000,25.000000,15.000000
9,one-medium-short,76000,20.000,0,5,0.500,0.200,0.400,53o,jam,0.000000,7.185417,29.713542,7.185417,29.713542,0.336589,0.357096,40.000000,-55.000000,15.000000,-40.000000,25.000000,15.000000
9,one-medium-short,76000,20.000,0,5,0.500,0.200,0.400,T9o,jam,0.000000,9.435417,29.703125,9.435417,29.703125,0.477214,0.356445,40.000000,-55.000000,15.000000,-40.000000,25.000000,15.000000
9,one-medium-short,76000,20.000,0,5,0.500,0.200,0.400,75o,jam,0.000000,6.919792,29.692708,6.919792,29.692708,0.319987,0.355794,40.000000,-55.000000,15.000000,-40.000000,25.000000,15.000000
9,one-medium-short,76000,20.000,0,5,0.500,0.200,0.400,43o,jam,0.000000,6.977083,29.687500,6.977083,29.687500,0.323568,0.355469,40.000000,-55.000000,15.000000,-40.000000,25.000000,15.000000
9,one-medium-short,76000,20.000,0,5,0.500,0.200,0.400,T8o,jam,0.000000,6.411111,29.678819,6.411111,29.678819,0.288194,0.354926,40.000000,-55.000000,15.000000,-40.000000,25.000000,15.000000
9,one-medium-short,76000,20.000,0,5,0.500,0.200,0.400,96o,jam,0.000000,5.931944,29.668403,5.931944,29.668403,0.258247,0.354275,40.000000,-55.000000,15.000000,-40.000000,25.000000,15.000000
9,one-medium-short,76000,20.000,0,5,0.500,0.200,0.400,J8s,jam,0.000000,11.221875,29.666667,11.221875,29.666667,0.588867,0.354167,40.000000,-55.000000,15.000000,-40.000000,25.000000,15.000000
9,one-medium-short,76000,20.000,0,5,0.500,0.200,0.400,J5s,jam,0.000000,10.596875,29.661458,10.596875,29.661458,0.549805,0.353841,40.000000,-55.000000,15.000000,-40.000000,25.000000,15.000000
9,one-medium-short,76000,20.000,0,5,0.500,0.200,0.400,87o,jam,0.000000,7.362500,29.651042,7.362500,29.651042,0.347656,0.353190,40.000000,-55.000000,15.000000,-40.000000,25.000000,15.000000
9,one-medium-short,76000,20.000,0,5,0.500,0.200,0.400,97o,jam,0.000000,5.925000,29.633681,5.925000,29.633681,0.257812,0.352105,40.000000,-55.000000,15.000000,-40.000000,25.000000,15.000000
9,one-medium-short,76000,20.000,0,5,0.500,0.200,0.400,J6s,jam,0.000000,11.315625,29.630208,11.315625,29.630208,0.594727,0.351888,40.000000,-55.000000,15.000000,-40.000000,25.000000,15.000000
9,one-medium-short,76000,20.000,0,5,0.500,0.200,0.400,T4s,jam,0.000000,6.633333,29.630208,6.633333,29.630208,0.302083,0.351888,40.000000,-55.000000,15.000000,-40.000000,25.000000,15.000000
9,one-medium-short,76000,20.000,0,5,0.500,0.200,0.400,63o,jam,0.000000,7.008333,29.593750,7.008333,29.593750,0.325521,0.349609,40.000000,-55.000000,15.000000,-40.000000,25.000000,15.000000
9,one-medium-short,76000,20.000,0,5,0.500,0.200,0.400,T7s,jam,0.000000,6.779167,29.583333,6.779167,29.583333,0.311198,0.348958,40.000000,-55.000000,15.000000,-40.000000,25.000000,15.000000
9,one-medium-short,76000,20.000,0,5,0.500,0.200,0.400,73o,jam,0.000000,6.607292,29.541667,6.607292,29.541667,0.300456,0.346354,40.000000,-55.000000,15.000000,-40.000000,25.000000,15.000000
9,one-medium-short,76000,20.000,0,5,0.500,0.200,0.400,J7s,jam,0.000000,10.893750,29.531250,10.893750,29.531250,0.568359,0.345703,40.000000,-55.000000,15.000000,-40.000000,25.000000,15.000000
9,one-medium-short,76000,20.000,0,5,0.500,0.200,0.400,85o,jam,0.000000,6.648958,29.513889,6.648958,29.513889,0.303060,0.344618,40.000000,-55.000000,15.000000,-40.000000,25.000000,15.000000
9,one-medium-short,76000,20.000,0,5,0.500,0.200,0.400,42o,jam,0.000000,6.987500,29.498264,6.987500,29.498264,0.324219,0.343641,40.000000,-55.000000,15.000000,-40.000000,25.000000,15.000000
9,one-medium-short,76000,20.000,0,5,0.500,0.200,0.400,84o,jam,0.000000,6.638542,29.470486,6.638542,29.470486,0.302409,0.341905,40.000000,-55.000000,15.000000,-40.000000,25.000000,15.000000
9,one-medium-short,76000,20.000,0,5,0.500,0.200,0.400,74o,jam,0.000000,6.565625,29.446181,6.565625,29.446181,0.297852,0.340386,40.000000,-55.000000,15.000000,-40.000000,25.000000,15.000000
9,one-medium-short,76000,20.000,0,5,0.500,0.200,0.400,86o,jam,0.000000,6.872917,29.444444,6.872917,29.444444,0.317057,0.340278,40.000000,-55.000000,15.000000,-40.000000,25.000000,15.000000
9,one-medium-short,76000,20.000,0,5,0.500,0.200,0.400,J9o,jam,0.000000,12.522222,29.425347,12.522222,29.425347,0.670139,0.339084,40.000000,-55.000000,15.000000,-40.000000,25.000000,15.000000
9,one-medium-short,76000,20.000,0,5,0.500,0.200,0.400,95o,jam,0.000000,5.431944,29.413194,5.431944,29.413194,0.226997,0.338325,40.000000,-55.000000,15.000000,-40.000000,25.000000,15.000000
9,one-medium-short,76000,20.000,0,5,0.500,0.200,0.400,62o,jam,0.000000,6.935417,29.328125,6.935417,29.328125,0.320964,0.333008,40.000000,-55.000000,15.000000,-40.000000,25.000000,15.000000
9,one-medium-short,76000,20.000,0,5,0.500,0.200,0.400,32o,jam,0.000000,7.086458,29.303819,7.086458,29.303819,0.330404,0.331489,40.000000,-55.000000,15.000000,-40.000000,25.000000,15.000000
9,one-medium-short,76000,20.000,0,5,0.500,0.200,0.400,82s,jam,0.000000,6.831250,29.296875,6.831250,29.296875,0.314453,0.331055,40.000000,-55.000000,15.000000,-40.000000,25.000000,15.000000
9,one-medium-short,76000,20.000,0,5,0.500,0.200,0.400,72o,jam,0.000000,6.414583,29.295139,6.414583,29.295139,0.288411,0.330946,40.000000,-55.000000,15.000000,-40.000000,25.000000,15.000000
9,one-medium-short,76000,20.000,0,5,0.500,0.200,0.400,J8o,jam,0.000000,10.550000,29.293403,10.550000,29.293403,0.546875,0.330838,40.000000,-55.000000,15.000000,-40.000000,25.000000,15.000000
9,one-medium-short,76000,20.000,0,5,0.500,0.200,0.400,T7o,jam,0.000000,6.341667,29.286458,6.341667,29.286458,0.283854,0.330404,40.000000,-55.000000,15.000000,-40.000000,25.000000,15.000000
9,one-medium-short,76000,20.000,0,5,0.500,0.200,0.400,52o,jam,0.000000,7.102083,29.281250,7.102083,29.281250,0.331380,0.330078,40.000000,-55.000000,15.000000,-40.000000,25.000000,15.000000
9,one-medium-short,76000,20.000,0,5,0.500,0.200,0.400,T5o,jam,0.000000,6.425000,29.256944,6.425000,29.256944,0.289062,0.328559,40.000000,-55.000000,15.000000,-40.000000,25.000000,15.000000
9,one-medium-short,76000,20.000,0,5,0.500,0.200,0.400,K4s,jam,0.000000,10.315625,29.229167,10.315625,29.229167,0.532227,0.326823,40.000000,-55.000000,15.000000,-40.000000,25.000000,15.000000
9,one-medium-short,76000,20.000,0,5,0.500,0.200,0.400,T6o,jam,0.000000,6.438889,29.218750,6.438889,29.218750,0.289931,0.326172,40.000000,-55.000000,15.000000,-40.000000,25.000000,15.000000
9,one-medium-short,76000,20.000,0,5,0.500,0.200,0.400,J7o,jam,0.000000,10.096875,29.180556,10.096875,29.180556,0.518555,0.323785,40.000000,-55.000000,15.000000,-40.000000,25.000000,15.000000
9,one-medium-short,76000,20.000,0,5,0.500,0.200,0.400,J5o,jam,0.000000,10.237500,29.159722,10.237500,29.159722,0.527344,0.322483,40.000000,-55.000000,15.000000,-40.000000,25.000000,15.000000
9,one-medium-short,76000,20.000,0,5,0.500,0.200,0.400,92o,jam,0.000000,5.661111,29.126736,5.661111,29.126736,0.241319,0.320421,40.000000,-55.000000,15.000000,-40.000000,25.000000,15.000000
9,one-medium-short,76000,20.000,0,5,0.500,0.200,0.400,QTs,jam,0.000000,12.945833,29.125000,12.945833,29.125000,0.696615,0.320312,40.000000,-55.000000,15.000000,-40.000000,25.000000,15.000000
9,one-medium-short,76000,20.000,0,5,0.500,0.200,0.400,94o,jam,0.000000,5.827778,29.118056,5.827778,29.118056,0.251736,0.319878,40.000000,-55.000000,15.000000,-40.000000,25.000000,15.000000
9,one-medium-short,76000,20.000,0,5,0.500,0.200,0.400,T3o,jam,0.000000,6.154167,29.112847,6.154167,29.112847,0.272135,0.319553,40.000000,-55.000000,15.000000,-40.000000,25.000000,15.000000
9,one-medium-short,76000,20.000,0,5,0.500,0.200,0.400,T2s,jam,0.000000,6.862500,29.078125,6.862500,29.078125,0.316406,0.317383,40.000000,-55.000000,15.000000,-40.000000,25.000000,15.000000
9,one-medium-short,76000,20.000,0,5,0.500,0.200,0.400,T4o,jam,0.000000,6.181944,29.072917,6.181944,29.072917,0.273872,0.317057,40.000000,-55.000000,15.000000,-40.000000,25.000000,15.000000
9,one-medium-short,76000,20.000,0,5,0.500,0.200,0.400,Q6s,jam,0.000000,10.737500,29.041667,10.737500,29.041667,0.558594,0.315104,40.000000,-55.000000,15.000000,-40.000000,25.000000,15.000000
9,one-medium-short,76000,20.000,0,5,0.500,0.200,0.400,82o,jam,0.000000,6.300000,29.039931,6.300000,29.039931,0.281250,0.314996,40.000000,-55.000000,15.000000,-40.000000,25.000000,15.000000
9,one-medium-short,76000,20.000,0,5,0.500,0.200,0.400,Q4s,jam,0.000000,10.581250,29.020833,10.581250,29.020833,0.548828,0.313802,40.000000,-55.000000,15.000000,-40.000000,25.000000,15.000000
9,one-medium-short,76000,20.000,0,5,0.500,0.200,0.400,KTs,jam,0.000000,12.550000,29.013889,12.550000,29.013889,0.671875,0.313368,40.000000,-55.000000,15.000000,-40.000000,25.000000,15.000000
9,one-medium-short,76000,20.000,0,5,0.500,0.200,0.400,Q5s,jam,0.000000,10.675000,28.993056,10.675000,28.993056,0.554688,0.312066,40.000000,-55.000000,15.000000,-40.000000,25.000000,15.000000
9,one-medium-short,76000,20.000,0,5,0.500,0.200,0.400,J3o,jam,0.000000,9.800000,28.980903,9.800000,28.980903,0.500000,0.311306,40.000000,-55.000000,15.000000,-40.000000,25.000000,15.000000
9,one-medium-short,76000,20.000,0,5,0.500,0.200,0.400,93o,jam,0.000000,6.112500,28.968750,6.112500,28.968750,0.269531,0.310547,40.000000,-55.000000,15.000000,-40.000000,25.000000,15.000000
9,one-medium-short,76000,20.000,0,5,0.500,0.200,0.400,83o,jam,0.000000,6.253125,28.946181,6.253125,28.946181,0.278320,0.309136,40.000000,-55.000000,15.000000,-40.000000,25.000000,15.000000
9,one-medium-short,76000,20.000,0,5,0.500,0.200,0.400,K6s,jam,0.000000,10.659375,28.944444,10.659375,28.944444,0.553711,0.309028,40.000000,-55.000000,15.000000,-40.000000,25.000000,15.000000
9,one-medium-short,76000,20.000,0,5,0.500,0.200,0.400,K8s,jam,0.000000,10.456250,28.923611,10.456250,28.923611,0.541016,0.307726,40.000000,-55.000000,15.000000,-40.000000,25.000000,15.000000
9,one-medium-short,76000,20.000,0,5,0.500,0.200,0.400,J6o,jam,0.000000,9.878125,28.923611,9.878125,28.923611,0.504883,0.307726,40.000000,-55.000000,15.000000,-40.000000,25.000000,15.000000
9,one-medium-short,76000,20.000,0,5,0.500,0.200,0.400,T2o,jam,0.000000,6.438889,28.906250,6.438889,28.906250,0.289931,0.306641,40.000000,-55.000000,15.000000,-40.000000,25.000000,15.000000
9,one-medium-short,76000,20.000,0,5,0.500,0.200,0.400,J2o,jam,0.000000,10.482292,28.902778,10.482292,28.902778,0.542643,0.306424,40.000000,-55.000000,15.000000,-40.000000,25.000000,15.000000
9,one-medium-short,76000,20.000,0,5,0.500,0.200,0.400,J4o,jam,0.000000,10.076042,28.894097,10.076042,28.894097,0.517253,0.305881,40.000000,-55.000000,15.000000,-40.000000,25.000000,15.000000
9,one-medium-short,76000,20.000,0,5,0.500,0.200,0.400,K9s,jam,0.000000,12.341667,28.861111,12.341667,28.861111,0.658854,0.303819,40.000000,-55.000000,15.000000,-40.000000,25.000000,15.000000
9,one-medium-short,76000,20.000,0,5,0.500,0.200,0.400,KJs,jam,0.000000,12.190625,28.854167,12.190625,28.854167,0.649414,0.303385,40.000000,-55.000000,15.000000,-40.000000,25.000000,15.000000
9,one-medium-short,76000,20.000,0,5,0.500,0.200,0.400,Q2s,jam,0.000000,10.393750,28.750000,10.393750,28.750000,0.537109,0.296875,40.000000,-55.000000,15.000000,-40.000000,25.000000,15.000000
9,one-medium-short,76000,20.000,0,5,0.500,0.200,0.400,K7s,jam,0.000000,10.596875,28.715278,10.596875,28.715278,0.549805,0.294705,40.000000,-55.000000,15.000000,-40.000000,25.000000,15.000000
9,one-medium-short,76000,20.000,0,5,0.500,0.200,0.400,K2s,jam,0.000000,10.518750,28.715278,10.518750,28.715278,0.544922,0.294705,40.000000,-55.000000,15.000000,-40.000000,25.000000,15.000000
9,one-medium-short,76000,20.000,0,5,0.500,0.200,0.400,K5s,jam,0.000000,11.050000,28.680556,11.050000,28.680556,0.578125,0.292535,40.000000,-55.000000,15.000000,-40.000000,25.000000,15.000000
9,one-medium-short,76000,20.000,0,5,0.500,0.200,0.400,QJs,jam,0.000000,12.300000,28.673611,12.300000,28.673611,0.656250,0.292101,40.000000,-55.000000,15.000000,-40.000000,25.000000,15.000000
9,one-medium-short,76000,20.000,0,5,0.500,0.200,0.400,Q7s,jam,0.000000,11.034375,28.604167,11.034375,28.604167,0.577148,0.287760,40.000000,-55.000000,15.000000,-40.000000,25.000000,15.000000
9,one-medium-short,76000,20.000,0,5,0.500,0.200,0.400,Q3s,jam,0.000000,9.971875,28.562500,9.971875,28.562500,0.510742,0.285156,40.000000,-55.000000,15.000000,-40.000000,25.000000,15.000000
9,one-medium-short,76000,20.000,0,5,0.500,0.200,0.400,K3s,jam,0.000000,10.221875,28.555556,10.221875,28.555556,0.526367,0.284722,40.000000,-55.000000,15.000000,-40.000000,25.000000,15.000000
9,one-medium-short,76000,20.000,0,5,0.500,0.200,0.400,Q8s,jam,0.000000,11.221875,28.437500,11.221875,28.437500,0.588867,0.277344,40.000000,-55.000000,15.000000,-40.000000,25.000000,15.000000
9,one-medium-short,76000,20.000,0,5,0.500,0.200,0.400,KTo,jam,0.000000,12.737500,28.326389,12.737500,28.326389,0.683594,0.270399,40.000000,-55.000000,15.000000,-40.000000,25.000000,15.000000
9,one-medium-short,76000,20.000,0,5,0.500,0.200,0.400,K9o,jam,0.000000,12.522222,28.277778,12.522222,28.277778,0.670139,0.267361,40.000000,-55.000000,15.000000,-40.000000,25.000000,15.000000
9,one-medium-short,76000,20.000,0,5,0.500,0.200,0.400,Q9s,jam,0.000000,12.425000,28.263889,12.425000,28.263889,0.664062,0.266493,40.000000,-55.000000,15.000000,-40.000000,25.000000,15.000000
9,one-medium-short,76000,20.000,0,5,0.500,0.200,0.400,K8o,jam,0.000000,10.247917,28.263889,10.247917,28.263889,0.527995,0.266493,40.000000,-55.000000,15.000000,-40.000000,25.000000,15.000000
9,one-medium-short,76000,20.000,0,5,0.500,0.200,0.400,QTo,jam,0.000000,12.480556,28.250000,12.480556,28.250000,0.667535,0.265625,40.000000,-55.000000,15.000000,-40.000000,25.000000,15.000000
9,one-medium-short,76000,20.000,0,5,0.500,0.200,0.400,K4o,jam,0.000000,10.122917,28.233796,10.122917,28.233796,0.520182,0.264612,40.000000,-55.000000,15.000000,-40.000000,25.000000,15.000000
9,one-medium-short,76000,20.000,0,5,0.500,0.200,0.400,K5o,jam,0.000000,9.628125,28.206019,9.628125,28.206019,0.489258,0.262876,40.000000,-55.000000,15.000000,-40.000000,25.000000,15.000000
9,one-medium-short,76000,20.000,0,5,0.500,0.200,0.400,K6o,jam,0.000000,9.898958,28.189815,9.898958,28.189815,0.506185,0.261863,40.000000,-55.000000,15.000000,-40.000000,25.000000,15.000000
9,one-medium-short,76000,20.000,0,5,0.500,0.200,0.400,K7o,jam,0.000000,10.258333,28.185185,10.258333,28.185185,0.528646,0.261574,40.000000,-55.000000,15.000000,-40.000000,25.000000,15.000000
9,one-medium-short,76000,20.000,0,5,0.500,0.200,0.400,Q6o,jam,0.000000,10.378125,28.118056,10.378125,28.118056,0.536133,0.257378,40.000000,-55.000000,15.000000,-40.000000,25.000000,15.000000
9,one-medium-short,76000,20.000,0,5,0.500,0.200,0.400,K2o,jam,0.000000,9.654167,28.115741,9.654167,28.115741,0.490885,0.257234,40.000000,-55.000000,15.000000,-40.000000,25.000000,15.000000
9,one-medium-short,76000,20.000,0,5,0.500,0.200,0.400,QJo,jam,0.000000,11.758333,28.050926,11.758333,28.050926,0.622396,0.253183,40.000000,-55.000000,15.000000,-40.000000,25.000000,15.000000
9,one-medium-short,76000,20.000,0,5,0.500,0.200,0.400,Q9o,jam,0.000000,12.577778,28.018519,12.577778,28.018519,0.673611,0.251157,40.000000,-55.000000,15.000000,-40.000000,25.000000,15.000000
9,one-medium-short,76000,20.000,0,5,0.500,0.200,0.400,Q5o,jam,0.000000,9.888542,27.960648,9.888542,27.960648,0.505534,0.247541,40.000000,-55.000000,15.000000,-40.000000,25.000000,15.000000
9,one-medium-short,76000,20.000,0,5,0.500,0.200,0.400,KJo,jam,0.000000,11.326042,27.909722,11.326042,27.909722,0.595378,0.244358,40.000000,-55.000000,15.000000,-40.000000,25.000000,15.000000
9,one-medium-short,76000,20.000,0,5,0.500,0.200,0.400,Q3o,jam,0.000000,9.852083,27.907407,9.852083,27.907407,0.503255,0.244213,40.000000,-55.000000,15.000000,-40.000000,25.000000,15.000000
9,one-medium-short,76000,20.000,0,5,0.500,0.200,0.400,K3o,jam,0.000000,10.081250,27.872685,10.081250,27.872685,0.517578,0.242043,40.000000,-55.000000,15.000000,-40.000000,25.000000,15.000000
9,one-medium-short,76000,20.000,0,5,0.500,0.200,0.400,Q4o,jam,0.000000,9.805208,27.844907,9.805208,27.844907,0.500326,0.240307,40.000000,-55.000000,15.000000,-40.000000,25.000000,15.000000
9,one-medium-short,76000,20.000,0,5,0.500,0.200,0.400,Q8o,jam,0.000000,10.404167,27.775463,10.404167,27.775463,0.537760,0.235966,40.000000,-55.000000,15.000000,-40.000000,25.000000,15.000000
9,one-medium-short,76000,20.000,0,5,0.500,0.200,0.400,Q2o,jam,0.000000,10.305208,27.719907,10.305208,27.719907,0.531576,0.232494,40.000000,-55.000000,15.000000,-40.000000,25.000000,15.000000
9,one-medium-short,76000,20.000,0,5,0.500,0.200,0.400,Q7o,jam,0.000000,9.800000,27.636574,9.800000,27.636574,0.500000,0.227286,40.000000,-55.000000,15.000000,-40.000000,25.000000,15.000000
9,one-medium-short,76000,20.000,0,5,0.500,0.500,0.400,JJ,jam,0.000000,15.018750,33.046875,15.018750,33.046875,0.826172,0.826172,40.000000,-55.000000,15.000000,-40.000000,25.000000,15.000000
9,one-medium-short,76000,20.000,0,5,0.500,0.500,0.400,QQ,jam,0.000000,14.872917,32.682292,14.872917,32.682292,0.817057,0.817057,40.000000,-55.000000,15.000000,-40.000000,25.000000,15.000000
9,one-medium-short,76000,20.000,0,5,0.500,0.500,0.400,TT,jam,0.000000,14.862500,32.656250,14.862500,32.656250,0.816406,0.816406,40.000000,-55.000000,15.000000,-40.000000,25.000000,15.000000
9,one-medium-short,76000,20.000,0,5,0.500,0.500,0.400,AA,jam,0.000000,14.404167,31.510417,14.404167,31.510417,0.787760,0.787760,40.000000,-55.000000,15.000000,-40.000000,25.000000,15.000000
9,one-medium-short,76000,20.000,0,5,0.500,0.500,0.400,KK,jam,0.000000,14.289583,31.223958,14.289583,31.223958,0.780599,0.780599,40.000000,-55.000000,15.000000,-40.000000,25.000000,15.000000
9,one-medium-short,76000,20.000,0,5,0.500,0.500,0.400,J9s,jam,0.000000,13.737500,29.843750,13.737500,29.843750,0.746094,0.746094,40.000000,-55.000000,15.000000,-40.000000,25.000000,15.000000
9,one-medium-short,76000,20.000,0,5,0.500,0.500,0.400,JTs,jam,0.000000,13.050000,28.125000,13.050000,28.125000,0.703125,0.703125,40.000000,-55.000000,15.000000,-40.000000,25.000000,15.000000
9,one-medium-short,76000,20.000,0,5,0.500,0.500,0.400,ATo,jam,0.000000,12.973611,27.934028,12.973611,27.934028,0.698351,0.698351,40.000000,-55.000000,15.000000,-40.000000,25.000000,15.000000
9,one-medium-short,76000,20.000,0,5,0.500,0.500,0.400,QTs,jam,0.000000,12.945833,27.864583,12.945833,27.864583,0.696615,0.696615,40.000000,-55.000000,15.000000,-40.000000,25.000000,15.000000
9,one-medium-short,76000,20.000,0,5,0.500,0.500,0.400,JTo,jam,0.000000,12.890278,27.725694,12.890278,27.725694,0.693142,0.693142,40.000000,-55.000000,15.000000,-40.000000,25.000000,15.000000
9,one-medium-short,76000,20.000,0,5,0.500,0.500,0.400,A9s,jam,0.000000,12.758333,27.395833,12.758333,27.395833,0.684896,0.684896,40.000000,-55.000000,15.000000,-40.000000,25.000000,15.000000
9,one-medium-short,76000,20.000,0,5,0.500,0.500,0.400,KTo,jam,0.000000,12.737500,27.343750,12.737500,27.343750,0.683594,0.683594,40.000000,-55.000000,15.000000,-40.000000,25.000000,15.000000
9,one-medium-short,76000,20.000,0,5,0.500,0.500,0.400,ATs,jam,0.000000,12.716667,27.291667,12.716667,27.291667,0.682292,0.682292,40.000000,-55.000000,15.000000,-40.000000,25.000000,15.000000
9,one-medium-short,76000,20.000,0,5,0.500,0.500,0.400,Q9o,jam,0.000000,12.577778,26.944444,12.577778,26.944444,0.673611,0.673611,40.000000,-55.000000,15.000000,-40.000000,25.000000,15.000000
9,one-medium-short,76000,20.000,0,5,0.500,0.500,0.400,KTs,jam,0.000000,12.550000,26.875000,12.550000,26.875000,0.671875,0.671875,40.000000,-55.000000,15.000000,-40.000000,25.000000,15.000000
9,one-medium-short,76000,20.000,0,5,0.500,0.500,0.400,K9o,jam,0.000000,12.522222,26.805556,12.522222,26.805556,0.670139,0.670139,40.000000,-55.000000,15.000000,-40.000000,25.000000,15.000000
9,one-medium-short,76000,20.000,0,5,0.500,0.500,0.400,J9o,jam,0.000000,12.522222,26.805556,12.522222,26.805556,0.670139,0.670139,40.000000,-55.000000,15.000000,-40.000000,25.000000,15.000000
9,one-medium-short,76000,20.000,0,5,0.500,0.500,0.400,QTo,jam,0.000000,12.480556,26.701389,12.480556,26.701389,0.667535,0.667535,40.000000,-55.000000,15.000000,-40.000000,25.000000,15.000000
9,one-medium-short,76000,20.000,0,5,0.500,0.500,0.400,Q9s,jam,0.000000,12.425000,26.562500,12.425000,26.562500,0.664062,0.664062,40.000000,-55.000000,15.000000,-40.000000,25.000000,15.000000
9,one-medium-short,76000,20.000,0,5,0.500,0.500,0.400,K9s,jam,0.000000,12.341667,26.354167,12.341667,26.354167,0.658854,0.658854,40.000000,-55.000000,15.000000,-40.000000,25.000000,15.000000
9,one-medium-short,76000,20.000,0,5,0.500,0.500,0.400,A9o,jam,0.000000,12.334722,26.336806,12.334722,26.336806,0.658420,0.658420,40.000000,-55.000000,15.000000,-40.000000,25.000000,15.000000
9,one-medium-short,76000,20.000,0,5,0.500,0.500,0.400,KQs,jam,0.000000,12.315625,26.289062,12.315625,26.289062,0.657227,0.657227,40.000000,-55.000000,15.000000,-40.000000,25.000000,15.000000
9,one-medium-short,76000,20.000,0,5,0.500,0.500,0.400,QJs,jam,0.000000,12.300000,26.250000,12.300000,26.250000,0.656250,0.656250,40.000000,-55.000000,15.000000,-40.000000,25.000000,15.000000
9,one-medium-short,76000,20.000,0,5,0.500,0.500,0.400,KJs,jam,0.000000,12.190625,25.976562,12.190625,25.976562,0.649414,0.649414,40.000000,-55.000000,15.000000,-40.000000,25.000000,15.000000
9,one-medium-short,76000,20.000,0,5,0.500,0.500,0.400,AQs,jam,0.000000,12.065625,25.664062,12.065625,25.664062,0.641602,0.641602,40.000000,-55.000000,15.000000,-40.000000,25.000000,15.000000
9,one-medium-short,76000,20.000,0,5,0.500,0.500,0.400,AJs,jam,0.000000,12.050000,25.625000,12.050000,25.625000,0.640625,0.640625,40.000000,-55.000000,15.000000,-40.000000,25.000000,15.000000
9,one-medium-short,76000,20.000,0,5,0.500,0.500,0.400,AKs,jam,0.000000,11.987500,25.468750,11.987500,25.468750,0.636719,0.636719,40.000000,-55.000000,15.000000,-40.000000,25.000000,15.000000
9,one-medium-short,76000,20.000,0,5,0.500,0.500,0.400,QJo,jam,0.000000,11.758333,24.895833,11.758333,24.895833,0.622396,0.622396,40.000000,-55.000000,15.000000,-40.000000,25.000000,15.000000
9,one-medium-short,76000,20.000,0,5,0.500,0.500,0.400,99,jam,0.000000,11.737500,24.843750,11.737500,24.843750,0.621094,0.621094,40.000000,-55.000000,15.000000,-40.000000,25.000000,15.000000
9,one-medium-short,76000,20.000,0,5,0.500,0.500,0.400,AJo,jam,0.000000,11.508333,24.270833,11.508333,24.270833,0.606771,0.606771,40.000000,-55.000000,15.000000,-40.000000,25.000000,15.000000
9,one-medium-short,76000,20.000,0,5,0.500,0.500,0.400,KQo,jam,0.000000,11.393750,23.984375,11.393750,23.984375,0.599609,0.599609,40.000000,-55.000000,15.000000,-40.000000,25.000000,15.000000
9,one-medium-short,76000,20.000,0,5,0.500,0.500,0.400,J4s,jam,0.000000,11.362500,23.906250,11.362500,23.906250,0.597656,0.597656,40.000000,-55.000000,15.000000,-40.000000,25.000000,15.000000
9,one-medium-short,76000,20.000,0,5,0.500,0.500,0.400,KJo,jam,0.000000,11.326042,23.815104,11.326042,23.815104,0.595378,0.595378,40.000000,-55.000000,15.000000,-40.000000,25.000000,15.000000
9,one-medium-short,76000,20.000,0,5,0.500,0.500,0.400,J6s,jam,0.000000,11.315625,23.789062,11.315625,23.789062,0.594727,0.594727,40.000000,-55.000000,15.000000,-40.000000,25.000000,15.000000
9,one-medium-short,76000,20.000,0,5,0.500,0.500,0.400,Q8s,jam,0.000000,11.221875,23.554688,11.221875,23.554688,0.588867,0.588867,40.000000,-55.000000,15.000000,-40.000000,25.000000,15.000000
9,one-medium-short,76000,20.000,0,5,0.500,0.500,0.400,J8s,jam,0.000000,11.221875,23.554688,11.221875,23.554688,0.588867,0.588867,40.000000,-55.000000,15.000000,-40.000000,25.000000,15.000000
9,one-medium-short,76000,20.000,0,5,0.500,0.500,0.400,A8s,jam,0.000000,11.159375,23.398438,11.159375,23.398438,0.584961,0.584961,40.000000,-55.000000,15.000000,-40.000000,25.000000,15.000000
9,one-medium-short,76000,20.000,0,5,0.500,0.500,0.400,A3s,jam,0.000000,11.112500,23.281250,11.112500,23.281250,0.582031,0.582031,40.000000,-55.000000,15.000000,-40.000000,25.000000,15.000000
9,one-medium-short,76000,20.000,0,5,0.500,0.500,0.400,K5s,jam,0.000000,11.050000,23.125000,11.050000,23.125000,0.578125,0.578125,40.000000,-55.000000,15.000000,-40.000000,25.000000,15.000000
9,one-medium-short,76000,20.000,0,5,0.500,0.500,0.400,AQo,jam,0.000000,11.044792,23.111979,11.044792,23.111979,0.577799,0.577799,40.000000,-55.000000,15.000000,-40.000000,25.000000,15.000000
9,one-medium-short,76000,20.000,0,5,0.500,0.500,0.400,Q7s,jam,0.000000,11.034375,23.085938,11.034375,23.085938,0.577148,0.577148,40.000000,-55.000000,15.000000,-40.000000,25.000000,15.000000
9,one-medium-short,76000,20.000,0,5,0.500,0.500,0.400,AKo,jam,0.000000,10.971875,22.929688,10.971875,22.929688,0.573242,0.573242,40.000000,-55.000000,15.000000,-40.000000,25.000000,15.000000
9,one-medium-short,76000,20.000,0,5,0.500,0.500,0.400,J7s,jam,0.000000,10.893750,22.734375,10.893750,22.734375,0.568359,0.568359,40.000000,-55.000000,15.000000,-40.000000,25.000000,15.000000
9,one-medium-short,76000,20.000,0,5,0.500,0.500,0.400,A2s,jam,0.000000,10.862500,22.656250,10.862500,22.656250,0.566406,0.566406,40.000000,-55.000000,15.000000,-40.000000,25.000000,15.000000
9,one-medium-short,76000,20.000,0,5,0.500,0.500,0.400,A6s,jam,0.000000,10.831250,22.578125,10.831250,22.578125,0.564453,0.564453,40.000000,-55.000000,15.000000,-40.000000,25.000000,15.000000
9,one-medium-short,76000,20.000,0,5,0.500,0.500,0.400,Q6s,jam,0.000000,10.737500,22.343750,10.737500,22.343750,0.558594,0.558594,40.000000,-55.000000,15.000000,-40.000000,25.000000,15.000000
9,one-medium-short,76000,20.000,0,5,0.500,0.500,0.400,Q5s,jam,0.000000,10.675000,22.187500,10.675000,22.187500,0.554688,0.554688,40.000000,-55.000000,15.000000,-40.000000,25.000000,15.000000
9,one-medium-short,76000,20.000,0,5,0.500,0.500,0.400,K6s,jam,0.000000,10.659375,22.148438,10.659375,22.148438,0.553711,0.553711,40.000000,-55.000000,15.000000,-40.000000,25.000000,15.000000
9,one-medium-short,76000,20.000,0,5,0.500,0.500,0.400,A7s,jam,0.000000,10.612500,22.031250,10.612500,22.031250,0.550781,0.550781,40.000000,-55.000000,15.000000,-40.000000,25.000000,15.000000
9,one-medium-short,76000,20.000,0,5,0.500,0.500,0.400,K7s,jam,0.000000,10.596875,21.992188,10.596875,21.992188,0.549805,0.549805,40.000000,-55.000000,15.000000,-40.000000,25.000000,15.000000
9,one-medium-short,76000,20.000,0,5,0.500,0.500,0.400,J5s,jam,0.000000,10.596875,21.992188,10.596875,21.992188,0.549805,0.549805,40.000000,-55.000000,15.000000,-40.000000,25.000000,15.000000
9,one-medium-short,76000,20.000,0,5,0.500,0.500,0.400,Q4s,jam,0.000000,10.581250,21.953125,10.581250,21.953125,0.548828,0.548828,40.000000,-55.000000,15.000000,-40.000000,25.000000,15.000000
9,one-medium-short,76000,20.000,0,5,0.500,0.500,0.400,A8o,jam,0.000000,10.550000,21.875000,10.550000,21.875000,0.546875,0.546875,40.000000,-55.000000,15.000000,-40.000000,25.000000,15.000000
9,one-medium-short,76000,20.000,0,5,0.500,0.500,0.400,J8o,jam,0.000000,10.550000,21.875000,10.550000,21.875000,0.546875,0.546875,40.000000,-55.000000,15.000000,-40.000000,25.000000,15.000000
9,one-medium-short,76000,20.000,0,5,0.500,0.500,0.400,K2s,jam,0.000000,10.518750,21.796875,10.518750,21.796875,0.544922,0.544922,40.000000,-55.000000,15.000000,-40.000000,25.000000,15.000000
9,one-medium-short,76000,20.000,0,5,0.500,0.500,0.400,A5s,jam,0.000000,10.487500,21.718750,10.487500,21.718750,0.542969,0.542969,40.000000,-55.000000,15.000000,-40.000000,25.000000,15.000000
9,one-medium-short,76000,20.000,0,5,0.500,0.500,0.400,J2o,jam,0.000000,10.482292,21.705729,10.482292,21.705729,0.542643,0.542643,40.000000,-55.000000,15.000000,-40.000000,25.000000,15.000000
9,one-medium-short,76000,20.000,0,5,0.500,0.500,0.400,K8s,jam,0.000000,10.456250,21.640625,10.456250,21.640625,0.541016,0.541016,40.000000,-55.000000,15.000000,-40.000000,25.000000,15.000000
9,one-medium-short,76000,20.000,0,5,0.500,0.500,0.400,A4s,jam,0.000000,10.440625,21.601562,10.440625,21.601562,0.540039,0.540039,40.000000,-55.000000,15.000000,-40.000000,25.000000,15.000000
9,one-medium-short,76000,20.000,0,5,0.500,0.500,0.400,Q8o,jam,0.000000,10.404167,21.510417,10.404167,21.510417,0.537760,0.537760,40.000000,-55.000000,15.000000,-40.000000,25.000000,15.000000
9,one-medium-short,76000,20.000,0,5,0.500,0.500,0.400,Q2s,jam,0.000000,10.393750,21.484375,10.393750,21.484375,0.537109,0.537109,40.000000,-55.000000,15.000000,-40.000000,25.000000,15.000000
9,one-medium-short,76000,20.000,0,5,0.500,0.500,0.400,A3o,jam,0.000000,10.388542,21.471354,10.388542,21.471354,0.536784,0.536784,40.000000,-55.000000,15.000000,-40.000000,25.000000,15.000000
9,one-medium-short,76000,20.000,0,5,0.500,0.500,0.400,Q6o,jam,0.000000,10.378125,21.445312,10.378125,21.445312,0.536133,0.536133,40.000000,-55.000000,15.000000,-40.000000,25.000000,15.000000
9,one-medium-short,76000,20.000,0,5,0.500,0.500,0.400,K4s,jam,0.000000,10.315625,21.289062,10.315625,21.289062,0.532227,0.532227,40.000000,-55.000000,15.000000,-40.000000,25.000000,15.000000
9,one-medium-short,76000,20.000,0,5,0.500,0.500,0.400,Q2o,jam,0.000000,10.305208,21.263021,10.305208,21.263021,0.531576,0.531576,40.000000,-55.000000,15.000000,-40.000000,25.000000,15.000000
9,one-medium-short,76000,20.000,0,5,0.500,0.500,0.400,A6o,jam,0.000000,10.273958,21.184896,10.273958,21.184896,0.529622,0.529622,40.000000,-55.000000,15.000000,-40.000000,25.000000,15.000000
9,one-medium-short,76000,20.000,0,5,0.500,0.500,0.400,K7o,jam,0.000000,10.258333,21.145833,10.258333,21.145833,0.528646,0.528646,40.000000,-55.000000,15.000000,-40.000000,25.000000,15.000000
9,one-medium-short,76000,20.000,0,5,0.500,0.500,0.400,K8o,jam,0.000000,10.247917,21.119792,10.247917,21.119792,0.527995,0.527995,40.000000,-55.000000,15.000000,-40.000000,25.000000,15.000000
9,one-medium-short,76000,20.000,0,5,0.500,0.500,0.400,J5o,jam,0.000000,10.237500,21.093750,10.237500,21.093750,0.527344,0.527344,40.000000,-55.000000,15.000000,-40.000000,25.000000,15.000000
9,one-medium-short,76000,20.000,0,5,0.500,0.500,0.400,A5o,jam,0.000000,10.227083,21.067708,10.227083,21.067708,0.526693,0.526693,40.000000,-55.000000,15.000000,-40.000000,25.000000,15.000000
9,one-medium-short,76000,20.000,0,5,0.500,0.500,0.400,K3s,jam,0.000000,10.221875,21.054688,10.221875,21.054688,0.526367,0.526367,40.000000,-55.000000,15.000000,-40.000000,25.000000,15.000000
9,one-medium-short,76000,20.000,0,5,0.500,0.500,0.400,J2s,jam,0.000000,10.206250,21.015625,10.206250,21.015625,0.525391,0.525391,40.000000,-55.000000,15.000000,-40.000000,25.000000,15.000000
9,one-medium-short,76000,20.000,0,5,0.500,0.500,0.400,A4o,jam,0.000000,10.175000,20.937500,10.175000,20.937500,0.523438,0.523438,40.000000,-55.000000,15.000000,-40.000000,25.000000,15.000000
9,one-medium-short,76000,20.000,0,5,0.500,0.500,0.400,K4o,jam,0.000000,10.122917,20.807292,10.122917,20.807292,0.520182,0.520182,40.000000,-55.000000,15.000000,-40.000000,25.000000,15.000000
9,one-medium-short,76000,20.000,0,5,0.500,0.500,0.400,J7o,jam,0.000000,10.096875,20.742188,10.096875,20.742188,0.518555,0.518555,40.000000,-55.000000,15.000000,-40.000000,25.000000,15.000000
9,one-medium-short,76000,20.000,0,5,0.500,0.500,0.400,K3o,jam,0.000000,10.081250,20.703125,10.081250,20.703125,0.517578,0.517578,40.000000,-55.000000,15.000000,-40.000000,25.000000,15.000000
9,one-medium-short,76000,20.000,0,5,0.500,0.500,0.400,J4o,jam,0.000000,10.076042,20.690104,10.076042,20.690104,0.517253,0.517253,40.000000,-55.000000,15.000000,-40.000000,25.000000,15.000000
9,one-medium-short,76000,20.000,0,5,0.500,0.500,0.400,88,jam,0.000000,10.070833,20.677083,10.070833,20.677083,0.516927,0.516927,40.000000,-55.000000,15.000000,-40.000000,25.000000,15.000000
9,one-medium-short,76000,20.000,0,5,0.500,0.500,0.400,A7o,jam,0.000000,10.023958,20.559896,10.023958,20.559896,0.513997,0.513997,40.000000,-55.000000,15.000000,-40.000000,25.000000,15.000000
9,one-medium-short,76000,20.000,0,5,0.500,0.500,0.400,Q3s,jam,0.000000,9.971875,20.429688,9.971875,20.429688,0.510742,0.510742,40.000000,-55.000000,15.000000,-40.000000,25.000000,15.000000
9,one-medium-short,76000,20.000,0,5,0.500,0.500,0.400,J3s,jam,0.000000,9.940625,20.351562,9.940625,20.351562,0.508789,0.508789,40.000000,-55.000000,15.000000,-40.000000,25.000000,15.000000
9,one-medium-short,76000,20.000,0,5,0.500,0.500,0.400,K6o,jam,0.000000,9.898958,20.247396,9.898958,20.247396,0.506185,0.506185,40.000000,-55.000000,15.000000,-40.000000,25.000000,15.000000
9,one-medium-short,76000,20.000,0,5,0.500,0.500,0.400,Q5o,jam,0.000000,9.888542,20.221354,9.888542,20.221354,0.505534,0.505534,40.000000,-55.000000,15.000000,-40.000000,25.000000,15.000000
9,one-medium-short,76000,20.000,0,5,0.500,0.500,0.400,J6o,jam,0.000000,9.878125,20.195312,9.878125,20.195312,0.504883,0.504883,40.000000,-55.000000,15.000000,-40.000000,25.000000,15.000000
9,one-medium-short,76000,20.000,0,5,0.500,0.500,0.400,Q3o,jam,0.000000,9.852083,20.130208,9.852083,20.130208,0.503255,0.503255,40.000000,-55.000000,15.000000,-40.000000,25.000000,15.000000
9,one-medium-short,76000,20.000,0,5,0.500,0.500,0.400,A2o,jam,0.000000,9.820833,20.052083,9.820833,20.052083,0.501302,0.501302,40.000000,-55.000000,15.000000,-40.000000,25.000000,15.000000
9,one-medium-short,76000,20.000,0,5,0.500,0.500,0.400,Q4o,jam,0.000000,9.805208,20.013021,9.805208,20.013021,0.500326,0.500326,40.000000,-55.000000,15.000000,-40.000000,25.000000,15.000000
9,one-medium-short,76000,20.000,0,5,0.500,0.500,0.400,Q7o,jam,0.000000,9.800000,20.000000,9.800000,20.000000,0.500000,0.500000,40.000000,-55.000000,15.000000,-40.000000,25.000000,15.000000
9,one-medium-short,76000,20.000,0,5,0.500,0.500,0.400,J3o,jam,0.000000,9.800000,20.000000,9.800000,20.000000,0.500000,0.500000,40.000000,-55.000000,15.000000,-40.000000,25.000000,15.000000
9,one-medium-short,76000,20.000,0,5,0.500,0.500,0.400,T9s,jam,0.000000,9.800000,20.000000,9.800000,20.000000,0.500000,0.500000,40.000000,-55.000000,15.000000,-40.000000,25.000000,15.000000
9,one-medium-short,76000,20.000,0,5,0.500,0.500,0.400,66,jam,0.000000,9.768750,19.921875,9.768750,19.921875,0.498047,0.498047,40.000000,-55.000000,15.000000,-40.000000,25.000000,15.000000
9,one-medium-short,76000,20.000,0,5,0.500,0.500,0.400,K2o,jam,0.000000,9.654167,19.635417,9.654167,19.635417,0.490885,0.490885,40.000000,-55.000000,15.000000,-40.000000,25.000000,15.000000
9,one-medium-short,76000,20.000,0,5,0.500,0.500,0.400,K5o,jam,0.000000,9.628125,19.570312,9.628125,19.570312,0.489258,0.489258,40.000000,-55.000000,15.000000,-40.000000,25.000000,15.000000
9,one-medium-short,76000,20.000,0,5,0.500,0.500,0.400,55,jam,0.000000,9.622917,19.557292,9.622917,19.557292,0.488932,0.488932,40.000000,-55.000000,15.000000,-40.000000,25.000000,15.000000
9,one-medium-short,76000,20.000,0,5,0.500,0.500,0.400,33,jam,0.000000,9.487500,19.218750,9.487500,19.218750,0.480469,0.480469,40.000000,-55.000000,15.000000,-40.000000,25.000000,15.000000
9,one-medium-short,76000,20.000,0,5,0.500,0.500,0.400,T9o,jam,0.000000,9.435417,19.088542,9.435417,19.088542,0.477214,0.477214,40.000000,-55.000000,15.000000,-40.000000,25.000000,15.000000
9,one-medium-short,76000,20.000,0,5,0.500,0.500,0.400,22,jam,0.000000,9.227083,18.567708,9.227083,18.567708,0.464193,0.464193,40.000000,-55.000000,15.000000,-40.000000,25.000000,15.000000
9,one-medium-short,76000,20.000,0,5,0.500,0.500,0.400,77,jam,0.000000,9.185417,18.463542,9.185417,18.463542,0.461589,0.461589,40.000000,-55.000000,15.000000,-40.000000,25.000000,15.000000
9,one-medium-short,76000,20.000,0,5,0.500,0.500,0.400,44,jam,0.000000,8.820833,17.552083,8.820833,17.552083,0.438802,0.438802,40.000000,-55.000000,15.000000,-40.000000,25.000000,15.000000
9,one-medium-short,76000,20.000,0,5,0.500,0.500,0.400,76s,jam,0.000000,7.862500,15.156250,7.862500,15.156250,0.378906,0.378906,40.000000,-55.000000,15.000000,-40.000000,25.000000,15.000000
9,one-medium-short,76000,20.000,0,5,0.500,0.500,0.400,72s,jam,0.000000,7.675000,14.687500,7.675000,14.687500,0.367188,0.367188,40.000000,-55.000000,15.000000,-40.000000,25.000000,15.000000
9,one-medium-short,76000,20.000,0,5,0.500,0.500,0.400,75s,jam,0.000000,7.581250,14.453125,7.581250,14.453125,0.361328,0.361328,40.000000,-55.000000,15.000000,-40.000000,25.000000,15.000000
9,one-medium-short,76000,20.000,0,5,0.500,0.500,0.400,42s,jam,0.000000,7.565625,14.414062,7.565625,14.414062,0.360352,0.360352,40.000000,-55.000000,15.000000,-40.000000,25.000000,15.000000
9,one-medium-short,76000,20.000,0,5,0.500,0.500,0.400,54o,jam,0.000000,7.555208,14.388021,7.555208,14.388021,0.359701,0.359701,40.000000,-55.000000,15.000000,-40.000000,25.000000,15.000000
9,one-medium-short,76000,20.000,0,5,0.500,0.500,0.400,76o,jam,0.000000,7.544792,14.361979,7.544792,14.361979,0.359049,0.359049,40.000000,-55.000000,15.000000,-40.000000,25.000000,15.000000
9,one-medium-short,76000,20.000,0,5,0.500,0.500,0.400,43s,jam,0.000000,7.487500,14.218750,7.487500,14.218750,0.355469,0.355469,40.000000,-55.000000,15.000000,-40.000000,25.000000,15.000000
9,one-medium-short,76000,20.000,0,5,0.500,0.500,0.400,52s,jam,0.000000,7.440625,14.101562,7.440625,14.101562,0.352539,0.352539,40.000000,-55.000000,15.000000,-40.000000,25.000000,15.000000
9,one-medium-short,76000,20.000,0,5,0.500,0.500,0.400,T3s,jam,0.000000,7.404167,14.010417,7.404167,14.010417,0.350260,0.350260,40.000000,-55.000000,15.000000,-40.000000,25.000000,15.000000
9,one-medium-short,76000,20.000,0,5,0.500,0.500,0.400,86s,jam,0.000000,7.393750,13.984375,7.393750,13.984375,0.349609,0.349609,40.000000,-55.000000,15.000000,-40.000000,25.000000,15.000000
9,one-medium-short,76000,20.000,0,5,0.500,0.500,0.400,73s,jam,0.000000,7.393750,13.984375,7.393750,13.984375,0.349609,0.349609,40.000000,-55.000000,15.000000,-40.000000,25.000000,15.000000
9,one-medium-short,76000,20.000,0,5,0.500,0.500,0.400,87o,jam,0.000000,7.362500,13.906250,7.362500,13.906250,0.347656,0.347656,40.000000,-55.000000,15.000000,-40.000000,25.000000,15.000000
9,one-medium-short,76000,20.000,0,5,0.500,0.500,0.400,85s,jam,0.000000,7.362500,13.906250,7.362500,13.906250,0.347656,0.347656,40.000000,-55.000000,15.000000,-40.000000,25.000000,15.000000
9,one-medium-short,76000,20.000,0,5,0.500,0.500,0.400,74s,jam,0.000000,7.331250,13.828125,7.331250,13.828125,0.345703,0.345703,40.000000,-55.000000,15.000000,-40.000000,25.000000,15.000000
9,one-medium-short,76000,20.000,0,5,0.500,0.500,0.400,63s,jam,0.000000,7.331250,13.828125,7.331250,13.828125,0.345703,0.345703,40.000000,-55.000000,15.000000,-40.000000,25.000000,15.000000
9,one-medium-short,76000,20.000,0,5,0.500,0.500,0.400,T8s,jam,0.000000,7.320833,13.802083,7.320833,13.802083,0.345052,0.345052,40.000000,-55.000000,15.000000,-40.000000,25.000000,15.000000
9,one-medium-short,76000,20.000,0,5,0.500,0.500,0.400,65s,jam,0.000000,7.300000,13.750000,7.300000,13.750000,0.343750,0.343750,40.000000,-55.000000,15.000000,-40.000000,25.000000,15.000000
9,one-medium-short,76000,20.000,0,5,0.500,0.500,0.400,53s,jam,0.000000,7.253125,13.632812,7.253125,13.632812,0.340820,0.340820,40.000000,-55.000000,15.000000,-40.000000,25.000000,15.000000
9,one-medium-short,76000,20.000,0,5,0.500,0.500,0.400,87s,jam,0.000000,7.190625,13.476562,7.190625,13.476562,0.336914,0.336914,40.000000,-55.000000,15.000000,-40.000000,25.000000,15.000000
9,one-medium-short,76000,20.000,0,5,0.500,0.500,0.400,53o,jam,0.000000,7.185417,13.463542,7.185417,13.463542,0.336589,0.336589,40.000000,-55.000000,15.000000,-40.000000,25.000000,15.000000
9,one-medium-short,76000,20.000,0,5,0.500,0.500,0.400,65o,jam,0.000000,7.175000,13.437500,7.175000,13.437500,0.335938,0.335938,40.000000,-55.000000,15.000000,-40.000000,25.000000,15.000000
9,one-medium-short,76000,20.000,0,5,0.500,0.500,0.400,52o,jam,0.000000,7.102083,13.255208,7.102083,13.255208,0.331380,0.331380,40.000000,-55.000000,15.000000,-40.000000,25.000000,15.000000
9,one-medium-short,76000,20.000,0,5,0.500,0.500,0.400,32o,jam,0.000000,7.086458,13.216146,7.086458,13.216146,0.330404,0.330404,40.000000,-55.000000,15.000000,-40.000000,25.000000,15.000000
9,one-medium-short,76000,20.000,0,5,0.500,0.500,0.400,64o,jam,0.000000,7.044792,13.111979,7.044792,13.111979,0.327799,0.327799,40.000000,-55.000000,15.000000,-40.000000,25.000000,15.000000
9,one-medium-short,76000,20.000,0,5,0.500,0.500,0.400,84s,jam,0.000000,7.034375,13.085938,7.034375,13.085938,0.327148,0.327148,40.000000,-55.000000,15.000000,-40.000000,25.000000,15.000000
9,one-medium-short,76000,20.000,0,5,0.500,0.500,0.400,62s,jam,0.000000,7.018750,13.046875,7.018750,13.046875,0.326172,0.326172,40.000000,-55.000000,15.000000,-40.000000,25.000000,15.000000
9,one-medium-short,76000,20.000,0,5,0.500,0.500,0.400,63o,jam,0.000000,7.008333,13.020833,7.008333,13.020833,0.325521,0.325521,40.000000,-55.000000,15.000000,-40.000000,25.000000,15.000000
9,one-medium-short,76000,20.000,0,5,0.500,0.500,0.400,42o,jam,0.000000,6.987500,12.968750,6.987500,12.968750,0.324219,0.324219,40.000000,-55.000000,15.000000,-40.000000,25.000000,15.000000
9,one-medium-short,76000,20.000,0,5,0.500,0.500,0.400,43o,jam,0.000000,6.977083,12.942708,6.977083,12.942708,0.323568,0.323568,40.000000,-55.000000,15.000000,-40.000000,25.000000,15.000000
9,one-medium-short,76000,20.000,0,5,0.500,0.500,0.400,54s,jam,0.000000,6.971875,12.929688,6.971875,12.929688,0.323242,0.323242,40.000000,-55.000000,15.000000,-40.000000,25.000000,15.000000
9,one-medium-short,76000,20.000,0,5,0.500,0.500,0.400,T6s,jam,0.000000,6.966667,12.916667,6.966667,12.916667,0.322917,0.322917,40.000000,-55.000000,15.000000,-40.000000,25.000000,15.000000
9,one-medium-short,76000,20.000,0,5,0.500,0.500,0.400,92s,jam,0.000000,6.966667,12.916667,6.966667,12.916667,0.322917,0.322917,40.000000,-55.000000,15.000000,-40.000000,25.000000,15.000000
9,one-medium-short,76000,20.000,0,5,0.500,0.500,0.400,62o,jam,0.000000,6.935417,12.838542,6.935417,12.838542,0.320964,0.320964,40.000000,-55.000000,15.000000,-40.000000,25.000000,15.000000
9,one-medium-short,76000,20.000,0,5,0.500,0.500,0.400,96s,jam,0.000000,6.925000,12.812500,6.925000,12.812500,0.320312,0.320312,40.000000,-55.000000,15.000000,-40.000000,25.000000,15.000000
9,one-medium-short,76000,20.000,0,5,0.500,0.500,0.400,75o,jam,0.000000,6.919792,12.799479,6.919792,12.799479,0.319987,0.319987,40.000000,-55.000000,15.000000,-40.000000,25.000000,15.000000
9,one-medium-short,76000,20.000,0,5,0.500,0.500,0.400,86o,jam,0.000000,6.872917,12.682292,6.872917,12.682292,0.317057,0.317057,40.000000,-55.000000,15.000000,-40.000000,25.000000,15.000000
9,one-medium-short,76000,20.000,0,5,0.500,0.500,0.400,T2s,jam,0.000000,6.862500,12.656250,6.862500,12.656250,0.316406,0.316406,40.000000,-55.000000,15.000000,-40.000000,25.000000,15.000000
9,one-medium-short,76000,20.000,0,5,0.500,0.500,0.400,82s,jam,0.000000,6.831250,12.578125,6.831250,12.578125,0.314453,0.314453,40.000000,-55.000000,15.000000,-40.000000,25.000000,15.000000
9,one-medium-short,76000,20.000,0,5,0.500,0.500,0.400,83s,jam,0.000000,6.815625,12.539062,6.815625,12.539062,0.313477,0.313477,40.000000,-55.000000,15.000000,-40.000000,25.000000,15.000000
9,one-medium-short,76000,20.000,0,5,0.500,0.500,0.400,T7s,jam,0.000000,6.779167,12.447917,6.779167,12.447917,0.311198,0.311198,40.000000,-55.000000,15.000000,-40.000000,25.000000,15.000000
9,one-medium-short,76000,20.000,0,5,0.500,0.500,0.400,T5s,jam,0.000000,6.695833,12.239583,6.695833,12.239583,0.305990,0.305990,40.000000,-55.000000,15.000000,-40.000000,25.000000,15.000000
9,one-medium-short,76000,20.000,0,5,0.500,0.500,0.400,85o,jam,0.000000,6.648958,12.122396,6.648958,12.122396,0.303060,0.303060,40.000000,-55.000000,15.000000,-40.000000,25.000000,15.000000
9,one-medium-short,76000,20.000,0,5,0.500,0.500,0.400,84o,jam,0.000000,6.638542,12.096354,6.638542,12.096354,0.302409,0.302409,40.000000,-55.000000,15.000000,-40.000000,25.000000,15.000000
9,one-medium-short,76000,20.000,0,5,0.500,0.500,0.400,T4s,jam,0.000000,6.633333,12.083333,6.633333,12.083333,0.302083,0.302083,40.000000,-55.000000,15.000000,-40.000000,25.000000,15.000000
9,one-medium-short,76000,20.000,0,5,0.500,0.500,0.400,93s,jam,0.000000,6.633333,12.083333,6.633333,12.083333,0.302083,0.302083,40.000000,-55.000000,15.000000,-40.000000,25.000000,15.000000
9,one-medium-short,76000,20.000,0,5,0.500,0.500,0.400,73o,jam,0.000000,6.607292,12.018229,6.607292,12.018229,0.300456,0.300456,40.000000,-55.000000,15.000000,-40.000000,25.000000,15.000000
9,one-medium-short,76000,20.000,0,5,0.500,0.500,0.400,74o,jam,0.000000,6.565625,11.914062,6.565625,11.914062,0.297852,0.297852,40.000000,-55.000000,15.000000,-40.000000,25.000000,15.000000
9,one-medium-short,76000,20.000,0,5,0.500,0.500,0.400,97s,jam,0.000000,6.550000,11.875000,6.550000,11.875000,0.296875,0.296875,40.000000,-55.000000,15.000000,-40.000000,25.000000,15.000000
9,one-medium-short,76000,20.000,0,5,0.500,0.500,0.400,94s,jam,0.000000,6.529167,11.822917,6.529167,11.822917,0.295573,0.295573,40.000000,-55.000000,15.000000,-40.000000,25.000000,15.000000
9,one-medium-short,76000,20.000,0,5,0.500,0.500,0.400,95s,jam,0.000000,6.445833,11.614583,6.445833,11.614583,0.290365,0.290365,40.000000,-55.000000,15.000000,-40.000000,25.000000,15.000000
9,one-medium-short,76000,20.000,0,5,0.500,0.500,0.400,T6o,jam,0.000000,6.438889,11.597222,6.438889,11.597222,0.289931,0.289931,40.000000,-55.000000,15.000000,-40.000000,25.000000,15.000000
9,one-medium-short,76000,20.000,0,5,0.500,0.500,0.400,T2o,jam,0.000000,6.438889,11.597222,6.438889,11.597222,0.289931,0.289931,40.000000,-55.000000,15.000000,-40.000000,25.000000,15.000000
9,one-medium-short,76000,20.000,0,5,0.500,0.500,0.400,T5o,jam,0.000000,6.425000,11.562500,6.425000,11.562500,0.289062,0.289062,40.000000,-55.000000,15.000000,-40.000000,25.000000,15.000000
9,one-medium-short,76000,20.000,0,5,0.500,0.500,0.400,72o,jam,0.000000,6.414583,11.536458,6.414583,11.536458,0.288411,0.288411,40.000000,-55.000000,15.000000,-40.000000,25.000000,15.000000
9,one-medium-short,76000,20.000,0,5,0.500,0.500,0.400,T8o,jam,0.000000,6.411111,11.527778,6.411111,11.527778,0.288194,0.288194,40.000000,-55.000000,15.000000,-40.000000,25.000000,15.000000
9,one-medium-short,76000,20.000,0,5,0.500,0.500,0.400,98s,jam,0.000000,6.404167,11.510417,6.404167,11.510417,0.287760,0.287760,40.000000,-55.000000,15.000000,-40.000000,25.000000,15.000000
9,one-medium-short,76000,20.000,0,5,0.500,0.500,0.400,64s,jam,0.000000,6.393750,11.484375,6.393750,11.484375,0.287109,0.287109,40.000000,-55.000000,15.000000,-40.000000,25.000000,15.000000
9,one-medium-short,76000,20.000,0,5,0.500,0.500,0.400,T7o,jam,0.000000,6.341667,11.354167,6.341667,11.354167,0.283854,0.283854,40.000000,-55.000000,15.000000,-40.000000,25.000000,15.000000
9,one-medium-short,76000,20.000,0,5,0.500,0.500,0.400,82o,jam,0.000000,6.300000,11.250000,6.300000,11.250000,0.281250,0.281250,40.000000,-55.000000,15.000000,-40.000000,25.000000,15.000000
9,one-medium-short,76000,20.000,0,5,0.500,0.500,0.400,83o,jam,0.000000,6.253125,11.132812,6.253125,11.132812,0.278320,0.278320,40.000000,-55.000000,15.000000,-40.000000,25.000000,15.000000
9,one-medium-short,76000,20.000,0,5,0.500,0.500,0.400,32s,jam,0.000000,6.190625,10.976562,6.190625,10.976562,0.274414,0.274414,40.000000,-55.000000,15.000000,-40.000000,25.000000,15.000000
9,one-medium-short,76000,20.000,0,5,0.500,0.500,0.400,T4o,jam,0.000000,6.181944,10.954861,6.181944,10.954861,0.273872,0.273872,40.000000,-55.000000,15.000000,-40.000000,25.000000,15.000000
9,one-medium-short,76000,20.000,0,5,0.500,0.500,0.400,T3o,jam,0.000000,6.154167,10.885417,6.154167,10.885417,0.272135,0.272135,40.000000,-55.000000,15.000000,-40.000000,25.000000,15.000000
9,one-medium-short,76000,20.000,0,5,0.500,0.500,0.400,93o,jam,0.000000,6.112500,10.781250,6.112500,10.781250,0.269531,0.269531,40.000000,-55.000000,15.000000,-40.000000,25.000000,15.000000
9,one-medium-short,76000,20.000,0,5,0.500,0.500,0.400,98o,jam,0.000000,5.980556,10.451389,5.980556,10.451389,0.261285,0.261285,40.000000,-55.000000,15.000000,-40.000000,25.000000,15.000000
9,one-medium-short,76000,20.000,0,5,0.500,0.500,0.400,96o,jam,0.000000,5.931944,10.329861,5.931944,10.329861,0.258247,0.258247,40.000000,-55.000000,15.000000,-40.000000,25.000000,15.000000
9,one-medium-short,76000,20.000,0,5,0.500,0.500,0.400,97o,jam,0.000000,5.925000,10.312500,5.925000,10.312500,0.257812,0.257812,40.000000,-55.000000,15.000000,-40.000000,25.000000,15.000000
9,one-medium-short,76000,20.000,0,5,0.500,0.500,0.400,94o,jam,0.000000,5.827778,10.069444,5.827778,10.069444,0.251736,0.251736,40.000000,-55.000000,15.000000,-40.000000,25.000000,15.000000
9,one-medium-short,76000,20.000,0,5,0.500,0.500,0.400,92o,jam,0.000000,5.661111,9.652778,5.661111,9.652778,0.241319,0.241319,40.000000,-55.000000,15.000000,-40.000000,25.000000,15.000000
9,one-medium-short,76000,20.000,0,5,0.500,0.500,0.400,95o,jam,0.000000,5.431944,9.079861,5.431944,9.079861,0.226997,0.226997,40.000000,-55.000000,15.000000,-40.000000,25.000000,15.000000
9,two-shorts,76000,20.000,0,5,0.500,0.050,0.400,QQ,jam,15.000000,37.292448,39.350694,22.292448,24.350694,0.817057,0.837674,25.000000,-43.000000,18.000000,-55.000000,37.000000,18.000000
9,two-shorts,76000,20.000,0,5,0.500,0.050,0.400,JJ,jam,15.000000,37.427344,39.284722,22.427344,24.284722,0.826172,0.821181,25.000000,-43.000000,18.000000,-55.000000,37.000000,18.000000
9,two-shorts,76000,20.000,0,5,0.500,0.050,0.400,TT,jam,15.000000,37.282812,39.276042,22.282812,24.276042,0.816406,0.819010,25.000000,-43.000000,18.000000,-55.000000,37.000000,18.000000
9,two-shorts,76000,20.000,0,5,0.500,0.050,0.400,KK,jam,15.000000,36.752865,39.270833,21.752865,24.270833,0.780599,0.817708,25.000000,-43.000000,18.000000,-55.000000,37.000000,18.000000
9,two-shorts,76000,20.000,0,5,0.500,0.050,0.400,AA,jam,15.000000,36.858854,39.258681,21.858854,24.258681,0.787760,0.814670,25.000000,-43.000000,18.000000,-55.000000,37.000000,18.000000
9,two-shorts,76000,20.000,0,5,0.500,0.050,0.400,AQs,jam,15.000000,34.695703,38.007812,19.695703,23.007812,0.641602,0.501953,25.000000,-43.000000,18.000000,-55.000000,37.000000,18.000000
9,two-shorts,76000,20.000,0,5,0.500,0.050,0.400,99,jam,15.000000,34.392187,38.000000,19.392187,23.000000,0.621094,0.500000,25.000000,-43.000000,18.000000,-55.000000,37.000000,18.000000
9,two-shorts,76000,20.000,0,5,0.500,0.050,0.400,KQs,jam,15.000000,34.926953,37.968750,19.926953,22.968750,0.657227,0.492188,25.000000,-43.000000,18.000000,-55.000000,37.000000,18.000000
9,two-shorts,76000,20.000,0,5,0.500,0.050,0.400,JTs,jam,15.000000,35.606250,37.963542,20.606250,22.963542,0.703125,0.490885,25.000000,-43.000000,18.000000,-55.000000,37.000000,18.000000
9,two-shorts,76000,20.000,0,5,0.500,0.050,0.400,QJs,jam,15.000000,34.912500,37.906250,19.912500,22.906250,0.656250,0.476562,25.000000,-43.000000,18.000000,-55.000000,37.000000,18.000000
9,two-shorts,76000,20.000,0,5,0.500,0.050,0.400,QTs,jam,15.000000,35.509896,37.893229,20.509896,22.893229,0.696615,0.473307,25.000000,-43.000000,18.000000,-55.000000,37.000000,18.000000
9,two-shorts,76000,20.000,0,5,0.500,0.050,0.400,ATs,jam,15.000000,35.297917,37.882812,20.297917,22.882812,0.682292,0.470703,25.000000,-43.000000,18.000000,-55.000000,37.000000,18.000000
9,two-shorts,76000,20.000,0,5,0.500,0.050,0.400,AJs,jam,15.000000,34.681250,37.872396,19.681250,22.872396,0.640625,0.468099,25.000000,-43.000000,18.000000,-55.000000,37.000000,18.000000
9,two-shorts,76000,20.000,0,5,0.500,0.050,0.400,KTs,jam,15.000000,35.143750,37.867188,20.143750,22.867188,0.671875,0.466797,25.000000,-43.000000,18.000000,-55.000000,37.000000,18.000000
9,two-shorts,76000,20.000,0,5,0.500,0.050,0.400,AJo,jam,15.000000,34.180208,37.862847,19.180208,22.862847,0.606771,0.465712,25.000000,-43.000000,18.000000,-55.000000,37.000000,18.000000
9,two-shorts,76000,20.000,0,5,0.500,0.050,0.400,AKs,jam,15.000000,34.623438,37.828125,19.623438,22.828125,0.636719,0.457031,25.000000,-43.000000,18.000000,-55.000000,37.000000,18.000000
9,two-shorts,76000,20.000,0,5,0.500,0.050,0.400,QJo,jam,15.000000,34.411458,37.818576,19.411458,22.818576,0.622396,0.454644,25.000000,-43.000000,18.000000,-55.000000,37.000000,18.000000
9,two-shorts,76000,20.000,0,5,0.500,0.050,0.400,QTo,jam,15.000000,35.079514,37.811632,20.079514,22.811632,0.667535,0.452908,25.000000,-43.000000,18.000000,-55.000000,37.000000,18.000000
9,two-shorts,76000,20.000,0,5,0.500,0.050,0.400,JTo,jam,15.000000,35.458507,37.803819,20.458507,22.803819,0.693142,0.450955,25.000000,-43.000000,18.000000,-55.000000,37.000000,18.000000
9,two-shorts,76000,20.000,0,5,0.500,0.050,0.400,KJs,jam,15.000000,34.811328,37.802083,19.811328,22.802083,0.649414,0.450521,25.000000,-43.000000,18.000000,-55.000000,37.000000,18.000000
9,two-shorts,76000,20.000,0,5,0.500,0.050,0.400,AQo,jam,15.000000,33.751432,37.772569,18.751432,22.772569,0.577799,0.443142,25.000000,-43.000000,18.000000,-55.000000,37.000000,18.000000
9,two-shorts,76000,20.000,0,5,0.500,0.050,0.400,ATo,jam,15.000000,35.535590,37.762153,20.535590,22.762153,0.698351,0.440538,25.000000,-43.000000,18.000000,-55.000000,37.000000,18.000000
9,two-shorts,76000,20.000,0,5,0.500,0.050,0.400,KJo,jam,15.000000,34.011589,37.753472,19.011589,22.753472,0.595378,0.438368,25.000000,-43.000000,18.000000,-55.000000,37.000000,18.000000
9,two-shorts,76000,20.000,0,5,0.500,0.050,0.400,KTo,jam,15.000000,35.317188,37.747396,20.317188,22.747396,0.683594,0.436849,25.000000,-43.000000,18.000000,-55.000000,37.000000,18.000000
9,two-shorts,76000,20.000,0,5,0.500,0.050,0.400,AKo,jam,15.000000,33.683984,37.738715,18.683984,22.738715,0.573242,0.434679,25.000000,-43.000000,18.000000,-55.000000,37.000000,18.000000
9,two-shorts,76000,20.000,0,5,0.500,0.050,0.400,KQo,jam,15.000000,34.074219,37.724826,19.074219,22.724826,0.599609,0.431207,25.000000,-43.000000,18.000000,-55.000000,37.000000,18.000000
9,two-shorts,76000,20.000,0,5,0.500,0.050,0.400,T9o,jam,15.000000,32.262760,37.526042,17.262760,22.526042,0.477214,0.381510,25.000000,-43.000000,18.000000,-55.000000,37.000000,18.000000
9,two-shorts,76000,20.000,0,5,0.500,0.050,0.400,T9s,jam,15.000000,32.600000,37.515625,17.600000,22.515625,0.500000,0.378906,25.000000,-43.000000,18.000000,-55.000000,37.000000,18.000000
9,two-shorts,76000,20.000,0,5,0.500,0.050,0.400,A4s,jam,15.000000,33.192578,37.471354,18.192578,22.471354,0.540039,0.367839,25.000000,-43.000000,18.000000,-55.000000,37.000000,18.000000
9,two-shorts,76000,20.000,0,5,0.500,0.050,0.400,A5s,jam,15.000000,33.235937,37.450521,18.235937,22.450521,0.542969,0.362630,25.000000,-43.000000,18.000000,-55.000000,37.000000,18.000000
9,two-shorts,76000,20.000,0,5,0.500,0.050,0.400,Q9s,jam,15.000000,35.028125,37.437500,20.028125,22.437500,0.664062,0.359375,25.000000,-43.000000,18.000000,-55.000000,37.000000,18.000000
9,two-shorts,76000,20.000,0,5,0.500,0.050,0.400,J9s,jam,15.000000,36.242188,37.411458,21.242188,22.411458,0.746094,0.352865,25.000000,-43.000000,18.000000,-55.000000,37.000000,18.000000
9,two-shorts,76000,20.000,0,5,0.500,0.050,0.400,Q3s,jam,15.000000,32.758984,37.395833,17.758984,22.395833,0.510742,0.348958,25.000000,-43.000000,18.000000,-55.000000,37.000000,18.000000
9,two-shorts,76000,20.000,0,5,0.500,0.050,0.400,J8s,jam,15.000000,33.915234,37.390625,18.915234,22.390625,0.588867,0.347656,25.000000,-43.000000,18.000000,-55.000000,37.000000,18.000000
9,two-shorts,76000,20.000,0,5,0.500,0.050,0.400,T6s,jam,15.000000,29.979167,37.390625,14.979167,22.390625,0.322917,0.347656,25.000000,-43.000000,18.000000,-55.000000,37.000000,18.000000
9,two-shorts,76000,20.000,0,5,0.500,0.050,0.400,T8s,jam,15.000000,30.306771,37.388021,15.306771,22.388021,0.345052,0.347005,25.000000,-43.000000,18.000000,-55.000000,37.000000,18.000000
9,two-shorts,76000,20.000,0,5,0.500,0.050,0.400,K7s,jam,15.000000,33.337109,37.369792,18.337109,22.369792,0.549805,0.342448,25.000000,-43.000000,18.000000,-55.000000,37.000000,18.000000
9,two-shorts,76000,20.000,0,5,0.500,0.050,0.400,K9s,jam,15.000000,34.951042,37.364583,19.951042,22.364583,0.658854,0.341146,25.000000,-43.000000,18.000000,-55.000000,37.000000,18.000000
9,two-shorts,76000,20.000,0,5,0.500,0.050,0.400,J6s,jam,15.000000,34.001953,37.364583,19.001953,22.364583,0.594727,0.341146,25.000000,-43.000000,18.000000,-55.000000,37.000000,18.000000
9,two-shorts,76000,20.000,0,5,0.500,0.050,0.400,Q9o,jam,15.000000,35.169444,37.355903,20.169444,22.355903,0.673611,0.338976,25.000000,-43.000000,18.000000,-55.000000,37.000000,18.000000
9,two-shorts,76000,20.000,0,5,0.500,0.050,0.400,A9s,jam,15.000000,35.336458,37.348958,20.336458,22.348958,0.684896,0.337240,25.000000,-43.000000,18.000000,-55.000000,37.000000,18.000000
9,two-shorts,76000,20.000,0,5,0.500,0.050,0.400,K5s,jam,15.000000,33.756250,37.341146,18.756250,22.341146,0.578125,0.335286,25.000000,-43.000000,18.000000,-55.000000,37.000000,18.000000
9,two-shorts,76000,20.000,0,5,0.500,0.050,0.400,J5s,jam,15.000000,33.337109,37.335938,18.337109,22.335938,0.549805,0.333984,25.000000,-43.000000,18.000000,-55.000000,37.000000,18.000000
9,two-shorts,76000,20.000,0,5,0.500,0.050,0.400,Q8s,jam,15.000000,33.915234,37.317708,18.915234,22.317708,0.588867,0.329427,25.000000,-43.000000,18.000000,-55.000000,37.000000,18.000000
9,two-shorts,76000,20.000,0,5,0.500,0.050,0.400,Q7s,jam,15.000000,33.741797,37.312500,18.741797,22.312500,0.577148,0.328125,25.000000,-43.000000,18.000000,-55.000000,37.000000,18.000000
9,two-shorts,76000,20.000,0,5,0.500,0.050,0.400,T5s,jam,15.000000,29.728646,37.312500,14.728646,22.312500,0.305990,0.328125,25.000000,-43.000000,18.000000,-55.000000,37.000000,18.000000
9,two-shorts,76000,20.000,0,5,0.500,0.050,0.400,A6s,jam,15.000000,33.553906,37.299479,18.553906,22.299479,0.564453,0.324870,25.000000,-43.000000,18.000000,-55.000000,37.000000,18.000000
9,two-shorts,76000,20.000,0,5,0.500,0.050,0.400,K3s,jam,15.000000,32.990234,37.299479,17.990234,22.299479,0.526367,0.324870,25.000000,-43.000000,18.000000,-55.000000,37.000000,18.000000
9,two-shorts,76000,20.000,0,5,0.500,0.050,0.400,A3s,jam,15.000000,33.814062,37.296875,18.814062,22.296875,0.582031,0.324219,25.000000,-43.000000,18.000000,-55.000000,37.000000,18.000000
9,two-shorts,76000,20.000,0,5,0.500,0.050,0.400,A2s,jam,15.000000,33.582813,37.296875,18.582813,22.296875,0.566406,0.324219,25.000000,-43.000000,18.000000,-55.000000,37.000000,18.000000
9,two-shorts,76000,20.000,0,5,0.500,0.050,0.400,K8s,jam,15.000000,33.207031,37.291667,18.207031,22.291667,0.541016,0.322917,25.000000,-43.000000,18.000000,-55.000000,37.000000,18.000000
9,two-shorts,76000,20.000,0,5,0.500,0.050,0.400,A8s,jam,15.000000,33.857422,37.283854,18.857422,22.283854,0.584961,0.320964,25.000000,-43.000000,18.000000,-55.000000,37.000000,18.000000
9,two-shorts,76000,20.000,0,5,0.500,0.050,0.400,J2s,jam,15.000000,32.975781,37.273438,17.975781,22.273438,0.525391,0.318359,25.000000,-43.000000,18.000000,-55.000000,37.000000,18.000000
9,two-shorts,76000,20.000,0,5,0.500,0.050,0.400,K2s,jam,15.000000,33.264844,37.257812,18.264844,22.257812,0.544922,0.314453,25.000000,-43.000000,18.000000,-55.000000,37.000000,18.000000
9,two-shorts,76000,20.000,0,5,0.500,0.050,0.400,T7s,jam,15.000000,29.805729,37.252604,14.805729,22.252604,0.311198,0.313151,25.000000,-43.000000,18.000000,-55.000000,37.000000,18.000000
9,two-shorts,76000,20.000,0,5,0.500,0.050,0.400,A5o,jam,15.000000,32.995052,37.245660,17.995052,22.245660,0.526693,0.311415,25.000000,-43.000000,18.000000,-55.000000,37.000000,18.000000
9,two-shorts,76000,20.000,0,5,0.500,0.050,0.400,T5o,jam,15.000000,29.478125,37.245660,14.478125,22.245660,0.289062,0.311415,25.000000,-43.000000,18.000000,-55.000000,37.000000,18.000000
9,two-shorts,76000,20.000,0,5,0.500,0.050,0.400,T3s,jam,15.000000,30.383854,37.244792,15.383854,22.244792,0.350260,0.311198,25.000000,-43.000000,18.000000,-55.000000,37.000000,18.000000
9,two-shorts,76000,20.000,0,5,0.500,0.050,0.400,A7s,jam,15.000000,33.351562,37.236979,18.351562,22.236979,0.550781,0.309245,25.000000,-43.000000,18.000000,-55.000000,37.000000,18.000000
9,two-shorts,76000,20.000,0,5,0.500,0.050,0.400,Q5s,jam,15.000000,33.409375,37.234375,18.409375,22.234375,0.554688,0.308594,25.000000,-43.000000,18.000000,-55.000000,37.000000,18.000000
9,two-shorts,76000,20.000,0,5,0.500,0.050,0.400,K4s,jam,15.000000,33.076953,37.234375,18.076953,22.234375,0.532227,0.308594,25.000000,-43.000000,18.000000,-55.000000,37.000000,18.000000
9,two-shorts,76000,20.000,0,5,0.500,0.050,0.400,A9o,jam,15.000000,34.944618,37.232639,19.944618,22.232639,0.658420,0.308160,25.000000,-43.000000,18.000000,-55.000000,37.000000,18.000000
9,two-shorts,76000,20.000,0,5,0.500,0.050,0.400,A7o,jam,15.000000,32.807161,37.230903,17.807161,22.230903,0.513997,0.307726,25.000000,-43.000000,18.000000,-55.000000,37.000000,18.000000
9,two-shorts,76000,20.000,0,5,0.500,0.050,0.400,Q2s,jam,15.000000,33.149219,37.226562,18.149219,22.226562,0.537109,0.306641,25.000000,-43.000000,18.000000,-55.000000,37.000000,18.000000
9,two-shorts,76000,20.000,0,5,0.500,0.050,0.400,K6s,jam,15.000000,33.394922,37.223958,18.394922,22.223958,0.553711,0.305990,25.000000,-43.000000,18.000000,-55.000000,37.000000,18.000000
9,two-shorts,76000,20.000,0,5,0.500,0.050,0.400,J4s,jam,15.000000,34.045313,37.221354,19.045313,22.221354,0.597656,0.305339,25.000000,-43.000000,18.000000,-55.000000,37.000000,18.000000
9,two-shorts,76000,20.000,0,5,0.500,0.050,0.400,J9o,jam,15.000000,35.118056,37.218750,20.118056,22.218750,0.670139,0.304688,25.000000,-43.000000,18.000000,-55.000000,37.000000,18.000000
9,two-shorts,76000,20.000,0,5,0.500,0.050,0.400,T4s,jam,15.000000,29.670833,37.216146,14.670833,22.216146,0.302083,0.304036,25.000000,-43.000000,18.000000,-55.000000,37.000000,18.000000
9,two-shorts,76000,20.000,0,5,0.500,0.050,0.400,J7o,jam,15.000000,32.874609,37.214410,17.874609,22.214410,0.518555,0.303602,25.000000,-43.000000,18.000000,-55.000000,37.000000,18.000000
9,two-shorts,76000,20.000,0,5,0.500,0.050,0.400,Q6s,jam,15.000000,33.467188,37.213542,18.467188,22.213542,0.558594,0.303385,25.000000,-43.000000,18.000000,-55.000000,37.000000,18.000000
9,two-shorts,76000,20.000,0,5,0.500,0.050,0.400,Q4s,jam,15.000000,33.322656,37.213542,18.322656,22.213542,0.548828,0.303385,25.000000,-43.000000,18.000000,-55.000000,37.000000,18.000000
9,two-shorts,76000,20.000,0,5,0.500,0.050,0.400,Q4o,jam,15.000000,32.604818,37.211806,17.604818,22.211806,0.500326,0.302951,25.000000,-43.000000,18.000000,-55.000000,37.000000,18.000000
9,two-shorts,76000,20.000,0,5,0.500,0.050,0.400,A2o,jam,15.000000,32.619271,37.205729,17.619271,22.205729,0.501302,0.301432,25.000000,-43.000000,18.000000,-55.000000,37.000000,18.000000
9,two-shorts,76000,20.000,0,5,0.500,0.050,0.400,A4o,jam,15.000000,32.946875,37.196181,17.946875,22.196181,0.523438,0.299045,25.000000,-43.000000,18.000000,-55.000000,37.000000,18.000000
9,two-shorts,76000,20.000,0,5,0.500,0.050,0.400,T7o,jam,15.000000,29.401042,37.194444,14.401042,22.194444,0.283854,0.298611,25.000000,-43.000000,18.000000,-55.000000,37.000000,18.000000
9,two-shorts,76000,20.000,0,5,0.500,0.050,0.400,Q8o,jam,15.000000,33.158854,37.193576,18.158854,22.193576,0.537760,0.298394,25.000000,-43.000000,18.000000,-55.000000,37.000000,18.000000
9,two-shorts,76000,20.000,0,5,0.500,0.050,0.400,J7s,jam,15.000000,33.611719,37.187500,18.611719,22.187500,0.568359,0.296875,25.000000,-43.000000,18.000000,-55.000000,37.000000,18.000000
9,two-shorts,76000,20.000,0,5,0.500,0.050,0.400,T8o,jam,15.000000,29.465278,37.185764,14.465278,22.185764,0.288194,0.296441,25.000000,-43.000000,18.000000,-55.000000,37.000000,18.000000
9,two-shorts,76000,20.000,0,5,0.500,0.050,0.400,J3s,jam,15.000000,32.730078,37.179688,17.730078,22.179688,0.508789,0.294922,25.000000,-43.000000,18.000000,-55.000000,37.000000,18.000000
9,two-shorts,76000,20.000,0,5,0.500,0.050,0.400,T2s,jam,15.000000,29.882812,37.179688,14.882812,22.179688,0.316406,0.294922,25.000000,-43.000000,18.000000,-55.000000,37.000000,18.000000
9,two-shorts,76000,20.000,0,5,0.500,0.050,0.400,K5o,jam,15.000000,32.441016,37.173611,17.441016,22.173611,0.489258,0.293403,25.000000,-43.000000,18.000000,-55.000000,37.000000,18.000000
9,two-shorts,76000,20.000,0,5,0.500,0.050,0.400,A3o,jam,15.000000,33.144401,37.166667,18.144401,22.166667,0.536784,0.291667,25.000000,-43.000000,18.000000,-55.000000,37.000000,18.000000
9,two-shorts,76000,20.000,0,5,0.500,0.050,0.400,A8o,jam,15.000000,33.293750,37.161458,18.293750,22.161458,0.546875,0.290365,25.000000,-43.000000,18.000000,-55.000000,37.000000,18.000000
9,two-shorts,76000,20.000,0,5,0.500,0.050,0.400,J8o,jam,15.000000,33.293750,37.148438,18.293750,22.148438,0.546875,0.287109,25.000000,-43.000000,18.000000,-55.000000,37.000000,18.000000
9,two-shorts,76000,20.000,0,5,0.500,0.050,0.400,A6o,jam,15.000000,33.038411,37.147569,18.038411,22.147569,0.529622,0.286892,25.000000,-43.000000,18.000000,-55.000000,37.000000,18.000000
9,two-shorts,76000,20.000,0,5,0.500,0.050,0.400,J3o,jam,15.000000,32.600000,37.146701,17.600000,22.146701,0.500000,0.286675,25.000000,-43.000000,18.000000,-55.000000,37.000000,18.000000
9,two-shorts,76000,20.000,0,5,0.500,0.050,0.400,Q7o,jam,15.000000,32.600000,37.144965,17.600000,22.144965,0.500000,0.286241,25.000000,-43.000000,18.000000,-55.000000,37.000000,18.000000
9,two-shorts,76000,20.000,0,5,0.500,0.050,0.400,K7o,jam,15.000000,33.023958,37.139757,18.023958,22.139757,0.528646,0.284939,25.000000,-43.000000,18.000000,-55.000000,37.000000,18.000000
9,two-shorts,76000,20.000,0,5,0.500,0.050,0.400,K9o,jam,15.000000,35.118056,37.138889,20.118056,22.138889,0.670139,0.284722,25.000000,-43.000000,18.000000,-55.000000,37.000000,18.000000
9,two-shorts,76000,20.000,0,5,0.500,0.050,0.400,Q5o,jam,15.000000,32.681901,37.138889,17.681901,22.138889,0.505534,0.284722,25.000000,-43.000000,18.000000,-55.000000,37.000000,18.000000
9,two-shorts,76000,20.000,0,5,0.500,0.050,0.400,T6o,jam,15.000000,29.490972,37.138021,14.490972,22.138021,0.289931,0.284505,25.000000,-43.000000,18.000000,-55.000000,37.000000,18.000000
9,two-shorts,76000,20.000,0,5,0.500,0.050,0.400,K4o,jam,15.000000,32.898698,37.135417,17.898698,22.135417,0.520182,0.283854,25.000000,-43.000000,18.000000,-55.000000,37.000000,18.000000
9,two-shorts,76000,20.000,0,5,0.500,0.050,0.400,K6o,jam,15.000000,32.691536,37.127604,17.691536,22.127604,0.506185,0.281901,25.000000,-43.000000,18.000000,-55.000000,37.000000,18.000000
9,two-shorts,76000,20.000,0,5,0.500,0.050,0.400,K2o,jam,15.000000,32.465104,37.125868,17.465104,22.125868,0.490885,0.281467,25.000000,-43.000000,18.000000,-55.000000,37.000000,18.000000
9,two-shorts,76000,20.000,0,5,0.500,0.050,0.400,J6o,jam,15.000000,32.672266,37.121528,17.672266,22.121528,0.504883,0.280382,25.000000,-43.000000,18.000000,-55.000000,37.000000,18.000000
9,two-shorts,76000,20.000,0,5,0.500,0.050,0.400,J5o,jam,15.000000,33.004688,37.114583,18.004688,22.114583,0.527344,0.278646,25.000000,-43.000000,18.000000,-55.000000,37.000000,18.000000
9,two-shorts,76000,20.000,0,5,0.500,0.050,0.400,Q2o,jam,15.000000,33.067318,37.106771,18.067318,22.106771,0.531576,0.276693,25.000000,-43.000000,18.000000,-55.000000,37.000000,18.000000
9,two-shorts,76000,20.000,0,5,0.500,0.050,0.400,J4o,jam,15.000000,32.855339,37.106771,17.855339,22.106771,0.517253,0.276693,25.000000,-43.000000,18.000000,-55.000000,37.000000,18.000000
9,two-shorts,76000,20.000,0,5,0.500,0.050,0.400,T2o,jam,15.000000,29.490972,37.105035,14.490972,22.105035,0.289931,0.276259,25.000000,-43.000000,18.000000,-55.000000,37.000000,18.000000
9,two-shorts,76000,20.000,0,5,0.500,0.050,0.400,T4o,jam,15.000000,29.253299,37.105035,14.253299,22.105035,0.273872,0.276259,25.000000,-43.000000,18.000000,-55.000000,37.000000,18.000000
9,two-shorts,76000,20.000,0,5,0.500,0.050,0.400,J2o,jam,15.000000,33.231120,37.095486,18.231120,22.095486,0.542643,0.273872,25.000000,-43.000000,18.000000,-55.000000,37.000000,18.000000
9,two-shorts,76000,20.000,0,5,0.500,0.050,0.400,Q6o,jam,15.000000,33.134766,37.095486,18.134766,22.095486,0.536133,0.273872,25.000000,-43.000000,18.000000,-55.000000,37.000000,18.000000
9,two-shorts,76000,20.000,0,5,0.500,0.050,0.400,Q3o,jam,15.000000,32.648177,37.095486,17.648177,22.095486,0.503255,0.273872,25.000000,-43.000000,18.000000,-55.000000,37.000000,18.000000
9,two-shorts,76000,20.000,0,5,0.500,0.050,0.400,T3o,jam,15.000000,29.227604,37.088542,14.227604,22.088542,0.272135,0.272135,25.000000,-43.000000,18.000000,-55.000000,37.000000,18.000000
9,two-shorts,76000,20.000,0,5,0.500,0.050,0.400,K8o,jam,15.000000,33.014323,37.078125,18.014323,22.078125,0.527995,0.269531,25.000000,-43.000000,18.000000,-55.000000,37.000000,18.000000
9,two-shorts,76000,20.000,0,5,0.500,0.050,0.400,K3o,jam,15.000000,32.860156,37.073785,17.860156,22.073785,0.517578,0.268446,25.000000,-43.000000,18.000000,-55.000000,37.000000,18.000000
9,two-shorts,76000,20.000,0,5,0.500,0.050,0.400,54s,jam,15.000000,29.983984,36.971354,14.983984,21.971354,0.323242,0.242839,25.000000,-43.000000,18.000000,-55.000000,37.000000,18.000000
9,two-shorts,76000,20.000,0,5,0.500,0.050,0.400,43s,jam,15.000000,30.460938,36.893229,15.460938,21.893229,0.355469,0.223307,25.000000,-43.000000,18.000000,-55.000000,37.000000,18.000000
9,two-shorts,76000,20.000,0,5,0.500,0.050,0.400,75s,jam,15.000000,30.547656,36.872396,15.547656,21.872396,0.361328,0.218099,25.000000,-43.000000,18.000000,-55.000000,37.000000,18.000000
9,two-shorts,76000,20.000,0,5,0.500,0.050,0.400,42s,jam,15.000000,30.533203,36.851562,15.533203,21.851562,0.360352,0.212891,25.000000,-43.000000,18.000000,-55.000000,37.000000,18.000000
9,two-shorts,76000,20.000,0,5,0.500,0.050,0.400,64s,jam,15.000000,29.449219,36.846354,14.449219,21.846354,0.287109,0.211589,25.000000,-43.000000,18.000000,-55.000000,37.000000,18.000000
9,two-shorts,76000,20.000,0,5,0.500,0.050,0.400,52s,jam,15.000000,30.417578,36.841146,15.417578,21.841146,0.352539,0.210286,25.000000,-43.000000,18.000000,-55.000000,37.000000,18.000000
9,two-shorts,76000,20.000,0,5,0.500,0.050,0.400,65s,jam,15.000000,30.287500,36.838542,15.287500,21.838542,0.343750,0.209635,25.000000,-43.000000,18.000000,-55.000000,37.000000,18.000000
9,two-shorts,76000,20.000,0,5,0.500,0.050,0.400,87s,jam,15.000000,30.186328,36.835938,15.186328,21.835938,0.336914,0.208984,25.000000,-43.000000,18.000000,-55.000000,37.000000,18.000000
9,two-shorts,76000,20.000,0,5,0.500,0.050,0.400,53s,jam,15.000000,30.244141,36.820312,15.244141,21.820312,0.340820,0.205078,25.000000,-43.000000,18.000000,-55.000000,37.000000,18.000000
9,two-shorts,76000,20.000,0,5,0.500,0.050,0.400,33,jam,15.000000,32.310938,36.812500,17.310938,21.812500,0.480469,0.203125,25.000000,-43.000000,18.000000,-55.000000,37.000000,18.000000
9,two-shorts,76000,20.000,0,5,0.500,0.050,0.400,76s,jam,15.000000,30.807813,36.812500,15.807813,21.812500,0.378906,0.203125,25.000000,-43.000000,18.000000,-55.000000,37.000000,18.000000
9,two-shorts,76000,20.000,0,5,0.500,0.050,0.400,85s,jam,15.000000,30.345312,36.799479,15.345312,21.799479,0.347656,0.199870,25.000000,-43.000000,18.000000,-55.000000,37.000000,18.000000
9,two-shorts,76000,20.000,0,5,0.500,0.050,0.400,98s,jam,15.000000,29.458854,36.796875,14.458854,21.796875,0.287760,0.199219,25.000000,-43.000000,18.000000,-55.000000,37.000000,18.000000
9,two-shorts,76000,20.000,0,5,0.500,0.050,0.400,84s,jam,15.000000,30.041797,36.778646,15.041797,21.778646,0.327148,0.194661,25.000000,-43.000000,18.000000,-55.000000,37.000000,18.000000
9,two-shorts,76000,20.000,0,5,0.500,0.050,0.400,77,jam,15.000000,32.031510,36.755208,17.031510,21.755208,0.461589,0.188802,25.000000,-43.000000,18.000000,-55.000000,37.000000,18.000000
9,two-shorts,76000,20.000,0,5,0.500,0.050,0.400,74s,jam,15.000000,30.316406,36.744792,15.316406,21.744792,0.345703,0.186198,25.000000,-43.000000,18.000000,-55.000000,37.000000,18.000000
9,two-shorts,76000,20.000,0,5,0.500,0.050,0.400,86s,jam,15.000000,30.374219,36.742188,15.374219,21.742188,0.349609,0.185547,25.000000,-43.000000,18.000000,-55.000000,37.000000,18.000000
9,two-shorts,76000,20.000,0,5,0.500,0.050,0.400,44,jam,15.000000,31.694271,36.739583,16.694271,21.739583,0.438802,0.184896,25.000000,-43.000000,18.000000,-55.000000,37.000000,18.000000
9,two-shorts,76000,20.000,0,5,0.500,0.050,0.400,32s,jam,15.000000,29.261328,36.731771,14.261328,21.731771,0.274414,0.182943,25.000000,-43.000000,18.000000,-55.000000,37.000000,18.000000
9,two-shorts,76000,20.000,0,5,0.500,0.050,0.400,65o,jam,15.000000,30.171875,36.724826,15.171875,21.724826,0.335938,0.181207,25.000000,-43.000000,18.000000,-55.000000,37.000000,18.000000
9,two-shorts,76000,20.000,0,5,0.500,0.050,0.400,66,jam,15.000000,32.571094,36.722222,17.571094,21.722222,0.498047,0.180556,25.000000,-43.000000,18.000000,-55.000000,37.000000,18.000000
9,two-shorts,76000,20.000,0,5,0.500,0.050,0.400,72s,jam,15.000000,30.634375,36.708333,15.634375,21.708333,0.367188,0.177083,25.000000,-43.000000,18.000000,-55.000000,37.000000,18.000000
9,two-shorts,76000,20.000,0,5,0.500,0.050,0.400,54o,jam,15.000000,30.523568,36.708333,15.523568,21.708333,0.359701,0.177083,25.000000,-43.000000,18.000000,-55.000000,37.000000,18.000000
9,two-shorts,76000,20.000,0,5,0.500,0.050,0.400,63s,jam,15.000000,30.316406,36.705729,15.316406,21.705729,0.345703,0.176432,25.000000,-43.000000,18.000000,-55.000000,37.000000,18.000000
9,two-shorts,76000,20.000,0,5,0.500,0.050,0.400,88,jam,15.000000,32.850521,36.704861,17.850521,21.704861,0.516927,0.176215,25.000000,-43.000000,18.000000,-55.000000,37.000000,18.000000
9,two-shorts,76000,20.000,0,5,0.500,0.050,0.400,22,jam,15.000000,32.070052,36.701389,17.070052,21.701389,0.464193,0.175347,25.000000,-43.000000,18.000000,-55.000000,37.000000,18.000000
9,two-shorts,76000,20.000,0,5,0.500,0.050,0.400,83s,jam,15.000000,29.839453,36.697917,14.839453,21.697917,0.313477,0.174479,25.000000,-43.000000,18.000000,-55.000000,37.000000,18.000000
9,two-shorts,76000,20.000,0,5,0.500,0.050,0.400,55,jam,15.000000,32.436198,36.694444,17.436198,21.694444,0.488932,0.173611,25.000000,-43.000000,18.000000,-55.000000,37.000000,18.000000
9,two-shorts,76000,20.000,0,5,0.500,0.050,0.400,64o,jam,15.000000,30.051432,36.692708,15.051432,21.692708,0.327799,0.173177,25.000000,-43.000000,18.000000,-55.000000,37.000000,18.000000
9,two-shorts,76000,20.000,0,5,0.500,0.050,0.400,97s,jam,15.000000,29.593750,36.682292,14.593750,21.682292,0.296875,0.170573,25.000000,-43.000000,18.000000,-55.000000,37.000000,18.000000
9,two-shorts,76000,20.000,0,5,0.500,0.050,0.400,73s,jam,15.000000,30.374219,36.666667,15.374219,21.666667,0.349609,0.166667,25.000000,-43.000000,18.000000,-55.000000,37.000000,18.000000
9,two-shorts,76000,20.000,0,5,0.500,0.050,0.400,62s,jam,15.000000,30.027344,36.666667,15.027344,21.666667,0.326172,0.166667,25.000000,-43.000000,18.000000,-55.000000,37.000000,18.000000
9,two-shorts,76000,20.000,0,5,0.500,0.050,0.400,76o,jam,15.000000,30.513932,36.658854,15.513932,21.658854,0.359049,0.164714,25.000000,-43.000000,18.000000,-55.000000,37.000000,18.000000
9,two-shorts,76000,20.000,0,5,0.500,0.050,0.400,52o,jam,15.000000,30.104427,36.657118,15.104427,21.657118,0.331380,0.164280,25.000000,-43.000000,18.000000,-55.000000,37.000000,18.000000
9,two-shorts,76000,20.000,0,5,0.500,0.050,0.400,75o,jam,15.000000,29.935807,36.639757,14.935807,21.639757,0.319987,0.159939,25.000000,-43.000000,18.000000,-55.000000,37.000000,18.000000
9,two-shorts,76000,20.000,0,5,0.500,0.050,0.400,43o,jam,15.000000,29.988802,36.627604,14.988802,21.627604,0.323568,0.156901,25.000000,-43.000000,18.000000,-55.000000,37.000000,18.000000
9,two-shorts,76000,20.000,0,5,0.500,0.050,0.400,82s,jam,15.000000,29.853906,36.625000,14.853906,21.625000,0.314453,0.156250,25.000000,-43.000000,18.000000,-55.000000,37.000000,18.000000
9,two-shorts,76000,20.000,0,5,0.500,0.050,0.400,53o,jam,15.000000,30.181510,36.620660,15.181510,21.620660,0.336589,0.155165,25.000000,-43.000000,18.000000,-55.000000,37.000000,18.000000
9,two-shorts,76000,20.000,0,5,0.500,0.050,0.400,93s,jam,15.000000,29.670833,36.614583,14.670833,21.614583,0.302083,0.153646,25.000000,-43.000000,18.000000,-55.000000,37.000000,18.000000
9,two-shorts,76000,20.000,0,5,0.500,0.050,0.400,74o,jam,15.000000,29.608203,36.601562,14.608203,21.601562,0.297852,0.150391,25.000000,-43.000000,18.000000,-55.000000,37.000000,18.000000
9,two-shorts,76000,20.000,0,5,0.500,0.050,0.400,87o,jam,15.000000,30.345312,36.592014,15.345312,21.592014,0.347656,0.148003,25.000000,-43.000000,18.000000,-55.000000,37.000000,18.000000
9,two-shorts,76000,20.000,0,5,0.500,0.050,0.400,42o,jam,15.000000,29.998438,36.589410,14.998438,21.589410,0.324219,0.147352,25.000000,-43.000000,18.000000,-55.000000,37.000000,18.000000
9,two-shorts,76000,20.000,0,5,0.500,0.050,0.400,32o,jam,15.000000,30.089974,36.579861,15.089974,21.579861,0.330404,0.144965,25.000000,-43.000000,18.000000,-55.000000,37.000000,18.000000
9,two-shorts,76000,20.000,0,5,0.500,0.050,0.400,98o,jam,15.000000,29.067014,36.564236,14.067014,21.564236,0.261285,0.141059,25.000000,-43.000000,18.000000,-55.000000,37.000000,18.000000
9,two-shorts,76000,20.000,0,5,0.500,0.050,0.400,63o,jam,15.000000,30.017708,36.559896,15.017708,21.559896,0.325521,0.139974,25.000000,-43.000000,18.000000,-55.000000,37.000000,18.000000
9,two-shorts,76000,20.000,0,5,0.500,0.050,0.400,73o,jam,15.000000,29.646745,36.552083,14.646745,21.552083,0.300456,0.138021,25.000000,-43.000000,18.000000,-55.000000,37.000000,18.000000
9,two-shorts,76000,20.000,0,5,0.500,0.050,0.400,95s,jam,15.000000,29.497396,36.546875,14.497396,21.546875,0.290365,0.136719,25.000000,-43.000000,18.000000,-55.000000,37.000000,18.000000
9,two-shorts,76000,20.000,0,5,0.500,0.050,0.400,86o,jam,15.000000,29.892448,36.546007,14.892448,21.546007,0.317057,0.136502,25.000000,-43.000000,18.000000,-55.000000,37.000000,18.000000
9,two-shorts,76000,20.000,0,5,0.500,0.050,0.400,85o,jam,15.000000,29.685286,36.546007,14.685286,21.546007,0.303060,0.136502,25.000000,-43.000000,18.000000,-55.000000,37.000000,18.000000
9,two-shorts,76000,20.000,0,5,0.500,0.050,0.400,96s,jam,15.000000,29.940625,36.541667,14.940625,21.541667,0.320312,0.135417,25.000000,-43.000000,18.000000,-55.000000,37.000000,18.000000
9,two-shorts,76000,20.000,0,5,0.500,0.050,0.400,62o,jam,15.000000,29.950260,36.536458,14.950260,21.536458,0.320964,0.134115,25.000000,-43.000000,18.000000,-55.000000,37.000000,18.000000
9,two-shorts,76000,20.000,0,5,0.500,0.050,0.400,84o,jam,15.000000,29.675651,36.509549,14.675651,21.509549,0.302409,0.127387,25.000000,-43.000000,18.000000,-55.000000,37.000000,18.000000
9,two-shorts,76000,20.000,0,5,0.500,0.050,0.400,83o,jam,15.000000,29.319141,36.496528,14.319141,21.496528,0.278320,0.124132,25.000000,-43.000000,18.000000,-55.000000,37.000000,18.000000
9,two-shorts,76000,20.000,0,5,0.500,0.050,0.400,82o,jam,15.000000,29.362500,36.472222,14.362500,21.472222,0.281250,0.118056,25.000000,-43.000000,18.000000,-55.000000,37.000000,18.000000
9,two-shorts,76000,20.000,0,5,0.500,0.050,0.400,97o,jam,15.000000,29.015625,36.463542,14.015625,21.463542,0.257812,0.115885,25.000000,-43.000000,18.000000,-55.000000,37.000000,18.000000
9,two-shorts,76000,20.000,0,5,0.500,0.050,0.400,92s,jam,15.000000,29.979167,36.458333,14.979167,21.458333,0.322917,0.114583,25.000000,-43.000000,18.000000,-55.000000,37.000000,18.000000
9,two-shorts,76000,20.000,0,5,0.500,0.050,0.400,72o,jam,15.000000,29.468490,36.438368,14.468490,21.438368,0.288411,0.109592,25.000000,-43.000000,18.000000,-55.000000,37.000000,18.000000
9,two-shorts,76000,20.000,0,5,0.500,0.050,0.400,94s,jam,15.000000,29.574479,36.437500,14.574479,21.437500,0.295573,0.109375,25.000000,-43.000000,18.000000,-55.000000,37.000000,18.000000
9,two-shorts,76000,20.000,0,5,0.500,0.050,0.400,96o,jam,15.000000,29.022049,36.387153,14.022049,21.387153,0.258247,0.096788,25.000000,-43.000000,18.000000,-55.000000,37.000000,18.000000
9,two-shorts,76000,20.000,0,5,0.500,0.050,0.400,92o,jam,15.000000,28.771528,36.310764,13.771528,21.310764,0.241319,0.077691,25.000000,-43.000000,18.000000,-55.000000,37.000000,18.000000
9,two-shorts,76000,20.000,0,5,0.500,0.050,0.400,93o,jam,15.000000,29.189062,36.305556,14.189062,21.305556,0.269531,0.076389,25.000000,-43.000000,18.000000,-55.000000,37.000000,18.000000
9,two-shorts,76000,20.000,0,5,0.500,0.050,0.400,95o,jam,15.000000,28.559549,36.305556,13.559549,21.305556,0.226997,0.076389,25.000000,-43.000000,18.000000,-55.000000,37.000000,18.000000
9,two-shorts,76000,20.000,0,5,0.500,0.050,0.400,94o,jam,15.000000,28.925694,36.243056,13.925694,21.243056,0.251736,0.060764,25.000000,-43.000000,18.000000,-55.000000,37.000000,18.000000
9,two-shorts,76000,20.000,0,5,0.500,0.100,0.400,88,jam,15.000000,32.850521,38.590278,17.850521,23.590278,0.516927,0.823785,25.000000,-43.000000,18.000000,-55.000000,37.000000,18.000000
9,two-shorts,76000,20.000,0,5,0.500,0.100,0.400,66,jam,15.000000,32.571094,38.579861,17.571094,23.579861,0.498047,0.822483,25.000000,-43.000000,18.000000,-55.000000,37.000000,18.000000
9,two-shorts,76000,20.000,0,5,0.500,0.100,0.400,55,jam,15.000000,32.436198,38.531250,17.436198,23.531250,0.488932,0.816406,25.000000,-43.000000,18.000000,-55.000000,37.000000,18.000000
9,two-shorts,76000,20.000,0,5,0.500,0.100,0.400,99,jam,15.000000,34.392187,38.520833,19.392187,23.520833,0.621094,0.815104,25.000000,-43.000000,18.000000,-55.000000,37.000000,18.000000
9,two-shorts,76000,20.000,0,5,0.500,0.100,0.400,KK,jam,15.000000,36.752865,38.517361,21.752865,23.517361,0.780599,0.814670,25.000000,-43.000000,18.000000,-55.000000,37.000000,18.000000
9,two-shorts,76000,20.000,0,5,0.500,0.100,0.400,JJ,jam,15.000000,37.427344,38.475694,22.427344,23.475694,0.826172,0.809462,25.000000,-43.000000,18.000000,-55.000000,37.000000,18.000000
9,two-shorts,76000,20.000,0,5,0.500,0.100,0.400,QQ,jam,15.000000,37.292448,38.472222,22.292448,23.472222,0.817057,0.809028,25.000000,-43.000000,18.000000,-55.000000,37.000000,18.000000
9,two-shorts,76000,20.000,0,5,0.500,0.100,0.400,TT,jam,15.000000,37.282812,38.451389,22.282812,23.451389,0.816406,0.806424,25.000000,-43.000000,18.000000,-55.000000,37.000000,18.000000
9,two-shorts,76000,20.000,0,5,0.500,0.100,0.400,77,jam,15.000000,32.031510,38.427083,17.031510,23.427083,0.461589,0.803385,25.000000,-43.000000,18.000000,-55.000000,37.000000,18.000000
9,two-shorts,76000,20.000,0,5,0.500,0.100,0.400,AA,jam,15.000000,36.858854,38.309028,21.858854,23.309028,0.787760,0.788628,25.000000,-43.000000,18.000000,-55.000000,37.000000,18.000000
9,two-shorts,76000,20.000,0,5,0.500,0.100,0.400,T9s,jam,15.000000,32.600000,36.489583,17.600000,21.489583,0.500000,0.561198,25.000000,-43.000000,18.000000,-55.000000,37.000000,18.000000
9,two-shorts,76000,20.000,0,5,0.500,0.100,0.400,J9s,jam,15.000000,36.242188,36.328125,21.242188,21.328125,0.746094,0.541016,25.000000,-43.000000,18.000000,-55.000000,37.000000,18.000000
9,two-shorts,76000,20.000,0,5,0.500,0.100,0.400,QTs,jam,15.000000,35.509896,36.302083,20.509896,21.302083,0.696615,0.537760,25.000000,-43.000000,18.000000,-55.000000,37.000000,18.000000
9,two-shorts,76000,20.000,0,5,0.500,0.100,0.400,QJs,jam,15.000000,34.912500,36.197917,19.912500,21.197917,0.656250,0.524740,25.000000,-43.000000,18.000000,-55.000000,37.000000,18.000000
9,two-shorts,76000,20.000,0,5,0.500,0.100,0.400,87s,jam,15.000000,30.186328,36.171875,15.186328,21.171875,0.336914,0.521484,25.000000,-43.000000,18.000000,-55.000000,37.000000,18.000000
9,two-shorts,76000,20.000,0,5,0.500,0.100,0.400,T5s,jam,15.000000,29.728646,36.166667,14.728646,21.166667,0.305990,0.520833,25.000000,-43.000000,18.000000,-55.000000,37.000000,18.000000
9,two-shorts,76000,20.000,0,5,0.500,0.100,0.400,JTo,jam,15.000000,35.458507,36.142361,20.458507,21.142361,0.693142,0.517795,25.000000,-43.000000,18.000000,-55.000000,37.000000,18.000000
9,two-shorts,76000,20.000,0,5,0.500,0.100,0.400,75s,jam,15.000000,30.547656,36.140625,15.547656,21.140625,0.361328,0.517578,25.000000,-43.000000,18.000000,-55.000000,37.000000,18.000000
9,two-shorts,76000,20.000,0,5,0.500,0.100,0.400,AQs,jam,15.000000,34.695703,36.125000,19.695703,21.125000,0.641602,0.515625,25.000000,-43.000000,18.000000,-55.000000,37.000000,18.000000
9,two-shorts,76000,20.000,0,5,0.500,0.100,0.400,KQs,jam,15.000000,34.926953,36.109375,19.926953,21.109375,0.657227,0.513672,25.000000,-43.000000,18.000000,-55.000000,37.000000,18.000000
9,two-shorts,76000,20.000,0,5,0.500,0.100,0.400,J8s,jam,15.000000,33.915234,36.098958,18.915234,21.098958,0.588867,0.512370,25.000000,-43.000000,18.000000,-55.000000,37.000000,18.000000
9,two-shorts,76000,20.000,0,5,0.500,0.100,0.400,T6s,jam,15.000000,29.979167,36.093750,14.979167,21.093750,0.322917,0.511719,25.000000,-43.000000,18.000000,-55.000000,37.000000,18.000000
9,two-shorts,76000,20.000,0,5,0.500,0.100,0.400,AJs,jam,15.000000,34.681250,36.083333,19.681250,21.083333,0.640625,0.510417,25.000000,-43.000000,18.000000,-55.000000,37.000000,18.000000
9,two-shorts,76000,20.000,0,5,0.500,0.100,0.400,Q8s,jam,15.000000,33.915234,36.078125,18.915234,21.078125,0.588867,0.509766,25.000000,-43.000000,18.000000,-55.000000,37.000000,18.000000
9,two-shorts,76000,20.000,0,5,0.500,0.100,0.400,Q6s,jam,15.000000,33.467188,36.052083,18.467188,21.052083,0.558594,0.506510,25.000000,-43.000000,18.000000,-55.000000,37.000000,18.000000
9,two-shorts,76000,20.000,0,5,0.500,0.100,0.400,86s,jam,15.000000,30.374219,36.052083,15.374219,21.052083,0.349609,0.506510,25.000000,-43.000000,18.000000,-55.000000,37.000000,18.000000
9,two-shorts,76000,20.000,0,5,0.500,0.100,0.400,Q9s,jam,15.000000,35.028125,36.046875,20.028125,21.046875,0.664062,0.505859,25.000000,-43.000000,18.000000,-55.000000,37.000000,18.000000
9,two-shorts,76000,20.000,0,5,0.500,0.100,0.400,T7s,jam,15.000000,29.805729,36.041667,14.805729,21.041667,0.311198,0.505208,25.000000,-43.000000,18.000000,-55.000000,37.000000,18.000000
9,two-shorts,76000,20.000,0,5,0.500,0.100,0.400,ATs,jam,15.000000,35.297917,36.015625,20.297917,21.015625,0.682292,0.501953,25.000000,-43.000000,18.000000,-55.000000,37.000000,18.000000
9,two-shorts,76000,20.000,0,5,0.500,0.100,0.400,JTs,jam,15.000000,35.606250,36.010417,20.606250,21.010417,0.703125,0.501302,25.000000,-43.000000,18.000000,-55.000000,37.000000,18.000000
9,two-shorts,76000,20.000,0,5,0.500,0.100,0.400,KJs,jam,15.000000,34.811328,36.010417,19.811328,21.010417,0.649414,0.501302,25.000000,-43.000000,18.000000,-55.000000,37.000000,18.000000
9,two-shorts,76000,20.000,0,5,0.500,0.100,0.400,44,jam,15.000000,31.694271,36.000000,16.694271,21.000000,0.438802,0.500000,25.000000,-43.000000,18.000000,-55.000000,37.000000,18.000000
9,two-shorts,76000,20.000,0,5,0.500,0.100,0.400,KTs,jam,15.000000,35.143750,35.994792,20.143750,20.994792,0.671875,0.499349,25.000000,-43.000000,18.000000,-55.000000,37.000000,18.000000
9,two-shorts,76000,20.000,0,5,0.500,0.100,0.400,85s,jam,15.000000,30.345312,35.994792,15.345312,20.994792,0.347656,0.499349,25.000000,-43.000000,18.000000,-55.000000,37.000000,18.000000
9,two-shorts,76000,20.000,0,5,0.500,0.100,0.400,T8o,jam,15.000000,29.465278,35.994792,14.465278,20.994792,0.288194,0.499349,25.000000,-43.000000,18.000000,-55.000000,37.000000,18.000000
9,two-shorts,76000,20.000,0,5,0.500,0.100,0.400,T8s,jam,15.000000,30.306771,35.984375,15.306771,20.984375,0.345052,0.498047,25.000000,-43.000000,18.000000,-55.000000,37.000000,18.000000
9,two-shorts,76000,20.000,0,5,0.500,0.100,0.400,AKs,jam,15.000000,34.623438,35.979167,19.623438,20.979167,0.636719,0.497396,25.000000,-43.000000,18.000000,-55.000000,37.000000,18.000000
9,two-shorts,76000,20.000,0,5,0.500,0.100,0.400,Q7s,jam,15.000000,33.741797,35.979167,18.741797,20.979167,0.577148,0.497396,25.000000,-43.000000,18.000000,-55.000000,37.000000,18.000000
9,two-shorts,76000,20.000,0,5,0.500,0.100,0.400,K6s,jam,15.000000,33.394922,35.979167,18.394922,20.979167,0.553711,0.497396,25.000000,-43.000000,18.000000,-55.000000,37.000000,18.000000
9,two-shorts,76000,20.000,0,5,0.500,0.100,0.400,97s,jam,15.000000,29.593750,35.979167,14.593750,20.979167,0.296875,0.497396,25.000000,-43.000000,18.000000,-55.000000,37.000000,18.000000
9,two-shorts,76000,20.000,0,5,0.500,0.100,0.400,T9o,jam,15.000000,32.262760,35.960069,17.262760,20.960069,0.477214,0.495009,25.000000,-43.000000,18.000000,-55.000000,37.000000,18.000000
9,two-shorts,76000,20.000,0,5,0.500,0.100,0.400,65s,jam,15.000000,30.287500,35.953125,15.287500,20.953125,0.343750,0.494141,25.000000,-43.000000,18.000000,-55.000000,37.000000,18.000000
9,two-shorts,76000,20.000,0,5,0.500,0.100,0.400,98s,jam,15.000000,29.458854,35.953125,14.458854,20.953125,0.287760,0.494141,25.000000,-43.000000,18.000000,-55.000000,37.000000,18.000000
9,two-shorts,76000,20.000,0,5,0.500,0.100,0.400,98o,jam,15.000000,29.067014,35.942708,14.067014,20.942708,0.261285,0.492839,25.000000,-43.000000,18.000000,-55.000000,37.000000,18.000000
9,two-shorts,76000,20.000,0,5,0.500,0.100,0.400,Q9o,jam,15.000000,35.169444,35.937500,20.169444,20.937500,0.673611,0.492188,25.000000,-43.000000,18.000000,-55.000000,37.000000,18.000000
9,two-shorts,76000,20.000,0,5,0.500,0.100,0.400,95s,jam,15.000000,29.497396,35.937500,14.497396,20.937500,0.290365,0.492188,25.000000,-43.000000,18.000000,-55.000000,37.000000,18.000000
9,two-shorts,76000,20.000,0,5,0.500,0.100,0.400,J9o,jam,15.000000,35.118056,35.928819,20.118056,20.928819,0.670139,0.491102,25.000000,-43.000000,18.000000,-55.000000,37.000000,18.000000
9,two-shorts,76000,20.000,0,5,0.500,0.100,0.400,QJo,jam,15.000000,34.411458,35.925347,19.411458,20.925347,0.622396,0.490668,25.000000,-43.000000,18.000000,-55.000000,37.000000,18.000000
9,two-shorts,76000,20.000,0,5,0.500,0.100,0.400,J5s,jam,15.000000,33.337109,35.916667,18.337109,20.916667,0.549805,0.489583,25.000000,-43.000000,18.000000,-55.000000,37.000000,18.000000
9,two-shorts,76000,20.000,0,5,0.500,0.100,0.400,A5s,jam,15.000000,33.235937,35.911458,18.235937,20.911458,0.542969,0.488932,25.000000,-43.000000,18.000000,-55.000000,37.000000,18.000000
9,two-shorts,76000,20.000,0,5,0.500,0.100,0.400,96s,jam,15.000000,29.940625,35.911458,14.940625,20.911458,0.320312,0.488932,25.000000,-43.000000,18.000000,-55.000000,37.000000,18.000000
9,two-shorts,76000,20.000,0,5,0.500,0.100,0.400,J7o,jam,15.000000,32.874609,35.906250,17.874609,20.906250,0.518555,0.488281,25.000000,-43.000000,18.000000,-55.000000,37.000000,18.000000
9,two-shorts,76000,20.000,0,5,0.500,0.100,0.400,J7s,jam,15.000000,33.611719,35.890625,18.611719,20.890625,0.568359,0.486328,25.000000,-43.000000,18.000000,-55.000000,37.000000,18.000000
9,two-shorts,76000,20.000,0,5,0.500,0.100,0.400,97o,jam,15.000000,29.015625,35.888889,14.015625,20.888889,0.257812,0.486111,25.000000,-43.000000,18.000000,-55.000000,37.000000,18.000000
9,two-shorts,76000,20.000,0,5,0.500,0.100,0.400,A7s,jam,15.000000,33.351562,35.880208,18.351562,20.880208,0.550781,0.485026,25.000000,-43.000000,18.000000,-55.000000,37.000000,18.000000
9,two-shorts,76000,20.000,0,5,0.500,0.100,0.400,T7o,jam,15.000000,29.401042,35.880208,14.401042,20.880208,0.283854,0.485026,25.000000,-43.000000,18.000000,-55.000000,37.000000,18.000000
9,two-shorts,76000,20.000,0,5,0.500,0.100,0.400,J8o,jam,15.000000,33.293750,35.859375,18.293750,20.859375,0.546875,0.482422,25.000000,-43.000000,18.000000,-55.000000,37.000000,18.000000
9,two-shorts,76000,20.000,0,5,0.500,0.100,0.400,QTo,jam,15.000000,35.079514,35.855903,20.079514,20.855903,0.667535,0.481988,25.000000,-43.000000,18.000000,-55.000000,37.000000,18.000000
9,two-shorts,76000,20.000,0,5,0.500,0.100,0.400,75o,jam,15.000000,29.935807,35.843750,14.935807,20.843750,0.319987,0.480469,25.000000,-43.000000,18.000000,-55.000000,37.000000,18.000000
9,two-shorts,76000,20.000,0,5,0.500,0.100,0.400,95o,jam,15.000000,28.559549,35.842014,13.559549,20.842014,0.226997,0.480252,25.000000,-43.000000,18.000000,-55.000000,37.000000,18.000000
9,two-shorts,76000,20.000,0,5,0.500,0.100,0.400,87o,jam,15.000000,30.345312,35.838542,15.345312,20.838542,0.347656,0.479818,25.000000,-43.000000,18.000000,-55.000000,37.000000,18.000000
9,two-shorts,76000,20.000,0,5,0.500,0.100,0.400,76o,jam,15.000000,30.513932,35.835069,15.513932,20.835069,0.359049,0.479384,25.000000,-43.000000,18.000000,-55.000000,37.000000,18.000000
9,two-shorts,76000,20.000,0,5,0.500,0.100,0.400,KTo,jam,15.000000,35.317188,35.824653,20.317188,20.824653,0.683594,0.478082,25.000000,-43.000000,18.000000,-55.000000,37.000000,18.000000
9,two-shorts,76000,20.000,0,5,0.500,0.100,0.400,K8s,jam,15.000000,33.207031,35.822917,18.207031,20.822917,0.541016,0.477865,25.000000,-43.000000,18.000000,-55.000000,37.000000,18.000000
9,two-shorts,76000,20.000,0,5,0.500,0.100,0.400,T6o,jam,15.000000,29.490972,35.822917,14.490972,20.822917,0.289931,0.477865,25.000000,-43.000000,18.000000,-55.000000,37.000000,18.000000
9,two-shorts,76000,20.000,0,5,0.500,0.100,0.400,A8s,jam,15.000000,33.857422,35.817708,18.857422,20.817708,0.584961,0.477214,25.000000,-43.000000,18.000000,-55.000000,37.000000,18.000000
9,two-shorts,76000,20.000,0,5,0.500,0.100,0.400,A9s,jam,15.000000,35.336458,35.802083,20.336458,20.802083,0.684896,0.475260,25.000000,-43.000000,18.000000,-55.000000,37.000000,18.000000
9,two-shorts,76000,20.000,0,5,0.500,0.100,0.400,65o,jam,15.000000,30.171875,35.802083,15.171875,20.802083,0.335938,0.475260,25.000000,-43.000000,18.000000,-55.000000,37.000000,18.000000
9,two-shorts,76000,20.000,0,5,0.500,0.100,0.400,AJo,jam,15.000000,34.180208,35.798611,19.180208,20.798611,0.606771,0.474826,25.000000,-43.000000,18.000000,-55.000000,37.000000,18.000000
9,two-shorts,76000,20.000,0,5,0.500,0.100,0.400,KQo,jam,15.000000,34.074219,35.788194,19.074219,20.788194,0.599609,0.473524,25.000000,-43.000000,18.000000,-55.000000,37.000000,18.000000
9,two-shorts,76000,20.000,0,5,0.500,0.100,0.400,K9o,jam,15.000000,35.118056,35.784722,20.118056,20.784722,0.670139,0.473090,25.000000,-43.000000,18.000000,-55.000000,37.000000,18.000000
9,two-shorts,76000,20.000,0,5,0.500,0.100,0.400,A9o,jam,15.000000,34.944618,35.784722,19.944618,20.784722,0.658420,0.473090,25.000000,-43.000000,18.000000,-55.000000,37.000000,18.000000
9,two-shorts,76000,20.000,0,5,0.500,0.100,0.400,96o,jam,15.000000,29.022049,35.782986,14.022049,20.782986,0.258247,0.472873,25.000000,-43.000000,18.000000,-55.000000,37.000000,18.000000
9,two-shorts,76000,20.000,0,5,0.500,0.100,0.400,A7o,jam,15.000000,32.807161,35.781250,17.807161,20.781250,0.513997,0.472656,25.000000,-43.000000,18.000000,-55.000000,37.000000,18.000000
9,two-shorts,76000,20.000,0,5,0.500,0.100,0.400,A8o,jam,15.000000,33.293750,35.755208,18.293750,20.755208,0.546875,0.469401,25.000000,-43.000000,18.000000,-55.000000,37.000000,18.000000
9,two-shorts,76000,20.000,0,5,0.500,0.100,0.400,J5o,jam,15.000000,33.004688,35.739583,18.004688,20.739583,0.527344,0.467448,25.000000,-43.000000,18.000000,-55.000000,37.000000,18.000000
9,two-shorts,76000,20.000,0,5,0.500,0.100,0.400,86o,jam,15.000000,29.892448,35.734375,14.892448,20.734375,0.317057,0.466797,25.000000,-43.000000,18.000000,-55.000000,37.000000,18.000000
9,two-shorts,76000,20.000,0,5,0.500,0.100,0.400,Q8o,jam,15.000000,33.158854,35.723958,18.158854,20.723958,0.537760,0.465495,25.000000,-43.000000,18.000000,-55.000000,37.000000,18.000000
9,two-shorts,76000,20.000,0,5,0.500,0.100,0.400,J6s,jam,15.000000,34.001953,35.713542,19.001953,20.713542,0.594727,0.464193,25.000000,-43.000000,18.000000,-55.000000,37.000000,18.000000
9,two-shorts,76000,20.000,0,5,0.500,0.100,0.400,KJo,jam,15.000000,34.011589,35.696181,19.011589,20.696181,0.595378,0.462023,25.000000,-43.000000,18.000000,-55.000000,37.000000,18.000000
9,two-shorts,76000,20.000,0,5,0.500,0.100,0.400,K5s,jam,15.000000,33.756250,35.687500,18.756250,20.687500,0.578125,0.460938,25.000000,-43.000000,18.000000,-55.000000,37.000000,18.000000
9,two-shorts,76000,20.000,0,5,0.500,0.100,0.400,AQo,jam,15.000000,33.751432,35.677083,18.751432,20.677083,0.577799,0.459635,25.000000,-43.000000,18.000000,-55.000000,37.000000,18.000000
9,two-shorts,76000,20.000,0,5,0.500,0.100,0.400,Q6o,jam,15.000000,33.134766,35.677083,18.134766,20.677083,0.536133,0.459635,25.000000,-43.000000,18.000000,-55.000000,37.000000,18.000000
9,two-shorts,76000,20.000,0,5,0.500,0.100,0.400,76s,jam,15.000000,30.807813,35.677083,15.807813,20.677083,0.378906,0.459635,25.000000,-43.000000,18.000000,-55.000000,37.000000,18.000000
9,two-shorts,76000,20.000,0,5,0.500,0.100,0.400,ATo,jam,15.000000,35.535590,35.666667,20.535590,20.666667,0.698351,0.458333,25.000000,-43.000000,18.000000,-55.000000,37.000000,18.000000
9,two-shorts,76000,20.000,0,5,0.500,0.100,0.400,K7o,jam,15.000000,33.023958,35.652778,18.023958,20.652778,0.528646,0.456597,25.000000,-43.000000,18.000000,-55.000000,37.000000,18.000000
9,two-shorts,76000,20.000,0,5,0.500,0.100,0.400,K7s,jam,15.000000,33.337109,35.645833,18.337109,20.645833,0.549805,0.455729,25.000000,-43.000000,18.000000,-55.000000,37.000000,18.000000
9,two-shorts,76000,20.000,0,5,0.500,0.100,0.400,K6o,jam,15.000000,32.691536,35.638889,17.691536,20.638889,0.506185,0.454861,25.000000,-43.000000,18.000000,-55.000000,37.000000,18.000000
9,two-shorts,76000,20.000,0,5,0.500,0.100,0.400,85o,jam,15.000000,29.685286,35.635417,14.685286,20.635417,0.303060,0.454427,25.000000,-43.000000,18.000000,-55.000000,37.000000,18.000000
9,two-shorts,76000,20.000,0,5,0.500,0.100,0.400,T5o,jam,15.000000,29.478125,35.616319,14.478125,20.616319,0.289062,0.452040,25.000000,-43.000000,18.000000,-55.000000,37.000000,18.000000
9,two-shorts,76000,20.000,0,5,0.500,0.100,0.400,A6s,jam,15.000000,33.553906,35.604167,18.553906,20.604167,0.564453,0.450521,25.000000,-43.000000,18.000000,-55.000000,37.000000,18.000000
9,two-shorts,76000,20.000,0,5,0.500,0.100,0.400,Q5o,jam,15.000000,32.681901,35.593750,17.681901,20.593750,0.505534,0.449219,25.000000,-43.000000,18.000000,-55.000000,37.000000,18.000000
9,two-shorts,76000,20.000,0,5,0.500,0.100,0.400,AKo,jam,15.000000,33.683984,35.585069,18.683984,20.585069,0.573242,0.448134,25.000000,-43.000000,18.000000,-55.000000,37.000000,18.000000
9,two-shorts,76000,20.000,0,5,0.500,0.100,0.400,K5o,jam,15.000000,32.441016,35.581597,17.441016,20.581597,0.489258,0.447700,25.000000,-43.000000,18.000000,-55.000000,37.000000,18.000000
9,two-shorts,76000,20.000,0,5,0.500,0.100,0.400,K9s,jam,15.000000,34.951042,35.572917,19.951042,20.572917,0.658854,0.446615,25.000000,-43.000000,18.000000,-55.000000,37.000000,18.000000
9,two-shorts,76000,20.000,0,5,0.500,0.100,0.400,K8o,jam,15.000000,33.014323,35.567708,18.014323,20.567708,0.527995,0.445964,25.000000,-43.000000,18.000000,-55.000000,37.000000,18.000000
9,two-shorts,76000,20.000,0,5,0.500,0.100,0.400,Q5s,jam,15.000000,33.409375,35.531250,18.409375,20.531250,0.554688,0.441406,25.000000,-43.000000,18.000000,-55.000000,37.000000,18.000000
9,two-shorts,76000,20.000,0,5,0.500,0.100,0.400,A5o,jam,15.000000,32.995052,35.527778,17.995052,20.527778,0.526693,0.440972,25.000000,-43.000000,18.000000,-55.000000,37.000000,18.000000
9,two-shorts,76000,20.000,0,5,0.500,0.100,0.400,Q7o,jam,15.000000,32.600000,35.517361,17.600000,20.517361,0.500000,0.439670,25.000000,-43.000000,18.000000,-55.000000,37.000000,18.000000
9,two-shorts,76000,20.000,0,5,0.500,0.100,0.400,A6o,jam,15.000000,33.038411,35.487847,18.038411,20.487847,0.529622,0.435981,25.000000,-43.000000,18.000000,-55.000000,37.000000,18.000000
9,two-shorts,76000,20.000,0,5,0.500,0.100,0.400,J6o,jam,15.000000,32.672266,35.472222,17.672266,20.472222,0.504883,0.434028,25.000000,-43.000000,18.000000,-55.000000,37.000000,18.000000
9,two-shorts,76000,20.000,0,5,0.500,0.100,0.400,54s,jam,15.000000,29.983984,35.291667,14.983984,20.291667,0.323242,0.411458,25.000000,-43.000000,18.000000,-55.000000,37.000000,18.000000
9,two-shorts,76000,20.000,0,5,0.500,0.100,0.400,64s,jam,15.000000,29.449219,35.260417,14.449219,20.260417,0.287109,0.407552,25.000000,-43.000000,18.000000,-55.000000,37.000000,18.000000
9,two-shorts,76000,20.000,0,5,0.500,0.100,0.400,A4s,jam,15.000000,33.192578,35.166667,18.192578,20.166667,0.540039,0.395833,25.000000,-43.000000,18.000000,-55.000000,37.000000,18.000000
9,two-shorts,76000,20.000,0,5,0.500,0.100,0.400,94s,jam,15.000000,29.574479,35.156250,14.574479,20.156250,0.295573,0.394531,25.000000,-43.000000,18.000000,-55.000000,37.000000,18.000000
9,two-shorts,76000,20.000,0,5,0.500,0.100,0.400,Q4s,jam,15.000000,33.322656,35.031250,18.322656,20.031250,0.548828,0.378906,25.000000,-43.000000,18.000000,-55.000000,37.000000,18.000000
9,two-shorts,76000,20.000,0,5,0.500,0.100,0.400,54o,jam,15.000000,30.523568,35.006944,15.523568,20.006944,0.359701,0.375868,25.000000,-43.000000,18.000000,-55.000000,37.000000,18.000000
9,two-shorts,76000,20.000,0,5,0.500,0.100,0.400,A4o,jam,15.000000,32.946875,34.958333,17.946875,19.958333,0.523438,0.369792,25.000000,-43.000000,18.000000,-55.000000,37.000000,18.000000
9,two-shorts,76000,20.000,0,5,0.500,0.100,0.400,64o,jam,15.000000,30.051432,34.892361,15.051432,19.892361,0.327799,0.361545,25.000000,-43.000000,18.000000,-55.000000,37.000000,18.000000
9,two-shorts,76000,20.000,0,5,0.500,0.100,0.400,74s,jam,15.000000,30.316406,34.875000,15.316406,19.875000,0.345703,0.359375,25.000000,-43.000000,18.000000,-55.000000,37.000000,18.000000
9,two-shorts,76000,20.000,0,5,0.500,0.100,0.400,T2s,jam,15.000000,29.882812,34.869792,14.882812,19.869792,0.316406,0.358724,25.000000,-43.000000,18.000000,-55.000000,37.000000,18.000000
9,two-shorts,76000,20.000,0,5,0.500,0.100,0.400,93s,jam,15.000000,29.670833,34.817708,14.670833,19.817708,0.302083,0.352214,25.000000,-43.000000,18.000000,-55.000000,37.000000,18.000000
9,two-shorts,76000,20.000,0,5,0.500,0.100,0.400,K3s,jam,15.000000,32.990234,34.807292,17.990234,19.807292,0.526367,0.350911,25.000000,-43.000000,18.000000,-55.000000,37.000000,18.000000
9,two-shorts,76000,20.000,0,5,0.500,0.100,0.400,84s,jam,15.000000,30.041797,34.802083,15.041797,19.802083,0.327148,0.350260,25.000000,-43.000000,18.000000,-55.000000,37.000000,18.000000
9,two-shorts,76000,20.000,0,5,0.500,0.100,0.400,Q2s,jam,15.000000,33.149219,34.776042,18.149219,19.776042,0.537109,0.347005,25.000000,-43.000000,18.000000,-55.000000,37.000000,18.000000
9,two-shorts,76000,20.000,0,5,0.500,0.100,0.400,92s,jam,15.000000,29.979167,34.755208,14.979167,19.755208,0.322917,0.344401,25.000000,-43.000000,18.000000,-55.000000,37.000000,18.000000
9,two-shorts,76000,20.000,0,5,0.500,0.100,0.400,63s,jam,15.000000,30.316406,34.750000,15.316406,19.750000,0.345703,0.343750,25.000000,-43.000000,18.000000,-55.000000,37.000000,18.000000
9,two-shorts,76000,20.000,0,5,0.500,0.100,0.400,K4s,jam,15.000000,33.076953,34.708333,18.076953,19.708333,0.532227,0.338542,25.000000,-43.000000,18.000000,-55.000000,37.000000,18.000000
9,two-shorts,76000,20.000,0,5,0.500,0.100,0.400,83s,jam,15.000000,29.839453,34.703125,14.839453,19.703125,0.313477,0.337891,25.000000,-43.000000,18.000000,-55.000000,37.000000,18.000000
9,two-shorts,76000,20.000,0,5,0.500,0.100,0.400,K2s,jam,15.000000,33.264844,34.697917,18.264844,19.697917,0.544922,0.337240,25.000000,-43.000000,18.000000,-55.000000,37.000000,18.000000
9,two-shorts,76000,20.000,0,5,0.500,0.100,0.400,T4s,jam,15.000000,29.670833,34.697917,14.670833,19.697917,0.302083,0.337240,25.000000,-43.000000,18.000000,-55.000000,37.000000,18.000000
9,two-shorts,76000,20.000,0,5,0.500,0.100,0.400,A3s,jam,15.000000,33.814062,34.677083,18.814062,19.677083,0.582031,0.334635,25.000000,-43.000000,18.000000,-55.000000,37.000000,18.000000
9,two-shorts,76000,20.000,0,5,0.500,0.100,0.400,82s,jam,15.000000,29.853906,34.677083,14.853906,19.677083,0.314453,0.334635,25.000000,-43.000000,18.000000,-55.000000,37.000000,18.000000
9,two-shorts,76000,20.000,0,5,0.500,0.100,0.400,J3s,jam,15.000000,32.730078,34.671875,17.730078,19.671875,0.508789,0.333984,25.000000,-43.000000,18.000000,-55.000000,37.000000,18.000000
9,two-shorts,76000,20.000,0,5,0.500,0.100,0.400,53s,jam,15.000000,30.244141,34.640625,15.244141,19.640625,0.340820,0.330078,25.000000,-43.000000,18.000000,-55.000000,37.000000,18.000000
9,two-shorts,76000,20.000,0,5,0.500,0.100,0.400,J4s,jam,15.000000,34.045313,34.635417,19.045313,19.635417,0.597656,0.329427,25.000000,-43.000000,18.000000,-55.000000,37.000000,18.000000
9,two-shorts,76000,20.000,0,5,0.500,0.100,0.400,T3s,jam,15.000000,30.383854,34.635417,15.383854,19.635417,0.350260,0.329427,25.000000,-43.000000,18.000000,-55.000000,37.000000,18.000000
9,two-shorts,76000,20.000,0,5,0.500,0.100,0.400,A2s,jam,15.000000,33.582813,34.630208,18.582813,19.630208,0.566406,0.328776,25.000000,-43.000000,18.000000,-55.000000,37.000000,18.000000
9,two-shorts,76000,20.000,0,5,0.500,0.100,0.400,J3o,jam,15.000000,32.600000,34.621528,17.600000,19.621528,0.500000,0.327691,25.000000,-43.000000,18.000000,-55.000000,37.000000,18.000000
9,two-shorts,76000,20.000,0,5,0.500,0.100,0.400,94o,jam,15.000000,28.925694,34.593750,13.925694,19.593750,0.251736,0.324219,25.000000,-43.000000,18.000000,-55.000000,37.000000,18.000000
9,two-shorts,76000,20.000,0,5,0.500,0.100,0.400,J4o,jam,15.000000,32.855339,34.583333,17.855339,19.583333,0.517253,0.322917,25.000000,-43.000000,18.000000,-55.000000,37.000000,18.000000
9,two-shorts,76000,20.000,0,5,0.500,0.100,0.400,K4o,jam,15.000000,32.898698,34.572917,17.898698,19.572917,0.520182,0.321615,25.000000,-43.000000,18.000000,-55.000000,37.000000,18.000000
9,two-shorts,76000,20.000,0,5,0.500,0.100,0.400,Q3o,jam,15.000000,32.648177,34.559028,17.648177,19.559028,0.503255,0.319878,25.000000,-43.000000,18.000000,-55.000000,37.000000,18.000000
9,two-shorts,76000,20.000,0,5,0.500,0.100,0.400,J2s,jam,15.000000,32.975781,34.557292,17.975781,19.557292,0.525391,0.319661,25.000000,-43.000000,18.000000,-55.000000,37.000000,18.000000
9,two-shorts,76000,20.000,0,5,0.500,0.100,0.400,52s,jam,15.000000,30.417578,34.557292,15.417578,19.557292,0.352539,0.319661,25.000000,-43.000000,18.000000,-55.000000,37.000000,18.000000
9,two-shorts,76000,20.000,0,5,0.500,0.100,0.400,T3o,jam,15.000000,29.227604,34.545139,14.227604,19.545139,0.272135,0.318142,25.000000,-43.000000,18.000000,-55.000000,37.000000,18.000000
9,two-shorts,76000,20.000,0,5,0.500,0.100,0.400,73s,jam,15.000000,30.374219,34.536458,15.374219,19.536458,0.349609,0.317057,25.000000,-43.000000,18.000000,-55.000000,37.000000,18.000000
9,two-shorts,76000,20.000,0,5,0.500,0.100,0.400,53o,jam,15.000000,30.181510,34.522569,15.181510,19.522569,0.336589,0.315321,25.000000,-43.000000,18.000000,-55.000000,37.000000,18.000000
9,two-shorts,76000,20.000,0,5,0.500,0.100,0.400,83o,jam,15.000000,29.319141,34.512153,14.319141,19.512153,0.278320,0.314019,25.000000,-43.000000,18.000000,-55.000000,37.000000,18.000000
9,two-shorts,76000,20.000,0,5,0.500,0.100,0.400,52o,jam,15.000000,30.104427,34.508681,15.104427,19.508681,0.331380,0.313585,25.000000,-43.000000,18.000000,-55.000000,37.000000,18.000000
9,two-shorts,76000,20.000,0,5,0.500,0.100,0.400,Q3s,jam,15.000000,32.758984,34.484375,17.758984,19.484375,0.510742,0.310547,25.000000,-43.000000,18.000000,-55.000000,37.000000,18.000000
9,two-shorts,76000,20.000,0,5,0.500,0.100,0.400,63o,jam,15.000000,30.017708,34.484375,15.017708,19.484375,0.325521,0.310547,25.000000,-43.000000,18.000000,-55.000000,37.000000,18.000000
9,two-shorts,76000,20.000,0,5,0.500,0.100,0.400,84o,jam,15.000000,29.675651,34.482639,14.675651,19.482639,0.302409,0.310330,25.000000,-43.000000,18.000000,-55.000000,37.000000,18.000000
9,two-shorts,76000,20.000,0,5,0.500,0.100,0.400,T4o,jam,15.000000,29.253299,34.482639,14.253299,19.482639,0.273872,0.310330,25.000000,-43.000000,18.000000,-55.000000,37.000000,18.000000
9,two-shorts,76000,20.000,0,5,0.500,0.100,0.400,73o,jam,15.000000,29.646745,34.480903,14.646745,19.480903,0.300456,0.310113,25.000000,-43.000000,18.000000,-55.000000,37.000000,18.000000
9,two-shorts,76000,20.000,0,5,0.500,0.100,0.400,93o,jam,15.000000,29.189062,34.477431,14.189062,19.477431,0.269531,0.309679,25.000000,-43.000000,18.000000,-55.000000,37.000000,18.000000
9,two-shorts,76000,20.000,0,5,0.500,0.100,0.400,T2o,jam,15.000000,29.490972,34.470486,14.490972,19.470486,0.289931,0.308811,25.000000,-43.000000,18.000000,-55.000000,37.000000,18.000000
9,two-shorts,76000,20.000,0,5,0.500,0.100,0.400,92o,jam,15.000000,28.771528,34.467014,13.771528,19.467014,0.241319,0.308377,25.000000,-43.000000,18.000000,-55.000000,37.000000,18.000000
9,two-shorts,76000,20.000,0,5,0.500,0.100,0.400,72s,jam,15.000000,30.634375,34.458333,15.634375,19.458333,0.367188,0.307292,25.000000,-43.000000,18.000000,-55.000000,37.000000,18.000000
9,two-shorts,76000,20.000,0,5,0.500,0.100,0.400,62s,jam,15.000000,30.027344,34.453125,15.027344,19.453125,0.326172,0.306641,25.000000,-43.000000,18.000000,-55.000000,37.000000,18.000000
9,two-shorts,76000,20.000,0,5,0.500,0.100,0.400,74o,jam,15.000000,29.608203,34.451389,14.608203,19.451389,0.297852,0.306424,25.000000,-43.000000,18.000000,-55.000000,37.000000,18.000000
9,two-shorts,76000,20.000,0,5,0.500,0.100,0.400,Q4o,jam,15.000000,32.604818,34.447917,17.604818,19.447917,0.500326,0.305990,25.000000,-43.000000,18.000000,-55.000000,37.000000,18.000000
9,two-shorts,76000,20.000,0,5,0.500,0.100,0.400,62o,jam,15.000000,29.950260,34.434028,14.950260,19.434028,0.320964,0.304253,25.000000,-43.000000,18.000000,-55.000000,37.000000,18.000000
9,two-shorts,76000,20.000,0,5,0.500,0.100,0.400,A3o,jam,15.000000,33.144401,34.428819,18.144401,19.428819,0.536784,0.303602,25.000000,-43.000000,18.000000,-55.000000,37.000000,18.000000
9,two-shorts,76000,20.000,0,5,0.500,0.100,0.400,J2o,jam,15.000000,33.231120,34.395833,18.231120,19.395833,0.542643,0.299479,25.000000,-43.000000,18.000000,-55.000000,37.000000,18.000000
9,two-shorts,76000,20.000,0,5,0.500,0.100,0.400,82o,jam,15.000000,29.362500,34.368056,14.362500,19.368056,0.281250,0.296007,25.000000,-43.000000,18.000000,-55.000000,37.000000,18.000000
9,two-shorts,76000,20.000,0,5,0.500,0.100,0.400,K3o,jam,15.000000,32.860156,34.366319,17.860156,19.366319,0.517578,0.295790,25.000000,-43.000000,18.000000,-55.000000,37.000000,18.000000
9,two-shorts,76000,20.000,0,5,0.500,0.100,0.400,Q2o,jam,15.000000,33.067318,34.350694,18.067318,19.350694,0.531576,0.293837,25.000000,-43.000000,18.000000,-55.000000,37.000000,18.000000
9,two-shorts,76000,20.000,0,5,0.500,0.100,0.400,A2o,jam,15.000000,32.619271,34.338542,17.619271,19.338542,0.501302,0.292318,25.000000,-43.000000,18.000000,-55.000000,37.000000,18.000000
9,two-shorts,76000,20.000,0,5,0.500,0.100,0.400,K2o,jam,15.000000,32.465104,34.329861,17.465104,19.329861,0.490885,0.291233,25.000000,-43.000000,18.000000,-55.000000,37.000000,18.000000
9,two-shorts,76000,20.000,0,5,0.500,0.100,0.400,72o,jam,15.000000,29.468490,34.319444,14.468490,19.319444,0.288411,0.289931,25.000000,-43.000000,18.000000,-55.000000,37.000000,18.000000
9,two-shorts,76000,20.000,0,5,0.500,0.100,0.400,22,jam,15.000000,32.070052,33.520833,17.070052,18.520833,0.464193,0.190104,25.000000,-43.000000,18.000000,-55.000000,37.000000,18.000000
9,two-shorts,76000,20.000,0,5,0.500,0.100,0.400,32s,jam,15.000000,29.261328,33.484375,14.261328,18.484375,0.274414,0.185547,25.000000,-43.000000,18.000000,-55.000000,37.000000,18.000000
9,two-shorts,76000,20.000,0,5,0.500,0.100,0.400,33,jam,15.000000,32.310938,33.482639,17.310938,18.482639,0.480469,0.185330,25.000000,-43.000000,18.000000,-55.000000,37.000000,18.000000
9,two-shorts,76000,20.000,0,5,0.500,0.100,0.400,43s,jam,15.000000,30.460938,33.447917,15.460938,18.447917,0.355469,0.180990,25.000000,-43.000000,18.000000,-55.000000,37.000000,18.000000
9,two-shorts,76000,20.000,0,5,0.500,0.100,0.400,42s,jam,15.000000,30.533203,33.072917,15.533203,18.072917,0.360352,0.134115,25.000000,-43.000000,18.000000,-55.000000,37.000000,18.000000
9,two-shorts,76000,20.000,0,5,0.500,0.100,0.400,32o,jam,15.000000,30.089974,32.947917,15.089974,17.947917,0.330404,0.118490,25.000000,-43.000000,18.000000,-55.000000,37.000000,18.000000
9,two-shorts,76000,20.000,0,5,0.500,0.100,0.400,43o,jam,15.000000,29.988802,32.895833,14.988802,17.895833,0.323568,0.111979,25.000000,-43.000000,18.000000,-55.000000,37.000000,18.000000
9,two-shorts,76000,20.000,0,5,0.500,0.100,0.400,42o,jam,15.000000,29.998438,32.798611,14.998438,17.798611,0.324219,0.099826,25.000000,-43.000000,18.000000,-55.000000,37.000000,18.000000
9,two-shorts,76000,20.000,0,5,0.500,0.200,0.400,KK,jam,15.000000,36.752865,38.520833,21.752865,23.520833,0.780599,0.907552,25.000000,-43.000000,18.000000,-55.000000,37.000000,18.000000
9,two-shorts,76000,20.000,0,5,0.500,0.200,0.400,AA,jam,15.000000,36.858854,37.822917,21.858854,22.822917,0.787760,0.863932,25.000000,-43.000000,18.000000,-55.000000,37.000000,18.000000
9,two-shorts,76000,20.000,0,5,0.500,0.200,0.400,AQs,jam,15.000000,34.695703,36.250000,19.695703,21.250000,0.641602,0.765625,25.000000,-43.000000,18.000000,-55.000000,37.000000,18.000000
9,two-shorts,76000,20.000,0,5,0.500,0.200,0.400,AKs,jam,15.000000,34.623438,36.173611,19.623438,21.173611,0.636719,0.760851,25.000000,-43.000000,18.000000,-55.000000,37.000000,18.000000
9,two-shorts,76000,20.000,0,5,0.500,0.200,0.400,AKo,jam,15.000000,33.683984,35.893519,18.683984,20.893519,0.573242,0.743345,25.000000,-43.000000,18.000000,-55.000000,37.000000,18.000000
9,two-shorts,76000,20.000,0,5,0.500,0.200,0.400,AQo,jam,15.000000,33.751432,35.793981,18.751432,20.793981,0.577799,0.737124,25.000000,-43.000000,18.000000,-55.000000,37.000000,18.000000
9,two-shorts,76000,20.000,0,5,0.500,0.200,0.400,A4s,jam,15.000000,33.192578,33.942708,18.192578,18.942708,0.540039,0.621419,25.000000,-43.000000,18.000000,-55.000000,37.000000,18.000000
9,two-shorts,76000,20.000,0,5,0.500,0.200,0.400,A7s,jam,15.000000,33.351562,33.760417,18.351562,18.760417,0.550781,0.610026,25.000000,-43.000000,18.000000,-55.000000,37.000000,18.000000
9,two-shorts,76000,20.000,0,5,0.500,0.200,0.400,A5s,jam,15.000000,33.235937,33.744792,18.235937,18.744792,0.542969,0.609049,25.000000,-43.000000,18.000000,-55.000000,37.000000,18.000000
9,two-shorts,76000,20.000,0,5,0.500,0.200,0.400,A6s,jam,15.000000,33.553906,33.562500,18.553906,18.562500,0.564453,0.597656,25.000000,-43.000000,18.000000,-55.000000,37.000000,18.000000
9,two-shorts,76000,20.000,0,5,0.500,0.200,0.400,A5o,jam,15.000000,32.995052,33.475694,17.995052,18.475694,0.526693,0.592231,25.000000,-43.000000,18.000000,-55.000000,37.000000,18.000000
9,two-shorts,76000,20.000,0,5,0.500,0.200,0.400,A3o,jam,15.000000,33.144401,33.366319,18.144401,18.366319,0.536784,0.585395,25.000000,-43.000000,18.000000,-55.000000,37.000000,18.000000
9,two-shorts,76000,20.000,0,5,0.500,0.200,0.400,A2o,jam,15.000000,32.619271,33.364583,17.619271,18.364583,0.501302,0.585286,25.000000,-43.000000,18.000000,-55.000000,37.000000,18.000000
9,two-shorts,76000,20.000,0,5,0.500,0.200,0.400,A7o,jam,15.000000,32.807161,33.303819,17.807161,18.303819,0.513997,0.581489,25.000000,-43.000000,18.000000,-55.000000,37.000000,18.000000
9,two-shorts,76000,20.000,0,5,0.500,0.200,0.400,A6o,jam,15.000000,33.038411,33.241319,18.038411,18.241319,0.529622,0.577582,25.000000,-43.000000,18.000000,-55.000000,37.000000,18.000000
9,two-shorts,76000,20.000,0,5,0.500,0.200,0.400,A4o,jam,15.000000,32.946875,33.206597,17.946875,18.206597,0.523438,0.575412,25.000000,-43.000000,18.000000,-55.000000,37.000000,18.000000
9,two-shorts,76000,20.000,0,5,0.500,0.200,0.400,77,jam,15.000000,32.031510,32.631944,17.031510,17.631944,0.461589,0.539497,25.000000,-43.000000,18.000000,-55.000000,37.000000,18.000000
9,two-shorts,76000,20.000,0,5,0.500,0.200,0.400,55,jam,15.000000,32.436198,32.625000,17.436198,17.625000,0.488932,0.539062,25.000000,-43.000000,18.000000,-55.000000,37.000000,18.000000
9,two-shorts,76000,20.000,0,5,0.500,0.200,0.400,66,jam,15.000000,32.571094,32.590278,17.571094,17.590278,0.498047,0.536892,25.000000,-43.000000,18.000000,-55.000000,37.000000,18.000000
9,two-shorts,76000,20.000,0,5,0.500,0.200,0.400,44,jam,15.000000,31.694271,32.423611,16.694271,17.423611,0.438802,0.526476,25.000000,-43.000000,18.000000,-55.000000,37.000000,18.000000
9,two-shorts,76000,20.000,0,5,0.500,0.200,0.400,22,jam,15.000000,32.070052,32.208333,17.070052,17.208333,0.464193,0.513021,25.000000,-43.000000,18.000000,-55.000000,37.000000,18.000000
9,two-shorts,76000,20.000,0,5,0.500,0.200,0.400,65s,jam,15.000000,30.287500,30.614583,15.287500,15.614583,0.343750,0.413411,25.000000,-43.000000,18.000000,-55.000000,37.000000,18.000000
9,two-shorts,76000,20.000,0,5,0.500,0.200,0.400,97s,jam,15.000000,29.593750,30.598958,14.593750,15.598958,0.296875,0.412435,25.000000,-43.000000,18.000000,-55.000000,37.000000,18.000000
9,two-shorts,76000,20.000,0,5,0.500,0.200,0.400,64s,jam,15.000000,29.449219,30.567708,14.449219,15.567708,0.287109,0.410482,25.000000,-43.000000,18.000000,-55.000000,37.000000,18.000000
9,two-shorts,76000,20.000,0,5,0.500,0.200,0.400,98s,jam,15.000000,29.458854,30.515625,14.458854,15.515625,0.287760,0.407227,25.000000,-43.000000,18.000000,-55.000000,37.000000,18.000000
9,two-shorts,76000,20.000,0,5,0.500,0.200,0.400,86s,jam,15.000000,30.374219,30.447917,15.374219,15.447917,0.349609,0.402995,25.000000,-43.000000,18.000000,-55.000000,37.000000,18.000000
9,two-shorts,76000,20.000,0,5,0.500,0.200,0.400,54s,jam,15.000000,29.983984,30.421875,14.983984,15.421875,0.323242,0.401367,25.000000,-43.000000,18.000000,-55.000000,37.000000,18.000000
9,two-shorts,76000,20.000,0,5,0.500,0.200,0.400,87s,jam,15.000000,30.186328,30.411458,15.186328,15.411458,0.336914,0.400716,25.000000,-43.000000,18.000000,-55.000000,37.000000,18.000000
9,two-shorts,76000,20.000,0,5,0.500,0.200,0.400,63s,jam,15.000000,30.316406,30.333333,15.316406,15.333333,0.345703,0.395833,25.000000,-43.000000,18.000000,-55.000000,37.000000,18.000000
9,two-shorts,76000,20.000,0,5,0.500,0.200,0.400,53s,jam,15.000000,30.244141,30.322917,15.244141,15.322917,0.340820,0.395182,25.000000,-43.000000,18.000000,-55.000000,37.000000,18.000000
9,two-shorts,76000,20.000,0,5,0.500,0.200,0.400,83s,jam,15.000000,29.839453,30.161458,14.839453,15.161458,0.313477,0.385091,25.000000,-43.000000,18.000000,-55.000000,37.000000,18.000000
9,two-shorts,76000,20.000,0,5,0.500,0.200,0.400,84s,jam,15.000000,30.041797,30.130208,15.041797,15.130208,0.327148,0.383138,25.000000,-43.000000,18.000000,-55.000000,37.000000,18.000000
9,two-shorts,76000,20.000,0,5,0.500,0.200,0.400,32s,jam,15.000000,29.261328,30.072917,14.261328,15.072917,0.274414,0.379557,25.000000,-43.000000,18.000000,-55.000000,37.000000,18.000000
9,two-shorts,76000,20.000,0,5,0.500,0.200,0.400,T5s,jam,15.000000,29.728646,30.020833,14.728646,15.020833,0.305990,0.376302,25.000000,-43.000000,18.000000,-55.000000,37.000000,18.000000
9,two-shorts,76000,20.000,0,5,0.500,0.200,0.400,93s,jam,15.000000,29.670833,29.895833,14.670833,14.895833,0.302083,0.368490,25.000000,-43.000000,18.000000,-55.000000,37.000000,18.000000
9,two-shorts,76000,20.000,0,5,0.500,0.200,0.400,95s,jam,15.000000,29.497396,29.854167,14.497396,14.854167,0.290365,0.365885,25.000000,-43.000000,18.000000,-55.000000,37.000000,18.000000
9,two-shorts,76000,20.000,0,5,0.500,0.200,0.400,94s,jam,15.000000,29.574479,29.770833,14.574479,14.770833,0.295573,0.360677,25.000000,-43.000000,18.000000,-55.000000,37.000000,18.000000
9,two-shorts,76000,20.000,0,5,0.500,0.200,0.400,98o,jam,15.000000,29.067014,29.722222,14.067014,14.722222,0.261285,0.357639,25.000000,-43.000000,18.000000,-55.000000,37.000000,18.000000
9,two-shorts,76000,20.000,0,5,0.500,0.200,0.400,T8o,jam,15.000000,29.465278,29.678819,14.465278,14.678819,0.288194,0.354926,25.000000,-43.000000,18.000000,-55.000000,37.000000,18.000000
9,two-shorts,76000,20.000,0,5,0.500,0.200,0.400,96o,jam,15.000000,29.022049,29.668403,14.022049,14.668403,0.258247,0.354275,25.000000,-43.000000,18.000000,-55.000000,37.000000,18.000000
9,two-shorts,76000,20.000,0,5,0.500,0.200,0.400,97o,jam,15.000000,29.015625,29.633681,14.015625,14.633681,0.257812,0.352105,25.000000,-43.000000,18.000000,-55.000000,37.000000,18.000000
9,two-shorts,76000,20.000,0,5,0.500,0.200,0.400,95o,jam,15.000000,28.559549,29.413194,13.559549,14.413194,0.226997,0.338325,25.000000,-43.000000,18.000000,-55.000000,37.000000,18.000000
9,two-shorts,76000,20.000,0,5,0.500,0.200,0.400,92o,jam,15.000000,28.771528,29.126736,13.771528,14.126736,0.241319,0.320421,25.000000,-43.000000,18.000000,-55.000000,37.000000,18.000000
9,two-shorts,76000,20.000,0,5,0.500,0.200,0.400,94o,jam,15.000000,28.925694,29.118056,13.925694,14.118056,0.251736,0.319878,25.000000,-43.000000,18.000000,-55.000000,37.000000,18.000000
9,two-shorts,76000,20.000,0,5,0.500,0.200,0.400,QQ,flat,15.000000,37.292448,34.513889,22.292448,19.513889,0.817057,0.657118,25.000000,-43.000000,18.000000,-55.000000,37.000000,18.000000
9,two-shorts,76000,20.000,0,5,0.500,0.200,0.400,ATs,flat,15.000000,35.297917,34.213542,20.297917,19.213542,0.682292,0.638346,25.000000,-43.000000,18.000000,-55.000000,37.000000,18.000000
9,two-shorts,76000,20.000,0,5,0.500,0.200,0.400,AJs,flat,15.000000,34.681250,33.901042,19.681250,18.901042,0.640625,0.618815,25.000000,-43.000000,18.000000,-55.000000,37.000000,18.000000
9,two-shorts,76000,20.000,0,5,0.500,0.200,0.400,ATo,flat,15.000000,35.535590,33.718750,20.535590,18.718750,0.698351,0.607422,25.000000,-43.000000,18.000000,-55.000000,37.000000,18.000000
9,two-shorts,76000,20.000,0,5,0.500,0.200,0.400,A9s,flat,15.000000,35.336458,33.541667,20.336458,18.541667,0.684896,0.596354,25.000000,-43.000000,18.000000,-55.000000,37.000000,18.000000
9,two-shorts,76000,20.000,0,5,0.500,0.200,0.400,AJo,flat,15.000000,34.180208,33.468750,19.180208,18.468750,0.606771,0.591797,25.000000,-43.000000,18.000000,-55.000000,37.000000,18.000000
9,two-shorts,76000,20.000,0,5,0.500,0.200,0.400,A3s,flat,15.000000,33.814062,33.468750,18.814062,18.468750,0.582031,0.591797,25.000000,-43.000000,18.000000,-55.000000,37.000000,18.000000
9,two-shorts,76000,20.000,0,5,0.500,0.200,0.400,A8s,flat,15.000000,33.857422,33.447917,18.857422,18.447917,0.584961,0.590495,25.000000,-43.000000,18.000000,-55.000000,37.000000,18.000000
9,two-shorts,76000,20.000,0,5,0.500,0.200,0.400,A9o,flat,15.000000,34.944618,33.328125,19.944618,18.328125,0.658420,0.583008,25.000000,-43.000000,18.000000,-55.000000,37.000000,18.000000
9,two-shorts,76000,20.000,0,5,0.500,0.200,0.400,A2s,flat,15.000000,33.582813,33.296875,18.582813,18.296875,0.566406,0.581055,25.000000,-43.000000,18.000000,-55.000000,37.000000,18.000000
9,two-shorts,76000,20.000,0,5,0.500,0.200,0.400,A8o,flat,15.000000,33.293750,33.289931,18.293750,18.289931,0.546875,0.580621,25.000000,-43.000000,18.000000,-55.000000,37.000000,18.000000
9,two-shorts,76000,20.000,0,5,0.500,0.200,0.400,99,flat,15.000000,34.392187,33.100694,19.392187,18.100694,0.621094,0.568793,25.000000,-43.000000,18.000000,-55.000000,37.000000,18.000000
9,two-shorts,76000,20.000,0,5,0.500,0.200,0.400,TT,flat,15.000000,37.282812,32.951389,22.282812,17.951389,0.816406,0.559462,25.000000,-43.000000,18.000000,-55.000000,37.000000,18.000000
9,two-shorts,76000,20.000,0,5,0.500,0.200,0.400,JJ,flat,15.000000,37.427344,32.923611,22.427344,17.923611,0.826172,0.557726,25.000000,-43.000000,18.000000,-55.000000,37.000000,18.000000
9,two-shorts,76000,20.000,0,5,0.500,0.200,0.400,88,flat,15.000000,32.850521,32.565972,17.850521,17.565972,0.516927,0.535373,25.000000,-43.000000,18.000000,-55.000000,37.000000,18.000000
9,two-shorts,76000,20.000,0,5,0.500,0.200,0.400,KQs,flat,15.000000,34.926953,32.489583,19.926953,17.489583,0.657227,0.530599,25.000000,-43.000000,18.000000,-55.000000,37.000000,18.000000
9,two-shorts,76000,20.000,0,5,0.500,0.200,0.400,33,flat,15.000000,32.310938,32.298611,17.310938,17.298611,0.480469,0.518663,25.000000,-43.000000,18.000000,-55.000000,37.000000,18.000000
9,two-shorts,76000,20.000,0,5,0.500,0.200,0.400,KQo,flat,15.000000,34.074219,32.000000,19.074219,17.000000,0.599609,0.500000,25.000000,-43.000000,18.000000,-55.000000,37.000000,18.000000
9,two-shorts,76000,20.000,0,5,0.500,0.200,0.400,76s,flat,15.000000,30.807813,30.598958,15.807813,15.598958,0.378906,0.412435,25.000000,-43.000000,18.000000,-55.000000,37.000000,18.000000
9,two-shorts,76000,20.000,0,5,0.500,0.200,0.400,T9s,flat,15.000000,32.600000,30.406250,17.600000,15.406250,0.500000,0.400391,25.000000,-43.000000,18.000000,-55.000000,37.000000,18.000000
9,two-shorts,76000,20.000,0,5,0.500,0.200,0.400,JTs,flat,15.000000,35.606250,30.369792,20.606250,15.369792,0.703125,0.398112,25.000000,-43.000000,18.000000,-55.000000,37.000000,18.000000
9,two-shorts,76000,20.000,0,5,0.500,0.200,0.400,43s,flat,15.000000,30.460938,30.307292,15.460938,15.307292,0.355469,0.394206,25.000000,-43.000000,18.000000,-55.000000,37.000000,18.000000
9,two-shorts,76000,20.000,0,5,0.500,0.200,0.400,73s,flat,15.000000,30.374219,30.203125,15.374219,15.203125,0.349609,0.387695,25.000000,-43.000000,18.000000,-55.000000,37.000000,18.000000
9,two-shorts,76000,20.000,0,5,0.500,0.200,0.400,75s,flat,15.000000,30.547656,30.156250,15.547656,15.156250,0.361328,0.384766,25.000000,-43.000000,18.000000,-55.000000,37.000000,18.000000
9,two-shorts,76000,20.000,0,5,0.500,0.200,0.400,85s,flat,15.000000,30.345312,30.072917,15.345312,15.072917,0.347656,0.379557,25.000000,-43.000000,18.000000,-55.000000,37.000000,18.000000
9,two-shorts,76000,20.000,0,5,0.500,0.200,0.400,54o,flat,15.000000,30.523568,30.060764,15.523568,15.060764,0.359701,0.378798,25.000000,-43.000000,18.000000,-55.000000,37.000000,18.000000
9,two-shorts,76000,20.000,0,5,0.500,0.200,0.400,J9s,flat,15.000000,36.242188,30.046875,21.242188,15.046875,0.746094,0.377930,25.000000,-43.000000,18.000000,-55.000000,37.000000,18.000000
9,two-shorts,76000,20.000,0,5,0.500,0.200,0.400,T8s,flat,15.000000,30.306771,30.031250,15.306771,15.031250,0.345052,0.376953,25.000000,-43.000000,18.000000,-55.000000,37.000000,18.000000
9,two-shorts,76000,20.000,0,5,0.500,0.200,0.400,76o,flat,15.000000,30.513932,30.000000,15.513932,15.000000,0.359049,0.375000,25.000000,-43.000000,18.000000,-55.000000,37.000000,18.000000
9,two-shorts,76000,20.000,0,5,0.500,0.200,0.400,42s,flat,15.000000,30.533203,29.994792,15.533203,14.994792,0.360352,0.374674,25.000000,-43.000000,18.000000,-55.000000,37.000000,18.000000
9,two-shorts,76000,20.000,0,5,0.500,0.200,0.400,52s,flat,15.000000,30.417578,29.994792,15.417578,14.994792,0.352539,0.374674,25.000000,-43.000000,18.000000,-55.000000,37.000000,18.000000
9,two-shorts,76000,20.000,0,5,0.500,0.200,0.400,74s,flat,15.000000,30.316406,29.973958,15.316406,14.973958,0.345703,0.373372,25.000000,-43.000000,18.000000,-55.000000,37.000000,18.000000
9,two-shorts,76000,20.000,0,5,0.500,0.200,0.400,92s,flat,15.000000,29.979167,29.911458,14.979167,14.911458,0.322917,0.369466,25.000000,-43.000000,18.000000,-55.000000,37.000000,18.000000
9,two-shorts,76000,20.000,0,5,0.500,0.200,0.400,T6s,flat,15.000000,29.979167,29.895833,14.979167,14.895833,0.322917,0.368490,25.000000,-43.000000,18.000000,-55.000000,37.000000,18.000000
9,two-shorts,76000,20.000,0,5,0.500,0.200,0.400,J4s,flat,15.000000,34.045313,29.859375,19.045313,14.859375,0.597656,0.366211,25.000000,-43.000000,18.000000,-55.000000,37.000000,18.000000
9,two-shorts,76000,20.000,0,5,0.500,0.200,0.400,65o,flat,15.000000,30.171875,29.848958,15.171875,14.848958,0.335938,0.365560,25.000000,-43.000000,18.000000,-55.000000,37.000000,18.000000
9,two-shorts,76000,20.000,0,5,0.500,0.200,0.400,T3s,flat,15.000000,30.383854,29.843750,15.383854,14.843750,0.350260,0.365234,25.000000,-43.000000,18.000000,-55.000000,37.000000,18.000000
9,two-shorts,76000,20.000,0,5,0.500,0.200,0.400,64o,flat,15.000000,30.051432,29.821181,15.051432,14.821181,0.327799,0.363824,25.000000,-43.000000,18.000000,-55.000000,37.000000,18.000000
9,two-shorts,76000,20.000,0,5,0.500,0.200,0.400,96s,flat,15.000000,29.940625,29.796875,14.940625,14.796875,0.320312,0.362305,25.000000,-43.000000,18.000000,-55.000000,37.000000,18.000000
9,two-shorts,76000,20.000,0,5,0.500,0.200,0.400,JTo,flat,15.000000,35.458507,29.786458,20.458507,14.786458,0.693142,0.361654,25.000000,-43.000000,18.000000,-55.000000,37.000000,18.000000
9,two-shorts,76000,20.000,0,5,0.500,0.200,0.400,62s,flat,15.000000,30.027344,29.760417,15.027344,14.760417,0.326172,0.360026,25.000000,-43.000000,18.000000,-55.000000,37.000000,18.000000
9,two-shorts,76000,20.000,0,5,0.500,0.200,0.400,J2s,flat,15.000000,32.975781,29.755208,17.975781,14.755208,0.525391,0.359701,25.000000,-43.000000,18.000000,-55.000000,37.000000,18.000000
9,two-shorts,76000,20.000,0,5,0.500,0.200,0.400,72s,flat,15.000000,30.634375,29.734375,15.634375,14.734375,0.367188,0.358398,25.000000,-43.000000,18.000000,-55.000000,37.000000,18.000000
9,two-shorts,76000,20.000,0,5,0.500,0.200,0.400,J3s,flat,15.000000,32.730078,29.718750,17.730078,14.718750,0.508789,0.357422,25.000000,-43.000000,18.000000,-55.000000,37.000000,18.000000
9,two-shorts,76000,20.000,0,5,0.500,0.200,0.400,53o,flat,15.000000,30.181510,29.713542,15.181510,14.713542,0.336589,0.357096,25.000000,-43.000000,18.000000,-55.000000,37.000000,18.000000
9,two-shorts,76000,20.000,0,5,0.500,0.200,0.400,T9o,flat,15.000000,32.262760,29.703125,17.262760,14.703125,0.477214,0.356445,25.000000,-43.000000,18.000000,-55.000000,37.000000,18.000000
9,two-shorts,76000,20.000,0,5,0.500,0.200,0.400,75o,flat,15.000000,29.935807,29.692708,14.935807,14.692708,0.319987,0.355794,25.000000,-43.000000,18.000000,-55.000000,37.000000,18.000000
9,two-shorts,76000,20.000,0,5,0.500,0.200,0.400,43o,flat,15.000000,29.988802,29.687500,14.988802,14.687500,0.323568,0.355469,25.000000,-43.000000,18.000000,-55.000000,37.000000,18.000000
9,two-shorts,76000,20.000,0,5,0.500,0.200,0.400,J8s,flat,15.000000,33.915234,29.666667,18.915234,14.666667,0.588867,0.354167,25.000000,-43.000000,18.000000,-55.000000,37.000000,18.000000
9,two-shorts,76000,20.000,0,5,0.500,0.200,0.400,J5s,flat,15.000000,33.337109,29.661458,18.337109,14.661458,0.549805,0.353841,25.000000,-43.000000,18.000000,-55.000000,37.000000,18.000000
9,two-shorts,76000,20.000,0,5,0.500,0.200,0.400,87o,flat,15.000000,30.345312,29.651042,15.345312,14.651042,0.347656,0.353190,25.000000,-43.000000,18.000000,-55.000000,37.000000,18.000000
9,two-shorts,76000,20.000,0,5,0.500,0.200,0.400,J6s,flat,15.000000,34.001953,29.630208,19.001953,14.630208,0.594727,0.351888,25.000000,-43.000000,18.000000,-55.000000,37.000000,18.000000
9,two-shorts,76000,20.000,0,5,0.500,0.200,0.400,T4s,flat,15.000000,29.670833,29.630208,14.670833,14.630208,0.302083,0.351888,25.000000,-43.000000,18.000000,-55.000000,37.000000,18.000000
9,two-shorts,76000,20.000,0,5,0.500,0.200,0.400,63o,flat,15.000000,30.017708,29.593750,15.017708,14.593750,0.325521,0.349609,25.000000,-43.000000,18.000000,-55.000000,37.000000,18.000000
9,two-shorts,76000,20.000,0,5,0.500,0.200,0.400,T7s,flat,15.000000,29.805729,29.583333,14.805729,14.583333,0.311198,0.348958,25.000000,-43.000000,18.000000,-55.000000,37.000000,18.000000
9,two-shorts,76000,20.000,0,5,0.500,0.200,0.400,73o,flat,15.000000,29.646745,29.541667,14.646745,14.541667,0.300456,0.346354,25.000000,-43.000000,18.000000,-55.000000,37.000000,18.000000
9,two-shorts,76000,20.000,0,5,0.500,0.200,0.400,J7s,flat,15.000000,33.611719,29.531250,18.611719,14.531250,0.568359,0.345703,25.000000,-43.000000,18.000000,-55.000000,37.000000,18.000000
9,two-shorts,76000,20.000,0,5,0.500,0.200,0.400,85o,flat,15.000000,29.685286,29.513889,14.685286,14.513889,0.303060,0.344618,25.000000,-43.000000,18.000000,-55.000000,37.000000,18.000000
9,two-shorts,76000,20.000,0,5,0.500,0.200,0.400,42o,flat,15.000000,29.998438,29.498264,14.998438,14.498264,0.324219,0.343641,25.000000,-43.000000,18.000000,-55.000000,37.000000,18.000000
9,two-shorts,76000,20.000,0,5,0.500,0.200,0.400,84o,flat,15.000000,29.675651,29.470486,14.675651,14.470486,0.302409,0.341905,25.000000,-43.000000,18.000000,-55.000000,37.000000,18.000000
9,two-shorts,76000,20.000,0,5,0.500,0.200,0.400,74o,flat,15.000000,29.608203,29.446181,14.608203,14.446181,0.297852,0.340386,25.000000,-43.000000,18.000000,-55.000000,37.000000,18.000000
9,two-shorts,76000,20.000,0,5,0.500,0.200,0.400,86o,flat,15.000000,29.892448,29.444444,14.892448,14.444444,0.317057,0.340278,25.000000,-43.000000,18.000000,-55.000000,37.000000,18.000000
9,two-shorts,76000,20.000,0,5,0.500,0.200,0.400,J9o,flat,15.000000,35.118056,29.425347,20.118056,14.425347,0.670139,0.339084,25.000000,-43.000000,18.000000,-55.000000,37.000000,18.000000
9,two-shorts,76000,20.000,0,5,0.500,0.200,0.400,62o,flat,15.000000,29.950260,29.328125,14.950260,14.328125,0.320964,0.333008,25.000000,-43.000000,18.000000,-55.000000,37.000000,18.000000
9,two-shorts,76000,20.000,0,5,0.500,0.200,0.400,32o,flat,15.000000,30.089974,29.303819,15.089974,14.303819,0.330404,0.331489,25.000000,-43.000000,18.000000,-55.000000,37.000000,18.000000
9,two-shorts,76000,20.000,0,5,0.500,0.200,0.400,82s,flat,15.000000,29.853906,29.296875,14.853906,14.296875,0.314453,0.331055,25.000000,-43.000000,18.000000,-55.000000,37.000000,18.000000
9,two-shorts,76000,20.000,0,5,0.500,0.200,0.400,72o,flat,15.000000,29.468490,29.295139,14.468490,14.295139,0.288411,0.330946,25.000000,-43.000000,18.000000,-55.000000,37.000000,18.000000
9,two-shorts,76000,20.000,0,5,0.500,0.200,0.400,J8o,flat,15.000000,33.293750,29.293403,18.293750,14.293403,0.546875,0.330838,25.000000,-43.000000,18.000000,-55.000000,37.000000,18.000000
9,two-shorts,76000,20.000,0,5,0.500,0.200,0.400,T7o,flat,15.000000,29.401042,29.286458,14.401042,14.286458,0.283854,0.330404,25.000000,-43.000000,18.000000,-55.000000,37.000000,18.000000
9,two-shorts,76000,20.000,0,5,0.500,0.200,0.400,52o,flat,15.000000,30.104427,29.281250,15.104427,14.281250,0.331380,0.330078,25.000000,-43.000000,18.000000,-55.000000,37.000000,18.000000
9,two-shorts,76000,20.000,0,5,0.500,0.200,0.400,T5o,flat,15.000000,29.478125,29.256944,14.478125,14.256944,0.289062,0.328559,25.000000,-43.000000,18.000000,-55.000000,37.000000,18.000000
9,two-shorts,76000,20.000,0,5,0.500,0.200,0.400,K4s,flat,15.000000,33.076953,29.229167,18.076953,14.229167,0.532227,0.326823,25.000000,-43.000000,18.000000,-55.000000,37.000000,18.000000
9,two-shorts,76000,20.000,0,5,0.500,0.200,0.400,T6o,flat,15.000000,29.490972,29.218750,14.490972,14.218750,0.289931,0.326172,25.000000,-43.000000,18.000000,-55.000000,37.000000,18.000000
9,two-shorts,76000,20.000,0,5,0.500,0.200,0.400,J7o,flat,15.000000,32.874609,29.180556,17.874609,14.180556,0.518555,0.323785,25.000000,-43.000000,18.000000,-55.000000,37.000000,18.000000
9,two-shorts,76000,20.000,0,5,0.500,0.200,0.400,J5o,flat,15.000000,33.004688,29.159722,18.004688,14.159722,0.527344,0.322483,25.000000,-43.000000,18.000000,-55.000000,37.000000,18.000000
9,two-shorts,76000,20.000,0,5,0.500,0.200,0.400,QTs,flat,15.000000,35.509896,29.125000,20.509896,14.125000,0.696615,0.320312,25.000000,-43.000000,18.000000,-55.000000,37.000000,18.000000
9,two-shorts,76000,20.000,0,5,0.500,0.200,0.400,T3o,flat,15.000000,29.227604,29.112847,14.227604,14.112847,0.272135,0.319553,25.000000,-43.000000,18.000000,-55.000000,37.000000,18.000000
9,two-shorts,76000,20.000,0,5,0.500,0.200,0.400,T2s,flat,15.000000,29.882812,29.078125,14.882812,14.078125,0.316406,0.317383,25.000000,-43.000000,18.000000,-55.000000,37.000000,18.000000
9,two-shorts,76000,20.000,0,5,0.500,0.200,0.400,T4o,flat,15.000000,29.253299,29.072917,14.253299,14.072917,0.273872,0.317057,25.000000,-43.000000,18.000000,-55.000000,37.000000,18.000000
9,two-shorts,76000,20.000,0,5,0.500,0.200,0.400,Q6s,flat,15.000000,33.467188,29.041667,18.467188,14.041667,0.558594,0.315104,25.000000,-43.000000,18.000000,-55.000000,37.000000,18.000000
9,two-shorts,76000,20.000,0,5,0.500,0.200,0.400,82o,flat,15.000000,29.362500,29.039931,14.362500,14.039931,0.281250,0.314996,25.000000,-43.000000,18.000000,-55.000000,37.000000,18.000000
9,two-shorts,76000,20.000,0,5,0.500,0.200,0.400,Q4s,flat,15.000000,33.322656,29.020833,18.322656,14.020833,0.548828,0.313802,25.000000,-43.000000,18.000000,-55.000000,37.000000,18.000000
9,two-shorts,76000,20.000,0,5,0.500,0.200,0.400,KTs,flat,15.000000,35.143750,29.013889,20.143750,14.013889,0.671875,0.313368,25.000000,-43.000000,18.000000,-55.000000,37.000000,18.000000
9,two-shorts,76000,20.000,0,5,0.500,0.200,0.400,Q5s,flat,15.000000,33.409375,28.993056,18.409375,13.993056,0.554688,0.312066,25.000000,-43.000000,18.000000,-55.000000,37.000000,18.000000
9,two-shorts,76000,20.000,0,5,0.500,0.200,0.400,J3o,flat,15.000000,32.600000,28.980903,17.600000,13.980903,0.500000,0.311306,25.000000,-43.000000,18.000000,-55.000000,37.000000,18.000000
9,two-shorts,76000,20.000,0,5,0.500,0.200,0.400,93o,flat,15.000000,29.189062,28.968750,14.189062,13.968750,0.269531,0.310547,25.000000,-43.000000,18.000000,-55.000000,37.000000,18.000000
9,two-shorts,76000,20.000,0,5,0.500,0.200,0.400,83o,flat,15.000000,29.319141,28.946181,14.319141,13.946181,0.278320,0.309136,25.000000,-43.000000,18.000000,-55.000000,37.000000,18.000000
9,two-shorts,76000,20.000,0,5,0.500,0.200,0.400,K6s,flat,15.000000,33.394922,28.944444,18.394922,13.944444,0.553711,0.309028,25.000000,-43.000000,18.000000,-55.000000,37.000000,18.000000
9,two-shorts,76000,20.000,0,5,0.500,0.200,0.400,K8s,flat,15.000000,33.207031,28.923611,18.207031,13.923611,0.541016,0.307726,25.000000,-43.000000,18.000000,-55.000000,37.000000,18.000000
9,two-shorts,76000,20.000,0,5,0.500,0.200,0.400,J6o,flat,15.000000,32.672266,28.923611,17.672266,13.923611,0.504883,0.307726,25.000000,-43.000000,18.000000,-55.000000,37.000000,18.000000
9,two-shorts,76000,20.000,0,5,0.500,0.200,0.400,T2o,flat,15.000000,29.490972,28.906250,14.490972,13.906250,0.289931,0.306641,25.000000,-43.000000,18.000000,-55.000000,37.000000,18.000000
9,two-shorts,76000,20.000,0,5,0.500,0.200,0.400,J2o,flat,15.000000,33.231120,28.902778,18.231120,13.902778,0.542643,0.306424,25.000000,-43.000000,18.000000,-55.000000,37.000000,18.000000
9,two-shorts,76000,20.000,0,5,0.500,0.200,0.400,J4o,flat,15.000000,32.855339,28.894097,17.855339,13.894097,0.517253,0.305881,25.000000,-43.000000,18.000000,-55.000000,37.000000,18.000000
9,two-shorts,76000,20.000,0,5,0.500,0.200,0.400,K9s,flat,15.000000,34.951042,28.861111,19.951042,13.861111,0.658854,0.303819,25.000000,-43.000000,18.000000,-55.000000,37.000000,18.000000
9,two-shorts,76000,20.000,0,5,0.500,0.200,0.400,KJs,flat,15.000000,34.811328,28.854167,19.811328,13.854167,0.649414,0.303385,25.000000,-43.000000,18.000000,-55.000000,37.000000,18.000000
9,two-shorts,76000,20.000,0,5,0.500,0.200,0.400,Q2s,flat,15.000000,33.149219,28.750000,18.149219,13.750000,0.537109,0.296875,25.000000,-43.000000,18.000000,-55.000000,37.000000,18.000000
9,two-shorts,76000,20.000,0,5,0.500,0.200,0.400,K7s,flat,15.000000,33.337109,28.715278,18.337109,13.715278,0.549805,0.294705,25.000000,-43.000000,18.000000,-55.000000,37.000000,18.000000
9,two-shorts,76000,20.000,0,5,0.500,0.200,0.400,K2s,flat,15.000000,33.264844,28.715278,18.264844,13.715278,0.544922,0.294705,25.000000,-43.000000,18.000000,-55.000000,37.000000,18.000000
9,two-shorts,76000,20.000,0,5,0.500,0.200,0.400,K5s,flat,15.000000,33.756250,28.680556,18.756250,13.680556,0.578125,0.292535,25.000000,-43.000000,18.000000,-55.000000,37.000000,18.000000
9,two-shorts,76000,20.000,0,5,0.500,0.200,0.400,QJs,flat,15.000000,34.912500,28.673611,19.912500,13.673611,0.656250,0.292101,25.000000,-43.000000,18.000000,-55.000000,37.000000,18.000000
9,two-shorts,76000,20.000,0,5,0.500,0.200,0.400,Q7s,flat,15.000000,33.741797,28.604167,18.741797,13.604167,0.577148,0.287760,25.000000,-43.000000,18.000000,-55.000000,37.000000,18.000000
9,two-shorts,76000,20.000,0,5,0.500,0.200,0.400,Q3s,flat,15.000000,32.758984,28.562500,17.758984,13.562500,0.510742,0.285156,25.000000,-43.000000,18.000000,-55.000000,37.000000,18.000000
9,two-shorts,76000,20.000,0,5,0.500,0.200,0.400,K3s,flat,15.000000,32.990234,28.555556,17.990234,13.555556,0.526367,0.284722,25.000000,-43.000000,18.000000,-55.000000,37.000000,18.000000
9,two-shorts,76000,20.000,0,5,0.500,0.200,0.400,Q8s,flat,15.000000,33.915234,28.437500,18.915234,13.437500,0.588867,0.277344,25.000000,-43.000000,18.000000,-55.000000,37.000000,18.000000
9,two-shorts,76000,20.000,0,5,0.500,0.200,0.400,KTo,flat,15.000000,35.317188,28.326389,20.317188,13.326389,0.683594,0.270399,25.000000,-43.000000,18.000000,-55.000000,37.000000,18.000000
9,two-shorts,76000,20.000,0,5,0.500,0.200,0.400,K9o,flat,15.000000,35.118056,28.277778,20.118056,13.277778,0.670139,0.267361,25.000000,-43.000000,18.000000,-55.000000,37.000000,18.000000
9,two-shorts,76000,20.000,0,5,0.500,0.200,0.400,Q9s,flat,15.000000,35.028125,28.263889,20.028125,13.263889,0.664062,0.266493,25.000000,-43.000000,18.000000,-55.000000,37.000000,18.000000
9,two-shorts,76000,20.000,0,5,0.500,0.200,0.400,K8o,flat,15.000000,33.014323,28.263889,18.014323,13.263889,0.527995,0.266493,25.000000,-43.000000,18.000000,-55.000000,37.000000,18.000000
9,two-shorts,76000,20.000,0,5,0.500,0.200,0.400,QTo,flat,15.000000,35.079514,28.250000,20.079514,13.250000,0.667535,0.265625,25.000000,-43.000000,18.000000,-55.000000,37.000000,18.000000
9,two-shorts,76000,20.000,0,5,0.500,0.200,0.400,K4o,flat,15.000000,32.898698,28.233796,17.898698,13.233796,0.520182,0.264612,25.000000,-43.000000,18.000000,-55.000000,37.000000,18.000000
9,two-shorts,76000,20.000,0,5,0.500,0.200,0.400,K5o,flat,15.000000,32.441016,28.206019,17.441016,13.206019,0.489258,0.262876,25.000000,-43.000000,18.000000,-55.000000,37.000000,18.000000
9,two-shorts,76000,20.000,0,5,0.500,0.200,0.400,K6o,flat,15.000000,32.691536,28.189815,17.691536,13.189815,0.506185,0.261863,25.000000,-43.000000,18.000000,-55.000000,37.000000,18.000000
9,two-shorts,76000,20.000,0,5,0.500,0.200,0.400,K7o,flat,15.000000,33.023958,28.185185,18.023958,13.185185,0.528646,0.261574,25.000000,-43.000000,18.000000,-55.000000,37.000000,18.000000
9,two-shorts,76000,20.000,0,5,0.500,0.200,0.400,Q6o,flat,15.000000,33.134766,28.118056,18.134766,13.118056,0.536133,0.257378,25.000000,-43.000000,18.000000,-55.000000,37.000000,18.000000
9,two-shorts,76000,20.000,0,5,0.500,0.200,0.400,K2o,flat,15.000000,32.465104,28.115741,17.465104,13.115741,0.490885,0.257234,25.000000,-43.000000,18.000000,-55.000000,37.000000,18.000000
9,two-shorts,76000,20.000,0,5,0.500,0.200,0.400,QJo,flat,15.000000,34.411458,28.050926,19.411458,13.050926,0.622396,0.253183,25.000000,-43.000000,18.000000,-55.000000,37.000000,18.000000
9,two-shorts,76000,20.000,0,5,0.500,0.200,0.400,Q9o,flat,15.000000,35.169444,28.018519,20.169444,13.018519,0.673611,0.251157,25.000000,-43.000000,18.000000,-55.000000,37.000000,18.000000
9,two-shorts,76000,20.000,0,5,0.500,0.200,0.400,Q5o,flat,15.000000,32.681901,27.960648,17.681901,12.960648,0.505534,0.247541,25.000000,-43.000000,18.000000,-55.000000,37.000000,18.000000
9,two-shorts,76000,20.000,0,5,0.500,0.200,0.400,KJo,flat,15.000000,34.011589,27.909722,19.011589,12.909722,0.595378,0.244358,25.000000,-43.000000,18.000000,-55.000000,37.000000,18.000000
9,two-shorts,76000,20.000,0,5,0.500,0.200,0.400,Q3o,flat,15.000000,32.648177,27.907407,17.648177,12.907407,0.503255,0.244213,25.000000,-43.000000,18.000000,-55.000000,37.000000,18.000000
9,two-shorts,76000,20.000,0,5,0.500,0.200,0.400,K3o,flat,15.000000,32.860156,27.872685,17.860156,12.872685,0.517578,0.242043,25.000000,-43.000000,18.000000,-55.000000,37.000000,18.000000
9,two-shorts,76000,20.000,0,5,0.500,0.200,0.400,Q4o,flat,15.000000,32.604818,27.844907,17.604818,12.844907,0.500326,0.240307,25.000000,-43.000000,18.000000,-55.000000,37.000000,18.000000
9,two-shorts,76000,20.000,0,5,0.500,0.200,0.400,Q8o,flat,15.000000,33.158854,27.775463,18.158854,12.775463,0.537760,0.235966,25.000000,-43.000000,18.000000,-55.000000,37.000000,18.000000
9,two-shorts,76000,20.000,0,5,0.500,0.200,0.400,Q2o,flat,15.000000,33.067318,27.719907,18.067318,12.719907,0.531576,0.232494,25.000000,-43.000000,18.000000,-55.000000,37.000000,18.000000
9,two-shorts,76000,20.000,0,5,0.500,0.200,0.400,Q7o,flat,15.000000,32.600000,27.636574,17.600000,12.636574,0.500000,0.227286,25.000000,-43.000000,18.000000,-55.000000,37.000000,18.000000
9,two-shorts,76000,20.000,0,5,0.500,0.500,0.400,JJ,flat,15.000000,37.427344,33.046875,22.427344,18.046875,0.826172,0.826172,25.000000,-43.000000,18.000000,-55.000000,37.000000,18.000000
9,two-shorts,76000,20.000,0,5,0.500,0.500,0.400,QQ,flat,15.000000,37.292448,32.682292,22.292448,17.682292,0.817057,0.817057,25.000000,-43.000000,18.000000,-55.000000,37.000000,18.000000
9,two-shorts,76000,20.000,0,5,0.500,0.500,0.400,TT,flat,15.000000,37.282812,32.656250,22.282812,17.656250,0.816406,0.816406,25.000000,-43.000000,18.000000,-55.000000,37.000000,18.000000
9,two-shorts,76000,20.000,0,5,0.500,0.500,0.400,AA,flat,15.000000,36.858854,31.510417,21.858854,16.510417,0.787760,0.787760,25.000000,-43.000000,18.000000,-55.000000,37.000000,18.000000
9,two-shorts,76000,20.000,0,5,0.500,0.500,0.400,KK,flat,15.000000,36.752865,31.223958,21.752865,16.223958,0.780599,0.780599,25.000000,-43.000000,18.000000,-55.000000,37.000000,18.000000
9,two-shorts,76000,20.000,0,5,0.500,0.500,0.400,J9s,flat,15.000000,36.242188,29.843750,21.242188,14.843750,0.746094,0.746094,25.000000,-43.000000,18.000000,-55.000000,37.000000,18.000000
9,two-shorts,76000,20.000,0,5,0.500,0.500,0.400,JTs,flat,15.000000,35.606250,28.125000,20.606250,13.125000,0.703125,0.703125,25.000000,-43.000000,18.000000,-55.000000,37.000000,18.000000
9,two-shorts,76000,20.000,0,5,0.500,0.500,0.400,ATo,flat,15.000000,35.535590,27.934028,20.535590,12.934028,0.698351,0.698351,25.000000,-43.000000,18.000000,-55.000000,37.000000,18.000000
9,two-shorts,76000,20.000,0,5,0.500,0.500,0.400,QTs,flat,15.000000,35.509896,27.864583,20.509896,12.864583,0.696615,0.696615,25.000000,-43.000000,18.000000,-55.000000,37.000000,18.000000
9,two-shorts,76000,20.000,0,5,0.500,0.500,0.400,JTo,flat,15.000000,35.458507,27.725694,20.458507,12.725694,0.693142,0.693142,25.000000,-43.000000,18.000000,-55.000000,37.000000,18.000000
9,two-shorts,76000,20.000,0,5,0.500,0.500,0.400,A9s,flat,15.000000,35.336458,27.395833,20.336458,12.395833,0.684896,0.684896,25.000000,-43.000000,18.000000,-55.000000,37.000000,18.000000
9,two-shorts,76000,20.000,0,5,0.500,0.500,0.400,KTo,flat,15.000000,35.317188,27.343750,20.317188,12.343750,0.683594,0.683594,25.000000,-43.000000,18.000000,-55.000000,37.000000,18.000000
9,two-shorts,76000,20.000,0,5,0.500,0.500,0.400,ATs,flat,15.000000,35.297917,27.291667,20.297917,12.291667,0.682292,0.682292,25.000000,-43.000000,18.000000,-55.000000,37.000000,18.000000
9,two-shorts,76000,20.000,0,5,0.500,0.500,0.400,Q9o,flat,15.000000,35.169444,26.944444,20.169444,11.944444,0.673611,0.673611,25.000000,-43.000000,18.000000,-55.000000,37.000000,18.000000
9,two-shorts,76000,20.000,0,5,0.500,0.500,0.400,KTs,flat,15.000000,35.143750,26.875000,20.143750,11.875000,0.671875,0.671875,25.000000,-43.000000,18.000000,-55.000000,37.000000,18.000000
9,two-shorts,76000,20.000,0,5,0.500,0.500,0.400,K9o,flat,15.000000,35.118056,26.805556,20.118056,11.805556,0.670139,0.670139,25.000000,-43.000000,18.000000,-55.000000,37.000000,18.000000
9,two-shorts,76000,20.000,0,5,0.500,0.500,0.400,J9o,flat,15.000000,35.118056,26.805556,20.118056,11.805556,0.670139,0.670139,25.000000,-43.000000,18.000000,-55.000000,37.000000,18.000000
9,two-shorts,76000,20.000,0,5,0.500,0.500,0.400,QTo,flat,15.000000,35.079514,26.701389,20.079514,11.701389,0.667535,0.667535,25.000000,-43.000000,18.000000,-55.000000,37.000000,18.000000
9,two-shorts,76000,20.000,0,5,0.500,0.500,0.400,Q9s,flat,15.000000,35.028125,26.562500,20.028125,11.562500,0.664062,0.664062,25.000000,-43.000000,18.000000,-55.000000,37.000000,18.000000
9,two-shorts,76000,20.000,0,5,0.500,0.500,0.400,K9s,flat,15.000000,34.951042,26.354167,19.951042,11.354167,0.658854,0.658854,25.000000,-43.000000,18.000000,-55.000000,37.000000,18.000000
9,two-shorts,76000,20.000,0,5,0.500,0.500,0.400,A9o,flat,15.000000,34.944618,26.336806,19.944618,11.336806,0.658420,0.658420,25.000000,-43.000000,18.000000,-55.000000,37.000000,18.000000
9,two-shorts,76000,20.000,0,5,0.500,0.500,0.400,KQs,flat,15.000000,34.926953,26.289062,19.926953,11.289062,0.657227,0.657227,25.000000,-43.000000,18.000000,-55.000000,37.000000,18.000000
9,two-shorts,76000,20.000,0,5,0.500,0.500,0.400,QJs,flat,15.000000,34.912500,26.250000,19.912500,11.250000,0.656250,0.656250,25.000000,-43.000000,18.000000,-55.000000,37.000000,18.000000
9,two-shorts,76000,20.000,0,5,0.500,0.500,0.400,KJs,flat,15.000000,34.811328,25.976562,19.811328,10.976562,0.649414,0.649414,25.000000,-43.000000,18.000000,-55.000000,37.000000,18.000000
9,two-shorts,76000,20.000,0,5,0.500,0.500,0.400,AQs,flat,15.000000,34.695703,25.664062,19.695703,10.664062,0.641602,0.641602,25.000000,-43.000000,18.000000,-55.000000,37.000000,18.000000
9,two-shorts,76000,20.000,0,5,0.500,0.500,0.400,AJs,flat,15.000000,34.681250,25.625000,19.681250,10.625000,0.640625,0.640625,25.000000,-43.000000,18.000000,-55.000000,37.000000,18.000000
9,two-shorts,76000,20.000,0,5,0.500,0.500,0.400,AKs,flat,15.000000,34.623438,25.468750,19.623438,10.468750,0.636719,0.636719,25.000000,-43.000000,18.000000,-55.000000,37.000000,18.000000
9,two-shorts,76000,20.000,0,5,0.500,0.500,0.400,QJo,flat,15.000000,34.411458,24.895833,19.411458,9.895833,0.622396,0.622396,25.000000,-43.000000,18.000000,-55.000000,37.000000,18.000000
9,two-shorts,76000,20.000,0,5,0.500,0.500,0.400,99,flat,15.000000,34.392187,24.843750,19.392187,9.843750,0.621094,0.621094,25.000000,-43.000000,18.000000,-55.000000,37.000000,18.000000
9,two-shorts,76000,20.000,0,5,0.500,0.500,0.400,AJo,flat,15.000000,34.180208,24.270833,19.180208,9.270833,0.606771,0.606771,25.000000,-43.000000,18.000000,-55.000000,37.000000,18.000000
9,two-shorts,76000,20.000,0,5,0.500,0.500,0.400,KQo,flat,15.000000,34.074219,23.984375,19.074219,8.984375,0.599609,0.599609,25.000000,-43.000000,18.000000,-55.000000,37.000000,18.000000
9,two-shorts,76000,20.000,0,5,0.500,0.500,0.400,J4s,flat,15.000000,34.045313,23.906250,19.045313,8.906250,0.597656,0.597656,25.000000,-43.000000,18.000000,-55.000000,37.000000,18.000000
9,two-shorts,76000,20.000,0,5,0.500,0.500,0.400,KJo,flat,15.000000,34.011589,23.815104,19.011589,8.815104,0.595378,0.595378,25.000000,-43.000000,18.000000,-55.000000,37.000000,18.000000
9,two-shorts,76000,20.000,0,5,0.500,0.500,0.400,J6s,flat,15.000000,34.001953,23.789062,19.001953,8.789062,0.594727,0.594727,25.000000,-43.000000,18.000000,-55.000000,37.000000,18.000000
9,two-shorts,76000,20.000,0,5,0.500,0.500,0.400,Q8s,flat,15.000000,33.915234,23.554688,18.915234,8.554688,0.588867,0.588867,25.000000,-43.000000,18.000000,-55.000000,37.000000,18.000000
9,two-shorts,76000,20.000,0,5,0.500,0.500,0.400,J8s,flat,15.000000,33.915234,23.554688,18.915234,8.554688,0.588867,0.588867,25.000000,-43.000000,18.000000,-55.000000,37.000000,18.000000
9,two-shorts,76000,20.000,0,5,0.500,0.500,0.400,A8s,flat,15.000000,33.857422,23.398438,18.857422,8.398438,0.584961,0.584961,25.000000,-43.000000,18.000000,-55.000000,37.000000,18.000000
9,two-shorts,76000,20.000,0,5,0.500,0.500,0.400,A3s,flat,15.000000,33.814062,23.281250,18.814062,8.281250,0.582031,0.582031,25.000000,-43.000000,18.000000,-55.000000,37.000000,18.000000
9,two-shorts,76000,20.000,0,5,0.500,0.500,0.400,K5s,flat,15.000000,33.756250,23.125000,18.756250,8.125000,0.578125,0.578125,25.000000,-43.000000,18.000000,-55.000000,37.000000,18.000000
9,two-shorts,76000,20.000,0,5,0.500,0.500,0.400,AQo,flat,15.000000,33.751432,23.111979,18.751432,8.111979,0.577799,0.577799,25.000000,-43.000000,18.000000,-55.000000,37.000000,18.000000
9,two-shorts,76000,20.000,0,5,0.500,0.500,0.400,Q7s,flat,15.000000,33.741797,23.085938,18.741797,8.085938,0.577148,0.577148,25.000000,-43.000000,18.000000,-55.000000,37.000000,18.000000
9,two-shorts,76000,20.000,0,5,0.500,0.500,0.400,AKo,flat,15.000000,33.683984,22.929688,18.683984,7.929688,0.573242,0.573242,25.000000,-43.000000,18.000000,-55.000000,37.000000,18.000000
9,two-shorts,76000,20.000,0,5,0.500,0.500,0.400,J7s,flat,15.000000,33.611719,22.734375,18.611719,7.734375,0.568359,0.568359,25.000000,-43.000000,18.000000,-55.000000,37.000000,18.000000
9,two-shorts,76000,20.000,0,5,0.500,0.500,0.400,A2s,flat,15.000000,33.582813,22.656250,18.582813,7.656250,0.566406,0.566406,25.000000,-43.000000,18.000000,-55.000000,37.000000,18.000000
9,two-shorts,76000,20.000,0,5,0.500,0.500,0.400,A6s,flat,15.000000,33.553906,22.578125,18.553906,7.578125,0.564453,0.564453,25.000000,-43.000000,18.000000,-55.000000,37.000000,18.000000
9,two-shorts,76000,20.000,0,5,0.500,0.500,0.400,Q6s,flat,15.000000,33.467188,22.343750,18.467188,7.343750,0.558594,0.558594,25.000000,-43.000000,18.000000,-55.000000,37.000000,18.000000
9,two-shorts,76000,20.000,0,5,0.500,0.500,0.400,Q5s,flat,15.000000,33.409375,22.187500,18.409375,7.187500,0.554688,0.554688,25.000000,-43.000000,18.000000,-55.000000,37.000000,18.000000
9,two-shorts,76000,20.000,0,5,0.500,0.500,0.400,K6s,flat,15.000000,33.394922,22.148438,18.394922,7.148438,0.553711,0.553711,25.000000,-43.000000,18.000000,-55.000000,37.000000,18.000000
9,two-shorts,76000,20.000,0,5,0.500,0.500,0.400,A7s,flat,15.000000,33.351562,22.031250,18.351562,7.031250,0.550781,0.550781,25.000000,-43.000000,18.000000,-55.000000,37.000000,18.000000
9,two-shorts,76000,20.000,0,5,0.500,0.500,0.400,K7s,flat,15.000000,33.337109,21.992188,18.337109,6.992188,0.549805,0.549805,25.000000,-43.000000,18.000000,-55.000000,37.000000,18.000000
9,two-shorts,76000,20.000,0,5,0.500,0.500,0.400,J5s,flat,15.000000,33.337109,21.992188,18.337109,6.992188,0.549805,0.549805,25.000000,-43.000000,18.000000,-55.000000,37.000000,18.000000
9,two-shorts,76000,20.000,0,5,0.500,0.500,0.400,Q4s,flat,15.000000,33.322656,21.953125,18.322656,6.953125,0.548828,0.548828,25.000000,-43.000000,18.000000,-55.000000,37.000000,18.000000
9,two-shorts,76000,20.000,0,5,0.500,0.500,0.400,A8o,flat,15.000000,33.293750,21.875000,18.293750,6.875000,0.546875,0.546875,25.000000,-43.000000,18.000000,-55.000000,37.000000,18.000000
9,two-shorts,76000,20.000,0,5,0.500,0.500,0.400,J8o,flat,15.000000,33.293750,21.875000,18.293750,6.875000,0.546875,0.546875,25.000000,-43.000000,18.000000,-55.000000,37.000000,18.000000
9,two-shorts,76000,20.000,0,5,0.500,0.500,0.400,K2s,flat,15.000000,33.264844,21.796875,18.264844,6.796875,0.544922,0.544922,25.000000,-43.000000,18.000000,-55.000000,37.000000,18.000000
9,two-shorts,76000,20.000,0,5,0.500,0.500,0.400,A5s,flat,15.000000,33.235937,21.718750,18.235937,6.718750,0.542969,0.542969,25.000000,-43.000000,18.000000,-55.000000,37.000000,18.000000
9,two-shorts,76000,20.000,0,5,0.500,0.500,0.400,J2o,flat,15.000000,33.231120,21.705729,18.231120,6.705729,0.542643,0.542643,25.000000,-43.000000,18.000000,-55.000000,37.000000,18.000000
9,two-shorts,76000,20.000,0,5,0.500,0.500,0.400,K8s,flat,15.000000,33.207031,21.640625,18.207031,6.640625,0.541016,0.541016,25.000000,-43.000000,18.000000,-55.000000,37.000000,18.000000
9,two-shorts,76000,20.000,0,5,0.500,0.500,0.400,A4s,flat,15.000000,33.192578,21.601562,18.192578,6.601562,0.540039,0.540039,25.000000,-43.000000,18.000000,-55.000000,37.000000,18.000000
9,two-shorts,76000,20.000,0,5,0.500,0.500,0.400,Q8o,flat,15.000000,33.158854,21.510417,18.158854,6.510417,0.537760,0.537760,25.000000,-43.000000,18.000000,-55.000000,37.000000,18.000000
9,two-shorts,76000,20.000,0,5,0.500,0.500,0.400,Q2s,flat,15.000000,33.149219,21.484375,18.149219,6.484375,0.537109,0.537109,25.000000,-43.000000,18.000000,-55.000000,37.000000,18.000000
9,two-shorts,76000,20.000,0,5,0.500,0.500,0.400,A3o,flat,15.000000,33.144401,21.471354,18.144401,6.471354,0.536784,0.536784,25.000000,-43.000000,18.000000,-55.000000,37.000000,18.000000
9,two-shorts,76000,20.000,0,5,0.500,0.500,0.400,Q6o,flat,15.000000,33.134766,21.445312,18.134766,6.445312,0.536133,0.536133,25.000000,-43.000000,18.000000,-55.000000,37.000000,18.000000
9,two-shorts,76000,20.000,0,5,0.500,0.500,0.400,K4s,flat,15.000000,33.076953,21.289062,18.076953,6.289062,0.532227,0.532227,25.000000,-43.000000,18.000000,-55.000000,37.000000,18.000000
9,two-shorts,76000,20.000,0,5,0.500,0.500,0.400,Q2o,flat,15.000000,33.067318,21.263021,18.067318,6.263021,0.531576,0.531576,25.000000,-43.000000,18.000000,-55.000000,37.000000,18.000000
9,two-shorts,76000,20.000,0,5,0.500,0.500,0.400,A6o,flat,15.000000,33.038411,21.184896,18.038411,6.184896,0.529622,0.529622,25.000000,-43.000000,18.000000,-55.000000,37.000000,18.000000
9,two-shorts,76000,20.000,0,5,0.500,0.500,0.400,K7o,flat,15.000000,33.023958,21.145833,18.023958,6.145833,0.528646,0.528646,25.000000,-43.000000,18.000000,-55.000000,37.000000,18.000000
9,two-shorts,76000,20.000,0,5,0.500,0.500,0.400,K8o,flat,15.000000,33.014323,21.119792,18.014323,6.119792,0.527995,0.527995,25.000000,-43.000000,18.000000,-55.000000,37.000000,18.000000
9,two-shorts,76000,20.000,0,5,0.500,0.500,0.400,J5o,flat,15.000000,33.004688,21.093750,18.004688,6.093750,0.527344,0.527344,25.000000,-43.000000,18.000000,-55.000000,37.000000,18.000000
9,two-shorts,76000,20.000,0,5,0.500,0.500,0.400,A5o,flat,15.000000,32.995052,21.067708,17.995052,6.067708,0.526693,0.526693,25.000000,-43.000000,18.000000,-55.000000,37.000000,18.000000
9,two-shorts,76000,20.000,0,5,0.500,0.500,0.400,K3s,flat,15.000000,32.990234,21.054688,17.990234,6.054688,0.526367,0.526367,25.000000,-43.000000,18.000000,-55.000000,37.000000,18.000000
9,two-shorts,76000,20.000,0,5,0.500,0.500,0.400,J2s,flat,15.000000,32.975781,21.015625,17.975781,6.015625,0.525391,0.525391,25.000000,-43.000000,18.000000,-55.000000,37.000000,18.000000
9,two-shorts,76000,20.000,0,5,0.500,0.500,0.400,A4o,flat,15.000000,32.946875,20.937500,17.946875,5.937500,0.523438,0.523438,25.000000,-43.000000,18.000000,-55.000000,37.000000,18.000000
9,two-shorts,76000,20.000,0,5,0.500,0.500,0.400,K4o,flat,15.000000,32.898698,20.807292,17.898698,5.807292,0.520182,0.520182,25.000000,-43.000000,18.000000,-55.000000,37.000000,18.000000
9,two-shorts,76000,20.000,0,5,0.500,0.500,0.400,J7o,flat,15.000000,32.874609,20.742188,17.874609,5.742188,0.518555,0.518555,25.000000,-43.000000,18.000000,-55.000000,37.000000,18.000000
9,two-shorts,76000,20.000,0,5,0.500,0.500,0.400,K3o,flat,15.000000,32.860156,20.703125,17.860156,5.703125,0.517578,0.517578,25.000000,-43.000000,18.000000,-55.000000,37.000000,18.000000
9,two-shorts,76000,20.000,0,5,0.500,0.500,0.400,J4o,flat,15.000000,32.855339,20.690104,17.855339,5.690104,0.517253,0.517253,25.000000,-43.000000,18.000000,-55.000000,37.000000,18.000000
9,two-shorts,76000,20.000,0,5,0.500,0.500,0.400,88,flat,15.000000,32.850521,20.677083,17.850521,5.677083,0.516927,0.516927,25.000000,-43.000000,18.000000,-55.000000,37.000000,18.000000
9,two-shorts,76000,20.000,0,5,0.500,0.500,0.400,A7o,flat,15.000000,32.807161,20.559896,17.807161,5.559896,0.513997,0.513997,25.000000,-43.000000,18.000000,-55.000000,37.000000,18.000000
9,two-shorts,76000,20.000,0,5,0.500,0.500,0.400,Q3s,flat,15.000000,32.758984,20.429688,17.758984,5.429688,0.510742,0.510742,25.000000,-43.000000,18.000000,-55.000000,37.000000,18.000000
9,two-shorts,76000,20.000,0,5,0.500,0.500,0.400,J3s,flat,15.000000,32.730078,20.351562,17.730078,5.351562,0.508789,0.508789,25.000000,-43.000000,18.000000,-55.000000,37.000000,18.000000
9,two-shorts,76000,20.000,0,5,0.500,0.500,0.400,K6o,flat,15.000000,32.691536,20.247396,17.691536,5.247396,0.506185,0.506185,25.000000,-43.000000,18.000000,-55.000000,37.000000,18.000000
9,two-shorts,76000,20.000,0,5,0.500,0.500,0.400,Q5o,flat,15.000000,32.681901,20.221354,17.681901,5.221354,0.505534,0.505534,25.000000,-43.000000,18.000000,-55.000000,37.000000,18.000000
9,two-shorts,76000,20.000,0,5,0.500,0.500,0.400,J6o,flat,15.000000,32.672266,20.195312,17.672266,5.195312,0.504883,0.504883,25.000000,-43.000000,18.000000,-55.000000,37.000000,18.000000
9,two-shorts,76000,20.000,0,5,0.500,0.500,0.400,Q3o,flat,15.000000,32.648177,20.130208,17.648177,5.130208,0.503255,0.503255,25.000000,-43.000000,18.000000,-55.000000,37.000000,18.000000
9,two-shorts,76000,20.000,0,5,0.500,0.500,0.400,A2o,flat,15.000000,32.619271,20.052083,17.619271,5.052083,0.501302,0.501302,25.000000,-43.000000,18.000000,-55.000000,37.000000,18.000000
9,two-shorts,76000,20.000,0,5,0.500,0.500,0.400,Q4o,flat,15.000000,32.604818,20.013021,17.604818,5.013021,0.500326,0.500326,25.000000,-43.000000,18.000000,-55.000000,37.000000,18.000000
9,two-shorts,76000,20.000,0,5,0.500,0.500,0.400,Q7o,flat,15.000000,32.600000,20.000000,17.600000,5.000000,0.500000,0.500000,25.000000,-43.000000,18.000000,-55.000000,37.000000,18.000000
9,two-shorts,76000,20.000,0,5,0.500,0.500,0.400,J3o,flat,15.000000,32.600000,20.000000,17.600000,5.000000,0.500000,0.500000,25.000000,-43.000000,18.000000,-55.000000,37.000000,18.000000
9,two-shorts,76000,20.000,0,5,0.500,0.500,0.400,T9s,flat,15.000000,32.600000,20.000000,17.600000,5.000000,0.500000,0.500000,25.000000,-43.000000,18.000000,-55.000000,37.000000,18.000000
9,two-shorts,76000,20.000,0,5,0.500,0.500,0.400,66,flat,15.000000,32.571094,19.921875,17.571094,4.921875,0.498047,0.498047,25.000000,-43.000000,18.000000,-55.000000,37.000000,18.000000
9,two-shorts,76000,20.000,0,5,0.500,0.500,0.400,K2o,flat,15.000000,32.465104,19.635417,17.465104,4.635417,0.490885,0.490885,25.000000,-43.000000,18.000000,-55.000000,37.000000,18.000000
9,two-shorts,76000,20.000,0,5,0.500,0.500,0.400,K5o,flat,15.000000,32.441016,19.570312,17.441016,4.570312,0.489258,0.489258,25.000000,-43.000000,18.000000,-55.000000,37.000000,18.000000
9,two-shorts,76000,20.000,0,5,0.500,0.500,0.400,55,flat,15.000000,32.436198,19.557292,17.436198,4.557292,0.488932,0.488932,25.000000,-43.000000,18.000000,-55.000000,37.000000,18.000000
9,two-shorts,76000,20.000,0,5,0.500,0.500,0.400,33,flat,15.000000,32.310938,19.218750,17.310938,4.218750,0.480469,0.480469,25.000000,-43.000000,18.000000,-55.000000,37.000000,18.000000
9,two-shorts,76000,20.000,0,5,0.500,0.500,0.400,T9o,flat,15.000000,32.262760,19.088542,17.262760,4.088542,0.477214,0.477214,25.000000,-43.000000,18.000000,-55.000000,37.000000,18.000000
9,two-shorts,76000,20.000,0,5,0.500,0.500,0.400,22,flat,15.000000,32.070052,18.567708,17.070052,3.567708,0.464193,0.464193,25.000000,-43.000000,18.000000,-55.000000,37.000000,18.000000
9,two-shorts,76000,20.000,0,5,0.500,0.500,0.400,77,flat,15.000000,32.031510,18.463542,17.031510,3.463542,0.461589,0.461589,25.000000,-43.000000,18.000000,-55.000000,37.000000,18.000000
9,two-shorts,76000,20.000,0,5,0.500,0.500,0.400,44,flat,15.000000,31.694271,17.552083,16.694271,2.552083,0.438802,0.438802,25.000000,-43.000000,18.000000,-55.000000,37.000000,18.000000
9,two-shorts,76000,20.000,0,5,0.500,0.500,0.400,76s,flat,15.000000,30.807813,15.156250,15.807813,0.156250,0.378906,0.378906,25.000000,-43.000000,18.000000,-55.000000,37.000000,18.000000
9,two-shorts,76000,20.000,0,5,0.500,0.500,0.400,72s,flat,15.000000,30.634375,14.687500,15.634375,-0.312500,0.367188,0.367188,25.000000,-43.000000,18.000000,-55.000000,37.000000,18.000000
9,two-shorts,76000,20.000,0,5,0.500,0.500,0.400,75s,flat,15.000000,30.547656,14.453125,15.547656,-0.546875,0.361328,0.361328,25.000000,-43.000000,18.000000,-55.000000,37.000000,18.000000
9,two-shorts,76000,20.000,0,5,0.500,0.500,0.400,42s,flat,15.000000,30.533203,14.414062,15.533203,-0.585938,0.360352,0.360352,25.000000,-43.000000,18.000000,-55.000000,37.000000,18.000000
9,two-shorts,76000,20.000,0,5,0.500,0.500,0.400,54o,flat,15.000000,30.523568,14.388021,15.523568,-0.611979,0.359701,0.359701,25.000000,-43.000000,18.000000,-55.000000,37.000000,18.000000
9,two-shorts,76000,20.000,0,5,0.500,0.500,0.400,76o,flat,15.000000,30.513932,14.361979,15.513932,-0.638021,0.359049,0.359049,25.000000,-43.000000,18.000000,-55.000000,37.000000,18.000000
9,two-shorts,76000,20.000,0,5,0.500,0.500,0.400,43s,flat,15.000000,30.460938,14.218750,15.460938,-0.781250,0.355469,0.355469,25.000000,-43.000000,18.000000,-55.000000,37.000000,18.000000
9,two-shorts,76000,20.000,0,5,0.500,0.500,0.400,52s,flat,15.000000,30.417578,14.101562,15.417578,-0.898438,0.352539,0.352539,25.000000,-43.000000,18.000000,-55.000000,37.000000,18.000000
9,two-shorts,76000,20.000,0,5,0.500,0.500,0.400,T3s,flat,15.000000,30.383854,14.010417,15.383854,-0.989583,0.350260,0.350260,25.000000,-43.000000,18.000000,-55.000000,37.000000,18.000000
9,two-shorts,76000,20.000,0,5,0.500,0.500,0.400,86s,flat,15.000000,30.374219,13.984375,15.374219,-1.015625,0.349609,0.349609,25.000000,-43.000000,18.000000,-55.000000,37.000000,18.000000
9,two-shorts,76000,20.000,0,5,0.500,0.500,0.400,73s,flat,15.000000,30.374219,13.984375,15.374219,-1.015625,0.349609,0.349609,25.000000,-43.000000,18.000000,-55.000000,37.000000,18.000000
9,two-shorts,76000,20.000,0,5,0.500,0.500,0.400,87o,flat,15.000000,30.345312,13.906250,15.345312,-1.093750,0.347656,0.347656,25.000000,-43.000000,18.000000,-55.000000,37.000000,18.000000
9,two-shorts,76000,20.000,0,5,0.500,0.500,0.400,85s,flat,15.000000,30.345312,13.906250,15.345312,-1.093750,0.347656,0.347656,25.000000,-43.000000,18.000000,-55.000000,37.000000,18.000000
9,two-shorts,76000,20.000,0,5,0.500,0.500,0.400,74s,flat,15.000000,30.316406,13.828125,15.316406,-1.171875,0.345703,0.345703,25.000000,-43.000000,18.000000,-55.000000,37.000000,18.000000
9,two-shorts,76000,20.000,0,5,0.500,0.500,0.400,63s,flat,15.000000,30.316406,13.828125,15.316406,-1.171875,0.345703,0.345703,25.000000,-43.000000,18.000000,-55.000000,37.000000,18.000000
9,two-shorts,76000,20.000,0,5,0.500,0.500,0.400,T8s,flat,15.000000,30.306771,13.802083,15.306771,-1.197917,0.345052,0.345052,25.000000,-43.000000,18.000000,-55.000000,37.000000,18.000000
9,two-shorts,76000,20.000,0,5,0.500,0.500,0.400,65s,flat,15.000000,30.287500,13.750000,15.287500,-1.250000,0.343750,0.343750,25.000000,-43.000000,18.000000,-55.000000,37.000000,18.000000
9,two-shorts,76000,20.000,0,5,0.500,0.500,0.400,53s,flat,15.000000,30.244141,13.632812,15.244141,-1.367188,0.340820,0.340820,25.000000,-43.000000,18.000000,-55.000000,37.000000,18.000000
9,two-shorts,76000,20.000,0,5,0.500,0.500,0.400,87s,flat,15.000000,30.186328,13.476562,15.186328,-1.523438,0.336914,0.336914,25.000000,-43.000000,18.000000,-55.000000,37.000000,18.000000
9,two-shorts,76000,20.000,0,5,0.500,0.500,0.400,53o,flat,15.000000,30.181510,13.463542,15.181510,-1.536458,0.336589,0.336589,25.000000,-43.000000,18.000000,-55.000000,37.000000,18.000000
9,two-shorts,76000,20.000,0,5,0.500,0.500,0.400,65o,flat,15.000000,30.171875,13.437500,15.171875,-1.562500,0.335938,0.335938,25.000000,-43.000000,18.000000,-55.000000,37.000000,18.000000
9,two-shorts,76000,20.000,0,5,0.500,0.500,0.400,52o,flat,15.000000,30.104427,13.255208,15.104427,-1.744792,0.331380,0.331380,25.000000,-43.000000,18.000000,-55.000000,37.000000,18.000000
9,two-shorts,76000,20.000,0,5,0.500,0.500,0.400,32o,flat,15.000000,30.089974,13.216146,15.089974,-1.783854,0.330404,0.330404,25.000000,-43.000000,18.000000,-55.000000,37.000000,18.000000
9,two-shorts,76000,20.000,0,5,0.500,0.500,0.400,64o,flat,15.000000,30.051432,13.111979,15.051432,-1.888021,0.327799,0.327799,25.000000,-43.000000,18.000000,-55.000000,37.000000,18.000000
9,two-shorts,76000,20.000,0,5,0.500,0.500,0.400,84s,flat,15.000000,30.041797,13.085938,15.041797,-1.914062,0.327148,0.327148,25.000000,-43.000000,18.000000,-55.000000,37.000000,18.000000
9,two-shorts,76000,20.000,0,5,0.500,0.500,0.400,62s,flat,15.000000,30.027344,13.046875,15.027344,-1.953125,0.326172,0.326172,25.000000,-43.000000,18.000000,-55.000000,37.000000,18.000000
9,two-shorts,76000,20.000,0,5,0.500,0.500,0.400,63o,flat,15.000000,30.017708,13.020833,15.017708,-1.979167,0.325521,0.325521,25.000000,-43.000000,18.000000,-55.000000,37.000000,18.000000
9,two-shorts,76000,20.000,0,5,0.500,0.500,0.400,42o,flat,15.000000,29.998438,12.968750,14.998438,-2.031250,0.324219,0.324219,25.000000,-43.000000,18.000000,-55.000000,37.000000,18.000000
9,two-shorts,76000,20.000,0,5,0.500,0.500,0.400,43o,flat,15.000000,29.988802,12.942708,14.988802,-2.057292,0.323568,0.323568,25.000000,-43.000000,18.000000,-55.000000,37.000000,18.000000
9,two-shorts,76000,20.000,0,5,0.500,0.500,0.400,54s,flat,15.000000,29.983984,12.929688,14.983984,-2.070312,0.323242,0.323242,25.000000,-43.000000,18.000000,-55.000000,37.000000,18.000000
9,two-shorts,76000,20.000,0,5,0.500,0.500,0.400,T6s,flat,15.000000,29.979167,12.916667,14.979167,-2.083333,0.322917,0.322917,25.000000,-43.000000,18.000000,-55.000000,37.000000,18.000000
9,two-shorts,76000,20.000,0,5,0.500,0.500,0.400,92s,flat,15.000000,29.979167,12.916667,14.979167,-2.083333,0.322917,0.322917,25.000000,-43.000000,18.000000,-55.000000,37.000000,18.000000
9,two-shorts,76000,20.000,0,5,0.500,0.500,0.400,62o,flat,15.000000,29.950260,12.838542,14.950260,-2.161458,0.320964,0.320964,25.000000,-43.000000,18.000000,-55.000000,37.000000,18.000000
9,two-shorts,76000,20.000,0,5,0.500,0.500,0.400,96s,flat,15.000000,29.940625,12.812500,14.940625,-2.187500,0.320312,0.320312,25.000000,-43.000000,18.000000,-55.000000,37.000000,18.000000
9,two-shorts,76000,20.000,0,5,0.500,0.500,0.400,75o,flat,15.000000,29.935807,12.799479,14.935807,-2.200521,0.319987,0.319987,25.000000,-43.000000,18.000000,-55.000000,37.000000,18.000000
9,two-shorts,76000,20.000,0,5,0.500,0.500,0.400,86o,flat,15.000000,29.892448,12.682292,14.892448,-2.317708,0.317057,0.317057,25.000000,-43.000000,18.000000,-55.000000,37.000000,18.000000
9,two-shorts,76000,20.000,0,5,0.500,0.500,0.400,T2s,flat,15.000000,29.882812,12.656250,14.882812,-2.343750,0.316406,0.316406,25.000000,-43.000000,18.000000,-55.000000,37.000000,18.000000
9,two-shorts,76000,20.000,0,5,0.500,0.500,0.400,82s,flat,15.000000,29.853906,12.578125,14.853906,-2.421875,0.314453,0.314453,25.000000,-43.000000,18.000000,-55.000000,37.000000,18.000000
9,two-shorts,76000,20.000,0,5,0.500,0.500,0.400,83s,flat,15.000000,29.839453,12.539062,14.839453,-2.460938,0.313477,0.313477,25.000000,-43.000000,18.000000,-55.000000,37.000000,18.000000
9,two-shorts,76000,20.000,0,5,0.500,0.500,0.400,T7s,flat,15.000000,29.805729,12.447917,14.805729,-2.552083,0.311198,0.311198,25.000000,-43.000000,18.000000,-55.000000,37.000000,18.000000
9,two-shorts,76000,20.000,0,5,0.500,0.500,0.400,T5s,flat,15.000000,29.728646,12.239583,14.728646,-2.760417,0.305990,0.305990,25.000000,-43.000000,18.000000,-55.000000,37.000000,18.000000
9,two-shorts,76000,20.000,0,5,0.500,0.500,0.400,85o,flat,15.000000,29.685286,12.122396,14.685286,-2.877604,0.303060,0.303060,25.000000,-43.000000,18.000000,-55.000000,37.000000,18.000000
9,two-shorts,76000,20.000,0,5,0.500,0.500,0.400,84o,flat,15.000000,29.675651,12.096354,14.675651,-2.903646,0.302409,0.302409,25.000000,-43.000000,18.000000,-55.000000,37.000000,18.000000
9,two-shorts,76000,20.000,0,5,0.500,0.500,0.400,T4s,flat,15.000000,29.670833,12.083333,14.670833,-2.916667,0.302083,0.302083,25.000000,-43.000000,18.000000,-55.000000,37.000000,18.000000
9,two-shorts,76000,20.000,0,5,0.500,0.500,0.400,93s,flat,15.000000,29.670833,12.083333,14.670833,-2.916667,0.302083,0.302083,25.000000,-43.000000,18.000000,-55.000000,37.000000,18.000000
9,two-shorts,76000,20.000,0,5,0.500,0.500,0.400,73o,flat,15.000000,29.646745,12.018229,14.646745,-2.981771,0.300456,0.300456,25.000000,-43.000000,18.000000,-55.000000,37.000000,18.000000
9,two-shorts,76000,20.000,0,5,0.500,0.500,0.400,74o,flat,15.000000,29.608203,11.914062,14.608203,-3.085938,0.297852,0.297852,25.000000,-43.000000,18.000000,-55.000000,37.000000,18.000000
9,two-shorts,76000,20.000,0,5,0.500,0.500,0.400,97s,flat,15.000000,29.593750,11.875000,14.593750,-3.125000,0.296875,0.296875,25.000000,-43.000000,18.000000,-55.000000,37.000000,18.000000
9,two-shorts,76000,20.000,0,5,0.500,0.500,0.400,94s,flat,15.000000,29.574479,11.822917,14.574479,-3.177083,0.295573,0.295573,25.000000,-43.000000,18.000000,-55.000000,37.000000,18.000000
9,two-shorts,76000,20.000,0,5,0.500,0.500,0.400,95s,flat,15.000000,29.497396,11.614583,14.497396,-3.385417,0.290365,0.290365,25.000000,-43.000000,18.000000,-55.000000,37.000000,18.000000
9,two-shorts,76000,20.000,0,5,0.500,0.500,0.400,T6o,flat,15.000000,29.490972,11.597222,14.490972,-3.402778,0.289931,0.289931,25.000000,-43.000000,18.000000,-55.000000,37.000000,18.000000
9,two-shorts,76000,20.000,0,5,0.500,0.500,0.400,T2o,flat,15.000000,29.490972,11.597222,14.490972,-3.402778,0.289931,0.289931,25.000000,-43.000000,18.000000,-55.000000,37.000000,18.000000
9,two-shorts,76000,20.000,0,5,0.500,0.500,0.400,T5o,flat,15.000000,29.478125,11.562500,14.478125,-3.437500,0.289062,0.289062,25.000000,-43.000000,18.000000,-55.000000,37.000000,18.000000
9,two-shorts,76000,20.000,0,5,0.500,0.500,0.400,72o,flat,15.000000,29.468490,11.536458,14.468490,-3.463542,0.288411,0.288411,25.000000,-43.000000,18.000000,-55.000000,37.000000,18.000000
9,two-shorts,76000,20.000,0,5,0.500,0.500,0.400,T8o,flat,15.000000,29.465278,11.527778,14.465278,-3.472222,0.288194,0.288194,25.000000,-43.000000,18.000000,-55.000000,37.000000,18.000000
9,two-shorts,76000,20.000,0,5,0.500,0.500,0.400,98s,flat,15.000000,29.458854,11.510417,14.458854,-3.489583,0.287760,0.287760,25.000000,-43.000000,18.000000,-55.000000,37.000000,18.000000
9,two-shorts,76000,20.000,0,5,0.500,0.500,0.400,64s,flat,15.000000,29.449219,11.484375,14.449219,-3.515625,0.287109,0.287109,25.000000,-43.000000,18.000000,-55.000000,37.000000,18.000000
9,two-shorts,76000,20.000,0,5,0.500,0.500,0.400,T7o,flat,15.000000,29.401042,11.354167,14.401042,-3.645833,0.283854,0.283854,25.000000,-43.000000,18.000000,-55.000000,37.000000,18.000000
9,two-shorts,76000,20.000,0,5,0.500,0.500,0.400,82o,flat,15.000000,29.362500,11.250000,14.362500,-3.750000,0.281250,0.281250,25.000000,-43.000000,18.000000,-55.000000,37.000000,18.000000
9,two-shorts,76000,20.000,0,5,0.500,0.500,0.400,83o,flat,15.000000,29.319141,11.132812,14.319141,-3.867188,0.278320,0.278320,25.000000,-43.000000,18.000000,-55.000000,37.000000,18.000000
9,two-shorts,76000,20.000,0,5,0.500,0.500,0.400,32s,flat,15.000000,29.261328,10.976562,14.261328,-4.023438,0.274414,0.274414,25.000000,-43.000000,18.000000,-55.000000,37.000000,18.000000
9,two-shorts,76000,20.000,0,5,0.500,0.500,0.400,T4o,flat,15.000000,29.253299,10.954861,14.253299,-4.045139,0.273872,0.273872,25.000000,-43.000000,18.000000,-55.000000,37.000000,18.000000
9,two-shorts,76000,20.000,0,5,0.500,0.500,0.400,T3o,flat,15.000000,29.227604,10.885417,14.227604,-4.114583,0.272135,0.272135,25.000000,-43.000000,18.000000,-55.000000,37.000000,18.000000
9,two-shorts,76000,20.000,0,5,0.500,0.500,0.400,93o,flat,15.000000,29.189062,10.781250,14.189062,-4.218750,0.269531,0.269531,25.000000,-43.000000,18.000000,-55.000000,37.000000,18.000000
9,two-shorts,76000,20.000,0,5,0.500,0.500,0.400,98o,flat,15.000000,29.067014,10.451389,14.067014,-4.548611,0.261285,0.261285,25.000000,-43.000000,18.000000,-55.000000,37.000000,18.000000
9,two-shorts,76000,20.000,0,5,0.500,0.500,0.400,96o,flat,15.000000,29.022049,10.329861,14.022049,-4.670139,0.258247,0.258247,25.000000,-43.000000,18.000000,-55.000000,37.000000,18.000000
9,two-shorts,76000,20.000,0,5,0.500,0.500,0.400,97o,flat,15.000000,29.015625,10.312500,14.015625,-4.687500,0.257812,0.257812,25.000000,-43.000000,18.000000,-55.000000,37.000000,18.000000
9,two-shorts,76000,20.000,0,5,0.500,0.500,0.400,94o,flat,15.000000,28.925694,10.069444,13.925694,-4.930556,0.251736,0.251736,25.000000,-43.000000,18.000000,-55.000000,37.000000,18.000000
9,two-shorts,76000,20.000,0,5,0.500,0.500,0.400,92o,flat,15.000000,28.771528,9.652778,13.771528,-5.347222,0.241319,0.241319,25.000000,-43.000000,18.000000,-55.000000,37.000000,18.000000
9,two-shorts,76000,20.000,0,5,0.500,0.500,0.400,95o,flat,15.000000,28.559549,9.079861,13.559549,-5.920139,0.226997,0.226997,25.000000,-43.000000,18.000000,-55.000000,37.000000,18.000000
9,defender-short,76000,20.000,0,5,0.500,0.050,0.400,QQ,jam,-40.000000,-40.000000,-39.078559,0.000000,0.921441,0.817057,0.837674,22.000000,-80.000000,58.000000,0.000000,0.000000,0.000000
9,defender-short,76000,20.000,0,5,0.500,0.050,0.400,JJ,jam,-40.000000,-40.000000,-39.096701,0.000000,0.903299,0.826172,0.821181,22.000000,-80.000000,58.000000,0.000000,0.000000,0.000000
9,defender-short,76000,20.000,0,5,0.500,0.050,0.400,TT,jam,-40.000000,-40.000000,-39.099089,0.000000,0.900911,0.816406,0.819010,22.000000,-80.000000,58.000000,0.000000,0.000000,0.000000
9,defender-short,76000,20.000,0,5,0.500,0.050,0.400,KK,jam,-40.000000,-40.000000,-39.100521,0.000000,0.899479,0.780599,0.817708,22.000000,-80.000000,58.000000,0.000000,0.000000,0.000000
9,defender-short,76000,20.000,0,5,0.500,0.050,0.400,AA,jam,-40.000000,-40.000000,-39.103863,0.000000,0.896137,0.787760,0.814670,22.000000,-80.000000,58.000000,0.000000,0.000000,0.000000
9,defender-short,76000,20.000,0,5,0.500,0.050,0.400,AQs,jam,-40.000000,-40.000000,-39.447852,0.000000,0.552148,0.641602,0.501953,22.000000,-80.000000,58.000000,0.000000,0.000000,0.000000
9,defender-short,76000,20.000,0,5,0.500,0.050,0.400,99,jam,-40.000000,-40.000000,-39.450000,0.000000,0.550000,0.621094,0.500000,22.000000,-80.000000,58.000000,0.000000,0.000000,0.000000
9,defender-short,76000,20.000,0,5,0.500,0.050,0.400,KQs,jam,-40.000000,-40.000000,-39.458594,0.000000,0.541406,0.657227,0.492188,22.000000,-80.000000,58.000000,0.000000,0.000000,0.000000
9,defender-short,76000,20.000,0,5,0.500,0.050,0.400,JTs,jam,-40.000000,-40.000000,-39.460026,0.000000,0.539974,0.703125,0.490885,22.000000,-80.000000,58.000000,0.000000,0.000000,0.000000
9,defender-short,76000,20.000,0,5,0.500,0.050,0.400,QJs,jam,-40.000000,-40.000000,-39.475781,0.000000,0.524219,0.656250,0.476562,22.000000,-80.000000,58.000000,0.000000,0.000000,0.000000
9,defender-short,76000,20.000,0,5,0.500,0.050,0.400,QTs,jam,-40.000000,-40.000000,-39.479362,0.000000,0.520638,0.696615,0.473307,22.000000,-80.000000,58.000000,0.000000,0.000000,0.000000
9,defender-short,76000,20.000,0,5,0.500,0.050,0.400,ATs,jam,-40.000000,-40.000000,-39.482227,0.000000,0.517773,0.682292,0.470703,22.000000,-80.000000,58.000000,0.000000,0.000000,0.000000
9,defender-short,76000,20.000,0,5,0.500,0.050,0.400,AJs,jam,-40.000000,-40.000000,-39.485091,0.000000,0.514909,0.640625,0.468099,22.000000,-80.000000,58.000000,0.000000,0.000000,0.000000
9,defender-short,76000,20.000,0,5,0.500,0.050,0.400,KTs,jam,-40.000000,-40.000000,-39.486523,0.000000,0.513477,0.671875,0.466797,22.000000,-80.000000,58.000000,0.000000,0.000000,0.000000
9,defender-short,76000,20.000,0,5,0.500,0.050,0.400,AJo,jam,-40.000000,-40.000000,-39.487717,0.000000,0.512283,0.606771,0.465712,22.000000,-80.000000,58.000000,0.000000,0.000000,0.000000
9,defender-short,76000,20.000,0,5,0.500,0.050,0.400,AKs,jam,-40.000000,-40.000000,-39.497266,0.000000,0.502734,0.636719,0.457031,22.000000,-80.000000,58.000000,0.000000,0.000000,0.000000
9,defender-short,76000,20.000,0,5,0.500,0.050,0.400,QJo,jam,-40.000000,-40.000000,-39.499891,0.000000,0.500109,0.622396,0.454644,22.000000,-80.000000,58.000000,0.000000,0.000000,0.000000
9,defender-short,76000,20.000,0,5,0.500,0.050,0.400,QTo,jam,-40.000000,-40.000000,-39.501801,0.000000,0.498199,0.667535,0.452908,22.000000,-80.000000,58.000000,0.000000,0.000000,0.000000
9,defender-short,76000,20.000,0,5,0.500,0.050,0.400,JTo,jam,-40.000000,-40.000000,-39.503950,0.000000,0.496050,0.693142,0.450955,22.000000,-80.000000,58.000000,0.000000,0.000000,0.000000
9,defender-short,76000,20.000,0,5,0.500,0.050,0.400,KJs,jam,-40.000000,-40.000000,-39.504427,0.000000,0.495573,0.649414,0.450521,22.000000,-80.000000,58.000000,0.000000,0.000000,0.000000
9,defender-short,76000,20.000,0,5,0.500,0.050,0.400,AQo,jam,-40.000000,-40.000000,-39.512543,0.000000,0.487457,0.577799,0.443142,22.000000,-80.000000,58.000000,0.000000,0.000000,0.000000
9,defender-short,76000,20.000,0,5,0.500,0.050,0.400,ATo,jam,-40.000000,-40.000000,-39.515408,0.000000,0.484592,0.698351,0.440538,22.000000,-80.000000,58.000000,0.000000,0.000000,0.000000
9,defender-short,76000,20.000,0,5,0.500,0.050,0.400,KJo,jam,-40.000000,-40.000000,-39.517795,0.000000,0.482205,0.595378,0.438368,22.000000,-80.000000,58.000000,0.000000,0.000000,0.000000
9,defender-short,76000,20.000,0,5,0.500,0.050,0.400,KTo,jam,-40.000000,-40.000000,-39.519466,0.000000,0.480534,0.683594,0.436849,22.000000,-80.000000,58.000000,0.000000,0.000000,0.000000
9,defender-short,76000,20.000,0,5,0.500,0.050,0.400,AKo,jam,-40.000000,-40.000000,-39.521853,0.000000,0.478147,0.573242,0.434679,22.000000,-80.000000,58.000000,0.000000,0.000000,0.000000
9,defender-short,76000,20.000,0,5,0.500,0.050,0.400,KQo,jam,-40.000000,-40.000000,-39.525673,0.000000,0.474327,0.599609,0.431207,22.000000,-80.000000,58.000000,0.000000,0.000000,0.000000
9,defender-short,76000,20.000,0,5,0.500,0.050,0.400,T9o,jam,-40.000000,-40.000000,-39.580339,0.000000,0.419661,0.477214,0.381510,22.000000,-80.000000,58.000000,0.000000,0.000000,0.000000
9,defender-short,76000,20.000,0,5,0.500,0.050,0.400,T9s,jam,-40.000000,-40.000000,-39.583203,0.000000,0.416797,0.500000,0.378906,22.000000,-80.000000,58.000000,0.000000,0.000000,0.000000
9,defender-short,76000,20.000,0,5,0.500,0.050,0.400,A4s,jam,-40.000000,-40.000000,-39.595378,0.000000,0.404622,0.540039,0.367839,22.000000,-80.000000,58.000000,0.000000,0.000000,0.000000
9,defender-short,76000,20.000,0,5,0.500,0.050,0.400,A5s,jam,-40.000000,-40.000000,-39.601107,0.000000,0.398893,0.542969,0.362630,22.000000,-80.000000,58.000000,0.000000,0.000000,0.000000
9,defender-short,76000,20.000,0,5,0.500,0.050,0.400,Q9s,jam,-40.000000,-40.000000,-39.604687,0.000000,0.395313,0.664062,0.359375,22.000000,-80.000000,58.000000,0.000000,0.000000,0.000000
9,defender-short,76000,20.000,0,5,0.500,0.050,0.400,J9s,jam,-40.000000,-40.000000,-39.611849,0.000000,0.388151,0.746094,0.352865,22.000000,-80.000000,58.000000,0.000000,0.000000,0.000000
9,defender-short,76000,20.000,0,5,0.500,0.050,0.400,Q3s,jam,-40.000000,-40.000000,-39.616146,0.000000,0.383854,0.510742,0.348958,22.000000,-80.000000,58.000000,0.000000,0.000000,0.000000
9,defender-short,76000,20.000,0,5,0.500,0.050,0.400,J8s,jam,-40.000000,-40.000000,-39.617578,0.000000,0.382422,0.588867,0.347656,22.000000,-80.000000,58.000000,0.000000,0.000000,0.000000
9,defender-short,76000,20.000,0,5,0.500,0.050,0.400,T6s,jam,-40.000000,-40.000000,-39.617578,0.000000,0.382422,0.322917,0.347656,22.000000,-80.000000,58.000000,0.000000,0.000000,0.000000
9,defender-short,76000,20.000,0,5,0.500,0.050,0.400,T8s,jam,-40.000000,-40.000000,-39.618294,0.000000,0.381706,0.345052,0.347005,22.000000,-80.000000,58.000000,0.000000,0.000000,0.000000
9,defender-short,76000,20.000,0,5,0.500,0.050,0.400,K7s,jam,-40.000000,-40.000000,-39.623307,0.000000,0.376693,0.549805,0.342448,22.000000,-80.000000,58.000000,0.000000,0.000000,0.000000
9,defender-short,76000,20.000,0,5,0.500,0.050,0.400,K9s,jam,-40.000000,-40.000000,-39.624740,0.000000,0.375260,0.658854,0.341146,22.000000,-80.000000,58.000000,0.000000,0.000000,0.000000
9,defender-short,76000,20.000,0,5,0.500,0.050,0.400,J6s,jam,-40.000000,-40.000000,-39.624740,0.000000,0.375260,0.594727,0.341146,22.000000,-80.000000,58.000000,0.000000,0.000000,0.000000
9,defender-short,76000,20.000,0,5,0.500,0.050,0.400,Q9o,jam,-40.000000,-40.000000,-39.627127,0.000000,0.372873,0.673611,0.338976,22.000000,-80.000000,58.000000,0.000000,0.000000,0.000000
9,defender-short,76000,20.000,0,5,0.500,0.050,0.400,A9s,jam,-40.000000,-40.000000,-39.629036,0.000000,0.370964,0.684896,0.337240,22.000000,-80.000000,58.000000,0.000000,0.000000,0.000000
9,defender-short,76000,20.000,0,5,0.500,0.050,0.400,K5s,jam,-40.000000,-40.000000,-39.631185,0.000000,0.368815,0.578125,0.335286,22.000000,-80.000000,58.000000,0.000000,0.000000,0.000000
9,defender-short,76000,20.000,0,5,0.500,0.050,0.400,J5s,jam,-40.000000,-40.000000,-39.632617,0.000000,0.367383,0.549805,0.333984,22.000000,-80.000000,58.000000,0.000000,0.000000,0.000000
9,defender-short,76000,20.000,0,5,0.500,0.050,0.400,Q8s,jam,-40.000000,-40.000000,-39.637630,0.000000,0.362370,0.588867,0.329427,22.000000,-80.000000,58.000000,0.000000,0.000000,0.000000
9,defender-short,76000,20.000,0,5,0.500,0.050,0.400,Q7s,jam,-40.000000,-40.000000,-39.639063,0.000000,0.360937,0.577148,0.328125,22.000000,-80.000000,58.000000,0.000000,0.000000,0.000000
9,defender-short,76000,20.000,0,5,0.500,0.050,0.400,T5s,jam,-40.000000,-40.000000,-39.639063,0.000000,0.360937,0.305990,0.328125,22.000000,-80.000000,58.000000,0.000000,0.000000,0.000000
9,defender-short,76000,20.000,0,5,0.500,0.050,0.400,A6s,jam,-40.000000,-40.000000,-39.642643,0.000000,0.357357,0.564453,0.324870,22.000000,-80.000000,58.000000,0.000000,0.000000,0.000000
9,defender-short,76000,20.000,0,5,0.500,0.050,0.400,K3s,jam,-40.000000,-40.000000,-39.642643,0.000000,0.357357,0.526367,0.324870,22.000000,-80.000000,58.000000,0.000000,0.000000,0.000000
9,defender-short,76000,20.000,0,5,0.500,0.050,0.400,A3s,jam,-40.000000,-40.000000,-39.643359,0.000000,0.356641,0.582031,0.324219,22.000000,-80.000000,58.000000,0.000000,0.000000,0.000000
9,defender-short,76000,20.000,0,5,0.500,0.050,0.400,A2s,jam,-40.000000,-40.000000,-39.643359,0.000000,0.356641,0.566406,0.324219,22.000000,-80.000000,58.000000,0.000000,0.000000,0.000000
9,defender-short,76000,20.000,0,5,0.500,0.050,0.400,K8s,jam,-40.000000,-40.000000,-39.644792,0.000000,0.355208,0.541016,0.322917,22.000000,-80.000000,58.000000,0.000000,0.000000,0.000000
9,defender-short,76000,20.000,0,5,0.500,0.050,0.400,A8s,jam,-40.000000,-40.000000,-39.646940,0.000000,0.353060,0.584961,0.320964,22.000000,-80.000000,58.000000,0.000000,0.000000,0.000000
9,defender-short,76000,20.000,0,5,0.500,0.050,0.400,J2s,jam,-40.000000,-40.000000,-39.649805,0.000000,0.350195,0.525391,0.318359,22.000000,-80.000000,58.000000,0.000000,0.000000,0.000000
9,defender-short,76000,20.000,0,5,0.500,0.050,0.400,K2s,jam,-40.000000,-40.000000,-39.654102,0.000000,0.345898,0.544922,0.314453,22.000000,-80.000000,58.000000,0.000000,0.000000,0.000000
9,defender-short,76000,20.000,0,5,0.500,0.050,0.400,T7s,jam,-40.000000,-40.000000,-39.655534,0.000000,0.344466,0.311198,0.313151,22.000000,-80.000000,58.000000,0.000000,0.000000,0.000000
9,defender-short,76000,20.000,0,5,0.500,0.050,0.400,A5o,jam,-40.000000,-40.000000,-39.657444,0.000000,0.342556,0.526693,0.311415,22.000000,-80.000000,58.000000,0.000000,0.000000,0.000000
9,defender-short,76000,20.000,0,5,0.500,0.050,0.400,T5o,jam,-40.000000,-40.000000,-39.657444,0.000000,0.342556,0.289062,0.311415,22.000000,-80.000000,58.000000,0.000000,0.000000,0.000000
9,defender-short,76000,20.000,0,5,0.500,0.050,0.400,T3s,jam,-40.000000,-40.000000,-39.657682,0.000000,0.342318,0.350260,0.311198,22.000000,-80.000000,58.000000,0.000000,0.000000,0.000000
9,defender-short,76000,20.000,0,5,0.500,0.050,0.400,A7s,jam,-40.000000,-40.000000,-39.659831,0.000000,0.340169,0.550781,0.309245,22.000000,-80.000000,58.000000,0.000000,0.000000,0.000000
9,defender-short,76000,20.000,0,5,0.500,0.050,0.400,K4s,jam,-40.000000,-40.000000,-39.660547,0.000000,0.339453,0.532227,0.308594,22.000000,-80.000000,58.000000,0.000000,0.000000,0.000000
9,defender-short,76000,20.000,0,5,0.500,0.050,0.400,Q5s,jam,-40.000000,-40.000000,-39.660547,0.000000,0.339453,0.554688,0.308594,22.000000,-80.000000,58.000000,0.000000,0.000000,0.000000
9,defender-short,76000,20.000,0,5,0.500,0.050,0.400,A9o,jam,-40.000000,-40.000000,-39.661024,0.000000,0.338976,0.658420,0.308160,22.000000,-80.000000,58.000000,0.000000,0.000000,0.000000
9,defender-short,76000,20.000,0,5,0.500,0.050,0.400,A7o,jam,-40.000000,-40.000000,-39.661502,0.000000,0.338498,0.513997,0.307726,22.000000,-80.000000,58.000000,0.000000,0.000000,0.000000
9,defender-short,76000,20.000,0,5,0.500,0.050,0.400,Q2s,jam,-40.000000,-40.000000,-39.662695,0.000000,0.337305,0.537109,0.306641,22.000000,-80.000000,58.000000,0.000000,0.000000,0.000000
9,defender-short,76000,20.000,0,5,0.500,0.050,0.400,K6s,jam,-40.000000,-40.000000,-39.663411,0.000000,0.336589,0.553711,0.305990,22.000000,-80.000000,58.000000,0.000000,0.000000,0.000000
9,defender-short,76000,20.000,0,5,0.500,0.050,0.400,J4s,jam,-40.000000,-40.000000,-39.664128,0.000000,0.335872,0.597656,0.305339,22.000000,-80.000000,58.000000,0.000000,0.000000,0.000000
9,defender-short,76000,20.000,0,5,0.500,0.050,0.400,J9o,jam,-40.000000,-40.000000,-39.664844,0.000000,0.335156,0.670139,0.304688,22.000000,-80.000000,58.000000,0.000000,0.000000,0.000000
9,defender-short,76000,20.000,0,5,0.500,0.050,0.400,T4s,jam,-40.000000,-40.000000,-39.665560,0.000000,0.334440,0.302083,0.304036,22.000000,-80.000000,58.000000,0.000000,0.000000,0.000000
9,defender-short,76000,20.000,0,5,0.500,0.050,0.400,J7o,jam,-40.000000,-40.000000,-39.666037,0.000000,0.333963,0.518555,0.303602,22.000000,-80.000000,58.000000,0.000000,0.000000,0.000000
9,defender-short,76000,20.000,0,5,0.500,0.050,0.400,Q6s,jam,-40.000000,-40.000000,-39.666276,0.000000,0.333724,0.558594,0.303385,22.000000,-80.000000,58.000000,0.000000,0.000000,0.000000
9,defender-short,76000,20.000,0,5,0.500,0.050,0.400,Q4s,jam,-40.000000,-40.000000,-39.666276,0.000000,0.333724,0.548828,0.303385,22.000000,-80.000000,58.000000,0.000000,0.000000,0.000000
9,defender-short,76000,20.000,0,5,0.500,0.050,0.400,Q4o,jam,-40.000000,-40.000000,-39.666753,0.000000,0.333247,0.500326,0.302951,22.000000,-80.000000,58.000000,0.000000,0.000000,0.000000
9,defender-short,76000,20.000,0,5,0.500,0.050,0.400,A2o,jam,-40.000000,-40.000000,-39.668424,0.000000,0.331576,0.501302,0.301432,22.000000,-80.000000,58.000000,0.000000,0.000000,0.000000
9,defender-short,76000,20.000,0,5,0.500,0.050,0.400,A4o,jam,-40.000000,-40.000000,-39.671050,0.000000,0.328950,0.523438,0.299045,22.000000,-80.000000,58.000000,0.000000,0.000000,0.000000
9,defender-short,76000,20.000,0,5,0.500,0.050,0.400,T7o,jam,-40.000000,-40.000000,-39.671528,0.000000,0.328472,0.283854,0.298611,22.000000,-80.000000,58.000000,0.000000,0.000000,0.000000
9,defender-short,76000,20.000,0,5,0.500,0.050,0.400,Q8o,jam,-40.000000,-40.000000,-39.671766,0.000000,0.328234,0.537760,0.298394,22.000000,-80.000000,58.000000,0.000000,0.000000,0.000000
9,defender-short,76000,20.000,0,5,0.500,0.050,0.400,J7s,jam,-40.000000,-40.000000,-39.673437,0.000000,0.326563,0.568359,0.296875,22.000000,-80.000000,58.000000,0.000000,0.000000,0.000000
9,defender-short,76000,20.000,0,5,0.500,0.050,0.400,T8o,jam,-40.000000,-40.000000,-39.673915,0.000000,0.326085,0.288194,0.296441,22.000000,-80.000000,58.000000,0.000000,0.000000,0.000000
9,defender-short,76000,20.000,0,5,0.500,0.050,0.400,J3s,jam,-40.000000,-40.000000,-39.675586,0.000000,0.324414,0.508789,0.294922,22.000000,-80.000000,58.000000,0.000000,0.000000,0.000000
9,defender-short,76000,20.000,0,5,0.500,0.050,0.400,T2s,jam,-40.000000,-40.000000,-39.675586,0.000000,0.324414,0.316406,0.294922,22.000000,-80.000000,58.000000,0.000000,0.000000,0.000000
9,defender-short,76000,20.000,0,5,0.500,0.050,0.400,K5o,jam,-40.000000,-40.000000,-39.677257,0.000000,0.322743,0.489258,0.293403,22.000000,-80.000000,58.000000,0.000000,0.000000,0.000000
9,defender-short,76000,20.000,0,5,0.500,0.050,0.400,A3o,jam,-40.000000,-40.000000,-39.679167,0.000000,0.320833,0.536784,0.291667,22.000000,-80.000000,58.000000,0.000000,0.000000,0.000000
9,defender-short,76000,20.000,0,5,0.500,0.050,0.400,A8o,jam,-40.000000,-40.000000,-39.680599,0.000000,0.319401,0.546875,0.290365,22.000000,-80.000000,58.000000,0.000000,0.000000,0.000000
9,defender-short,76000,20.000,0,5,0.500,0.050,0.400,J8o,jam,-40.000000,-40.000000,-39.684180,0.000000,0.315820,0.546875,0.287109,22.000000,-80.000000,58.000000,0.000000,0.000000,0.000000
9,defender-short,76000,20.000,0,5,0.500,0.050,0.400,A6o,jam,-40.000000,-40.000000,-39.684418,0.000000,0.315582,0.529622,0.286892,22.000000,-80.000000,58.000000,0.000000,0.000000,0.000000
9,defender-short,76000,20.000,0,5,0.500,0.050,0.400,J3o,jam,-40.000000,-40.000000,-39.684657,0.000000,0.315343,0.500000,0.286675,22.000000,-80.000000,58.000000,0.000000,0.000000,0.000000
9,defender-short,76000,20.000,0,5,0.500,0.050,0.400,Q7o,jam,-40.000000,-40.000000,-39.685135,0.000000,0.314865,0.500000,0.286241,22.000000,-80.000000,58.000000,0.000000,0.000000,0.000000
9,defender-short,76000,20.000,0,5,0.500,0.050,0.400,K7o,jam,-40.000000,-40.000000,-39.686567,0.000000,0.313433,0.528646,0.284939,22.000000,-80.000000,58.000000,0.000000,0.000000,0.000000
9,defender-short,76000,20.000,0,5,0.500,0.050,0.400,K9o,jam,-40.000000,-40.000000,-39.686806,0.000000,0.313194,0.670139,0.284722,22.000000,-80.000000,58.000000,0.000000,0.000000,0.000000
9,defender-short,76000,20.000,0,5,0.500,0.050,0.400,Q5o,jam,-40.000000,-40.000000,-39.686806,0.000000,0.313194,0.505534,0.284722,22.000000,-80.000000,58.000000,0.000000,0.000000,0.000000
9,defender-short,76000,20.000,0,5,0.500,0.050,0.400,T6o,jam,-40.000000,-40.000000,-39.687044,0.000000,0.312956,0.289931,0.284505,22.000000,-80.000000,58.000000,0.000000,0.000000,0.000000
9,defender-short,76000,20.000,0,5,0.500,0.050,0.400,K4o,jam,-40.000000,-40.000000,-39.687760,0.000000,0.312240,0.520182,0.283854,22.000000,-80.000000,58.000000,0.000000,0.000000,0.000000
9,defender-short,76000,20.000,0,5,0.500,0.050,0.400,K6o,jam,-40.000000,-40.000000,-39.689909,0.000000,0.310091,0.506185,0.281901,22.000000,-80.000000,58.000000,0.000000,0.000000,0.000000
9,defender-short,76000,20.000,0,5,0.500,0.050,0.400,K2o,jam,-40.000000,-40.000000,-39.690386,0.000000,0.309614,0.490885,0.281467,22.000000,-80.000000,58.000000,0.000000,0.000000,0.000000
9,defender-short,76000,20.000,0,5,0.500,0.050,0.400,J6o,jam,-40.000000,-40.000000,-39.691580,0.000000,0.308420,0.504883,0.280382,22.000000,-80.000000,58.000000,0.000000,0.000000,0.000000
9,defender-short,76000,20.000,0,5,0.500,0.050,0.400,J5o,jam,-40.000000,-40.000000,-39.693490,0.000000,0.306510,0.527344,0.278646,22.000000,-80.000000,58.000000,0.000000,0.000000,0.000000
9,defender-short,76000,20.000,0,5,0.500,0.050,0.400,Q2o,jam,-40.000000,-40.000000,-39.695638,0.000000,0.304362,0.531576,0.276693,22.000000,-80.000000,58.000000,0.000000,0.000000,0.000000
9,defender-short,76000,20.000,0,5,0.500,0.050,0.400,J4o,jam,-40.000000,-40.000000,-39.695638,0.000000,0.304362,0.517253,0.276693,22.000000,-80.000000,58.000000,0.000000,0.000000,0.000000
9,defender-short,76000,20.000,0,5,0.500,0.050,0.400,T4o,jam,-40.000000,-40.000000,-39.696115,0.000000,0.303885,0.273872,0.276259,22.000000,-80.000000,58.000000,0.000000,0.000000,0.000000
9,defender-short,76000,20.000,0,5,0.500,0.050,0.400,T2o,jam,-40.000000,-40.000000,-39.696115,0.000000,0.303885,0.289931,0.276259,22.000000,-80.000000,58.000000,0.000000,0.000000,0.000000
9,defender-short,76000,20.000,0,5,0.500,0.050,0.400,Q6o,jam,-40.000000,-40.000000,-39.698741,0.000000,0.301259,0.536133,0.273872,22.000000,-80.000000,58.000000,0.000000,0.000000,0.000000
9,defender-short,76000,20.000,0,5,0.500,0.050,0.400,Q3o,jam,-40.000000,-40.000000,-39.698741,0.000000,0.301259,0.503255,0.273872,22.000000,-80.000000,58.000000,0.000000,0.000000,0.000000
9,defender-short,76000,20.000,0,5,0.500,0.050,0.400,J2o,jam,-40.000000,-40.000000,-39.698741,0.000000,0.301259,0.542643,0.273872,22.000000,-80.000000,58.000000,0.000000,0.000000,0.000000
9,defender-short,76000,20.000,0,5,0.500,0.050,0.400,T3o,jam,-40.000000,-40.000000,-39.700651,0.000000,0.299349,0.272135,0.272135,22.000000,-80.000000,58.000000,0.000000,0.000000,0.000000
9,defender-short,76000,20.000,0,5,0.500,0.050,0.400,K8o,jam,-40.000000,-40.000000,-39.703516,0.000000,0.296484,0.527995,0.269531,22.000000,-80.000000,58.000000,0.000000,0.000000,0.000000
9,defender-short,76000,20.000,0,5,0.500,0.050,0.400,K3o,jam,-40.000000,-40.000000,-39.704709,0.000000,0.295291,0.517578,0.268446,22.000000,-80.000000,58.000000,0.000000,0.000000,0.000000
9,defender-short,76000,20.000,0,5,0.500,0.050,0.400,54s,jam,-40.000000,-40.000000,-39.732878,0.000000,0.267122,0.323242,0.242839,22.000000,-80.000000,58.000000,0.000000,0.000000,0.000000
9,defender-short,76000,20.000,0,5,0.500,0.050,0.400,43s,jam,-40.000000,-40.000000,-39.754362,0.000000,0.245638,0.355469,0.223307,22.000000,-80.000000,58.000000,0.000000,0.000000,0.000000
9,defender-short,76000,20.000,0,5,0.500,0.050,0.400,75s,jam,-40.000000,-40.000000,-39.760091,0.000000,0.239909,0.361328,0.218099,22.000000,-80.000000,58.000000,0.000000,0.000000,0.000000
9,defender-short,76000,20.000,0,5,0.500,0.050,0.400,42s,jam,-40.000000,-40.000000,-39.765820,0.000000,0.234180,0.360352,0.212891,22.000000,-80.000000,58.000000,0.000000,0.000000,0.000000
9,defender-short,76000,20.000,0,5,0.500,0.050,0.400,64s,jam,-40.000000,-40.000000,-39.767253,0.000000,0.232747,0.287109,0.211589,22.000000,-80.000000,58.000000,0.000000,0.000000,0.000000
9,defender-short,76000,20.000,0,5,0.500,0.050,0.400,52s,jam,-40.000000,-40.000000,-39.768685,0.000000,0.231315,0.352539,0.210286,22.000000,-80.000000,58.000000,0.000000,0.000000,0.000000
9,defender-short,76000,20.000,0,5,0.500,0.050,0.400,65s,jam,-40.000000,-40.000000,-39.769401,0.000000,0.230599,0.343750,0.209635,22.000000,-80.000000,58.000000,0.000000,0.000000,0.000000
9,defender-short,76000,20.000,0,5,0.500,0.050,0.400,87s,jam,-40.000000,-40.000000,-39.770117,0.000000,0.229883,0.336914,0.208984,22.000000,-80.000000,58.000000,0.000000,0.000000,0.000000
9,defender-short,76000,20.000,0,5,0.500,0.050,0.400,53s,jam,-40.000000,-40.000000,-39.774414,0.000000,0.225586,0.340820,0.205078,22.000000,-80.000000,58.000000,0.000000,0.000000,0.000000
9,defender-short,76000,20.000,0,5,0.500,0.050,0.400,76s,jam,-40.000000,-40.000000,-39.776562,0.000000,0.223438,0.378906,0.203125,22.000000,-80.000000,58.000000,0.000000,0.000000,0.000000
9,defender-short,76000,20.000,0,5,0.500,0.050,0.400,33,jam,-40.000000,-40.000000,-39.776562,0.000000,0.223438,0.480469,0.203125,22.000000,-80.000000,58.000000,0.000000,0.000000,0.000000
9,defender-short,76000,20.000,0,5,0.500,0.050,0.400,85s,jam,-40.000000,-40.000000,-39.780143,0.000000,0.219857,0.347656,0.199870,22.000000,-80.000000,58.000000,0.000000,0.000000,0.000000
9,defender-short,76000,20.000,0,5,0.500,0.050,0.400,98s,jam,-40.000000,-40.000000,-39.780859,0.000000,0.219141,0.287760,0.199219,22.000000,-80.000000,58.000000,0.000000,0.000000,0.000000
9,defender-short,76000,20.000,0,5,0.500,0.050,0.400,84s,jam,-40.000000,-40.000000,-39.785872,0.000000,0.214128,0.327148,0.194661,22.000000,-80.000000,58.000000,0.000000,0.000000,0.000000
9,defender-short,76000,20.000,0,5,0.500,0.050,0.400,77,jam,-40.000000,-40.000000,-39.792318,0.000000,0.207682,0.461589,0.188802,22.000000,-80.000000,58.000000,0.000000,0.000000,0.000000
9,defender-short,76000,20.000,0,5,0.500,0.050,0.400,74s,jam,-40.000000,-40.000000,-39.795182,0.000000,0.204818,0.345703,0.186198,22.000000,-80.000000,58.000000,0.000000,0.000000,0.000000
9,defender-short,76000,20.000,0,5,0.500,0.050,0.400,86s,jam,-40.000000,-40.000000,-39.795898,0.000000,0.204102,0.349609,0.185547,22.000000,-80.000000,58.000000,0.000000,0.000000,0.000000
9,defender-short,76000,20.000,0,5,0.500,0.050,0.400,44,jam,-40.000000,-40.000000,-39.796615,0.000000,0.203385,0.438802,0.184896,22.000000,-80.000000,58.000000,0.000000,0.000000,0.000000
9,defender-short,76000,20.000,0,5,0.500,0.050,0.400,32s,jam,-40.000000,-40.000000,-39.798763,0.000000,0.201237,0.274414,0.182943,22.000000,-80.000000,58.000000,0.000000,0.000000,0.000000
9,defender-short,76000,20.000,0,5,0.500,0.050,0.400,65o,jam,-40.000000,-40.000000,-39.800673,0.000000,0.199327,0.335938,0.181207,22.000000,-80.000000,58.000000,0.000000,0.000000,0.000000
9,defender-short,76000,20.000,0,5,0.500,0.050,0.400,66,jam,-40.000000,-40.000000,-39.801389,0.000000,0.198611,0.498047,0.180556,22.000000,-80.000000,58.000000,0.000000,0.000000,0.000000
9,defender-short,76000,20.000,0,5,0.500,0.050,0.400,72s,jam,-40.000000,-40.000000,-39.805208,0.000000,0.194792,0.367188,0.177083,22.000000,-80.000000,58.000000,0.000000,0.000000,0.000000
9,defender-short,76000,20.000,0,5,0.500,0.050,0.400,54o,jam,-40.000000,-40.000000,-39.805208,0.000000,0.194792,0.359701,0.177083,22.000000,-80.000000,58.000000,0.000000,0.000000,0.000000
9,defender-short,76000,20.000,0,5,0.500,0.050,0.400,63s,jam,-40.000000,-40.000000,-39.805924,0.000000,0.194076,0.345703,0.176432,22.000000,-80.000000,58.000000,0.000000,0.000000,0.000000
9,defender-short,76000,20.000,0,5,0.500,0.050,0.400,88,jam,-40.000000,-40.000000,-39.806163,0.000000,0.193837,0.516927,0.176215,22.000000,-80.000000,58.000000,0.000000,0.000000,0.000000
9,defender-short,76000,20.000,0,5,0.500,0.050,0.400,22,jam,-40.000000,-40.000000,-39.807118,0.000000,0.192882,0.464193,0.175347,22.000000,-80.000000,58.000000,0.000000,0.000000,0.000000
9,defender-short,76000,20.000,0,5,0.500,0.050,0.400,83s,jam,-40.000000,-40.000000,-39.808073,0.000000,0.191927,0.313477,0.174479,22.000000,-80.000000,58.000000,0.000000,0.000000,0.000000
9,defender-short,76000,20.000,0,5,0.500,0.050,0.400,55,jam,-40.000000,-40.000000,-39.809028,0.000000,0.190972,0.488932,0.173611,22.000000,-80.000000,58.000000,0.000000,0.000000,0.000000
9,defender-short,76000,20.000,0,5,0.500,0.050,0.400,64o,jam,-40.000000,-40.000000,-39.809505,0.000000,0.190495,0.327799,0.173177,22.000000,-80.000000,58.000000,0.000000,0.000000,0.000000
9,defender-short,76000,20.000,0,5,0.500,0.050,0.400,97s,jam,-40.000000,-40.000000,-39.812370,0.000000,0.187630,0.296875,0.170573,22.000000,-80.000000,58.000000,0.000000,0.000000,0.000000
9,defender-short,76000,20.000,0,5,0.500,0.050,0.400,73s,jam,-40.000000,-40.000000,-39.816667,0.000000,0.183333,0.349609,0.166667,22.000000,-80.000000,58.000000,0.000000,0.000000,0.000000
9,defender-short,76000,20.000,0,5,0.500,0.050,0.400,62s,jam,-40.000000,-40.000000,-39.816667,0.000000,0.183333,0.326172,0.166667,22.000000,-80.000000,58.000000,0.000000,0.000000,0.000000
9,defender-short,76000,20.000,0,5,0.500,0.050,0.400,76o,jam,-40.000000,-40.000000,-39.818815,0.000000,0.181185,0.359049,0.164714,22.000000,-80.000000,58.000000,0.000000,0.000000,0.000000
9,defender-short,76000,20.000,0,5,0.500,0.050,0.400,52o,jam,-40.000000,-40.000000,-39.819293,0.000000,0.180707,0.331380,0.164280,22.000000,-80.000000,58.000000,0.000000,0.000000,0.000000
9,defender-short,76000,20.000,0,5,0.500,0.050,0.400,75o,jam,-40.000000,-40.000000,-39.824067,0.000000,0.175933,0.319987,0.159939,22.000000,-80.000000,58.000000,0.000000,0.000000,0.000000
9,defender-short,76000,20.000,0,5,0.500,0.050,0.400,43o,jam,-40.000000,-40.000000,-39.827409,0.000000,0.172591,0.323568,0.156901,22.000000,-80.000000,58.000000,0.000000,0.000000,0.000000
9,defender-short,76000,20.000,0,5,0.500,0.050,0.400,82s,jam,-40.000000,-40.000000,-39.828125,0.000000,0.171875,0.314453,0.156250,22.000000,-80.000000,58.000000,0.000000,0.000000,0.000000
9,defender-short,76000,20.000,0,5,0.500,0.050,0.400,53o,jam,-40.000000,-40.000000,-39.829319,0.000000,0.170681,0.336589,0.155165,22.000000,-80.000000,58.000000,0.000000,0.000000,0.000000
9,defender-short,76000,20.000,0,5,0.500,0.050,0.400,93s,jam,-40.000000,-40.000000,-39.830990,0.000000,0.169010,0.302083,0.153646,22.000000,-80.000000,58.000000,0.000000,0.000000,0.000000
9,defender-short,76000,20.000,0,5,0.500,0.050,0.400,74o,jam,-40.000000,-40.000000,-39.834570,0.000000,0.165430,0.297852,0.150391,22.000000,-80.000000,58.000000,0.000000,0.000000,0.000000
9,defender-short,76000,20.000,0,5,0.500,0.050,0.400,87o,jam,-40.000000,-40.000000,-39.837196,0.000000,0.162804,0.347656,0.148003,22.000000,-80.000000,58.000000,0.000000,0.000000,0.000000
9,defender-short,76000,20.000,0,5,0.500,0.050,0.400,42o,jam,-40.000000,-40.000000,-39.837912,0.000000,0.162088,0.324219,0.147352,22.000000,-80.000000,58.000000,0.000000,0.000000,0.000000
9,defender-short,76000,20.000,0,5,0.500,0.050,0.400,32o,jam,-40.000000,-40.000000,-39.840538,0.000000,0.159462,0.330404,0.144965,22.000000,-80.000000,58.000000,0.000000,0.000000,0.000000
9,defender-short,76000,20.000,0,5,0.500,0.050,0.400,98o,jam,-40.000000,-40.000000,-39.844835,0.000000,0.155165,0.261285,0.141059,22.000000,-80.000000,58.000000,0.000000,0.000000,0.000000
9,defender-short,76000,20.000,0,5,0.500,0.050,0.400,63o,jam,-40.000000,-40.000000,-39.846029,0.000000,0.153971,0.325521,0.139974,22.000000,-80.000000,58.000000,0.000000,0.000000,0.000000
9,defender-short,76000,20.000,0,5,0.500,0.050,0.400,73o,jam,-40.000000,-40.000000,-39.848177,0.000000,0.151823,0.300456,0.138021,22.000000,-80.000000,58.000000,0.000000,0.000000,0.000000
9,defender-short,76000,20.000,0,5,0.500,0.050,0.400,95s,jam,-40.000000,-40.000000,-39.849609,0.000000,0.150391,0.290365,0.136719,22.000000,-80.000000,58.000000,0.000000,0.000000,0.000000
9,defender-short,76000,20.000,0,5,0.500,0.050,0.400,86o,jam,-40.000000,-40.000000,-39.849848,0.000000,0.150152,0.317057,0.136502,22.000000,-80.000000,58.000000,0.000000,0.000000,0.000000
9,defender-short,76000,20.000,0,5,0.500,0.050,0.400,85o,jam,-40.000000,-40.000000,-39.849848,0.000000,0.150152,0.303060,0.136502,22.000000,-80.000000,58.000000,0.000000,0.000000,0.000000
9,defender-short,76000,20.000,0,5,0.500,0.050,0.400,96s,jam,-40.000000,-40.000000,-39.851042,0.000000,0.148958,0.320312,0.135417,22.000000,-80.000000,58.000000,0.000000,0.000000,0.000000
9,defender-short,76000,20.000,0,5,0.500,0.050,0.400,62o,jam,-40.000000,-40.000000,-39.852474,0.000000,0.147526,0.320964,0.134115,22.000000,-80.000000,58.000000,0.000000,0.000000,0.000000
9,defender-short,76000,20.000,0,5,0.500,0.050,0.400,84o,jam,-40.000000,-40.000000,-39.859874,0.000000,0.140126,0.302409,0.127387,22.000000,-80.000000,58.000000,0.000000,0.000000,0.000000
9,defender-short,76000,20.000,0,5,0.500,0.050,0.400,83o,jam,-40.000000,-40.000000,-39.863455,0.000000,0.136545,0.278320,0.124132,22.000000,-80.000000,58.000000,0.000000,0.000000,0.000000
9,defender-short,76000,20.000,0,5,0.500,0.050,0.400,82o,jam,-40.000000,-40.000000,-39.870139,0.000000,0.129861,0.281250,0.118056,22.000000,-80.000000,58.000000,0.000000,0.000000,0.000000
9,defender-short,76000,20.000,0,5,0.500,0.050,0.400,97o,jam,-40.000000,-40.000000,-39.872526,0.000000,0.127474,0.257812,0.115885,22.000000,-80.000000,58.000000,0.000000,0.000000,0.000000
9,defender-short,76000,20.000,0,5,0.500,0.050,0.400,92s,jam,-40.000000,-40.000000,-39.873958,0.000000,0.126042,0.322917,0.114583,22.000000,-80.000000,58.000000,0.000000,0.000000,0.000000
9,defender-short,76000,20.000,0,5,0.500,0.050,0.400,72o,jam,-40.000000,-40.000000,-39.879449,0.000000,0.120551,0.288411,0.109592,22.000000,-80.000000,58.000000,0.000000,0.000000,0.000000
9,defender-short,76000,20.000,0,5,0.500,0.050,0.400,94s,jam,-40.000000,-40.000000,-39.879688,0.000000,0.120312,0.295573,0.109375,22.000000,-80.000000,58.000000,0.000000,0.000000,0.000000
9,defender-short,76000,20.000,0,5,0.500,0.050,0.400,96o,jam,-40.000000,-40.000000,-39.893533,0.000000,0.106467,0.258247,0.096788,22.000000,-80.000000,58.000000,0.000000,0.000000,0.000000
9,defender-short,76000,20.000,0,5,0.500,0.050,0.400,92o,jam,-40.000000,-40.000000,-39.914540,0.000000,0.085460,0.241319,0.077691,22.000000,-80.000000,58.000000,0.000000,0.000000,0.000000
9,defender-short,76000,20.000,0,5,0.500,0.050,0.400,95o,jam,-40.000000,-40.000000,-39.915972,0.000000,0.084028,0.226997,0.076389,22.000000,-80.000000,58.000000,0.000000,0.000000,0.000000
9,defender-short,76000,20.000,0,5,0.500,0.050,0.400,93o,jam,-40.000000,-40.000000,-39.915972,0.000000,0.084028,0.269531,0.076389,22.000000,-80.000000,58.000000,0.000000,0.000000,0.000000
9,defender-short,76000,20.000,0,5,0.500,0.050,0.400,94o,jam,-40.000000,-40.000000,-39.933160,0.000000,0.066840,0.251736,0.060764,22.000000,-80.000000,58.000000,0.000000,0.000000,0.000000
9,defender-short,76000,20.000,0,5,0.500,0.100,0.400,88,jam,-40.000000,-40.000000,-38.187674,0.000000,1.812326,0.516927,0.823785,22.000000,-80.000000,58.000000,0.000000,0.000000,0.000000
9,defender-short,76000,20.000,0,5,0.500,0.100,0.400,66,jam,-40.000000,-40.000000,-38.190538,0.000000,1.809462,0.498047,0.822483,22.000000,-80.000000,58.000000,0.000000,0.000000,0.000000
9,defender-short,76000,20.000,0,5,0.500,0.100,0.400,55,jam,-40.000000,-40.000000,-38.203906,0.000000,1.796094,0.488932,0.816406,22.000000,-80.000000,58.000000,0.000000,0.000000,0.000000
9,defender-short,76000,20.000,0,5,0.500,0.100,0.400,99,jam,-40.000000,-40.000000,-38.206771,0.000000,1.793229,0.621094,0.815104,22.000000,-80.000000,58.000000,0.000000,0.000000,0.000000
9,defender-short,76000,20.000,0,5,0.500,0.100,0.400,KK,jam,-40.000000,-40.000000,-38.207726,0.000000,1.792274,0.780599,0.814670,22.000000,-80.000000,58.000000,0.000000,0.000000,0.000000
9,defender-short,76000,20.000,0,5,0.500,0.100,0.400,JJ,jam,-40.000000,-40.000000,-38.219184,0.000000,1.780816,0.826172,0.809462,22.000000,-80.000000,58.000000,0.000000,0.000000,0.000000
9,defender-short,76000,20.000,0,5,0.500,0.100,0.400,QQ,jam,-40.000000,-40.000000,-38.220139,0.000000,1.779861,0.817057,0.809028,22.000000,-80.000000,58.000000,0.000000,0.000000,0.000000
9,defender-short,76000,20.000,0,5,0.500,0.100,0.400,TT,jam,-40.000000,-40.000000,-38.225868,0.000000,1.774132,0.816406,0.806424,22.000000,-80.000000,58.000000,0.000000,0.000000,0.000000
9,defender-short,76000,20.000,0,5,0.500,0.100,0.400,77,jam,-40.000000,-40.000000,-38.232552,0.000000,1.767448,0.461589,0.803385,22.000000,-80.000000,58.000000,0.000000,0.000000,0.000000
9,defender-short,76000,20.000,0,5,0.500,0.100,0.400,AA,jam,-40.000000,-40.000000,-38.265017,0.000000,1.734983,0.787760,0.788628,22.000000,-80.000000,58.000000,0.000000,0.000000,0.000000
9,defender-short,76000,20.000,0,5,0.500,0.100,0.400,T9s,jam,-40.000000,-40.000000,-38.765365,0.000000,1.234635,0.500000,0.561198,22.000000,-80.000000,58.000000,0.000000,0.000000,0.000000
9,defender-short,76000,20.000,0,5,0.500,0.100,0.400,J9s,jam,-40.000000,-40.000000,-38.809766,0.000000,1.190234,0.746094,0.541016,22.000000,-80.000000,58.000000,0.000000,0.000000,0.000000
9,defender-short,76000,20.000,0,5,0.500,0.100,0.400,QTs,jam,-40.000000,-40.000000,-38.816927,0.000000,1.183073,0.696615,0.537760,22.000000,-80.000000,58.000000,0.000000,0.000000,0.000000
9,defender-short,76000,20.000,0,5,0.500,0.100,0.400,QJs,jam,-40.000000,-40.000000,-38.845573,0.000000,1.154427,0.656250,0.524740,22.000000,-80.000000,58.000000,0.000000,0.000000,0.000000
9,defender-short,76000,20.000,0,5,0.500,0.100,0.400,87s,jam,-40.000000,-40.000000,-38.852734,0.000000,1.147266,0.336914,0.521484,22.000000,-80.000000,58.000000,0.000000,0.000000,0.000000
9,defender-short,76000,20.000,0,5,0.500,0.100,0.400,T5s,jam,-40.000000,-40.000000,-38.854167,0.000000,1.145833,0.305990,0.520833,22.000000,-80.000000,58.000000,0.000000,0.000000,0.000000
9,defender-short,76000,20.000,0,5,0.500,0.100,0.400,JTo,jam,-40.000000,-40.000000,-38.860851,0.000000,1.139149,0.693142,0.517795,22.000000,-80.000000,58.000000,0.000000,0.000000,0.000000
9,defender-short,76000,20.000,0,5,0.500,0.100,0.400,75s,jam,-40.000000,-40.000000,-38.861328,0.000000,1.138672,0.361328,0.517578,22.000000,-80.000000,58.000000,0.000000,0.000000,0.000000
9,defender-short,76000,20.000,0,5,0.500,0.100,0.400,AQs,jam,-40.000000,-40.000000,-38.865625,0.000000,1.134375,0.641602,0.515625,22.000000,-80.000000,58.000000,0.000000,0.000000,0.000000
9,defender-short,76000,20.000,0,5,0.500,0.100,0.400,KQs,jam,-40.000000,-40.000000,-38.869922,0.000000,1.130078,0.657227,0.513672,22.000000,-80.000000,58.000000,0.000000,0.000000,0.000000
9,defender-short,76000,20.000,0,5,0.500,0.100,0.400,J8s,jam,-40.000000,-40.000000,-38.872786,0.000000,1.127214,0.588867,0.512370,22.000000,-80.000000,58.000000,0.000000,0.000000,0.000000
9,defender-short,76000,20.000,0,5,0.500,0.100,0.400,T6s,jam,-40.000000,-40.000000,-38.874219,0.000000,1.125781,0.322917,0.511719,22.000000,-80.000000,58.000000,0.000000,0.000000,0.000000
9,defender-short,76000,20.000,0,5,0.500,0.100,0.400,AJs,jam,-40.000000,-40.000000,-38.877083,0.000000,1.122917,0.640625,0.510417,22.000000,-80.000000,58.000000,0.000000,0.000000,0.000000
9,defender-short,76000,20.000,0,5,0.500,0.100,0.400,Q8s,jam,-40.000000,-40.000000,-38.878516,0.000000,1.121484,0.588867,0.509766,22.000000,-80.000000,58.000000,0.000000,0.000000,0.000000
9,defender-short,76000,20.000,0,5,0.500,0.100,0.400,Q6s,jam,-40.000000,-40.000000,-38.885677,0.000000,1.114323,0.558594,0.506510,22.000000,-80.000000,58.000000,0.000000,0.000000,0.000000
9,defender-short,76000,20.000,0,5,0.500,0.100,0.400,86s,jam,-40.000000,-40.000000,-38.885677,0.000000,1.114323,0.349609,0.506510,22.000000,-80.000000,58.000000,0.000000,0.000000,0.000000
9,defender-short,76000,20.000,0,5,0.500,0.100,0.400,Q9s,jam,-40.000000,-40.000000,-38.887109,0.000000,1.112891,0.664062,0.505859,22.000000,-80.000000,58.000000,0.000000,0.000000,0.000000
9,defender-short,76000,20.000,0,5,0.500,0.100,0.400,T7s,jam,-40.000000,-40.000000,-38.888542,0.000000,1.111458,0.311198,0.505208,22.000000,-80.000000,58.000000,0.000000,0.000000,0.000000
9,defender-short,76000,20.000,0,5,0.500,0.100,0.400,ATs,jam,-40.000000,-40.000000,-38.895703,0.000000,1.104297,0.682292,0.501953,22.000000,-80.000000,58.000000,0.000000,0.000000,0.000000
9,defender-short,76000,20.000,0,5,0.500,0.100,0.400,KJs,jam,-40.000000,-40.000000,-38.897135,0.000000,1.102865,0.649414,0.501302,22.000000,-80.000000,58.000000,0.000000,0.000000,0.000000
9,defender-short,76000,20.000,0,5,0.500,0.100,0.400,JTs,jam,-40.000000,-40.000000,-38.897135,0.000000,1.102865,0.703125,0.501302,22.000000,-80.000000,58.000000,0.000000,0.000000,0.000000
9,defender-short,76000,20.000,0,5,0.500,0.100,0.400,44,jam,-40.000000,-40.000000,-38.900000,0.000000,1.100000,0.438802,0.500000,22.000000,-80.000000,58.000000,0.000000,0.000000,0.000000
9,defender-short,76000,20.000,0,5,0.500,0.100,0.400,KTs,jam,-40.000000,-40.000000,-38.901432,0.000000,1.098568,0.671875,0.499349,22.000000,-80.000000,58.000000,0.000000,0.000000,0.000000
9,defender-short,76000,20.000,0,5,0.500,0.100,0.400,T8o,jam,-40.000000,-40.000000,-38.901432,0.000000,1.098568,0.288194,0.499349,22.000000,-80.000000,58.000000,0.000000,0.000000,0.000000
9,defender-short,76000,20.000,0,5,0.500,0.100,0.400,85s,jam,-40.000000,-40.000000,-38.901432,0.000000,1.098568,0.347656,0.499349,22.000000,-80.000000,58.000000,0.000000,0.000000,0.000000
9,defender-short,76000,20.000,0,5,0.500,0.100,0.400,T8s,jam,-40.000000,-40.000000,-38.904297,0.000000,1.095703,0.345052,0.498047,22.000000,-80.000000,58.000000,0.000000,0.000000,0.000000
9,defender-short,76000,20.000,0,5,0.500,0.100,0.400,AKs,jam,-40.000000,-40.000000,-38.905729,0.000000,1.094271,0.636719,0.497396,22.000000,-80.000000,58.000000,0.000000,0.000000,0.000000
9,defender-short,76000,20.000,0,5,0.500,0.100,0.400,K6s,jam,-40.000000,-40.000000,-38.905729,0.000000,1.094271,0.553711,0.497396,22.000000,-80.000000,58.000000,0.000000,0.000000,0.000000
9,defender-short,76000,20.000,0,5,0.500,0.100,0.400,Q7s,jam,-40.000000,-40.000000,-38.905729,0.000000,1.094271,0.577148,0.497396,22.000000,-80.000000,58.000000,0.000000,0.000000,0.000000
9,defender-short,76000,20.000,0,5,0.500,0.100,0.400,97s,jam,-40.000000,-40.000000,-38.905729,0.000000,1.094271,0.296875,0.497396,22.000000,-80.000000,58.000000,0.000000,0.000000,0.000000
9,defender-short,76000,20.000,0,5,0.500,0.100,0.400,T9o,jam,-40.000000,-40.000000,-38.910981,0.000000,1.089019,0.477214,0.495009,22.000000,-80.000000,58.000000,0.000000,0.000000,0.000000
9,defender-short,76000,20.000,0,5,0.500,0.100,0.400,98s,jam,-40.000000,-40.000000,-38.912891,0.000000,1.087109,0.287760,0.494141,22.000000,-80.000000,58.000000,0.000000,0.000000,0.000000
9,defender-short,76000,20.000,0,5,0.500,0.100,0.400,65s,jam,-40.000000,-40.000000,-38.912891,0.000000,1.087109,0.343750,0.494141,22.000000,-80.000000,58.000000,0.000000,0.000000,0.000000
9,defender-short,76000,20.000,0,5,0.500,0.100,0.400,98o,jam,-40.000000,-40.000000,-38.915755,0.000000,1.084245,0.261285,0.492839,22.000000,-80.000000,58.000000,0.000000,0.000000,0.000000
9,defender-short,76000,20.000,0,5,0.500,0.100,0.400,Q9o,jam,-40.000000,-40.000000,-38.917187,0.000000,1.082813,0.673611,0.492188,22.000000,-80.000000,58.000000,0.000000,0.000000,0.000000
9,defender-short,76000,20.000,0,5,0.500,0.100,0.400,95s,jam,-40.000000,-40.000000,-38.917187,0.000000,1.082813,0.290365,0.492188,22.000000,-80.000000,58.000000,0.000000,0.000000,0.000000
9,defender-short,76000,20.000,0,5,0.500,0.100,0.400,J9o,jam,-40.000000,-40.000000,-38.919575,0.000000,1.080425,0.670139,0.491102,22.000000,-80.000000,58.000000,0.000000,0.000000,0.000000
9,defender-short,76000,20.000,0,5,0.500,0.100,0.400,QJo,jam,-40.000000,-40.000000,-38.920530,0.000000,1.079470,0.622396,0.490668,22.000000,-80.000000,58.000000,0.000000,0.000000,0.000000
9,defender-short,76000,20.000,0,5,0.500,0.100,0.400,J5s,jam,-40.000000,-40.000000,-38.922917,0.000000,1.077083,0.549805,0.489583,22.000000,-80.000000,58.000000,0.000000,0.000000,0.000000
9,defender-short,76000,20.000,0,5,0.500,0.100,0.400,A5s,jam,-40.000000,-40.000000,-38.924349,0.000000,1.075651,0.542969,0.488932,22.000000,-80.000000,58.000000,0.000000,0.000000,0.000000
9,defender-short,76000,20.000,0,5,0.500,0.100,0.400,96s,jam,-40.000000,-40.000000,-38.924349,0.000000,1.075651,0.320312,0.488932,22.000000,-80.000000,58.000000,0.000000,0.000000,0.000000
9,defender-short,76000,20.000,0,5,0.500,0.100,0.400,J7o,jam,-40.000000,-40.000000,-38.925781,0.000000,1.074219,0.518555,0.488281,22.000000,-80.000000,58.000000,0.000000,0.000000,0.000000
9,defender-short,76000,20.000,0,5,0.500,0.100,0.400,J7s,jam,-40.000000,-40.000000,-38.930078,0.000000,1.069922,0.568359,0.486328,22.000000,-80.000000,58.000000,0.000000,0.000000,0.000000
9,defender-short,76000,20.000,0,5,0.500,0.100,0.400,97o,jam,-40.000000,-40.000000,-38.930556,0.000000,1.069444,0.257812,0.486111,22.000000,-80.000000,58.000000,0.000000,0.000000,0.000000
9,defender-short,76000,20.000,0,5,0.500,0.100,0.400,A7s,jam,-40.000000,-40.000000,-38.932943,0.000000,1.067057,0.550781,0.485026,22.000000,-80.000000,58.000000,0.000000,0.000000,0.000000
9,defender-short,76000,20.000,0,5,0.500,0.100,0.400,T7o,jam,-40.000000,-40.000000,-38.932943,0.000000,1.067057,0.283854,0.485026,22.000000,-80.000000,58.000000,0.000000,0.000000,0.000000
9,defender-short,76000,20.000,0,5,0.500,0.100,0.400,J8o,jam,-40.000000,-40.000000,-38.938672,0.000000,1.061328,0.546875,0.482422,22.000000,-80.000000,58.000000,0.000000,0.000000,0.000000
9,defender-short,76000,20.000,0,5,0.500,0.100,0.400,QTo,jam,-40.000000,-40.000000,-38.939627,0.000000,1.060373,0.667535,0.481988,22.000000,-80.000000,58.000000,0.000000,0.000000,0.000000
9,defender-short,76000,20.000,0,5,0.500,0.100,0.400,75o,jam,-40.000000,-40.000000,-38.942969,0.000000,1.057031,0.319987,0.480469,22.000000,-80.000000,58.000000,0.000000,0.000000,0.000000
9,defender-short,76000,20.000,0,5,0.500,0.100,0.400,95o,jam,-40.000000,-40.000000,-38.943446,0.000000,1.056554,0.226997,0.480252,22.000000,-80.000000,58.000000,0.000000,0.000000,0.000000
9,defender-short,76000,20.000,0,5,0.500,0.100,0.400,87o,jam,-40.000000,-40.000000,-38.944401,0.000000,1.055599,0.347656,0.479818,22.000000,-80.000000,58.000000,0.000000,0.000000,0.000000
9,defender-short,76000,20.000,0,5,0.500,0.100,0.400,76o,jam,-40.000000,-40.000000,-38.945356,0.000000,1.054644,0.359049,0.479384,22.000000,-80.000000,58.000000,0.000000,0.000000,0.000000
9,defender-short,76000,20.000,0,5,0.500,0.100,0.400,KTo,jam,-40.000000,-40.000000,-38.948220,0.000000,1.051780,0.683594,0.478082,22.000000,-80.000000,58.000000,0.000000,0.000000,0.000000
9,defender-short,76000,20.000,0,5,0.500,0.100,0.400,K8s,jam,-40.000000,-40.000000,-38.948698,0.000000,1.051302,0.541016,0.477865,22.000000,-80.000000,58.000000,0.000000,0.000000,0.000000
9,defender-short,76000,20.000,0,5,0.500,0.100,0.400,T6o,jam,-40.000000,-40.000000,-38.948698,0.000000,1.051302,0.289931,0.477865,22.000000,-80.000000,58.000000,0.000000,0.000000,0.000000
9,defender-short,76000,20.000,0,5,0.500,0.100,0.400,A8s,jam,-40.000000,-40.000000,-38.950130,0.000000,1.049870,0.584961,0.477214,22.000000,-80.000000,58.000000,0.000000,0.000000,0.000000
9,defender-short,76000,20.000,0,5,0.500,0.100,0.400,A9s,jam,-40.000000,-40.000000,-38.954427,0.000000,1.045573,0.684896,0.475260,22.000000,-80.000000,58.000000,0.000000,0.000000,0.000000
9,defender-short,76000,20.000,0,5,0.500,0.100,0.400,65o,jam,-40.000000,-40.000000,-38.954427,0.000000,1.045573,0.335938,0.475260,22.000000,-80.000000,58.000000,0.000000,0.000000,0.000000
9,defender-short,76000,20.000,0,5,0.500,0.100,0.400,AJo,jam,-40.000000,-40.000000,-38.955382,0.000000,1.044618,0.606771,0.474826,22.000000,-80.000000,58.000000,0.000000,0.000000,0.000000
9,defender-short,76000,20.000,0,5,0.500,0.100,0.400,KQo,jam,-40.000000,-40.000000,-38.958247,0.000000,1.041753,0.599609,0.473524,22.000000,-80.000000,58.000000,0.000000,0.000000,0.000000
9,defender-short,76000,20.000,0,5,0.500,0.100,0.400,A9o,jam,-40.000000,-40.000000,-38.959201,0.000000,1.040799,0.658420,0.473090,22.000000,-80.000000,58.000000,0.000000,0.000000,0.000000
9,defender-short,76000,20.000,0,5,0.500,0.100,0.400,K9o,jam,-40.000000,-40.000000,-38.959201,0.000000,1.040799,0.670139,0.473090,22.000000,-80.000000,58.000000,0.000000,0.000000,0.000000
9,defender-short,76000,20.000,0,5,0.500,0.100,0.400,96o,jam,-40.000000,-40.000000,-38.959679,0.000000,1.040321,0.258247,0.472873,22.000000,-80.000000,58.000000,0.000000,0.000000,0.000000
9,defender-short,76000,20.000,0,5,0.500,0.100,0.400,A7o,jam,-40.000000,-40.000000,-38.960156,0.000000,1.039844,0.513997,0.472656,22.000000,-80.000000,58.000000,0.000000,0.000000,0.000000
9,defender-short,76000,20.000,0,5,0.500,0.100,0.400,A8o,jam,-40.000000,-40.000000,-38.967318,0.000000,1.032682,0.546875,0.469401,22.000000,-80.000000,58.000000,0.000000,0.000000,0.000000
9,defender-short,76000,20.000,0,5,0.500,0.100,0.400,J5o,jam,-40.000000,-40.000000,-38.971615,0.000000,1.028385,0.527344,0.467448,22.000000,-80.000000,58.000000,0.000000,0.000000,0.000000
9,defender-short,76000,20.000,0,5,0.500,0.100,0.400,86o,jam,-40.000000,-40.000000,-38.973047,0.000000,1.026953,0.317057,0.466797,22.000000,-80.000000,58.000000,0.000000,0.000000,0.000000
9,defender-short,76000,20.000,0,5,0.500,0.100,0.400,Q8o,jam,-40.000000,-40.000000,-38.975911,0.000000,1.024089,0.537760,0.465495,22.000000,-80.000000,58.000000,0.000000,0.000000,0.000000
9,defender-short,76000,20.000,0,5,0.500,0.100,0.400,J6s,jam,-40.000000,-40.000000,-38.978776,0.000000,1.021224,0.594727,0.464193,22.000000,-80.000000,58.000000,0.000000,0.000000,0.000000
9,defender-short,76000,20.000,0,5,0.500,0.100,0.400,KJo,jam,-40.000000,-40.000000,-38.983550,0.000000,1.016450,0.595378,0.462023,22.000000,-80.000000,58.000000,0.000000,0.000000,0.000000
9,defender-short,76000,20.000,0,5,0.500,0.100,0.400,K5s,jam,-40.000000,-40.000000,-38.985937,0.000000,1.014063,0.578125,0.460938,22.000000,-80.000000,58.000000,0.000000,0.000000,0.000000
9,defender-short,76000,20.000,0,5,0.500,0.100,0.400,AQo,jam,-40.000000,-40.000000,-38.988802,0.000000,1.011198,0.577799,0.459635,22.000000,-80.000000,58.000000,0.000000,0.000000,0.000000
9,defender-short,76000,20.000,0,5,0.500,0.100,0.400,Q6o,jam,-40.000000,-40.000000,-38.988802,0.000000,1.011198,0.536133,0.459635,22.000000,-80.000000,58.000000,0.000000,0.000000,0.000000
9,defender-short,76000,20.000,0,5,0.500,0.100,0.400,76s,jam,-40.000000,-40.000000,-38.988802,0.000000,1.011198,0.378906,0.459635,22.000000,-80.000000,58.000000,0.000000,0.000000,0.000000
9,defender-short,76000,20.000,0,5,0.500,0.100,0.400,ATo,jam,-40.000000,-40.000000,-38.991667,0.000000,1.008333,0.698351,0.458333,22.000000,-80.000000,58.000000,0.000000,0.000000,0.000000
9,defender-short,76000,20.000,0,5,0.500,0.100,0.400,K7o,jam,-40.000000,-40.000000,-38.995486,0.000000,1.004514,0.528646,0.456597,22.000000,-80.000000,58.000000,0.000000,0.000000,0.000000
9,defender-short,76000,20.000,0,5,0.500,0.100,0.400,K7s,jam,-40.000000,-40.000000,-38.997396,0.000000,1.002604,0.549805,0.455729,22.000000,-80.000000,58.000000,0.000000,0.000000,0.000000
9,defender-short,76000,20.000,0,5,0.500,0.100,0.400,K6o,jam,-40.000000,-40.000000,-38.999306,0.000000,1.000694,0.506185,0.454861,22.000000,-80.000000,58.000000,0.000000,0.000000,0.000000
9,defender-short,76000,20.000,0,5,0.500,0.100,0.400,85o,jam,-40.000000,-40.000000,-39.000260,0.000000,0.999740,0.303060,0.454427,22.000000,-80.000000,58.000000,0.000000,0.000000,0.000000
9,defender-short,76000,20.000,0,5,0.500,0.100,0.400,T5o,jam,-40.000000,-40.000000,-39.005512,0.000000,0.994488,0.289062,0.452040,22.000000,-80.000000,58.000000,0.000000,0.000000,0.000000
9,defender-short,76000,20.000,0,5,0.500,0.100,0.400,A6s,jam,-40.000000,-40.000000,-39.008854,0.000000,0.991146,0.564453,0.450521,22.000000,-80.000000,58.000000,0.000000,0.000000,0.000000
9,defender-short,76000,20.000,0,5,0.500,0.100,0.400,Q5o,jam,-40.000000,-40.000000,-39.011719,0.000000,0.988281,0.505534,0.449219,22.000000,-80.000000,58.000000,0.000000,0.000000,0.000000
9,defender-short,76000,20.000,0,5,0.500,0.100,0.400,AKo,jam,-40.000000,-40.000000,-39.014106,0.000000,0.985894,0.573242,0.448134,22.000000,-80.000000,58.000000,0.000000,0.000000,0.000000
9,defender-short,76000,20.000,0,5,0.500,0.100,0.400,K5o,jam,-40.000000,-40.000000,-39.015061,0.000000,0.984939,0.489258,0.447700,22.000000,-80.000000,58.000000,0.000000,0.000000,0.000000
9,defender-short,76000,20.000,0,5,0.500,0.100,0.400,K9s,jam,-40.000000,-40.000000,-39.017448,0.000000,0.982552,0.658854,0.446615,22.000000,-80.000000,58.000000,0.000000,0.000000,0.000000
9,defender-short,76000,20.000,0,5,0.500,0.100,0.400,K8o,jam,-40.000000,-40.000000,-39.018880,0.000000,0.981120,0.527995,0.445964,22.000000,-80.000000,58.000000,0.000000,0.000000,0.000000
9,defender-short,76000,20.000,0,5,0.500,0.100,0.400,Q5s,jam,-40.000000,-40.000000,-39.028906,0.000000,0.971094,0.554688,0.441406,22.000000,-80.000000,58.000000,0.000000,0.000000,0.000000
9,defender-short,76000,20.000,0,5,0.500,0.100,0.400,A5o,jam,-40.000000,-40.000000,-39.029861,0.000000,0.970139,0.526693,0.440972,22.000000,-80.000000,58.000000,0.000000,0.000000,0.000000
9,defender-short,76000,20.000,0,5,0.500,0.100,0.400,Q7o,jam,-40.000000,-40.000000,-39.032726,0.000000,0.967274,0.500000,0.439670,22.000000,-80.000000,58.000000,0.000000,0.000000,0.000000
9,defender-short,76000,20.000,0,5,0.500,0.100,0.400,A6o,jam,-40.000000,-40.000000,-39.040842,0.000000,0.959158,0.529622,0.435981,22.000000,-80.000000,58.000000,0.000000,0.000000,0.000000
9,defender-short,76000,20.000,0,5,0.500,0.100,0.400,J6o,jam,-40.000000,-40.000000,-39.045139,0.000000,0.954861,0.504883,0.434028,22.000000,-80.000000,58.000000,0.000000,0.000000,0.000000
9,defender-short,76000,20.000,0,5,0.500,0.100,0.400,54s,jam,-40.000000,-40.000000,-39.094792,0.000000,0.905208,0.323242,0.411458,22.000000,-80.000000,58.000000,0.000000,0.000000,0.000000
9,defender-short,76000,20.000,0,5,0.500,0.100,0.400,64s,jam,-40.000000,-40.000000,-39.103385,0.000000,0.896615,0.287109,0.407552,22.000000,-80.000000,58.000000,0.000000,0.000000,0.000000
9,defender-short,76000,20.000,0,5,0.500,0.100,0.400,A4s,jam,-40.000000,-40.000000,-39.129167,0.000000,0.870833,0.540039,0.395833,22.000000,-80.000000,58.000000,0.000000,0.000000,0.000000
9,defender-short,76000,20.000,0,5,0.500,0.100,0.400,94s,jam,-40.000000,-40.000000,-39.132031,0.000000,0.867969,0.295573,0.394531,22.000000,-80.000000,58.000000,0.000000,0.000000,0.000000
9,defender-short,76000,20.000,0,5,0.500,0.100,0.400,Q4s,jam,-40.000000,-40.000000,-39.166406,0.000000,0.833594,0.548828,0.378906,22.000000,-80.000000,58.000000,0.000000,0.000000,0.000000
9,defender-short,76000,20.000,0,5,0.500,0.100,0.400,54o,jam,-40.000000,-40.000000,-39.173090,0.000000,0.826910,0.359701,0.375868,22.000000,-80.000000,58.000000,0.000000,0.000000,0.000000
9,defender-short,76000,20.000,0,5,0.500,0.100,0.400,A4o,jam,-40.000000,-40.000000,-39.186458,0.000000,0.813542,0.523438,0.369792,22.000000,-80.000000,58.000000,0.000000,0.000000,0.000000
9,defender-short,76000,20.000,0,5,0.500,0.100,0.400,64o,jam,-40.000000,-40.000000,-39.204601,0.000000,0.795399,0.327799,0.361545,22.000000,-80.000000,58.000000,0.000000,0.000000,0.000000
9,defender-short,76000,20.000,0,5,0.500,0.100,0.400,74s,jam,-40.000000,-40.000000,-39.209375,0.000000,0.790625,0.345703,0.359375,22.000000,-80.000000,58.000000,0.000000,0.000000,0.000000
9,defender-short,76000,20.000,0,5,0.500,0.100,0.400,T2s,jam,-40.000000,-40.000000,-39.210807,0.000000,0.789193,0.316406,0.358724,22.000000,-80.000000,58.000000,0.000000,0.000000,0.000000
9,defender-short,76000,20.000,0,5,0.500,0.100,0.400,93s,jam,-40.000000,-40.000000,-39.225130,0.000000,0.774870,0.302083,0.352214,22.000000,-80.000000,58.000000,0.000000,0.000000,0.000000
9,defender-short,76000,20.000,0,5,0.500,0.100,0.400,K3s,jam,-40.000000,-40.000000,-39.227995,0.000000,0.772005,0.526367,0.350911,22.000000,-80.000000,58.000000,0.000000,0.000000,0.000000
9,defender-short,76000,20.000,0,5,0.500,0.100,0.400,84s,jam,-40.000000,-40.000000,-39.229427,0.000000,0.770573,0.327148,0.350260,22.000000,-80.000000,58.000000,0.000000,0.000000,0.000000
9,defender-short,76000,20.000,0,5,0.500,0.100,0.400,Q2s,jam,-40.000000,-40.000000,-39.236589,0.000000,0.763411,0.537109,0.347005,22.000000,-80.000000,58.000000,0.000000,0.000000,0.000000
9,defender-short,76000,20.000,0,5,0.500,0.100,0.400,92s,jam,-40.000000,-40.000000,-39.242318,0.000000,0.757682,0.322917,0.344401,22.000000,-80.000000,58.000000,0.000000,0.000000,0.000000
9,defender-short,76000,20.000,0,5,0.500,0.100,0.400,63s,jam,-40.000000,-40.000000,-39.243750,0.000000,0.756250,0.345703,0.343750,22.000000,-80.000000,58.000000,0.000000,0.000000,0.000000
9,defender-short,76000,20.000,0,5,0.500,0.100,0.400,K4s,jam,-40.000000,-40.000000,-39.255208,0.000000,0.744792,0.532227,0.338542,22.000000,-80.000000,58.000000,0.000000,0.000000,0.000000
9,defender-short,76000,20.000,0,5,0.500,0.100,0.400,83s,jam,-40.000000,-40.000000,-39.256641,0.000000,0.743359,0.313477,0.337891,22.000000,-80.000000,58.000000,0.000000,0.000000,0.000000
9,defender-short,76000,20.000,0,5,0.500,0.100,0.400,K2s,jam,-40.000000,-40.000000,-39.258073,0.000000,0.741927,0.544922,0.337240,22.000000,-80.000000,58.000000,0.000000,0.000000,0.000000
9,defender-short,76000,20.000,0,5,0.500,0.100,0.400,T4s,jam,-40.000000,-40.000000,-39.258073,0.000000,0.741927,0.302083,0.337240,22.000000,-80.000000,58.000000,0.000000,0.000000,0.000000
9,defender-short,76000,20.000,0,5,0.500,0.100,0.400,A3s,jam,-40.000000,-40.000000,-39.263802,0.000000,0.736198,0.582031,0.334635,22.000000,-80.000000,58.000000,0.000000,0.000000,0.000000
9,defender-short,76000,20.000,0,5,0.500,0.100,0.400,82s,jam,-40.000000,-40.000000,-39.263802,0.000000,0.736198,0.314453,0.334635,22.000000,-80.000000,58.000000,0.000000,0.000000,0.000000
9,defender-short,76000,20.000,0,5,0.500,0.100,0.400,J3s,jam,-40.000000,-40.000000,-39.265234,0.000000,0.734766,0.508789,0.333984,22.000000,-80.000000,58.000000,0.000000,0.000000,0.000000
9,defender-short,76000,20.000,0,5,0.500,0.100,0.400,53s,jam,-40.000000,-40.000000,-39.273828,0.000000,0.726172,0.340820,0.330078,22.000000,-80.000000,58.000000,0.000000,0.000000,0.000000
9,defender-short,76000,20.000,0,5,0.500,0.100,0.400,J4s,jam,-40.000000,-40.000000,-39.275260,0.000000,0.724740,0.597656,0.329427,22.000000,-80.000000,58.000000,0.000000,0.000000,0.000000
9,defender-short,76000,20.000,0,5,0.500,0.100,0.400,T3s,jam,-40.000000,-40.000000,-39.275260,0.000000,0.724740,0.350260,0.329427,22.000000,-80.000000,58.000000,0.000000,0.000000,0.000000
9,defender-short,76000,20.000,0,5,0.500,0.100,0.400,A2s,jam,-40.000000,-40.000000,-39.276693,0.000000,0.723307,0.566406,0.328776,22.000000,-80.000000,58.000000,0.000000,0.000000,0.000000
9,defender-short,76000,20.000,0,5,0.500,0.100,0.400,J3o,jam,-40.000000,-40.000000,-39.279080,0.000000,0.720920,0.500000,0.327691,22.000000,-80.000000,58.000000,0.000000,0.000000,0.000000
9,defender-short,76000,20.000,0,5,0.500,0.100,0.400,94o,jam,-40.000000,-40.000000,-39.286719,0.000000,0.713281,0.251736,0.324219,22.000000,-80.000000,58.000000,0.000000,0.000000,0.000000
9,defender-short,76000,20.000,0,5,0.500,0.100,0.400,J4o,jam,-40.000000,-40.000000,-39.289583,0.000000,0.710417,0.517253,0.322917,22.000000,-80.000000,58.000000,0.000000,0.000000,0.000000
9,defender-short,76000,20.000,0,5,0.500,0.100,0.400,K4o,jam,-40.000000,-40.000000,-39.292448,0.000000,0.707552,0.520182,0.321615,22.000000,-80.000000,58.000000,0.000000,0.000000,0.000000
9,defender-short,76000,20.000,0,5,0.500,0.100,0.400,Q3o,jam,-40.000000,-40.000000,-39.296267,0.000000,0.703733,0.503255,0.319878,22.000000,-80.000000,58.000000,0.000000,0.000000,0.000000
9,defender-short,76000,20.000,0,5,0.500,0.100,0.400,J2s,jam,-40.000000,-40.000000,-39.296745,0.000000,0.703255,0.525391,0.319661,22.000000,-80.000000,58.000000,0.000000,0.000000,0.000000
9,defender-short,76000,20.000,0,5,0.500,0.100,0.400,52s,jam,-40.000000,-40.000000,-39.296745,0.000000,0.703255,0.352539,0.319661,22.000000,-80.000000,58.000000,0.000000,0.000000,0.000000
9,defender-short,76000,20.000,0,5,0.500,0.100,0.400,T3o,jam,-40.000000,-40.000000,-39.300087,0.000000,0.699913,0.272135,0.318142,22.000000,-80.000000,58.000000,0.000000,0.000000,0.000000
9,defender-short,76000,20.000,0,5,0.500,0.100,0.400,73s,jam,-40.000000,-40.000000,-39.302474,0.000000,0.697526,0.349609,0.317057,22.000000,-80.000000,58.000000,0.000000,0.000000,0.000000
9,defender-short,76000,20.000,0,5,0.500,0.100,0.400,53o,jam,-40.000000,-40.000000,-39.306293,0.000000,0.693707,0.336589,0.315321,22.000000,-80.000000,58.000000,0.000000,0.000000,0.000000
9,defender-short,76000,20.000,0,5,0.500,0.100,0.400,83o,jam,-40.000000,-40.000000,-39.309158,0.000000,0.690842,0.278320,0.314019,22.000000,-80.000000,58.000000,0.000000,0.000000,0.000000
9,defender-short,76000,20.000,0,5,0.500,0.100,0.400,52o,jam,-40.000000,-40.000000,-39.310113,0.000000,0.689887,0.331380,0.313585,22.000000,-80.000000,58.000000,0.000000,0.000000,0.000000
9,defender-short,76000,20.000,0,5,0.500,0.100,0.400,Q3s,jam,-40.000000,-40.000000,-39.316797,0.000000,0.683203,0.510742,0.310547,22.000000,-80.000000,58.000000,0.000000,0.000000,0.000000
9,defender-short,76000,20.000,0,5,0.500,0.100,0.400,63o,jam,-40.000000,-40.000000,-39.316797,0.000000,0.683203,0.325521,0.310547,22.000000,-80.000000,58.000000,0.000000,0.000000,0.000000
9,defender-short,76000,20.000,0,5,0.500,0.100,0.400,T4o,jam,-40.000000,-40.000000,-39.317274,0.000000,0.682726,0.273872,0.310330,22.000000,-80.000000,58.000000,0.000000,0.000000,0.000000
9,defender-short,76000,20.000,0,5,0.500,0.100,0.400,84o,jam,-40.000000,-40.000000,-39.317274,0.000000,0.682726,0.302409,0.310330,22.000000,-80.000000,58.000000,0.000000,0.000000,0.000000
9,defender-short,76000,20.000,0,5,0.500,0.100,0.400,73o,jam,-40.000000,-40.000000,-39.317752,0.000000,0.682248,0.300456,0.310113,22.000000,-80.000000,58.000000,0.000000,0.000000,0.000000
9,defender-short,76000,20.000,0,5,0.500,0.100,0.400,93o,jam,-40.000000,-40.000000,-39.318707,0.000000,0.681293,0.269531,0.309679,22.000000,-80.000000,58.000000,0.000000,0.000000,0.000000
9,defender-short,76000,20.000,0,5,0.500,0.100,0.400,T2o,jam,-40.000000,-40.000000,-39.320616,0.000000,0.679384,0.289931,0.308811,22.000000,-80.000000,58.000000,0.000000,0.000000,0.000000
9,defender-short,76000,20.000,0,5,0.500,0.100,0.400,92o,jam,-40.000000,-40.000000,-39.321571,0.000000,0.678429,0.241319,0.308377,22.000000,-80.000000,58.000000,0.000000,0.000000,0.000000
9,defender-short,76000,20.000,0,5,0.500,0.100,0.400,72s,jam,-40.000000,-40.000000,-39.323958,0.000000,0.676042,0.367188,0.307292,22.000000,-80.000000,58.000000,0.000000,0.000000,0.000000
9,defender-short,76000,20.000,0,5,0.500,0.100,0.400,62s,jam,-40.000000,-40.000000,-39.325391,0.000000,0.674609,0.326172,0.306641,22.000000,-80.000000,58.000000,0.000000,0.000000,0.000000
9,defender-short,76000,20.000,0,5,0.500,0.100,0.400,74o,jam,-40.000000,-40.000000,-39.325868,0.000000,0.674132,0.297852,0.306424,22.000000,-80.000000,58.000000,0.000000,0.000000,0.000000
9,defender-short,76000,20.000,0,5,0.500,0.100,0.400,Q4o,jam,-40.000000,-40.000000,-39.326823,0.000000,0.673177,0.500326,0.305990,22.000000,-80.000000,58.000000,0.000000,0.000000,0.000000
9,defender-short,76000,20.000,0,5,0.500,0.100,0.400,62o,jam,-40.000000,-40.000000,-39.330642,0.000000,0.669358,0.320964,0.304253,22.000000,-80.000000,58.000000,0.000000,0.000000,0.000000
9,defender-short,76000,20.000,0,5,0.500,0.100,0.400,A3o,jam,-40.000000,-40.000000,-39.332075,0.000000,0.667925,0.536784,0.303602,22.000000,-80.000000,58.000000,0.000000,0.000000,0.000000
9,defender-short,76000,20.000,0,5,0.500,0.100,0.400,J2o,jam,-40.000000,-40.000000,-39.341146,0.000000,0.658854,0.542643,0.299479,22.000000,-80.000000,58.000000,0.000000,0.000000,0.000000
9,defender-short,76000,20.000,0,5,0.500,0.100,0.400,82o,jam,-40.000000,-40.000000,-39.348785,0.000000,0.651215,0.281250,0.296007,22.000000,-80.000000,58.000000,0.000000,0.000000,0.000000
9,defender-short,76000,20.000,0,5,0.500,0.100,0.400,K3o,jam,-40.000000,-40.000000,-39.349262,0.000000,0.650738,0.517578,0.295790,22.000000,-80.000000,58.000000,0.000000,0.000000,0.000000
9,defender-short,76000,20.000,0,5,0.500,0.100,0.400,Q2o,jam,-40.000000,-40.000000,-39.353559,0.000000,0.646441,0.531576,0.293837,22.000000,-80.000000,58.000000,0.000000,0.000000,0.000000
9,defender-short,76000,20.000,0,5,0.500,0.100,0.400,A2o,jam,-40.000000,-40.000000,-39.356901,0.000000,0.643099,0.501302,0.292318,22.000000,-80.000000,58.000000,0.000000,0.000000,0.000000
9,defender-short,76000,20.000,0,5,0.500,0.100,0.400,K2o,jam,-40.000000,-40.000000,-39.359288,0.000000,0.640712,0.490885,0.291233,22.000000,-80.000000,58.000000,0.000000,0.000000,0.000000
9,defender-short,76000,20.000,0,5,0.500,0.100,0.400,72o,jam,-40.000000,-40.000000,-39.362153,0.000000,0.637847,0.288411,0.289931,22.000000,-80.000000,58.000000,0.000000,0.000000,0.000000
9,defender-short,76000,20.000,0,5,0.500,0.100,0.400,22,jam,-40.000000,-40.000000,-39.581771,0.000000,0.418229,0.464193,0.190104,22.000000,-80.000000,58.000000,0.000000,0.000000,0.000000
9,defender-short,76000,20.000,0,5,0.500,0.100,0.400,32s,jam,-40.000000,-40.000000,-39.591797,0.000000,0.408203,0.274414,0.185547,22.000000,-80.000000,58.000000,0.000000,0.000000,0.000000
9,defender-short,76000,20.000,0,5,0.500,0.100,0.400,33,jam,-40.000000,-40.000000,-39.592274,0.000000,0.407726,0.480469,0.185330,22.000000,-80.000000,58.000000,0.000000,0.000000,0.000000
9,defender-short,76000,20.000,0,5,0.500,0.100,0.400,43s,jam,-40.000000,-40.000000,-39.601823,0.000000,0.398177,0.355469,0.180990,22.000000,-80.000000,58.000000,0.000000,0.000000,0.000000
9,defender-short,76000,20.000,0,5,0.500,0.100,0.400,42s,jam,-40.000000,-40.000000,-39.704948,0.000000,0.295052,0.360352,0.134115,22.000000,-80.000000,58.000000,0.000000,0.000000,0.000000
9,defender-short,76000,20.000,0,5,0.500,0.100,0.400,32o,jam,-40.000000,-40.000000,-39.739323,0.000000,0.260677,0.330404,0.118490,22.000000,-80.000000,58.000000,0.000000,0.000000,0.000000
9,defender-short,76000,20.000,0,5,0.500,0.100,0.400,43o,jam,-40.000000,-40.000000,-39.753646,0.000000,0.246354,0.323568,0.111979,22.000000,-80.000000,58.000000,0.000000,0.000000,0.000000
9,defender-short,76000,20.000,0,5,0.500,0.100,0.400,42o,jam,-40.000000,-40.000000,-39.780382,0.000000,0.219618,0.324219,0.099826,22.000000,-80.000000,58.000000,0.000000,0.000000,0.000000
9,defender-short,76000,20.000,0,5,0.500,0.200,0.400,KK,jam,-40.000000,-40.000000,-36.006771,0.000000,3.993229,0.780599,0.907552,22.000000,-80.000000,58.000000,0.000000,0.000000,0.000000
9,defender-short,76000,20.000,0,5,0.500,0.200,0.400,AA,jam,-40.000000,-40.000000,-36.198698,0.000000,3.801302,0.787760,0.863932,22.000000,-80.000000,58.000000,0.000000,0.000000,0.000000
9,defender-short,76000,20.000,0,5,0.500,0.200,0.400,AQs,jam,-40.000000,-40.000000,-36.631250,0.000000,3.368750,0.641602,0.765625,22.000000,-80.000000,58.000000,0.000000,0.000000,0.000000
9,defender-short,76000,20.000,0,5,0.500,0.200,0.400,AKs,jam,-40.000000,-40.000000,-36.652257,0.000000,3.347743,0.636719,0.760851,22.000000,-80.000000,58.000000,0.000000,0.000000,0.000000
9,defender-short,76000,20.000,0,5,0.500,0.200,0.400,AKo,jam,-40.000000,-40.000000,-36.729282,0.000000,3.270718,0.573242,0.743345,22.000000,-80.000000,58.000000,0.000000,0.000000,0.000000
9,defender-short,76000,20.000,0,5,0.500,0.200,0.400,AQo,jam,-40.000000,-40.000000,-36.756655,0.000000,3.243345,0.577799,0.737124,22.000000,-80.000000,58.000000,0.000000,0.000000,0.000000
9,defender-short,76000,20.000,0,5,0.500,0.200,0.400,QQ,jam,-40.000000,-40.000000,-37.108681,0.000000,2.891319,0.817057,0.657118,22.000000,-80.000000,58.000000,0.000000,0.000000,0.000000
9,defender-short,76000,20.000,0,5,0.500,0.200,0.400,ATs,jam,-40.000000,-40.000000,-37.191276,0.000000,2.808724,0.682292,0.638346,22.000000,-80.000000,58.000000,0.000000,0.000000,0.000000
9,defender-short,76000,20.000,0,5,0.500,0.200,0.400,A4s,jam,-40.000000,-40.000000,-37.265755,0.000000,2.734245,0.540039,0.621419,22.000000,-80.000000,58.000000,0.000000,0.000000,0.000000
9,defender-short,76000,20.000,0,5,0.500,0.200,0.400,AJs,jam,-40.000000,-40.000000,-37.277214,0.000000,2.722786,0.640625,0.618815,22.000000,-80.000000,58.000000,0.000000,0.000000,0.000000
9,defender-short,76000,20.000,0,5,0.500,0.200,0.400,A7s,jam,-40.000000,-40.000000,-37.315885,0.000000,2.684115,0.550781,0.610026,22.000000,-80.000000,58.000000,0.000000,0.000000,0.000000
9,defender-short,76000,20.000,0,5,0.500,0.200,0.400,A5s,jam,-40.000000,-40.000000,-37.320182,0.000000,2.679818,0.542969,0.609049,22.000000,-80.000000,58.000000,0.000000,0.000000,0.000000
9,defender-short,76000,20.000,0,5,0.500,0.200,0.400,ATo,jam,-40.000000,-40.000000,-37.327344,0.000000,2.672656,0.698351,0.607422,22.000000,-80.000000,58.000000,0.000000,0.000000,0.000000
9,defender-short,76000,20.000,0,5,0.500,0.200,0.400,A6s,jam,-40.000000,-40.000000,-37.370312,0.000000,2.629688,0.564453,0.597656,22.000000,-80.000000,58.000000,0.000000,0.000000,0.000000
9,defender-short,76000,20.000,0,5,0.500,0.200,0.400,A9s,jam,-40.000000,-40.000000,-37.376042,0.000000,2.623958,0.684896,0.596354,22.000000,-80.000000,58.000000,0.000000,0.000000,0.000000
9,defender-short,76000,20.000,0,5,0.500,0.200,0.400,A5o,jam,-40.000000,-40.000000,-37.394184,0.000000,2.605816,0.526693,0.592231,22.000000,-80.000000,58.000000,0.000000,0.000000,0.000000
9,defender-short,76000,20.000,0,5,0.500,0.200,0.400,AJo,jam,-40.000000,-40.000000,-37.396094,0.000000,2.603906,0.606771,0.591797,22.000000,-80.000000,58.000000,0.000000,0.000000,0.000000
9,defender-short,76000,20.000,0,5,0.500,0.200,0.400,A3s,jam,-40.000000,-40.000000,-37.396094,0.000000,2.603906,0.582031,0.591797,22.000000,-80.000000,58.000000,0.000000,0.000000,0.000000
9,defender-short,76000,20.000,0,5,0.500,0.200,0.400,A8s,jam,-40.000000,-40.000000,-37.401823,0.000000,2.598177,0.584961,0.590495,22.000000,-80.000000,58.000000,0.000000,0.000000,0.000000
9,defender-short,76000,20.000,0,5,0.500,0.200,0.400,A3o,jam,-40.000000,-40.000000,-37.424262,0.000000,2.575738,0.536784,0.585395,22.000000,-80.000000,58.000000,0.000000,0.000000,0.000000
9,defender-short,76000,20.000,0,5,0.500,0.200,0.400,A2o,jam,-40.000000,-40.000000,-37.424740,0.000000,2.575260,0.501302,0.585286,22.000000,-80.000000,58.000000,0.000000,0.000000,0.000000
9,defender-short,76000,20.000,0,5,0.500,0.200,0.400,A9o,jam,-40.000000,-40.000000,-37.434766,0.000000,2.565234,0.658420,0.583008,22.000000,-80.000000,58.000000,0.000000,0.000000,0.000000
9,defender-short,76000,20.000,0,5,0.500,0.200,0.400,A7o,jam,-40.000000,-40.000000,-37.441450,0.000000,2.558550,0.513997,0.581489,22.000000,-80.000000,58.000000,0.000000,0.000000,0.000000
9,defender-short,76000,20.000,0,5,0.500,0.200,0.400,A2s,jam,-40.000000,-40.000000,-37.443359,0.000000,2.556641,0.566406,0.581055,22.000000,-80.000000,58.000000,0.000000,0.000000,0.000000
9,defender-short,76000,20.000,0,5,0.500,0.200,0.400,A8o,jam,-40.000000,-40.000000,-37.445269,0.000000,2.554731,0.546875,0.580621,22.000000,-80.000000,58.000000,0.000000,0.000000,0.000000
9,defender-short,76000,20.000,0,5,0.500,0.200,0.400,A6o,jam,-40.000000,-40.000000,-37.458637,0.000000,2.541363,0.529622,0.577582,22.000000,-80.000000,58.000000,0.000000,0.000000,0.000000
9,defender-short,76000,20.000,0,5,0.500,0.200,0.400,A4o,jam,-40.000000,-40.000000,-37.468186,0.000000,2.531814,0.523438,0.575412,22.000000,-80.000000,58.000000,0.000000,0.000000,0.000000
9,defender-short,76000,20.000,0,5,0.500,0.200,0.400,99,jam,-40.000000,-40.000000,-37.497309,0.000000,2.502691,0.621094,0.568793,22.000000,-80.000000,58.000000,0.000000,0.000000,0.000000
9,defender-short,76000,20.000,0,5,0.500,0.200,0.400,TT,jam,-40.000000,-40.000000,-37.538368,0.000000,2.461632,0.816406,0.559462,22.000000,-80.000000,58.000000,0.000000,0.000000,0.000000
9,defender-short,76000,20.000,0,5,0.500,0.200,0.400,JJ,jam,-40.000000,-40.000000,-37.546007,0.000000,2.453993,0.826172,0.557726,22.000000,-80.000000,58.000000,0.000000,0.000000,0.000000
9,defender-short,76000,20.000,0,5,0.500,0.200,0.400,77,jam,-40.000000,-40.000000,-37.626215,0.000000,2.373785,0.461589,0.539497,22.000000,-80.000000,58.000000,0.000000,0.000000,0.000000
9,defender-short,76000,20.000,0,5,0.500,0.200,0.400,55,jam,-40.000000,-40.000000,-37.628125,0.000000,2.371875,0.488932,0.539062,22.000000,-80.000000,58.000000,0.000000,0.000000,0.000000
9,defender-short,76000,20.000,0,5,0.500,0.200,0.400,66,jam,-40.000000,-40.000000,-37.637674,0.000000,2.362326,0.498047,0.536892,22.000000,-80.000000,58.000000,0.000000,0.000000,0.000000
9,defender-short,76000,20.000,0,5,0.500,0.200,0.400,88,jam,-40.000000,-40.000000,-37.644358,0.000000,2.355642,0.516927,0.535373,22.000000,-80.000000,58.000000,0.000000,0.000000,0.000000
9,defender-short,76000,20.000,0,5,0.500,0.200,0.400,KQs,jam,-40.000000,-40.000000,-37.665365,0.000000,2.334635,0.657227,0.530599,22.000000,-80.000000,58.000000,0.000000,0.000000,0.000000
9,defender-short,76000,20.000,0,5,0.500,0.200,0.400,44,jam,-40.000000,-40.000000,-37.683507,0.000000,2.316493,0.438802,0.526476,22.000000,-80.000000,58.000000,0.000000,0.000000,0.000000
9,defender-short,76000,20.000,0,5,0.500,0.200,0.400,33,jam,-40.000000,-40.000000,-37.717882,0.000000,2.282118,0.480469,0.518663,22.000000,-80.000000,58.000000,0.000000,0.000000,0.000000
9,defender-short,76000,20.000,0,5,0.500,0.200,0.400,22,jam,-40.000000,-40.000000,-37.742708,0.000000,2.257292,0.464193,0.513021,22.000000,-80.000000,58.000000,0.000000,0.000000,0.000000
9,defender-short,76000,20.000,0,5,0.500,0.200,0.400,KQo,jam,-40.000000,-40.000000,-37.800000,0.000000,2.200000,0.599609,0.500000,22.000000,-80.000000,58.000000,0.000000,0.000000,0.000000
9,defender-short,76000,20.000,0,5,0.500,0.200,0.400,65s,jam,-40.000000,-40.000000,-38.180990,0.000000,1.819010,0.343750,0.413411,22.000000,-80.000000,58.000000,0.000000,0.000000,0.000000
9,defender-short,76000,20.000,0,5,0.500,0.200,0.400,97s,jam,-40.000000,-40.000000,-38.185286,0.000000,1.814714,0.296875,0.412435,22.000000,-80.000000,58.000000,0.000000,0.000000,0.000000
9,defender-short,76000,20.000,0,5,0.500,0.200,0.400,76s,jam,-40.000000,-40.000000,-38.185286,0.000000,1.814714,0.378906,0.412435,22.000000,-80.000000,58.000000,0.000000,0.000000,0.000000
9,defender-short,76000,20.000,0,5,0.500,0.200,0.400,64s,jam,-40.000000,-40.000000,-38.193880,0.000000,1.806120,0.287109,0.410482,22.000000,-80.000000,58.000000,0.000000,0.000000,0.000000
9,defender-short,76000,20.000,0,5,0.500,0.200,0.400,98s,jam,-40.000000,-40.000000,-38.208203,0.000000,1.791797,0.287760,0.407227,22.000000,-80.000000,58.000000,0.000000,0.000000,0.000000
9,defender-short,76000,20.000,0,5,0.500,0.200,0.400,86s,jam,-40.000000,-40.000000,-38.226823,0.000000,1.773177,0.349609,0.402995,22.000000,-80.000000,58.000000,0.000000,0.000000,0.000000
9,defender-short,76000,20.000,0,5,0.500,0.200,0.400,54s,jam,-40.000000,-40.000000,-38.233984,0.000000,1.766016,0.323242,0.401367,22.000000,-80.000000,58.000000,0.000000,0.000000,0.000000
9,defender-short,76000,20.000,0,5,0.500,0.200,0.400,87s,jam,-40.000000,-40.000000,-38.236849,0.000000,1.763151,0.336914,0.400716,22.000000,-80.000000,58.000000,0.000000,0.000000,0.000000
9,defender-short,76000,20.000,0,5,0.500,0.200,0.400,T9s,jam,-40.000000,-40.000000,-38.238281,0.000000,1.761719,0.500000,0.400391,22.000000,-80.000000,58.000000,0.000000,0.000000,0.000000
9,defender-short,76000,20.000,0,5,0.500,0.200,0.400,JTs,jam,-40.000000,-40.000000,-38.248307,0.000000,1.751693,0.703125,0.398112,22.000000,-80.000000,58.000000,0.000000,0.000000,0.000000
9,defender-short,76000,20.000,0,5,0.500,0.200,0.400,63s,jam,-40.000000,-40.000000,-38.258333,0.000000,1.741667,0.345703,0.395833,22.000000,-80.000000,58.000000,0.000000,0.000000,0.000000
9,defender-short,76000,20.000,0,5,0.500,0.200,0.400,53s,jam,-40.000000,-40.000000,-38.261198,0.000000,1.738802,0.340820,0.395182,22.000000,-80.000000,58.000000,0.000000,0.000000,0.000000
9,defender-short,76000,20.000,0,5,0.500,0.200,0.400,43s,jam,-40.000000,-40.000000,-38.265495,0.000000,1.734505,0.355469,0.394206,22.000000,-80.000000,58.000000,0.000000,0.000000,0.000000
9,defender-short,76000,20.000,0,5,0.500,0.200,0.400,73s,jam,-40.000000,-40.000000,-38.294141,0.000000,1.705859,0.349609,0.387695,22.000000,-80.000000,58.000000,0.000000,0.000000,0.000000
9,defender-short,76000,20.000,0,5,0.500,0.200,0.400,83s,jam,-40.000000,-40.000000,-38.305599,0.000000,1.694401,0.313477,0.385091,22.000000,-80.000000,58.000000,0.000000,0.000000,0.000000
9,defender-short,76000,20.000,0,5,0.500,0.200,0.400,75s,jam,-40.000000,-40.000000,-38.307031,0.000000,1.692969,0.361328,0.384766,22.000000,-80.000000,58.000000,0.000000,0.000000,0.000000
9,defender-short,76000,20.000,0,5,0.500,0.200,0.400,84s,jam,-40.000000,-40.000000,-38.314193,0.000000,1.685807,0.327148,0.383138,22.000000,-80.000000,58.000000,0.000000,0.000000,0.000000
9,defender-short,76000,20.000,0,5,0.500,0.200,0.400,85s,jam,-40.000000,-40.000000,-38.329948,0.000000,1.670052,0.347656,0.379557,22.000000,-80.000000,58.000000,0.000000,0.000000,0.000000
9,defender-short,76000,20.000,0,5,0.500,0.200,0.400,32s,jam,-40.000000,-40.000000,-38.329948,0.000000,1.670052,0.274414,0.379557,22.000000,-80.000000,58.000000,0.000000,0.000000,0.000000
9,defender-short,76000,20.000,0,5,0.500,0.200,0.400,54o,jam,-40.000000,-40.000000,-38.333290,0.000000,1.666710,0.359701,0.378798,22.000000,-80.000000,58.000000,0.000000,0.000000,0.000000
9,defender-short,76000,20.000,0,5,0.500,0.200,0.400,J9s,jam,-40.000000,-40.000000,-38.337109,0.000000,1.662891,0.746094,0.377930,22.000000,-80.000000,58.000000,0.000000,0.000000,0.000000
9,defender-short,76000,20.000,0,5,0.500,0.200,0.400,T8s,jam,-40.000000,-40.000000,-38.341406,0.000000,1.658594,0.345052,0.376953,22.000000,-80.000000,58.000000,0.000000,0.000000,0.000000
9,defender-short,76000,20.000,0,5,0.500,0.200,0.400,T5s,jam,-40.000000,-40.000000,-38.344271,0.000000,1.655729,0.305990,0.376302,22.000000,-80.000000,58.000000,0.000000,0.000000,0.000000
9,defender-short,76000,20.000,0,5,0.500,0.200,0.400,76o,jam,-40.000000,-40.000000,-38.350000,0.000000,1.650000,0.359049,0.375000,22.000000,-80.000000,58.000000,0.000000,0.000000,0.000000
9,defender-short,76000,20.000,0,5,0.500,0.200,0.400,52s,jam,-40.000000,-40.000000,-38.351432,0.000000,1.648568,0.352539,0.374674,22.000000,-80.000000,58.000000,0.000000,0.000000,0.000000
9,defender-short,76000,20.000,0,5,0.500,0.200,0.400,42s,jam,-40.000000,-40.000000,-38.351432,0.000000,1.648568,0.360352,0.374674,22.000000,-80.000000,58.000000,0.000000,0.000000,0.000000
9,defender-short,76000,20.000,0,5,0.500,0.200,0.400,74s,jam,-40.000000,-40.000000,-38.357161,0.000000,1.642839,0.345703,0.373372,22.000000,-80.000000,58.000000,0.000000,0.000000,0.000000
9,defender-short,76000,20.000,0,5,0.500,0.200,0.400,92s,jam,-40.000000,-40.000000,-38.374349,0.000000,1.625651,0.322917,0.369466,22.000000,-80.000000,58.000000,0.000000,0.000000,0.000000
9,defender-short,76000,20.000,0,5,0.500,0.200,0.400,T6s,jam,-40.000000,-40.000000,-38.378646,0.000000,1.621354,0.322917,0.368490,22.000000,-80.000000,58.000000,0.000000,0.000000,0.000000
9,defender-short,76000,20.000,0,5,0.500,0.200,0.400,93s,jam,-40.000000,-40.000000,-38.378646,0.000000,1.621354,0.302083,0.368490,22.000000,-80.000000,58.000000,0.000000,0.000000,0.000000
9,defender-short,76000,20.000,0,5,0.500,0.200,0.400,J4s,jam,-40.000000,-40.000000,-38.388672,0.000000,1.611328,0.597656,0.366211,22.000000,-80.000000,58.000000,0.000000,0.000000,0.000000
9,defender-short,76000,20.000,0,5,0.500,0.200,0.400,95s,jam,-40.000000,-40.000000,-38.390104,0.000000,1.609896,0.290365,0.365885,22.000000,-80.000000,58.000000,0.000000,0.000000,0.000000
9,defender-short,76000,20.000,0,5,0.500,0.200,0.400,65o,jam,-40.000000,-40.000000,-38.391536,0.000000,1.608464,0.335938,0.365560,22.000000,-80.000000,58.000000,0.000000,0.000000,0.000000
9,defender-short,76000,20.000,0,5,0.500,0.200,0.400,T3s,jam,-40.000000,-40.000000,-38.392969,0.000000,1.607031,0.350260,0.365234,22.000000,-80.000000,58.000000,0.000000,0.000000,0.000000
9,defender-short,76000,20.000,0,5,0.500,0.200,0.400,64o,jam,-40.000000,-40.000000,-38.399175,0.000000,1.600825,0.327799,0.363824,22.000000,-80.000000,58.000000,0.000000,0.000000,0.000000
9,defender-short,76000,20.000,0,5,0.500,0.200,0.400,96s,jam,-40.000000,-40.000000,-38.405859,0.000000,1.594141,0.320312,0.362305,22.000000,-80.000000,58.000000,0.000000,0.000000,0.000000
9,defender-short,76000,20.000,0,5,0.500,0.200,0.400,JTo,jam,-40.000000,-40.000000,-38.408724,0.000000,1.591276,0.693142,0.361654,22.000000,-80.000000,58.000000,0.000000,0.000000,0.000000
9,defender-short,76000,20.000,0,5,0.500,0.200,0.400,94s,jam,-40.000000,-40.000000,-38.413021,0.000000,1.586979,0.295573,0.360677,22.000000,-80.000000,58.000000,0.000000,0.000000,0.000000
9,defender-short,76000,20.000,0,5,0.500,0.200,0.400,62s,jam,-40.000000,-40.000000,-38.415885,0.000000,1.584115,0.326172,0.360026,22.000000,-80.000000,58.000000,0.000000,0.000000,0.000000
9,defender-short,76000,20.000,0,5,0.500,0.200,0.400,J2s,jam,-40.000000,-40.000000,-38.417318,0.000000,1.582682,0.525391,0.359701,22.000000,-80.000000,58.000000,0.000000,0.000000,0.000000
9,defender-short,76000,20.000,0,5,0.500,0.200,0.400,72s,jam,-40.000000,-40.000000,-38.423047,0.000000,1.576953,0.367188,0.358398,22.000000,-80.000000,58.000000,0.000000,0.000000,0.000000
9,defender-short,76000,20.000,0,5,0.500,0.200,0.400,98o,jam,-40.000000,-40.000000,-38.426389,0.000000,1.573611,0.261285,0.357639,22.000000,-80.000000,58.000000,0.000000,0.000000,0.000000
9,defender-short,76000,20.000,0,5,0.500,0.200,0.400,J3s,jam,-40.000000,-40.000000,-38.427344,0.000000,1.572656,0.508789,0.357422,22.000000,-80.000000,58.000000,0.000000,0.000000,0.000000
9,defender-short,76000,20.000,0,5,0.500,0.200,0.400,53o,jam,-40.000000,-40.000000,-38.428776,0.000000,1.571224,0.336589,0.357096,22.000000,-80.000000,58.000000,0.000000,0.000000,0.000000
9,defender-short,76000,20.000,0,5,0.500,0.200,0.400,T9o,jam,-40.000000,-40.000000,-38.431641,0.000000,1.568359,0.477214,0.356445,22.000000,-80.000000,58.000000,0.000000,0.000000,0.000000
9,defender-short,76000,20.000,0,5,0.500,0.200,0.400,75o,jam,-40.000000,-40.000000,-38.434505,0.000000,1.565495,0.319987,0.355794,22.000000,-80.000000,58.000000,0.000000,0.000000,0.000000
9,defender-short,76000,20.000,0,5,0.500,0.200,0.400,43o,jam,-40.000000,-40.000000,-38.435938,0.000000,1.564062,0.323568,0.355469,22.000000,-80.000000,58.000000,0.000000,0.000000,0.000000
9,defender-short,76000,20.000,0,5,0.500,0.200,0.400,T8o,jam,-40.000000,-40.000000,-38.438325,0.000000,1.561675,0.288194,0.354926,22.000000,-80.000000,58.000000,0.000000,0.000000,0.000000
9,defender-short,76000,20.000,0,5,0.500,0.200,0.400,96o,jam,-40.000000,-40.000000,-38.441189,0.000000,1.558811,0.258247,0.354275,22.000000,-80.000000,58.000000,0.000000,0.000000,0.000000
9,defender-short,76000,20.000,0,5,0.500,0.200,0.400,J8s,jam,-40.000000,-40.000000,-38.441667,0.000000,1.558333,0.588867,0.354167,22.000000,-80.000000,58.000000,0.000000,0.000000,0.000000
9,defender-short,76000,20.000,0,5,0.500,0.200,0.400,J5s,jam,-40.000000,-40.000000,-38.443099,0.000000,1.556901,0.549805,0.353841,22.000000,-80.000000,58.000000,0.000000,0.000000,0.000000
9,defender-short,76000,20.000,0,5,0.500,0.200,0.400,87o,jam,-40.000000,-40.000000,-38.445964,0.000000,1.554036,0.347656,0.353190,22.000000,-80.000000,58.000000,0.000000,0.000000,0.000000
9,defender-short,76000,20.000,0,5,0.500,0.200,0.400,97o,jam,-40.000000,-40.000000,-38.450738,0.000000,1.549262,0.257812,0.352105,22.000000,-80.000000,58.000000,0.000000,0.000000,0.000000
9,defender-short,76000,20.000,0,5,0.500,0.200,0.400,J6s,jam,-40.000000,-40.000000,-38.451693,0.000000,1.548307,0.594727,0.351888,22.000000,-80.000000,58.000000,0.000000,0.000000,0.000000
9,defender-short,76000,20.000,0,5,0.500,0.200,0.400,T4s,jam,-40.000000,-40.000000,-38.451693,0.000000,1.548307,0.302083,0.351888,22.000000,-80.000000,58.000000,0.000000,0.000000,0.000000
9,defender-short,76000,20.000,0,5,0.500,0.200,0.400,63o,jam,-40.000000,-40.000000,-38.461719,0.000000,1.538281,0.325521,0.349609,22.000000,-80.000000,58.000000,0.000000,0.000000,0.000000
9,defender-short,76000,20.000,0,5,0.500,0.200,0.400,T7s,jam,-40.000000,-40.000000,-38.464583,0.000000,1.535417,0.311198,0.348958,22.000000,-80.000000,58.000000,0.000000,0.000000,0.000000
9,defender-short,76000,20.000,0,5,0.500,0.200,0.400,73o,jam,-40.000000,-40.000000,-38.476042,0.000000,1.523958,0.300456,0.346354,22.000000,-80.000000,58.000000,0.000000,0.000000,0.000000
9,defender-short,76000,20.000,0,5,0.500,0.200,0.400,J7s,jam,-40.000000,-40.000000,-38.478906,0.000000,1.521094,0.568359,0.345703,22.000000,-80.000000,58.000000,0.000000,0.000000,0.000000
9,defender-short,76000,20.000,0,5,0.500,0.200,0.400,85o,jam,-40.000000,-40.000000,-38.483681,0.000000,1.516319,0.303060,0.344618,22.000000,-80.000000,58.000000,0.000000,0.000000,0.000000
9,defender-short,76000,20.000,0,5,0.500,0.200,0.400,42o,jam,-40.000000,-40.000000,-38.487977,0.000000,1.512023,0.324219,0.343641,22.000000,-80.000000,58.000000,0.000000,0.000000,0.000000
9,defender-short,76000,20.000,0,5,0.500,0.200,0.400,84o,jam,-40.000000,-40.000000,-38.495616,0.000000,1.504384,0.302409,0.341905,22.000000,-80.000000,58.000000,0.000000,0.000000,0.000000
9,defender-short,76000,20.000,0,5,0.500,0.200,0.400,74o,jam,-40.000000,-40.000000,-38.502300,0.000000,1.497700,0.297852,0.340386,22.000000,-80.000000,58.000000,0.000000,0.000000,0.000000
9,defender-short,76000,20.000,0,5,0.500,0.200,0.400,86o,jam,-40.000000,-40.000000,-38.502778,0.000000,1.497222,0.317057,0.340278,22.000000,-80.000000,58.000000,0.000000,0.000000,0.000000
9,defender-short,76000,20.000,0,5,0.500,0.200,0.400,J9o,jam,-40.000000,-40.000000,-38.508030,0.000000,1.491970,0.670139,0.339084,22.000000,-80.000000,58.000000,0.000000,0.000000,0.000000
9,defender-short,76000,20.000,0,5,0.500,0.200,0.400,95o,jam,-40.000000,-40.000000,-38.511372,0.000000,1.488628,0.226997,0.338325,22.000000,-80.000000,58.000000,0.000000,0.000000,0.000000
9,defender-short,76000,20.000,0,5,0.500,0.200,0.400,62o,jam,-40.000000,-40.000000,-38.534766,0.000000,1.465234,0.320964,0.333008,22.000000,-80.000000,58.000000,0.000000,0.000000,0.000000
9,defender-short,76000,20.000,0,5,0.500,0.200,0.400,32o,jam,-40.000000,-40.000000,-38.541450,0.000000,1.458550,0.330404,0.331489,22.000000,-80.000000,58.000000,0.000000,0.000000,0.000000
9,defender-short,76000,20.000,0,5,0.500,0.200,0.400,82s,jam,-40.000000,-40.000000,-38.543359,0.000000,1.456641,0.314453,0.331055,22.000000,-80.000000,58.000000,0.000000,0.000000,0.000000
9,defender-short,76000,20.000,0,5,0.500,0.200,0.400,72o,jam,-40.000000,-40.000000,-38.543837,0.000000,1.456163,0.288411,0.330946,22.000000,-80.000000,58.000000,0.000000,0.000000,0.000000
9,defender-short,76000,20.000,0,5,0.500,0.200,0.400,J8o,jam,-40.000000,-40.000000,-38.544314,0.000000,1.455686,0.546875,0.330838,22.000000,-80.000000,58.000000,0.000000,0.000000,0.000000
9,defender-short,76000,20.000,0,5,0.500,0.200,0.400,T7o,jam,-40.000000,-40.000000,-38.546224,0.000000,1.453776,0.283854,0.330404,22.000000,-80.000000,58.000000,0.000000,0.000000,0.000000
9,defender-short,76000,20.000,0,5,0.500,0.200,0.400,52o,jam,-40.000000,-40.000000,-38.547656,0.000000,1.452344,0.331380,0.330078,22.000000,-80.000000,58.000000,0.000000,0.000000,0.000000
9,defender-short,76000,20.000,0,5,0.500,0.200,0.400,T5o,jam,-40.000000,-40.000000,-38.554340,0.000000,1.445660,0.289062,0.328559,22.000000,-80.000000,58.000000,0.000000,0.000000,0.000000
9,defender-short,76000,20.000,0,5,0.500,0.200,0.400,K4s,jam,-40.000000,-40.000000,-38.561979,0.000000,1.438021,0.532227,0.326823,22.000000,-80.000000,58.000000,0.000000,0.000000,0.000000
9,defender-short,76000,20.000,0,5,0.500,0.200,0.400,T6o,jam,-40.000000,-40.000000,-38.564844,0.000000,1.435156,0.289931,0.326172,22.000000,-80.000000,58.000000,0.000000,0.000000,0.000000
9,defender-short,76000,20.000,0,5,0.500,0.200,0.400,J7o,jam,-40.000000,-40.000000,-38.575347,0.000000,1.424653,0.518555,0.323785,22.000000,-80.000000,58.000000,0.000000,0.000000,0.000000
9,defender-short,76000,20.000,0,5,0.500,0.200,0.400,J5o,jam,-40.000000,-40.000000,-38.581076,0.000000,1.418924,0.527344,0.322483,22.000000,-80.000000,58.000000,0.000000,0.000000,0.000000
9,defender-short,76000,20.000,0,5,0.500,0.200,0.400,92o,jam,-40.000000,-40.000000,-38.590148,0.000000,1.409852,0.241319,0.320421,22.000000,-80.000000,58.000000,0.000000,0.000000,0.000000
9,defender-short,76000,20.000,0,5,0.500,0.200,0.400,QTs,jam,-40.000000,-40.000000,-38.590625,0.000000,1.409375,0.696615,0.320312,22.000000,-80.000000,58.000000,0.000000,0.000000,0.000000
9,defender-short,76000,20.000,0,5,0.500,0.200,0.400,94o,jam,-40.000000,-40.000000,-38.592535,0.000000,1.407465,0.251736,0.319878,22.000000,-80.000000,58.000000,0.000000,0.000000,0.000000
9,defender-short,76000,20.000,0,5,0.500,0.200,0.400,T3o,jam,-40.000000,-40.000000,-38.593967,0.000000,1.406033,0.272135,0.319553,22.000000,-80.000000,58.000000,0.000000,0.000000,0.000000
9,defender-short,76000,20.000,0,5,0.500,0.200,0.400,T2s,jam,-40.000000,-40.000000,-38.603516,0.000000,1.396484,0.316406,0.317383,22.000000,-80.000000,58.000000,0.000000,0.000000,0.000000
9,defender-short,76000,20.000,0,5,0.500,0.200,0.400,T4o,jam,-40.000000,-40.000000,-38.604948,0.000000,1.395052,0.273872,0.317057,22.000000,-80.000000,58.000000,0.000000,0.000000,0.000000
9,defender-short,76000,20.000,0,5,0.500,0.200,0.400,Q6s,jam,-40.000000,-40.000000,-38.613542,0.000000,1.386458,0.558594,0.315104,22.000000,-80.000000,58.000000,0.000000,0.000000,0.000000
9,defender-short,76000,20.000,0,5,0.500,0.200,0.400,82o,jam,-40.000000,-40.000000,-38.614019,0.000000,1.385981,0.281250,0.314996,22.000000,-80.000000,58.000000,0.000000,0.000000,0.000000
9,defender-short,76000,20.000,0,5,0.500,0.200,0.400,Q4s,jam,-40.000000,-40.000000,-38.619271,0.000000,1.380729,0.548828,0.313802,22.000000,-80.000000,58.000000,0.000000,0.000000,0.000000
9,defender-short,76000,20.000,0,5,0.500,0.200,0.400,KTs,jam,-40.000000,-40.000000,-38.621181,0.000000,1.378819,0.671875,0.313368,22.000000,-80.000000,58.000000,0.000000,0.000000,0.000000
9,defender-short,76000,20.000,0,5,0.500,0.200,0.400,Q5s,jam,-40.000000,-40.000000,-38.626910,0.000000,1.373090,0.554688,0.312066,22.000000,-80.000000,58.000000,0.000000,0.000000,0.000000
9,defender-short,76000,20.000,0,5,0.500,0.200,0.400,J3o,jam,-40.000000,-40.000000,-38.630252,0.000000,1.369748,0.500000,0.311306,22.000000,-80.000000,58.000000,0.000000,0.000000,0.000000
9,defender-short,76000,20.000,0,5,0.500,0.200,0.400,93o,jam,-40.000000,-40.000000,-38.633594,0.000000,1.366406,0.269531,0.310547,22.000000,-80.000000,58.000000,0.000000,0.000000,0.000000
9,defender-short,76000,20.000,0,5,0.500,0.200,0.400,83o,jam,-40.000000,-40.000000,-38.639800,0.000000,1.360200,0.278320,0.309136,22.000000,-80.000000,58.000000,0.000000,0.000000,0.000000
9,defender-short,76000,20.000,0,5,0.500,0.200,0.400,K6s,jam,-40.000000,-40.000000,-38.640278,0.000000,1.359722,0.553711,0.309028,22.000000,-80.000000,58.000000,0.000000,0.000000,0.000000
9,defender-short,76000,20.000,0,5,0.500,0.200,0.400,K8s,jam,-40.000000,-40.000000,-38.646007,0.000000,1.353993,0.541016,0.307726,22.000000,-80.000000,58.000000,0.000000,0.000000,0.000000
9,defender-short,76000,20.000,0,5,0.500,0.200,0.400,J6o,jam,-40.000000,-40.000000,-38.646007,0.000000,1.353993,0.504883,0.307726,22.000000,-80.000000,58.000000,0.000000,0.000000,0.000000
9,defender-short,76000,20.000,0,5,0.500,0.200,0.400,T2o,jam,-40.000000,-40.000000,-38.650781,0.000000,1.349219,0.289931,0.306641,22.000000,-80.000000,58.000000,0.000000,0.000000,0.000000
9,defender-short,76000,20.000,0,5,0.500,0.200,0.400,J2o,jam,-40.000000,-40.000000,-38.651736,0.000000,1.348264,0.542643,0.306424,22.000000,-80.000000,58.000000,0.000000,0.000000,0.000000
9,defender-short,76000,20.000,0,5,0.500,0.200,0.400,J4o,jam,-40.000000,-40.000000,-38.654123,0.000000,1.345877,0.517253,0.305881,22.000000,-80.000000,58.000000,0.000000,0.000000,0.000000
9,defender-short,76000,20.000,0,5,0.500,0.200,0.400,K9s,jam,-40.000000,-40.000000,-38.663194,0.000000,1.336806,0.658854,0.303819,22.000000,-80.000000,58.000000,0.000000,0.000000,0.000000
9,defender-short,76000,20.000,0,5,0.500,0.200,0.400,KJs,jam,-40.000000,-40.000000,-38.665104,0.000000,1.334896,0.649414,0.303385,22.000000,-80.000000,58.000000,0.000000,0.000000,0.000000
9,defender-short,76000,20.000,0,5,0.500,0.200,0.400,Q2s,jam,-40.000000,-40.000000,-38.693750,0.000000,1.306250,0.537109,0.296875,22.000000,-80.000000,58.000000,0.000000,0.000000,0.000000
9,defender-short,76000,20.000,0,5,0.500,0.200,0.400,K7s,jam,-40.000000,-40.000000,-38.703299,0.000000,1.296701,0.549805,0.294705,22.000000,-80.000000,58.000000,0.000000,0.000000,0.000000
9,defender-short,76000,20.000,0,5,0.500,0.200,0.400,K2s,jam,-40.000000,-40.000000,-38.703299,0.000000,1.296701,0.544922,0.294705,22.000000,-80.000000,58.000000,0.000000,0.000000,0.000000
9,defender-short,76000,20.000,0,5,0.500,0.200,0.400,K5s,jam,-40.000000,-40.000000,-38.712847,0.000000,1.287153,0.578125,0.292535,22.000000,-80.000000,58.000000,0.000000,0.000000,0.000000
9,defender-short,76000,20.000,0,5,0.500,0.200,0.400,QJs,jam,-40.000000,-40.000000,-38.714757,0.000000,1.285243,0.656250,0.292101,22.000000,-80.000000,58.000000,0.000000,0.000000,0.000000
9,defender-short,76000,20.000,0,5,0.500,0.200,0.400,Q7s,jam,-40.000000,-40.000000,-38.733854,0.000000,1.266146,0.577148,0.287760,22.000000,-80.000000,58.000000,0.000000,0.000000,0.000000
9,defender-short,76000,20.000,0,5,0.500,0.200,0.400,Q3s,jam,-40.000000,-40.000000,-38.745312,0.000000,1.254688,0.510742,0.285156,22.000000,-80.000000,58.000000,0.000000,0.000000,0.000000
9,defender-short,76000,20.000,0,5,0.500,0.200,0.400,K3s,jam,-40.000000,-40.000000,-38.747222,0.000000,1.252778,0.526367,0.284722,22.000000,-80.000000,58.000000,0.000000,0.000000,0.000000
9,defender-short,76000,20.000,0,5,0.500,0.200,0.400,Q8s,jam,-40.000000,-40.000000,-38.779688,0.000000,1.220312,0.588867,0.277344,22.000000,-80.000000,58.000000,0.000000,0.000000,0.000000
9,defender-short,76000,20.000,0,5,0.500,0.200,0.400,KTo,jam,-40.000000,-40.000000,-38.810243,0.000000,1.189757,0.683594,0.270399,22.000000,-80.000000,58.000000,0.000000,0.000000,0.000000
9,defender-short,76000,20.000,0,5,0.500,0.200,0.400,K9o,jam,-40.000000,-40.000000,-38.823611,0.000000,1.176389,0.670139,0.267361,22.000000,-80.000000,58.000000,0.000000,0.000000,0.000000
9,defender-short,76000,20.000,0,5,0.500,0.200,0.400,K8o,jam,-40.000000,-40.000000,-38.827431,0.000000,1.172569,0.527995,0.266493,22.000000,-80.000000,58.000000,0.000000,0.000000,0.000000
9,defender-short,76000,20.000,0,5,0.500,0.200,0.400,Q9s,jam,-40.000000,-40.000000,-38.827431,0.000000,1.172569,0.664062,0.266493,22.000000,-80.000000,58.000000,0.000000,0.000000,0.000000
9,defender-short,76000,20.000,0,5,0.500,0.200,0.400,QTo,jam,-40.000000,-40.000000,-38.831250,0.000000,1.168750,0.667535,0.265625,22.000000,-80.000000,58.000000,0.000000,0.000000,0.000000
9,defender-short,76000,20.000,0,5,0.500,0.200,0.400,K4o,jam,-40.000000,-40.000000,-38.835706,0.000000,1.164294,0.520182,0.264612,22.000000,-80.000000,58.000000,0.000000,0.000000,0.000000
9,defender-short,76000,20.000,0,5,0.500,0.200,0.400,K5o,jam,-40.000000,-40.000000,-38.843345,0.000000,1.156655,0.489258,0.262876,22.000000,-80.000000,58.000000,0.000000,0.000000,0.000000
9,defender-short,76000,20.000,0,5,0.500,0.200,0.400,K6o,jam,-40.000000,-40.000000,-38.847801,0.000000,1.152199,0.506185,0.261863,22.000000,-80.000000,58.000000,0.000000,0.000000,0.000000
9,defender-short,76000,20.000,0,5,0.500,0.200,0.400,K7o,jam,-40.000000,-40.000000,-38.849074,0.000000,1.150926,0.528646,0.261574,22.000000,-80.000000,58.000000,0.000000,0.000000,0.000000
9,defender-short,76000,20.000,0,5,0.500,0.200,0.400,Q6o,jam,-40.000000,-40.000000,-38.867535,0.000000,1.132465,0.536133,0.257378,22.000000,-80.000000,58.000000,0.000000,0.000000,0.000000
9,defender-short,76000,20.000,0,5,0.500,0.200,0.400,K2o,jam,-40.000000,-40.000000,-38.868171,0.000000,1.131829,0.490885,0.257234,22.000000,-80.000000,58.000000,0.000000,0.000000,0.000000
9,defender-short,76000,20.000,0,5,0.500,0.200,0.400,QJo,jam,-40.000000,-40.000000,-38.885995,0.000000,1.114005,0.622396,0.253183,22.000000,-80.000000,58.000000,0.000000,0.000000,0.000000
9,defender-short,76000,20.000,0,5,0.500,0.200,0.400,Q9o,jam,-40.000000,-40.000000,-38.894907,0.000000,1.105093,0.673611,0.251157,22.000000,-80.000000,58.000000,0.000000,0.000000,0.000000
9,defender-short,76000,20.000,0,5,0.500,0.200,0.400,Q5o,jam,-40.000000,-40.000000,-38.910822,0.000000,1.089178,0.505534,0.247541,22.000000,-80.000000,58.000000,0.000000,0.000000,0.000000
9,defender-short,76000,20.000,0,5,0.500,0.200,0.400,KJo,jam,-40.000000,-40.000000,-38.924826,0.000000,1.075174,0.595378,0.244358,22.000000,-80.000000,58.000000,0.000000,0.000000,0.000000
9,defender-short,76000,20.000,0,5,0.500,0.200,0.400,Q3o,jam,-40.000000,-40.000000,-38.925463,0.000000,1.074537,0.503255,0.244213,22.000000,-80.000000,58.000000,0.000000,0.000000,0.000000
9,defender-short,76000,20.000,0,5,0.500,0.200,0.400,K3o,jam,-40.000000,-40.000000,-38.935012,0.000000,1.064988,0.517578,0.242043,22.000000,-80.000000,58.000000,0.000000,0.000000,0.000000
9,defender-short,76000,20.000,0,5,0.500,0.200,0.400,Q4o,jam,-40.000000,-40.000000,-38.942650,0.000000,1.057350,0.500326,0.240307,22.000000,-80.000000,58.000000,0.000000,0.000000,0.000000
9,defender-short,76000,20.000,0,5,0.500,0.200,0.400,Q8o,jam,-40.000000,-40.000000,-38.961748,0.000000,1.038252,0.537760,0.235966,22.000000,-80.000000,58.000000,0.000000,0.000000,0.000000
9,defender-short,76000,20.000,0,5,0.500,0.200,0.400,Q2o,jam,-40.000000,-40.000000,-38.977025,0.000000,1.022975,0.531576,0.232494,22.000000,-80.000000,58.000000,0.000000,0.000000,0.000000
9,defender-short,76000,20.000,0,5,0.500,0.200,0.400,Q7o,jam,-40.000000,-40.000000,-38.999942,0.000000,1.000058,0.500000,0.227286,22.000000,-80.000000,58.000000,0.000000,0.000000,0.000000
9,defender-short,76000,20.000,0,5,0.500,0.500,0.400,JJ,jam,-40.000000,-40.000000,-30.912109,0.000000,9.087891,0.826172,0.826172,22.000000,-80.000000,58.000000,0.000000,0.000000,0.000000
9,defender-short,76000,20.000,0,5,0.500,0.500,0.400,QQ,jam,-40.000000,-40.000000,-31.012370,0.000000,8.987630,0.817057,0.817057,22.000000,-80.000000,58.000000,0.000000,0.000000,0.000000
9,defender-short,76000,20.000,0,5,0.500,0.500,0.400,TT,jam,-40.000000,-40.000000,-31.019531,0.000000,8.980469,0.816406,0.816406,22.000000,-80.000000,58.000000,0.000000,0.000000,0.000000
9,defender-short,76000,20.000,0,5,0.500,0.500,0.400,AA,jam,-40.000000,-40.000000,-31.334635,0.000000,8.665365,0.787760,0.787760,22.000000,-80.000000,58.000000,0.000000,0.000000,0.000000
9,defender-short,76000,20.000,0,5,0.500,0.500,0.400,KK,jam,-40.000000,-40.000000,-31.413411,0.000000,8.586589,0.780599,0.780599,22.000000,-80.000000,58.000000,0.000000,0.000000,0.000000
9,defender-short,76000,20.000,0,5,0.500,0.500,0.400,J9s,jam,-40.000000,-40.000000,-31.792969,0.000000,8.207031,0.746094,0.746094,22.000000,-80.000000,58.000000,0.000000,0.000000,0.000000
9,defender-short,76000,20.000,0,5,0.500,0.500,0.400,JTs,jam,-40.000000,-40.000000,-32.265625,0.000000,7.734375,0.703125,0.703125,22.000000,-80.000000,58.000000,0.000000,0.000000,0.000000
9,defender-short,76000,20.000,0,5,0.500,0.500,0.400,ATo,jam,-40.000000,-40.000000,-32.318142,0.000000,7.681858,0.698351,0.698351,22.000000,-80.000000,58.000000,0.000000,0.000000,0.000000
9,defender-short,76000,20.000,0,5,0.500,0.500,0.400,QTs,jam,-40.000000,-40.000000,-32.337240,0.000000,7.662760,0.696615,0.696615,22.000000,-80.000000,58.000000,0.000000,0.000000,0.000000
9,defender-short,76000,20.000,0,5,0.500,0.500,0.400,JTo,jam,-40.000000,-40.000000,-32.375434,0.000000,7.624566,0.693142,0.693142,22.000000,-80.000000,58.000000,0.000000,0.000000,0.000000
9,defender-short,76000,20.000,0,5,0.500,0.500,0.400,A9s,jam,-40.000000,-40.000000,-32.466146,0.000000,7.533854,0.684896,0.684896,22.000000,-80.000000,58.000000,0.000000,0.000000,0.000000
9,defender-short,76000,20.000,0,5,0.500,0.500,0.400,KTo,jam,-40.000000,-40.000000,-32.480469,0.000000,7.519531,0.683594,0.683594,22.000000,-80.000000,58.000000,0.000000,0.000000,0.000000
9,defender-short,76000,20.000,0,5,0.500,0.500,0.400,ATs,jam,-40.000000,-40.000000,-32.494792,0.000000,7.505208,0.682292,0.682292,22.000000,-80.000000,58.000000,0.000000,0.000000,0.000000
9,defender-short,76000,20.000,0,5,0.500,0.500,0.400,Q9o,jam,-40.000000,-40.000000,-32.590278,0.000000,7.409722,0.673611,0.673611,22.000000,-80.000000,58.000000,0.000000,0.000000,0.000000
9,defender-short,76000,20.000,0,5,0.500,0.500,0.400,KTs,jam,-40.000000,-40.000000,-32.609375,0.000000,7.390625,0.671875,0.671875,22.000000,-80.000000,58.000000,0.000000,0.000000,0.000000
9,defender-short,76000,20.000,0,5,0.500,0.500,0.400,K9o,jam,-40.000000,-40.000000,-32.628472,0.000000,7.371528,0.670139,0.670139,22.000000,-80.000000,58.000000,0.000000,0.000000,0.000000
9,defender-short,76000,20.000,0,5,0.500,0.500,0.400,J9o,jam,-40.000000,-40.000000,-32.628472,0.000000,7.371528,0.670139,0.670139,22.000000,-80.000000,58.000000,0.000000,0.000000,0.000000
9,defender-short,76000,20.000,0,5,0.500,0.500,0.400,QTo,jam,-40.000000,-40.000000,-32.657118,0.000000,7.342882,0.667535,0.667535,22.000000,-80.000000,58.000000,0.000000,0.000000,0.000000
9,defender-short,76000,20.000,0,5,0.500,0.500,0.400,Q9s,jam,-40.000000,-40.000000,-32.695312,0.000000,7.304688,0.664062,0.664062,22.000000,-80.000000,58.000000,0.000000,0.000000,0.000000
9,defender-short,76000,20.000,0,5,0.500,0.500,0.400,K9s,jam,-40.000000,-40.000000,-32.752604,0.000000,7.247396,0.658854,0.658854,22.000000,-80.000000,58.000000,0.000000,0.000000,0.000000
9,defender-short,76000,20.000,0,5,0.500,0.500,0.400,A9o,jam,-40.000000,-40.000000,-32.757378,0.000000,7.242622,0.658420,0.658420,22.000000,-80.000000,58.000000,0.000000,0.000000,0.000000
9,defender-short,76000,20.000,0,5,0.500,0.500,0.400,KQs,jam,-40.000000,-40.000000,-32.770508,0.000000,7.229492,0.657227,0.657227,22.000000,-80.000000,58.000000,0.000000,0.000000,0.000000
9,defender-short,76000,20.000,0,5,0.500,0.500,0.400,QJs,jam,-40.000000,-40.000000,-32.781250,0.000000,7.218750,0.656250,0.656250,22.000000,-80.000000,58.000000,0.000000,0.000000,0.000000
9,defender-short,76000,20.000,0,5,0.500,0.500,0.400,KJs,jam,-40.000000,-40.000000,-32.856445,0.000000,7.143555,0.649414,0.649414,22.000000,-80.000000,58.000000,0.000000,0.000000,0.000000
9,defender-short,76000,20.000,0,5,0.500,0.500,0.400,AQs,jam,-40.000000,-40.000000,-32.942383,0.000000,7.057617,0.641602,0.641602,22.000000,-80.000000,58.000000,0.000000,0.000000,0.000000
9,defender-short,76000,20.000,0,5,0.500,0.500,0.400,AJs,jam,-40.000000,-40.000000,-32.953125,0.000000,7.046875,0.640625,0.640625,22.000000,-80.000000,58.000000,0.000000,0.000000,0.000000
9,defender-short,76000,20.000,0,5,0.500,0.500,0.400,AKs,jam,-40.000000,-40.000000,-32.996094,0.000000,7.003906,0.636719,0.636719,22.000000,-80.000000,58.000000,0.000000,0.000000,0.000000
9,defender-short,76000,20.000,0,5,0.500,0.500,0.400,QJo,jam,-40.000000,-40.000000,-33.153646,0.000000,6.846354,0.622396,0.622396,22.000000,-80.000000,58.000000,0.000000,0.000000,0.000000
9,defender-short,76000,20.000,0,5,0.500,0.500,0.400,99,jam,-40.000000,-40.000000,-33.167969,0.000000,6.832031,0.621094,0.621094,22.000000,-80.000000,58.000000,0.000000,0.000000,0.000000
9,defender-short,76000,20.000,0,5,0.500,0.500,0.400,AJo,jam,-40.000000,-40.000000,-33.325521,0.000000,6.674479,0.606771,0.606771,22.000000,-80.000000,58.000000,0.000000,0.000000,0.000000
9,defender-short,76000,20.000,0,5,0.500,0.500,0.400,KQo,jam,-40.000000,-40.000000,-33.404297,0.000000,6.595703,0.599609,0.599609,22.000000,-80.000000,58.000000,0.000000,0.000000,0.000000
9,defender-short,76000,20.000,0,5,0.500,0.500,0.400,J4s,jam,-40.000000,-40.000000,-33.425781,0.000000,6.574219,0.597656,0.597656,22.000000,-80.000000,58.000000,0.000000,0.000000,0.000000
9,defender-short,76000,20.000,0,5,0.500,0.500,0.400,KJo,jam,-40.000000,-40.000000,-33.450846,0.000000,6.549154,0.595378,0.595378,22.000000,-80.000000,58.000000,0.000000,0.000000,0.000000
9,defender-short,76000,20.000,0,5,0.500,0.500,0.400,J6s,jam,-40.000000,-40.000000,-33.458008,0.000000,6.541992,0.594727,0.594727,22.000000,-80.000000,58.000000,0.000000,0.000000,0.000000
9,defender-short,76000,20.000,0,5,0.500,0.500,0.400,Q8s,jam,-40.000000,-40.000000,-33.522461,0.000000,6.477539,0.588867,0.588867,22.000000,-80.000000,58.000000,0.000000,0.000000,0.000000
9,defender-short,76000,20.000,0,5,0.500,0.500,0.400,J8s,jam,-40.000000,-40.000000,-33.522461,0.000000,6.477539,0.588867,0.588867,22.000000,-80.000000,58.000000,0.000000,0.000000,0.000000
9,defender-short,76000,20.000,0,5,0.500,0.500,0.400,A8s,jam,-40.000000,-40.000000,-33.565430,0.000000,6.434570,0.584961,0.584961,22.000000,-80.000000,58.000000,0.000000,0.000000,0.000000
9,defender-short,76000,20.000,0,5,0.500,0.500,0.400,A3s,jam,-40.000000,-40.000000,-33.597656,0.000000,6.402344,0.582031,0.582031,22.000000,-80.000000,58.000000,0.000000,0.000000,0.000000
9,defender-short,76000,20.000,0,5,0.500,0.500,0.400,K5s,jam,-40.000000,-40.000000,-33.640625,0.000000,6.359375,0.578125,0.578125,22.000000,-80.000000,58.000000,0.000000,0.000000,0.000000
9,defender-short,76000,20.000,0,5,0.500,0.500,0.400,AQo,jam,-40.000000,-40.000000,-33.644206,0.000000,6.355794,0.577799,0.577799,22.000000,-80.000000,58.000000,0.000000,0.000000,0.000000
9,defender-short,76000,20.000,0,5,0.500,0.500,0.400,Q7s,jam,-40.000000,-40.000000,-33.651367,0.000000,6.348633,0.577148,0.577148,22.000000,-80.000000,58.000000,0.000000,0.000000,0.000000
9,defender-short,76000,20.000,0,5,0.500,0.500,0.400,AKo,jam,-40.000000,-40.000000,-33.694336,0.000000,6.305664,0.573242,0.573242,22.000000,-80.000000,58.000000,0.000000,0.000000,0.000000
9,defender-short,76000,20.000,0,5,0.500,0.500,0.400,J7s,jam,-40.000000,-40.000000,-33.748047,0.000000,6.251953,0.568359,0.568359,22.000000,-80.000000,58.000000,0.000000,0.000000,0.000000
9,defender-short,76000,20.000,0,5,0.500,0.500,0.400,A2s,jam,-40.000000,-40.000000,-33.769531,0.000000,6.230469,0.566406,0.566406,22.000000,-80.000000,58.000000,0.000000,0.000000,0.000000
9,defender-short,76000,20.000,0,5,0.500,0.500,0.400,A6s,jam,-40.000000,-40.000000,-33.791016,0.000000,6.208984,0.564453,0.564453,22.000000,-80.000000,58.000000,0.000000,0.000000,0.000000
9,defender-short,76000,20.000,0,5,0.500,0.500,0.400,Q6s,jam,-40.000000,-40.000000,-33.855469,0.000000,6.144531,0.558594,0.558594,22.000000,-80.000000,58.000000,0.000000,0.000000,0.000000
9,defender-short,76000,20.000,0,5,0.500,0.500,0.400,Q5s,jam,-40.000000,-40.000000,-33.898438,0.000000,6.101562,0.554688,0.554688,22.000000,-80.000000,58.000000,0.000000,0.000000,0.000000
9,defender-short,76000,20.000,0,5,0.500,0.500,0.400,K6s,jam,-40.000000,-40.000000,-33.909180,0.000000,6.090820,0.553711,0.553711,22.000000,-80.000000,58.000000,0.000000,0.000000,0.000000
9,defender-short,76000,20.000,0,5,0.500,0.500,0.400,A7s,jam,-40.000000,-40.000000,-33.941406,0.000000,6.058594,0.550781,0.550781,22.000000,-80.000000,58.000000,0.000000,0.000000,0.000000
9,defender-short,76000,20.000,0,5,0.500,0.500,0.400,K7s,jam,-40.000000,-40.000000,-33.952148,0.000000,6.047852,0.549805,0.549805,22.000000,-80.000000,58.000000,0.000000,0.000000,0.000000
9,defender-short,76000,20.000,0,5,0.500,0.500,0.400,J5s,jam,-40.000000,-40.000000,-33.952148,0.000000,6.047852,0.549805,0.549805,22.000000,-80.000000,58.000000,0.000000,0.000000,0.000000
9,defender-short,76000,20.000,0,5,0.500,0.500,0.400,Q4s,jam,-40.000000,-40.000000,-33.962891,0.000000,6.037109,0.548828,0.548828,22.000000,-80.000000,58.000000,0.000000,0.000000,0.000000
9,defender-short,76000,20.000,0,5,0.500,0.500,0.400,A8o,jam,-40.000000,-40.000000,-33.984375,0.000000,6.015625,0.546875,0.546875,22.000000,-80.000000,58.000000,0.000000,0.000000,0.000000
9,defender-short,76000,20.000,0,5,0.500,0.500,0.400,J8o,jam,-40.000000,-40.000000,-33.984375,0.000000,6.015625,0.546875,0.546875,22.000000,-80.000000,58.000000,0.000000,0.000000,0.000000
9,defender-short,76000,20.000,0,5,0.500,0.500,0.400,K2s,jam,-40.000000,-40.000000,-34.005859,0.000000,5.994141,0.544922,0.544922,22.000000,-80.000000,58.000000,0.000000,0.000000,0.000000
9,defender-short,76000,20.000,0,5,0.500,0.500,0.400,A5s,jam,-40.000000,-40.000000,-34.027344,0.000000,5.972656,0.542969,0.542969,22.000000,-80.000000,58.000000,0.000000,0.000000,0.000000
9,defender-short,76000,20.000,0,5,0.500,0.500,0.400,J2o,jam,-40.000000,-40.000000,-34.030924,0.000000,5.969076,0.542643,0.542643,22.000000,-80.000000,58.000000,0.000000,0.000000,0.000000
9,defender-short,76000,20.000,0,5,0.500,0.500,0.400,K8s,jam,-40.000000,-40.000000,-34.048828,0.000000,5.951172,0.541016,0.541016,22.000000,-80.000000,58.000000,0.000000,0.000000,0.000000
9,defender-short,76000,20.000,0,5,0.500,0.500,0.400,A4s,jam,-40.000000,-40.000000,-34.059570,0.000000,5.940430,0.540039,0.540039,22.000000,-80.000000,58.000000,0.000000,0.000000,0.000000
9,defender-short,76000,20.000,0,5,0.500,0.500,0.400,Q8o,jam,-40.000000,-40.000000,-34.084635,0.000000,5.915365,0.537760,0.537760,22.000000,-80.000000,58.000000,0.000000,0.000000,0.000000
9,defender-short,76000,20.000,0,5,0.500,0.500,0.400,Q2s,jam,-40.000000,-40.000000,-34.091797,0.000000,5.908203,0.537109,0.537109,22.000000,-80.000000,58.000000,0.000000,0.000000,0.000000
9,defender-short,76000,20.000,0,5,0.500,0.500,0.400,A3o,jam,-40.000000,-40.000000,-34.095378,0.000000,5.904622,0.536784,0.536784,22.000000,-80.000000,58.000000,0.000000,0.000000,0.000000
9,defender-short,76000,20.000,0,5,0.500,0.500,0.400,Q6o,jam,-40.000000,-40.000000,-34.102539,0.000000,5.897461,0.536133,0.536133,22.000000,-80.000000,58.000000,0.000000,0.000000,0.000000
9,defender-short,76000,20.000,0,5,0.500,0.500,0.400,K4s,jam,-40.000000,-40.000000,-34.145508,0.000000,5.854492,0.532227,0.532227,22.000000,-80.000000,58.000000,0.000000,0.000000,0.000000
9,defender-short,76000,20.000,0,5,0.500,0.500,0.400,Q2o,jam,-40.000000,-40.000000,-34.152669,0.000000,5.847331,0.531576,0.531576,22.000000,-80.000000,58.000000,0.000000,0.000000,0.000000
9,defender-short,76000,20.000,0,5,0.500,0.500,0.400,A6o,jam,-40.000000,-40.000000,-34.174154,0.000000,5.825846,0.529622,0.529622,22.000000,-80.000000,58.000000,0.000000,0.000000,0.000000
9,defender-short,76000,20.000,0,5,0.500,0.500,0.400,K7o,jam,-40.000000,-40.000000,-34.184896,0.000000,5.815104,0.528646,0.528646,22.000000,-80.000000,58.000000,0.000000,0.000000,0.000000
9,defender-short,76000,20.000,0,5,0.500,0.500,0.400,K8o,jam,-40.000000,-40.000000,-34.192057,0.000000,5.807943,0.527995,0.527995,22.000000,-80.000000,58.000000,0.000000,0.000000,0.000000
9,defender-short,76000,20.000,0,5,0.500,0.500,0.400,J5o,jam,-40.000000,-40.000000,-34.199219,0.000000,5.800781,0.527344,0.527344,22.000000,-80.000000,58.000000,0.000000,0.000000,0.000000
9,defender-short,76000,20.000,0,5,0.500,0.500,0.400,A5o,jam,-40.000000,-40.000000,-34.206380,0.000000,5.793620,0.526693,0.526693,22.000000,-80.000000,58.000000,0.000000,0.000000,0.000000
9,defender-short,76000,20.000,0,5,0.500,0.500,0.400,K3s,jam,-40.000000,-40.000000,-34.209961,0.000000,5.790039,0.526367,0.526367,22.000000,-80.000000,58.000000,0.000000,0.000000,0.000000
9,defender-short,76000,20.000,0,5,0.500,0.500,0.400,J2s,jam,-40.000000,-40.000000,-34.220703,0.000000,5.779297,0.525391,0.525391,22.000000,-80.000000,58.000000,0.000000,0.000000,0.000000
9,defender-short,76000,20.000,0,5,0.500,0.500,0.400,A4o,jam,-40.000000,-40.000000,-34.242188,0.000000,5.757812,0.523438,0.523438,22.000000,-80.000000,58.000000,0.000000,0.000000,0.000000
9,defender-short,76000,20.000,0,5,0.500,0.500,0.400,K4o,jam,-40.000000,-40.000000,-34.277995,0.000000,5.722005,0.520182,0.520182,22.000000,-80.000000,58.000000,0.000000,0.000000,0.000000
9,defender-short,76000,20.000,0,5,0.500,0.500,0.400,J7o,jam,-40.000000,-40.000000,-34.295898,0.000000,5.704102,0.518555,0.518555,22.000000,-80.000000,58.000000,0.000000,0.000000,0.000000
9,defender-short,76000,20.000,0,5,0.500,0.500,0.400,K3o,jam,-40.000000,-40.000000,-34.306641,0.000000,5.693359,0.517578,0.517578,22.000000,-80.000000,58.000000,0.000000,0.000000,0.000000
9,defender-short,76000,20.000,0,5,0.500,0.500,0.400,J4o,jam,-40.000000,-40.000000,-34.310221,0.000000,5.689779,0.517253,0.517253,22.000000,-80.000000,58.000000,0.000000,0.000000,0.000000
9,defender-short,76000,20.000,0,5,0.500,0.500,0.400,88,jam,-40.000000,-40.000000,-34.313802,0.000000,5.686198,0.516927,0.516927,22.000000,-80.000000,58.000000,0.000000,0.000000,0.000000
9,defender-short,76000,20.000,0,5,0.500,0.500,0.400,A7o,jam,-40.000000,-40.000000,-34.346029,0.000000,5.653971,0.513997,0.513997,22.000000,-80.000000,58.000000,0.000000,0.000000,0.000000
9,defender-short,76000,20.000,0,5,0.500,0.500,0.400,Q3s,jam,-40.000000,-40.000000,-34.381836,0.000000,5.618164,0.510742,0.510742,22.000000,-80.000000,58.000000,0.000000,0.000000,0.000000
9,defender-short,76000,20.000,0,5,0.500,0.500,0.400,J3s,jam,-40.000000,-40.000000,-34.403320,0.000000,5.596680,0.508789,0.508789,22.000000,-80.000000,58.000000,0.000000,0.000000,0.000000
9,defender-short,76000,20.000,0,5,0.500,0.500,0.400,K6o,jam,-40.000000,-40.000000,-34.431966,0.000000,5.568034,0.506185,0.506185,22.000000,-80.000000,58.000000,0.000000,0.000000,0.000000
9,defender-short,76000,20.000,0,5,0.500,0.500,0.400,Q5o,jam,-40.000000,-40.000000,-34.439128,0.000000,5.560872,0.505534,0.505534,22.000000,-80.000000,58.000000,0.000000,0.000000,0.000000
9,defender-short,76000,20.000,0,5,0.500,0.500,0.400,J6o,jam,-40.000000,-40.000000,-34.446289,0.000000,5.553711,0.504883,0.504883,22.000000,-80.000000,58.000000,0.000000,0.000000,0.000000
9,defender-short,76000,20.000,0,5,0.500,0.500,0.400,Q3o,jam,-40.000000,-40.000000,-34.464193,0.000000,5.535807,0.503255,0.503255,22.000000,-80.000000,58.000000,0.000000,0.000000,0.000000
9,defender-short,76000,20.000,0,5,0.500,0.500,0.400,A2o,jam,-40.000000,-40.000000,-34.485677,0.000000,5.514323,0.501302,0.501302,22.000000,-80.000000,58.000000,0.000000,0.000000,0.000000
9,defender-short,76000,20.000,0,5,0.500,0.500,0.400,Q4o,jam,-40.000000,-40.000000,-34.496419,0.000000,5.503581,0.500326,0.500326,22.000000,-80.000000,58.000000,0.000000,0.000000,0.000000
9,defender-short,76000,20.000,0,5,0.500,0.500,0.400,Q7o,jam,-40.000000,-40.000000,-34.500000,0.000000,5.500000,0.500000,0.500000,22.000000,-80.000000,58.000000,0.000000,0.000000,0.000000
9,defender-short,76000,20.000,0,5,0.500,0.500,0.400,J3o,jam,-40.000000,-40.000000,-34.500000,0.000000,5.500000,0.500000,0.500000,22.000000,-80.000000,58.000000,0.000000,0.000000,0.000000
9,defender-short,76000,20.000,0,5,0.500,0.500,0.400,T9s,jam,-40.000000,-40.000000,-34.500000,0.000000,5.500000,0.500000,0.500000,22.000000,-80.000000,58.000000,0.000000,0.000000,0.000000
9,defender-short,76000,20.000,0,5,0.500,0.500,0.400,66,jam,-40.000000,-40.000000,-34.521484,0.000000,5.478516,0.498047,0.498047,22.000000,-80.000000,58.000000,0.000000,0.000000,0.000000
9,defender-short,76000,20.000,0,5,0.500,0.500,0.400,K2o,jam,-40.000000,-40.000000,-34.600260,0.000000,5.399740,0.490885,0.490885,22.000000,-80.000000,58.000000,0.000000,0.000000,0.000000
9,defender-short,76000,20.000,0,5,0.500,0.500,0.400,K5o,jam,-40.000000,-40.000000,-34.618164,0.000000,5.381836,0.489258,0.489258,22.000000,-80.000000,58.000000,0.000000,0.000000,0.000000
9,defender-short,76000,20.000,0,5,0.500,0.500,0.400,55,jam,-40.000000,-40.000000,-34.621745,0.000000,5.378255,0.488932,0.488932,22.000000,-80.000000,58.000000,0.000000,0.000000,0.000000
9,defender-short,76000,20.000,0,5,0.500,0.500,0.400,33,jam,-40.000000,-40.000000,-34.714844,0.000000,5.285156,0.480469,0.480469,22.000000,-80.000000,58.000000,0.000000,0.000000,0.000000
9,defender-short,76000,20.000,0,5,0.500,0.500,0.400,T9o,jam,-40.000000,-40.000000,-34.750651,0.000000,5.249349,0.477214,0.477214,22.000000,-80.000000,58.000000,0.000000,0.000000,0.000000
9,defender-short,76000,20.000,0,5,0.500,0.500,0.400,22,jam,-40.000000,-40.000000,-34.893880,0.000000,5.106120,0.464193,0.464193,22.000000,-80.000000,58.000000,0.000000,0.000000,0.000000
9,defender-short,76000,20.000,0,5,0.500,0.500,0.400,77,jam,-40.000000,-40.000000,-34.922526,0.000000,5.077474,0.461589,0.461589,22.000000,-80.000000,58.000000,0.000000,0.000000,0.000000
9,defender-short,76000,20.000,0,5,0.500,0.500,0.400,44,jam,-40.000000,-40.000000,-35.173177,0.000000,4.826823,0.438802,0.438802,22.000000,-80.000000,58.000000,0.000000,0.000000,0.000000
9,defender-short,76000,20.000,0,5,0.500,0.500,0.400,76s,jam,-40.000000,-40.000000,-35.832031,0.000000,4.167969,0.378906,0.378906,22.000000,-80.000000,58.000000,0.000000,0.000000,0.000000
9,defender-short,76000,20.000,0,5,0.500,0.500,0.400,72s,jam,-40.000000,-40.000000,-35.960938,0.000000,4.039062,0.367188,0.367188,22.000000,-80.000000,58.000000,0.000000,0.000000,0.000000
9,defender-short,76000,20.000,0,5,0.500,0.500,0.400,75s,jam,-40.000000,-40.000000,-36.025391,0.000000,3.974609,0.361328,0.361328,22.000000,-80.000000,58.000000,0.000000,0.000000,0.000000
9,defender-short,76000,20.000,0,5,0.500,0.500,0.400,42s,jam,-40.000000,-40.000000,-36.036133,0.000000,3.963867,0.360352,0.360352,22.000000,-80.000000,58.000000,0.000000,0.000000,0.000000
9,defender-short,76000,20.000,0,5,0.500,0.500,0.400,54o,jam,-40.000000,-40.000000,-36.043294,0.000000,3.956706,0.359701,0.359701,22.000000,-80.000000,58.000000,0.000000,0.000000,0.000000
9,defender-short,76000,20.000,0,5,0.500,0.500,0.400,76o,jam,-40.000000,-40.000000,-36.050456,0.000000,3.949544,0.359049,0.359049,22.000000,-80.000000,58.000000,0.000000,0.000000,0.000000
9,defender-short,76000,20.000,0,5,0.500,0.500,0.400,43s,jam,-40.000000,-40.000000,-36.089844,0.000000,3.910156,0.355469,0.355469,22.000000,-80.000000,58.000000,0.000000,0.000000,0.000000
9,defender-short,76000,20.000,0,5,0.500,0.500,0.400,52s,jam,-40.000000,-40.000000,-36.122070,0.000000,3.877930,0.352539,0.352539,22.000000,-80.000000,58.000000,0.000000,0.000000,0.000000
9,defender-short,76000,20.000,0,5,0.500,0.500,0.400,T3s,jam,-40.000000,-40.000000,-36.147135,0.000000,3.852865,0.350260,0.350260,22.000000,-80.000000,58.000000,0.000000,0.000000,0.000000
9,defender-short,76000,20.000,0,5,0.500,0.500,0.400,86s,jam,-40.000000,-40.000000,-36.154297,0.000000,3.845703,0.349609,0.349609,22.000000,-80.000000,58.000000,0.000000,0.000000,0.000000
9,defender-short,76000,20.000,0,5,0.500,0.500,0.400,73s,jam,-40.000000,-40.000000,-36.154297,0.000000,3.845703,0.349609,0.349609,22.000000,-80.000000,58.000000,0.000000,0.000000,0.000000
9,defender-short,76000,20.000,0,5,0.500,0.500,0.400,87o,jam,-40.000000,-40.000000,-36.175781,0.000000,3.824219,0.347656,0.347656,22.000000,-80.000000,58.000000,0.000000,0.000000,0.000000
9,defender-short,76000,20.000,0,5,0.500,0.500,0.400,85s,jam,-40.000000,-40.000000,-36.175781,0.000000,3.824219,0.347656,0.347656,22.000000,-80.000000,58.000000,0.000000,0.000000,0.000000
9,defender-short,76000,20.000,0,5,0.500,0.500,0.400,74s,jam,-40.000000,-40.000000,-36.197266,0.000000,3.802734,0.345703,0.345703,22.000000,-80.000000,58.000000,0.000000,0.000000,0.000000
9,defender-short,76000,20.000,0,5,0.500,0.500,0.400,63s,jam,-40.000000,-40.000000,-36.197266,0.000000,3.802734,0.345703,0.345703,22.000000,-80.000000,58.000000,0.000000,0.000000,0.000000
9,defender-short,76000,20.000,0,5,0.500,0.500,0.400,T8s,jam,-40.000000,-40.000000,-36.204427,0.000000,3.795573,0.345052,0.345052,22.000000,-80.000000,58.000000,0.000000,0.000000,0.000000
9,defender-short,76000,20.000,0,5,0.500,0.500,0.400,65s,jam,-40.000000,-40.000000,-36.218750,0.000000,3.781250,0.343750,0.343750,22.000000,-80.000000,58.000000,0.000000,0.000000,0.000000
9,defender-short,76000,20.000,0,5,0.500,0.500,0.400,53s,jam,-40.000000,-40.000000,-36.250977,0.000000,3.749023,0.340820,0.340820,22.000000,-80.000000,58.000000,0.000000,0.000000,0.000000
9,defender-short,76000,20.000,0,5,0.500,0.500,0.400,87s,jam,-40.000000,-40.000000,-36.293945,0.000000,3.706055,0.336914,0.336914,22.000000,-80.000000,58.000000,0.000000,0.000000,0.000000
9,defender-short,76000,20.000,0,5,0.500,0.500,0.400,53o,jam,-40.000000,-40.000000,-36.297526,0.000000,3.702474,0.336589,0.336589,22.000000,-80.000000,58.000000,0.000000,0.000000,0.000000
9,defender-short,76000,20.000,0,5,0.500,0.500,0.400,65o,jam,-40.000000,-40.000000,-36.304688,0.000000,3.695312,0.335938,0.335938,22.000000,-80.000000,58.000000,0.000000,0.000000,0.000000
9,defender-short,76000,20.000,0,5,0.500,0.500,0.400,52o,jam,-40.000000,-40.000000,-36.354818,0.000000,3.645182,0.331380,0.331380,22.000000,-80.000000,58.000000,0.000000,0.000000,0.000000
9,defender-short,76000,20.000,0,5,0.500,0.500,0.400,32o,jam,-40.000000,-40.000000,-36.365560,0.000000,3.634440,0.330404,0.330404,22.000000,-80.000000,58.000000,0.000000,0.000000,0.000000
9,defender-short,76000,20.000,0,5,0.500,0.500,0.400,64o,jam,-40.000000,-40.000000,-36.394206,0.000000,3.605794,0.327799,0.327799,22.000000,-80.000000,58.000000,0.000000,0.000000,0.000000
9,defender-short,76000,20.000,0,5,0.500,0.500,0.400,84s,jam,-40.000000,-40.000000,-36.401367,0.000000,3.598633,0.327148,0.327148,22.000000,-80.000000,58.000000,0.000000,0.000000,0.000000
9,defender-short,76000,20.000,0,5,0.500,0.500,0.400,62s,jam,-40.000000,-40.000000,-36.412109,0.000000,3.587891,0.326172,0.326172,22.000000,-80.000000,58.000000,0.000000,0.000000,0.000000
9,defender-short,76000,20.000,0,5,0.500,0.500,0.400,63o,jam,-40.000000,-40.000000,-36.419271,0.000000,3.580729,0.325521,0.325521,22.000000,-80.000000,58.000000,0.000000,0.000000,0.000000
9,defender-short,76000,20.000,0,5,0.500,0.500,0.400,42o,jam,-40.000000,-40.000000,-36.433594,0.000000,3.566406,0.324219,0.324219,22.000000,-80.000000,58.000000,0.000000,0.000000,0.000000
9,defender-short,76000,20.000,0,5,0.500,0.500,0.400,43o,jam,-40.000000,-40.000000,-36.440755,0.000000,3.559245,0.323568,0.323568,22.000000,-80.000000,58.000000,0.000000,0.000000,0.000000
9,defender-short,76000,20.000,0,5,0.500,0.500,0.400,54s,jam,-40.000000,-40.000000,-36.444336,0.000000,3.555664,0.323242,0.323242,22.000000,-80.000000,58.000000,0.000000,0.000000,0.000000
9,defender-short,76000,20.000,0,5,0.500,0.500,0.400,T6s,jam,-40.000000,-40.000000,-36.447917,0.000000,3.552083,0.322917,0.322917,22.000000,-80.000000,58.000000,0.000000,0.000000,0.000000
9,defender-short,76000,20.000,0,5,0.500,0.500,0.400,92s,jam,-40.000000,-40.000000,-36.447917,0.000000,3.552083,0.322917,0.322917,22.000000,-80.000000,58.000000,0.000000,0.000000,0.000000
9,defender-short,76000,20.000,0,5,0.500,0.500,0.400,62o,jam,-40.000000,-40.000000,-36.469401,0.000000,3.530599,0.320964,0.320964,22.000000,-80.000000,58.000000,0.000000,0.000000,0.000000
9,defender-short,76000,20.000,0,5,0.500,0.500,0.400,96s,jam,-40.000000,-40.000000,-36.476562,0.000000,3.523438,0.320312,0.320312,22.000000,-80.000000,58.000000,0.000000,0.000000,0.000000
9,defender-short,76000,20.000,0,5,0.500,0.500,0.400,75o,jam,-40.000000,-40.000000,-36.480143,0.000000,3.519857,0.319987,0.319987,22.000000,-80.000000,58.000000,0.000000,0.000000,0.000000
9,defender-short,76000,20.000,0,5,0.500,0.500,0.400,86o,jam,-40.000000,-40.000000,-36.512370,0.000000,3.487630,0.317057,0.317057,22.000000,-80.000000,58.000000,0.000000,0.000000,0.000000
9,defender-short,76000,20.000,0,5,0.500,0.500,0.400,T2s,jam,-40.000000,-40.000000,-36.519531,0.000000,3.480469,0.316406,0.316406,22.000000,-80.000000,58.000000,0.000000,0.000000,0.000000
9,defender-short,76000,20.000,0,5,0.500,0.500,0.400,82s,jam,-40.000000,-40.000000,-36.541016,0.000000,3.458984,0.314453,0.314453,22.000000,-80.000000,58.000000,0.000000,0.000000,0.000000
9,defender-short,76000,20.000,0,5,0.500,0.500,0.400,83s,jam,-40.000000,-40.000000,-36.551758,0.000000,3.448242,0.313477,0.313477,22.000000,-80.000000,58.000000,0.000000,0.000000,0.000000
9,defender-short,76000,20.000,0,5,0.500,0.500,0.400,T7s,jam,-40.000000,-40.000000,-36.576823,0.000000,3.423177,0.311198,0.311198,22.000000,-80.000000,58.000000,0.000000,0.000000,0.000000
9,defender-short,76000,20.000,0,5,0.500,0.500,0.400,T5s,jam,-40.000000,-40.000000,-36.634115,0.000000,3.365885,0.305990,0.305990,22.000000,-80.000000,58.000000,0.000000,0.000000,0.000000
9,defender-short,76000,20.000,0,5,0.500,0.500,0.400,85o,jam,-40.000000,-40.000000,-36.666341,0.000000,3.333659,0.303060,0.303060,22.000000,-80.000000,58.000000,0.000000,0.000000,0.000000
9,defender-short,76000,20.000,0,5,0.500,0.500,0.400,84o,jam,-40.000000,-40.000000,-36.673503,0.000000,3.326497,0.302409,0.302409,22.000000,-80.000000,58.000000,0.000000,0.000000,0.000000
9,defender-short,76000,20.000,0,5,0.500,0.500,0.400,T4s,jam,-40.000000,-40.000000,-36.677083,0.000000,3.322917,0.302083,0.302083,22.000000,-80.000000,58.000000,0.000000,0.000000,0.000000
9,defender-short,76000,20.000,0,5,0.500,0.500,0.400,93s,jam,-40.000000,-40.000000,-36.677083,0.000000,3.322917,0.302083,0.302083,22.000000,-80.000000,58.000000,0.000000,0.000000,0.000000
9,defender-short,76000,20.000,0,5,0.500,0.500,0.400,73o,jam,-40.000000,-40.000000,-36.694987,0.000000,3.305013,0.300456,0.300456,22.000000,-80.000000,58.000000,0.000000,0.000000,0.000000
9,defender-short,76000,20.000,0,5,0.500,0.500,0.400,74o,jam,-40.000000,-40.000000,-36.723633,0.000000,3.276367,0.297852,0.297852,22.000000,-80.000000,58.000000,0.000000,0.000000,0.000000
9,defender-short,76000,20.000,0,5,0.500,0.500,0.400,97s,jam,-40.000000,-40.000000,-36.734375,0.000000,3.265625,0.296875,0.296875,22.000000,-80.000000,58.000000,0.000000,0.000000,0.000000
9,defender-short,76000,20.000,0,5,0.500,0.500,0.400,94s,jam,-40.000000,-40.000000,-36.748698,0.000000,3.251302,0.295573,0.295573,22.000000,-80.000000,58.000000,0.000000,0.000000,0.000000
9,defender-short,76000,20.000,0,5,0.500,0.500,0.400,95s,jam,-40.000000,-40.000000,-36.805990,0.000000,3.194010,0.290365,0.290365,22.000000,-80.000000,58.000000,0.000000,0.000000,0.000000
9,defender-short,76000,20.000,0,5,0.500,0.500,0.400,T6o,jam,-40.000000,-40.000000,-36.810764,0.000000,3.189236,0.289931,0.289931,22.000000,-80.000000,58.000000,0.000000,0.000000,0.000000
9,defender-short,76000,20.000,0,5,0.500,0.500,0.400,T2o,jam,-40.000000,-40.000000,-36.810764,0.000000,3.189236,0.289931,0.289931,22.000000,-80.000000,58.000000,0.000000,0.000000,0.000000
9,defender-short,76000,20.000,0,5,0.500,0.500,0.400,T5o,jam,-40.000000,-40.000000,-36.820312,0.000000,3.179688,0.289062,0.289062,22.000000,-80.000000,58.000000,0.000000,0.000000,0.000000
9,defender-short,76000,20.000,0,5,0.500,0.500,0.400,72o,jam,-40.000000,-40.000000,-36.827474,0.000000,3.172526,0.288411,0.288411,22.000000,-80.000000,58.000000,0.000000,0.000000,0.000000
9,defender-short,76000,20.000,0,5,0.500,0.500,0.400,T8o,jam,-40.000000,-40.000000,-36.829861,0.000000,3.170139,0.288194,0.288194,22.000000,-80.000000,58.000000,0.000000,0.000000,0.000000
9,defender-short,76000,20.000,0,5,0.500,0.500,0.400,98s,jam,-40.000000,-40.000000,-36.834635,0.000000,3.165365,0.287760,0.287760,22.000000,-80.000000,58.000000,0.000000,0.000000,0.000000
9,defender-short,76000,20.000,0,5,0.500,0.500,0.400,64s,jam,-40.000000,-40.000000,-36.841797,0.000000,3.158203,0.287109,0.287109,22.000000,-80.000000,58.000000,0.000000,0.000000,0.000000
9,defender-short,76000,20.000,0,5,0.500,0.500,0.400,T7o,jam,-40.000000,-40.000000,-36.877604,0.000000,3.122396,0.283854,0.283854,22.000000,-80.000000,58.000000,0.000000,0.000000,0.000000
9,defender-short,76000,20.000,0,5,0.500,0.500,0.400,82o,jam,-40.000000,-40.000000,-36.906250,0.000000,3.093750,0.281250,0.281250,22.000000,-80.000000,58.000000,0.000000,0.000000,0.000000
9,defender-short,76000,20.000,0,5,0.500,0.500,0.400,83o,jam,-40.000000,-40.000000,-36.938477,0.000000,3.061523,0.278320,0.278320,22.000000,-80.000000,58.000000,0.000000,0.000000,0.000000
9,defender-short,76000,20.000,0,5,0.500,0.500,0.400,32s,jam,-40.000000,-40.000000,-36.981445,0.000000,3.018555,0.274414,0.274414,22.000000,-80.000000,58.000000,0.000000,0.000000,0.000000
9,defender-short,76000,20.000,0,5,0.500,0.500,0.400,T4o,jam,-40.000000,-40.000000,-36.987413,0.000000,3.012587,0.273872,0.273872,22.000000,-80.000000,58.000000,0.000000,0.000000,0.000000
9,defender-short,76000,20.000,0,5,0.500,0.500,0.400,T3o,jam,-40.000000,-40.000000,-37.006510,0.000000,2.993490,0.272135,0.272135,22.000000,-80.000000,58.000000,0.000000,0.000000,0.000000
9,defender-short,76000,20.000,0,5,0.500,0.500,0.400,93o,jam,-40.000000,-40.000000,-37.035156,0.000000,2.964844,0.269531,0.269531,22.000000,-80.000000,58.000000,0.000000,0.000000,0.000000
9,defender-short,76000,20.000,0,5,0.500,0.500,0.400,98o,jam,-40.000000,-40.000000,-37.125868,0.000000,2.874132,0.261285,0.261285,22.000000,-80.000000,58.000000,0.000000,0.000000,0.000000
9,defender-short,76000,20.000,0,5,0.500,0.500,0.400,96o,jam,-40.000000,-40.000000,-37.159288,0.000000,2.840712,0.258247,0.258247,22.000000,-80.000000,58.000000,0.000000,0.000000,0.000000
9,defender-short,76000,20.000,0,5,0.500,0.500,0.400,97o,jam,-40.000000,-40.000000,-37.164062,0.000000,2.835938,0.257812,0.257812,22.000000,-80.000000,58.000000,0.000000,0.000000,0.000000
9,defender-short,76000,20.000,0,5,0.500,0.500,0.400,94o,jam,-40.000000,-40.000000,-37.230903,0.000000,2.769097,0.251736,0.251736,22.000000,-80.000000,58.000000,0.000000,0.000000,0.000000
9,defender-short,76000,20.000,0,5,0.500,0.500,0.400,92o,jam,-40.000000,-40.000000,-37.345486,0.000000,2.654514,0.241319,0.241319,22.000000,-80.000000,58.000000,0.000000,0.000000,0.000000
9,defender-short,76000,20.000,0,5,0.500,0.500,0.400,95o,jam,-40.000000,-40.000000,-37.503038,0.000000,2.496962,0.226997,0.226997,22.000000,-80.000000,58.000000,0.000000,0.000000,0.000000
9,opener-big,76000,20.000,0,5,0.500,0.050,0.400,QQ,jam,0.000000,-12.117188,1.350694,-12.117188,1.350694,0.817057,0.837674,40.000000,-80.000000,40.000000,-40.000000,0.000000,40.000000
9,opener-big,76000,20.000,0,5,0.500,0.050,0.400,JJ,jam,0.000000,-12.051562,1.284722,-12.051562,1.284722,0.826172,0.821181,40.000000,-80.000000,40.000000,-40.000000,0.000000,40.000000
9,opener-big,76000,20.000,0,5,0.500,0.050,0.400,TT,jam,0.000000,-12.121875,1.276042,-12.121875,1.276042,0.816406,0.819010,40.000000,-80.000000,40.000000,-40.000000,0.000000,40.000000
9,opener-big,76000,20.000,0,5,0.500,0.050,0.400,KK,jam,0.000000,-12.379687,1.270833,-12.379687,1.270833,0.780599,0.817708,40.000000,-80.000000,40.000000,-40.000000,0.000000,40.000000
9,opener-big,76000,20.000,0,5,0.500,0.050,0.400,AA,jam,0.000000,-12.328125,1.258681,-12.328125,1.258681,0.787760,0.814670,40.000000,-80.000000,40.000000,-40.000000,0.000000,40.000000
9,opener-big,76000,20.000,0,5,0.500,0.050,0.400,AQs,jam,0.000000,-13.380469,0.007812,-13.380469,0.007812,0.641602,0.501953,40.000000,-80.000000,40.000000,-40.000000,0.000000,40.000000
9,opener-big,76000,20.000,0,5,0.500,0.050,0.400,99,jam,0.000000,-13.528125,0.000000,-13.528125,0.000000,0.621094,0.500000,40.000000,-80.000000,40.000000,-40.000000,0.000000,40.000000
9,opener-big,76000,20.000,0,5,0.500,0.050,0.400,KQs,fold,0.000000,-13.267969,-0.031250,-13.267969,-0.031250,0.657227,0.492188,40.000000,-80.000000,40.000000,-40.000000,0.000000,40.000000
9,opener-big,76000,20.000,0,5,0.500,0.050,0.400,JTs,fold,0.000000,-12.937500,-0.036458,-12.937500,-0.036458,0.703125,0.490885,40.000000,-80.000000,40.000000,-40.000000,0.000000,40.000000
9,opener-big,76000,20.000,0,5,0.500,0.050,0.400,QJs,fold,0.000000,-13.275000,-0.093750,-13.275000,-0.093750,0.656250,0.476562,40.000000,-80.000000,40.000000,-40.000000,0.000000,40.000000
9,opener-big,76000,20.000,0,5,0.500,0.050,0.400,QTs,fold,0.000000,-12.984375,-0.106771,-12.984375,-0.106771,0.696615,0.473307,40.000000,-80.000000,40.000000,-40.000000,0.000000,40.000000
9,opener-big,76000,20.000,0,5,0.500,0.050,0.400,ATs,fold,0.000000,-13.087500,-0.117188,-13.087500,-0.117188,0.682292,0.470703,40.000000,-80.000000,40.000000,-40.000000,0.000000,40.000000
9,opener-big,76000,20.000,0,5,0.500,0.050,0.400,AJs,fold,0.000000,-13.387500,-0.127604,-13.387500,-0.127604,0.640625,0.468099,40.000000,-80.000000,40.000000,-40.000000,0.000000,40.000000
9,opener-big,76000,20.000,0,5,0.500,0.050,0.400,KTs,fold,0.000000,-13.162500,-0.132812,-13.162500,-0.132812,0.671875,0.466797,40.000000,-80.000000,40.000000,-40.000000,0.000000,40.000000
9,opener-big,76000,20.000,0,5,0.500,0.050,0.400,AJo,fold,0.000000,-13.631250,-0.137153,-13.631250,-0.137153,0.606771,0.465712,40.000000,-80.000000,40.000000,-40.000000,0.000000,40.000000
9,opener-big,76000,20.000,0,5,0.500,0.050,0.400,AKs,fold,0.000000,-13.415625,-0.171875,-13.415625,-0.171875,0.636719,0.457031,40.000000,-80.000000,40.000000,-40.000000,0.000000,40.000000
9,opener-big,76000,20.000,0,5,0.500,0.050,0.400,QJo,fold,0.000000,-13.518750,-0.181424,-13.518750,-0.181424,0.622396,0.454644,40.000000,-80.000000,40.000000,-40.000000,0.000000,40.000000
9,opener-big,76000,20.000,0,5,0.500,0.050,0.400,QTo,fold,0.000000,-13.193750,-0.188368,-13.193750,-0.188368,0.667535,0.452908,40.000000,-80.000000,40.000000,-40.000000,0.000000,40.000000
9,opener-big,76000,20.000,0,5,0.500,0.050,0.400,JTo,fold,0.000000,-13.009375,-0.196181,-13.009375,-0.196181,0.693142,0.450955,40.000000,-80.000000,40.000000,-40.000000,0.000000,40.000000
9,opener-big,76000,20.000,0,5,0.500,0.050,0.400,KJs,fold,0.000000,-13.324219,-0.197917,-13.324219,-0.197917,0.649414,0.450521,40.000000,-80.000000,40.000000,-40.000000,0.000000,40.000000
9,opener-big,76000,20.000,0,5,0.500,0.050,0.400,AQo,fold,0.000000,-13.839844,-0.227431,-13.839844,-0.227431,0.577799,0.443142,40.000000,-80.000000,40.000000,-40.000000,0.000000,40.000000
9,opener-big,76000,20.000,0,5,0.500,0.050,0.400,ATo,fold,0.000000,-12.971875,-0.237847,-12.971875,-0.237847,0.698351,0.440538,40.000000,-80.000000,40.000000,-40.000000,0.000000,40.000000
9,opener-big,76000,20.000,0,5,0.500,0.050,0.400,KJo,fold,0.000000,-13.713281,-0.246528,-13.713281,-0.246528,0.595378,0.438368,40.000000,-80.000000,40.000000,-40.000000,0.000000,40.000000
9,opener-big,76000,20.000,0,5,0.500,0.050,0.400,KTo,fold,0.000000,-13.078125,-0.252604,-13.078125,-0.252604,0.683594,0.436849,40.000000,-80.000000,40.000000,-40.000000,0.000000,40.000000
9,opener-big,76000,20.000,0,5,0.500,0.050,0.400,AKo,fold,0.000000,-13.872656,-0.261285,-13.872656,-0.261285,0.573242,0.434679,40.000000,-80.000000,40.000000,-40.000000,0.000000,40.000000
9,opener-big,76000,20.000,0,5,0.500,0.050,0.400,KQo,fold,0.000000,-13.682812,-0.275174,-13.682812,-0.275174,0.599609,0.431207,40.000000,-80.000000,40.000000,-40.000000,0.000000,40.000000
9,opener-big,76000,20.000,0,5,0.500,0.050,0.400,T9o,fold,0.000000,-14.564062,-0.473958,-14.564062,-0.473958,0.477214,0.381510,40.000000,-80.000000,40.000000,-40.000000,0.000000,40.000000
9,opener-big,76000,20.000,0,5,0.500,0.050,0.400,T9s,fold,0.000000,-14.400000,-0.484375,-14.400000,-0.484375,0.500000,0.378906,40.000000,-80.000000,40.000000,-40.000000,0.000000,40.000000
9,opener-big,76000,20.000,0,5,0.500,0.050,0.400,A4s,fold,0.000000,-14.111719,-0.528646,-14.111719,-0.528646,0.540039,0.367839,40.000000,-80.000000,40.000000,-40.000000,0.000000,40.000000
9,opener-big,76000,20.000,0,5,0.500,0.050,0.400,A5s,fold,0.000000,-14.090625,-0.549479,-14.090625,-0.549479,0.542969,0.362630,40.000000,-80.000000,40.000000,-40.000000,0.000000,40.000000
9,opener-big,76000,20.000,0,5,0.500,0.050,0.400,Q9s,fold,0.000000,-13.218750,-0.562500,-13.218750,-0.562500,0.664062,0.359375,40.000000,-80.000000,40.000000,-40.000000,0.000000,40.000000
9,opener-big,76000,20.000,0,5,0.500,0.050,0.400,J9s,fold,0.000000,-12.628125,-0.588542,-12.628125,-0.588542,0.746094,0.352865,40.000000,-80.000000,40.000000,-40.000000,0.000000,40.000000
9,opener-big,76000,20.000,0,5,0.500,0.050,0.400,Q3s,fold,0.000000,-14.322656,-0.604167,-14.322656,-0.604167,0.510742,0.348958,40.000000,-80.000000,40.000000,-40.000000,0.000000,40.000000
9,opener-big,76000,20.000,0,5,0.500,0.050,0.400,J8s,fold,0.000000,-13.760156,-0.609375,-13.760156,-0.609375,0.588867,0.347656,40.000000,-80.000000,40.000000,-40.000000,0.000000,40.000000
9,opener-big,76000,20.000,0,5,0.500,0.050,0.400,T6s,fold,0.000000,-15.675000,-0.609375,-15.675000,-0.609375,0.322917,0.347656,40.000000,-80.000000,40.000000,-40.000000,0.000000,40.000000
9,opener-big,76000,20.000,0,5,0.500,0.050,0.400,T8s,fold,0.000000,-15.515625,-0.611979,-15.515625,-0.611979,0.345052,0.347005,40.000000,-80.000000,40.000000,-40.000000,0.000000,40.000000
9,opener-big,76000,20.000,0,5,0.500,0.050,0.400,K7s,fold,0.000000,-14.041406,-0.630208,-14.041406,-0.630208,0.549805,0.342448,40.000000,-80.000000,40.000000,-40.000000,0.000000,40.000000
9,opener-big,76000,20.000,0,5,0.500,0.050,0.400,K9s,fold,0.000000,-13.256250,-0.635417,-13.256250,-0.635417,0.658854,0.341146,40.000000,-80.000000,40.000000,-40.000000,0.000000,40.000000
9,opener-big,76000,20.000,0,5,0.500,0.050,0.400,J6s,fold,0.000000,-13.717969,-0.635417,-13.717969,-0.635417,0.594727,0.341146,40.000000,-80.000000,40.000000,-40.000000,0.000000,40.000000
9,opener-big,76000,20.000,0,5,0.500,0.050,0.400,Q9o,fold,0.000000,-13.150000,-0.644097,-13.150000,-0.644097,0.673611,0.338976,40.000000,-80.000000,40.000000,-40.000000,0.000000,40.000000
9,opener-big,76000,20.000,0,5,0.500,0.050,0.400,A9s,fold,0.000000,-13.068750,-0.651042,-13.068750,-0.651042,0.684896,0.337240,40.000000,-80.000000,40.000000,-40.000000,0.000000,40.000000
9,opener-big,76000,20.000,0,5,0.500,0.050,0.400,K5s,fold,0.000000,-13.837500,-0.658854,-13.837500,-0.658854,0.578125,0.335286,40.000000,-80.000000,40.000000,-40.000000,0.000000,40.000000
9,opener-big,76000,20.000,0,5,0.500,0.050,0.400,J5s,fold,0.000000,-14.041406,-0.664062,-14.041406,-0.664062,0.549805,0.333984,40.000000,-80.000000,40.000000,-40.000000,0.000000,40.000000
9,opener-big,76000,20.000,0,5,0.500,0.050,0.400,Q8s,fold,0.000000,-13.760156,-0.682292,-13.760156,-0.682292,0.588867,0.329427,40.000000,-80.000000,40.000000,-40.000000,0.000000,40.000000
9,opener-big,76000,20.000,0,5,0.500,0.050,0.400,Q7s,fold,0.000000,-13.844531,-0.687500,-13.844531,-0.687500,0.577148,0.328125,40.000000,-80.000000,40.000000,-40.000000,0.000000,40.000000
9,opener-big,76000,20.000,0,5,0.500,0.050,0.400,T5s,fold,0.000000,-15.796875,-0.687500,-15.796875,-0.687500,0.305990,0.328125,40.000000,-80.000000,40.000000,-40.000000,0.000000,40.000000
9,opener-big,76000,20.000,0,5,0.500,0.050,0.400,A6s,fold,0.000000,-13.935937,-0.700521,-13.935937,-0.700521,0.564453,0.324870,40.000000,-80.000000,40.000000,-40.000000,0.000000,40.000000
9,opener-big,76000,20.000,0,5,0.500,0.050,0.400,K3s,fold,0.000000,-14.210156,-0.700521,-14.210156,-0.700521,0.526367,0.324870,40.000000,-80.000000,40.000000,-40.000000,0.000000,40.000000
9,opener-big,76000,20.000,0,5,0.500,0.050,0.400,A3s,fold,0.000000,-13.809375,-0.703125,-13.809375,-0.703125,0.582031,0.324219,40.000000,-80.000000,40.000000,-40.000000,0.000000,40.000000
9,opener-big,76000,20.000,0,5,0.500,0.050,0.400,A2s,fold,0.000000,-13.921875,-0.703125,-13.921875,-0.703125,0.566406,0.324219,40.000000,-80.000000,40.000000,-40.000000,0.000000,40.000000
9,opener-big,76000,20.000,0,5,0.500,0.050,0.400,K8s,fold,0.000000,-14.104687,-0.708333,-14.104687,-0.708333,0.541016,0.322917,40.000000,-80.000000,40.000000,-40.000000,0.000000,40.000000
9,opener-big,76000,20.000,0,5,0.500,0.050,0.400,A8s,fold,0.000000,-13.788281,-0.716146,-13.788281,-0.716146,0.584961,0.320964,40.000000,-80.000000,40.000000,-40.000000,0.000000,40.000000
9,opener-big,76000,20.000,0,5,0.500,0.050,0.400,J2s,fold,0.000000,-14.217187,-0.726562,-14.217187,-0.726562,0.525391,0.318359,40.000000,-80.000000,40.000000,-40.000000,0.000000,40.000000
9,opener-big,76000,20.000,0,5,0.500,0.050,0.400,K2s,fold,0.000000,-14.076562,-0.742188,-14.076562,-0.742188,0.544922,0.314453,40.000000,-80.000000,40.000000,-40.000000,0.000000,40.000000
9,opener-big,76000,20.000,0,5,0.500,0.050,0.400,T7s,fold,0.000000,-15.759375,-0.747396,-15.759375,-0.747396,0.311198,0.313151,40.000000,-80.000000,40.000000,-40.000000,0.000000,40.000000
9,opener-big,76000,20.000,0,5,0.500,0.050,0.400,A5o,fold,0.000000,-14.207812,-0.754340,-14.207812,-0.754340,0.526693,0.311415,40.000000,-80.000000,40.000000,-40.000000,0.000000,40.000000
9,opener-big,76000,20.000,0,5,0.500,0.050,0.400,T5o,fold,0.000000,-15.918750,-0.754340,-15.918750,-0.754340,0.289062,0.311415,40.000000,-80.000000,40.000000,-40.000000,0.000000,40.000000
9,opener-big,76000,20.000,0,5,0.500,0.050,0.400,T3s,fold,0.000000,-15.478125,-0.755208,-15.478125,-0.755208,0.350260,0.311198,40.000000,-80.000000,40.000000,-40.000000,0.000000,40.000000
9,opener-big,76000,20.000,0,5,0.500,0.050,0.400,A7s,fold,0.000000,-14.034375,-0.763021,-14.034375,-0.763021,0.550781,0.309245,40.000000,-80.000000,40.000000,-40.000000,0.000000,40.000000
9,opener-big,76000,20.000,0,5,0.500,0.050,0.400,Q5s,fold,0.000000,-14.006250,-0.765625,-14.006250,-0.765625,0.554688,0.308594,40.000000,-80.000000,40.000000,-40.000000,0.000000,40.000000
9,opener-big,76000,20.000,0,5,0.500,0.050,0.400,K4s,fold,0.000000,-14.167969,-0.765625,-14.167969,-0.765625,0.532227,0.308594,40.000000,-80.000000,40.000000,-40.000000,0.000000,40.000000
9,opener-big,76000,20.000,0,5,0.500,0.050,0.400,A9o,fold,0.000000,-13.259375,-0.767361,-13.259375,-0.767361,0.658420,0.308160,40.000000,-80.000000,40.000000,-40.000000,0.000000,40.000000
9,opener-big,76000,20.000,0,5,0.500,0.050,0.400,A7o,fold,0.000000,-14.299219,-0.769097,-14.299219,-0.769097,0.513997,0.307726,40.000000,-80.000000,40.000000,-40.000000,0.000000,40.000000
9,opener-big,76000,20.000,0,5,0.500,0.050,0.400,Q2s,fold,0.000000,-14.132812,-0.773438,-14.132812,-0.773438,0.537109,0.306641,40.000000,-80.000000,40.000000,-40.000000,0.000000,40.000000
9,opener-big,76000,20.000,0,5,0.500,0.050,0.400,K6s,fold,0.000000,-14.013281,-0.776042,-14.013281,-0.776042,0.553711,0.305990,40.000000,-80.000000,40.000000,-40.000000,0.000000,40.000000
9,opener-big,76000,20.000,0,5,0.500,0.050,0.400,J4s,fold,0.000000,-13.696875,-0.778646,-13.696875,-0.778646,0.597656,0.305339,40.000000,-80.000000,40.000000,-40.000000,0.000000,40.000000
9,opener-big,76000,20.000,0,5,0.500,0.050,0.400,J9o,fold,0.000000,-13.175000,-0.781250,-13.175000,-0.781250,0.670139,0.304688,40.000000,-80.000000,40.000000,-40.000000,0.000000,40.000000
9,opener-big,76000,20.000,0,5,0.500,0.050,0.400,T4s,fold,0.000000,-15.825000,-0.783854,-15.825000,-0.783854,0.302083,0.304036,40.000000,-80.000000,40.000000,-40.000000,0.000000,40.000000
9,opener-big,76000,20.000,0,5,0.500,0.050,0.400,J7o,fold,0.000000,-14.266406,-0.785590,-14.266406,-0.785590,0.518555,0.303602,40.000000,-80.000000,40.000000,-40.000000,0.000000,40.000000
9,opener-big,76000,20.000,0,5,0.500,0.050,0.400,Q6s,fold,0.000000,-13.978125,-0.786458,-13.978125,-0.786458,0.558594,0.303385,40.000000,-80.000000,40.000000,-40.000000,0.000000,40.000000
9,opener-big,76000,20.000,0,5,0.500,0.050,0.400,Q4s,fold,0.000000,-14.048437,-0.786458,-14.048437,-0.786458,0.548828,0.303385,40.000000,-80.000000,40.000000,-40.000000,0.000000,40.000000
9,opener-big,76000,20.000,0,5,0.500,0.050,0.400,Q4o,fold,0.000000,-14.397656,-0.788194,-14.397656,-0.788194,0.500326,0.302951,40.000000,-80.000000,40.000000,-40.000000,0.000000,40.000000
9,opener-big,76000,20.000,0,5,0.500,0.050,0.400,A2o,fold,0.000000,-14.390625,-0.794271,-14.390625,-0.794271,0.501302,0.301432,40.000000,-80.000000,40.000000,-40.000000,0.000000,40.000000
9,opener-big,76000,20.000,0,5,0.500,0.050,0.400,A4o,fold,0.000000,-14.231250,-0.803819,-14.231250,-0.803819,0.523438,0.299045,40.000000,-80.000000,40.000000,-40.000000,0.000000,40.000000
9,opener-big,76000,20.000,0,5,0.500,0.050,0.400,T7o,fold,0.000000,-15.956250,-0.805556,-15.956250,-0.805556,0.283854,0.298611,40.000000,-80.000000,40.000000,-40.000000,0.000000,40.000000
9,opener-big,76000,20.000,0,5,0.500,0.050,0.400,Q8o,fold,0.000000,-14.128125,-0.806424,-14.128125,-0.806424,0.537760,0.298394,40.000000,-80.000000,40.000000,-40.000000,0.000000,40.000000
9,opener-big,76000,20.000,0,5,0.500,0.050,0.400,J7s,fold,0.000000,-13.907812,-0.812500,-13.907812,-0.812500,0.568359,0.296875,40.000000,-80.000000,40.000000,-40.000000,0.000000,40.000000
9,opener-big,76000,20.000,0,5,0.500,0.050,0.400,T8o,fold,0.000000,-15.925000,-0.814236,-15.925000,-0.814236,0.288194,0.296441,40.000000,-80.000000,40.000000,-40.000000,0.000000,40.000000
9,opener-big,76000,20.000,0,5,0.500,0.050,0.400,J3s,fold,0.000000,-14.336719,-0.820312,-14.336719,-0.820312,0.508789,0.294922,40.000000,-80.000000,40.000000,-40.000000,0.000000,40.000000
9,opener-big,76000,20.000,0,5,0.500,0.050,0.400,T2s,fold,0.000000,-15.721875,-0.820312,-15.721875,-0.820312,0.316406,0.294922,40.000000,-80.000000,40.000000,-40.000000,0.000000,40.000000
9,opener-big,76000,20.000,0,5,0.500,0.050,0.400,K5o,fold,0.000000,-14.477344,-0.826389,-14.477344,-0.826389,0.489258,0.293403,40.000000,-80.000000,40.000000,-40.000000,0.000000,40.000000
9,opener-big,76000,20.000,0,5,0.500,0.050,0.400,A3o,fold,0.000000,-14.135156,-0.833333,-14.135156,-0.833333,0.536784,0.291667,40.000000,-80.000000,40.000000,-40.000000,0.000000,40.000000
9,opener-big,76000,20.000,0,5,0.500,0.050,0.400,A8o,fold,0.000000,-14.062500,-0.838542,-14.062500,-0.838542,0.546875,0.290365,40.000000,-80.000000,40.000000,-40.000000,0.000000,40.000000
9,opener-big,76000,20.000,0,5,0.500,0.050,0.400,J8o,fold,0.000000,-14.062500,-0.851562,-14.062500,-0.851562,0.546875,0.287109,40.000000,-80.000000,40.000000,-40.000000,0.000000,40.000000
9,opener-big,76000,20.000,0,5,0.500,0.050,0.400,A6o,fold,0.000000,-14.186719,-0.852431,-14.186719,-0.852431,0.529622,0.286892,40.000000,-80.000000,40.000000,-40.000000,0.000000,40.000000
9,opener-big,76000,20.000,0,5,0.500,0.050,0.400,J3o,fold,0.000000,-14.400000,-0.853299,-14.400000,-0.853299,0.500000,0.286675,40.000000,-80.000000,40.000000,-40.000000,0.000000,40.000000
9,opener-big,76000,20.000,0,5,0.500,0.050,0.400,Q7o,fold,0.000000,-14.400000,-0.855035,-14.400000,-0.855035,0.500000,0.286241,40.000000,-80.000000,40.000000,-40.000000,0.000000,40.000000
9,opener-big,76000,20.000,0,5,0.500,0.050,0.400,K7o,fold,0.000000,-14.193750,-0.860243,-14.193750,-0.860243,0.528646,0.284939,40.000000,-80.000000,40.000000,-40.000000,0.000000,40.000000
9,opener-big,76000,20.000,0,5,0.500,0.050,0.400,K9o,fold,0.000000,-13.175000,-0.861111,-13.175000,-0.861111,0.670139,0.284722,40.000000,-80.000000,40.000000,-40.000000,0.000000,40.000000
9,opener-big,76000,20.000,0,5,0.500,0.050,0.400,Q5o,fold,0.000000,-14.360156,-0.861111,-14.360156,-0.861111,0.505534,0.284722,40.000000,-80.000000,40.000000,-40.000000,0.000000,40.000000
9,opener-big,76000,20.000,0,5,0.500,0.050,0.400,T6o,fold,0.000000,-15.912500,-0.861979,-15.912500,-0.861979,0.289931,0.284505,40.000000,-80.000000,40.000000,-40.000000,0.000000,40.000000
9,opener-big,76000,20.000,0,5,0.500,0.050,0.400,K4o,fold,0.000000,-14.254687,-0.864583,-14.254687,-0.864583,0.520182,0.283854,40.000000,-80.000000,40.000000,-40.000000,0.000000,40.000000
9,opener-big,76000,20.000,0,5,0.500,0.050,0.400,K6o,fold,0.000000,-14.355469,-0.872396,-14.355469,-0.872396,0.506185,0.281901,40.000000,-80.000000,40.000000,-40.000000,0.000000,40.000000
9,opener-big,76000,20.000,0,5,0.500,0.050,0.400,K2o,fold,0.000000,-14.465625,-0.874132,-14.465625,-0.874132,0.490885,0.281467,40.000000,-80.000000,40.000000,-40.000000,0.000000,40.000000
9,opener-big,76000,20.000,0,5,0.500,0.050,0.400,J6o,fold,0.000000,-14.364844,-0.878472,-14.364844,-0.878472,0.504883,0.280382,40.000000,-80.000000,40.000000,-40.000000,0.000000,40.000000
9,opener-big,76000,20.000,0,5,0.500,0.050,0.400,J5o,fold,0.000000,-14.203125,-0.885417,-14.203125,-0.885417,0.527344,0.278646,40.000000,-80.000000,40.000000,-40.000000,0.000000,40.000000
9,opener-big,76000,20.000,0,5,0.500,0.050,0.400,Q2o,fold,0.000000,-14.172656,-0.893229,-14.172656,-0.893229,0.531576,0.276693,40.000000,-80.000000,40.000000,-40.000000,0.000000,40.000000
9,opener-big,76000,20.000,0,5,0.500,0.050,0.400,J4o,fold,0.000000,-14.275781,-0.893229,-14.275781,-0.893229,0.517253,0.276693,40.000000,-80.000000,40.000000,-40.000000,0.000000,40.000000
9,opener-big,76000,20.000,0,5,0.500,0.050,0.400,T2o,fold,0.000000,-15.912500,-0.894965,-15.912500,-0.894965,0.289931,0.276259,40.000000,-80.000000,40.000000,-40.000000,0.000000,40.000000
9,opener-big,76000,20.000,0,5,0.500,0.050,0.400,T4o,fold,0.000000,-16.028125,-0.894965,-16.028125,-0.894965,0.273872,0.276259,40.000000,-80.000000,40.000000,-40.000000,0.000000,40.000000
9,opener-big,76000,20.000,0,5,0.500,0.050,0.400,J2o,fold,0.000000,-14.092969,-0.904514,-14.092969,-0.904514,0.542643,0.273872,40.000000,-80.000000,40.000000,-40.000000,0.000000,40.000000
9,opener-big,76000,20.000,0,5,0.500,0.050,0.400,Q6o,fold,0.000000,-14.139844,-0.904514,-14.139844,-0.904514,0.536133,0.273872,40.000000,-80.000000,40.000000,-40.000000,0.000000,40.000000
9,opener-big,76000,20.000,0,5,0.500,0.050,0.400,Q3o,fold,0.000000,-14.376562,-0.904514,-14.376562,-0.904514,0.503255,0.273872,40.000000,-80.000000,40.000000,-40.000000,0.000000,40.000000
9,opener-big,76000,20.000,0,5,0.500,0.050,0.400,T3o,fold,0.000000,-16.040625,-0.911458,-16.040625,-0.911458,0.272135,0.272135,40.000000,-80.000000,40.000000,-40.000000,0.000000,40.000000
9,opener-big,76000,20.000,0,5,0.500,0.050,0.400,K8o,fold,0.000000,-14.198437,-0.921875,-14.198437,-0.921875,0.527995,0.269531,40.000000,-80.000000,40.000000,-40.000000,0.000000,40.000000
9,opener-big,76000,20.000,0,5,0.500,0.050,0.400,K3o,fold,0.000000,-14.273438,-0.926215,-14.273438,-0.926215,0.517578,0.268446,40.000000,-80.000000,40.000000,-40.000000,0.000000,40.000000
9,opener-big,76000,20.000,0,5,0.500,0.050,0.400,54s,fold,0.000000,-15.672656,-1.028646,-15.672656,-1.028646,0.323242,0.242839,40.000000,-80.000000,40.000000,-40.000000,0.000000,40.000000
9,opener-big,76000,20.000,0,5,0.500,0.050,0.400,43s,fold,0.000000,-15.440625,-1.106771,-15.440625,-1.106771,0.355469,0.223307,40.000000,-80.000000,40.000000,-40.000000,0.000000,40.000000
9,opener-big,76000,20.000,0,5,0.500,0.050,0.400,75s,fold,0.000000,-15.398438,-1.127604,-15.398438,-1.127604,0.361328,0.218099,40.000000,-80.000000,40.000000,-40.000000,0.000000,40.000000
9,opener-big,76000,20.000,0,5,0.500,0.050,0.400,42s,fold,0.000000,-15.405469,-1.148438,-15.405469,-1.148438,0.360352,0.212891,40.000000,-80.000000,40.000000,-40.000000,0.000000,40.000000
9,opener-big,76000,20.000,0,5,0.500,0.050,0.400,64s,fold,0.000000,-15.932812,-1.153646,-15.932812,-1.153646,0.287109,0.211589,40.000000,-80.000000,40.000000,-40.000000,0.000000,40.000000
9,opener-big,76000,20.000,0,5,0.500,0.050,0.400,52s,fold,0.000000,-15.461719,-1.158854,-15.461719,-1.158854,0.352539,0.210286,40.000000,-80.000000,40.000000,-40.000000,0.000000,40.000000
9,opener-big,76000,20.000,0,5,0.500,0.050,0.400,65s,fold,0.000000,-15.525000,-1.161458,-15.525000,-1.161458,0.343750,0.209635,40.000000,-80.000000,40.000000,-40.000000,0.000000,40.000000
9,opener-big,76000,20.000,0,5,0.500,0.050,0.400,87s,fold,0.000000,-15.574219,-1.164062,-15.574219,-1.164062,0.336914,0.208984,40.000000,-80.000000,40.000000,-40.000000,0.000000,40.000000
9,opener-big,76000,20.000,0,5,0.500,0.050,0.400,53s,fold,0.000000,-15.546094,-1.179688,-15.546094,-1.179688,0.340820,0.205078,40.000000,-80.000000,40.000000,-40.000000,0.000000,40.000000
9,opener-big,76000,20.000,0,5,0.500,0.050,0.400,33,fold,0.000000,-14.540625,-1.187500,-14.540625,-1.187500,0.480469,0.203125,40.000000,-80.000000,40.000000,-40.000000,0.000000,40.000000
9,opener-big,76000,20.000,0,5,0.500,0.050,0.400,76s,fold,0.000000,-15.271875,-1.187500,-15.271875,-1.187500,0.378906,0.203125,40.000000,-80.000000,40.000000,-40.000000,0.000000,40.000000
9,opener-big,76000,20.000,0,5,0.500,0.050,0.400,85s,fold,0.000000,-15.496875,-1.200521,-15.496875,-1.200521,0.347656,0.199870,40.000000,-80.000000,40.000000,-40.000000,0.000000,40.000000
9,opener-big,76000,20.000,0,5,0.500,0.050,0.400,98s,fold,0.000000,-15.928125,-1.203125,-15.928125,-1.203125,0.287760,0.199219,40.000000,-80.000000,40.000000,-40.000000,0.000000,40.000000
9,opener-big,76000,20.000,0,5,0.500,0.050,0.400,84s,fold,0.000000,-15.644531,-1.221354,-15.644531,-1.221354,0.327148,0.194661,40.000000,-80.000000,40.000000,-40.000000,0.000000,40.000000
9,opener-big,76000,20.000,0,5,0.500,0.050,0.400,77,fold,0.000000,-14.676562,-1.244792,-14.676562,-1.244792,0.461589,0.188802,40.000000,-80.000000,40.000000,-40.000000,0.000000,40.000000
9,opener-big,76000,20.000,0,5,0.500,0.050,0.400,74s,fold,0.000000,-15.510937,-1.255208,-15.510937,-1.255208,0.345703,0.186198,40.000000,-80.000000,40.000000,-40.000000,0.000000,40.000000
9,opener-big,76000,20.000,0,5,0.500,0.050,0.400,86s,fold,0.000000,-15.482812,-1.257812,-15.482812,-1.257812,0.349609,0.185547,40.000000,-80.000000,40.000000,-40.000000,0.000000,40.000000
9,opener-big,76000,20.000,0,5,0.500,0.050,0.400,44,fold,0.000000,-14.840625,-1.260417,-14.840625,-1.260417,0.438802,0.184896,40.000000,-80.000000,40.000000,-40.000000,0.000000,40.000000
9,opener-big,76000,20.000,0,5,0.500,0.050,0.400,32s,fold,0.000000,-16.024219,-1.268229,-16.024219,-1.268229,0.274414,0.182943,40.000000,-80.000000,40.000000,-40.000000,0.000000,40.000000
9,opener-big,76000,20.000,0,5,0.500,0.050,0.400,65o,fold,0.000000,-15.581250,-1.275174,-15.581250,-1.275174,0.335938,0.181207,40.000000,-80.000000,40.000000,-40.000000,0.000000,40.000000
9,opener-big,76000,20.000,0,5,0.500,0.050,0.400,66,fold,0.000000,-14.414062,-1.277778,-14.414062,-1.277778,0.498047,0.180556,40.000000,-80.000000,40.000000,-40.000000,0.000000,40.000000
9,opener-big,76000,20.000,0,5,0.500,0.050,0.400,72s,fold,0.000000,-15.356250,-1.291667,-15.356250,-1.291667,0.367188,0.177083,40.000000,-80.000000,40.000000,-40.000000,0.000000,40.000000
9,opener-big,76000,20.000,0,5,0.500,0.050,0.400,54o,fold,0.000000,-15.410156,-1.291667,-15.410156,-1.291667,0.359701,0.177083,40.000000,-80.000000,40.000000,-40.000000,0.000000,40.000000
9,opener-big,76000,20.000,0,5,0.500,0.050,0.400,63s,fold,0.000000,-15.510937,-1.294271,-15.510937,-1.294271,0.345703,0.176432,40.000000,-80.000000,40.000000,-40.000000,0.000000,40.000000
9,opener-big,76000,20.000,0,5,0.500,0.050,0.400,88,fold,0.000000,-14.278125,-1.295139,-14.278125,-1.295139,0.516927,0.176215,40.000000,-80.000000,40.000000,-40.000000,0.000000,40.000000
9,opener-big,76000,20.000,0,5,0.500,0.050,0.400,22,fold,0.000000,-14.657813,-1.298611,-14.657813,-1.298611,0.464193,0.175347,40.000000,-80.000000,40.000000,-40.000000,0.000000,40.000000
9,opener-big,76000,20.000,0,5,0.500,0.050,0.400,83s,fold,0.000000,-15.742969,-1.302083,-15.742969,-1.302083,0.313477,0.174479,40.000000,-80.000000,40.000000,-40.000000,0.000000,40.000000
9,opener-big,76000,20.000,0,5,0.500,0.050,0.400,55,fold,0.000000,-14.479687,-1.305556,-14.479687,-1.305556,0.488932,0.173611,40.000000,-80.000000,40.000000,-40.000000,0.000000,40.000000
9,opener-big,76000,20.000,0,5,0.500,0.050,0.400,64o,fold,0.000000,-15.639844,-1.307292,-15.639844,-1.307292,0.327799,0.173177,40.000000,-80.000000,40.000000,-40.000000,0.000000,40.000000
9,opener-big,76000,20.000,0,5,0.500,0.050,0.400,97s,fold,0.000000,-15.862500,-1.317708,-15.862500,-1.317708,0.296875,0.170573,40.000000,-80.000000,40.000000,-40.000000,0.000000,40.000000
9,opener-big,76000,20.000,0,5,0.500,0.050,0.400,73s,fold,0.000000,-15.482812,-1.333333,-15.482812,-1.333333,0.349609,0.166667,40.000000,-80.000000,40.000000,-40.000000,0.000000,40.000000
9,opener-big,76000,20.000,0,5,0.500,0.050,0.400,62s,fold,0.000000,-15.651562,-1.333333,-15.651562,-1.333333,0.326172,0.166667,40.000000,-80.000000,40.000000,-40.000000,0.000000,40.000000
9,opener-big,76000,20.000,0,5,0.500,0.050,0.400,76o,fold,0.000000,-15.414844,-1.341146,-15.414844,-1.341146,0.359049,0.164714,40.000000,-80.000000,40.000000,-40.000000,0.000000,40.000000
9,opener-big,76000,20.000,0,5,0.500,0.050,0.400,52o,fold,0.000000,-15.614062,-1.342882,-15.614062,-1.342882,0.331380,0.164280,40.000000,-80.000000,40.000000,-40.000000,0.000000,40.000000
9,opener-big,76000,20.000,0,5,0.500,0.050,0.400,75o,fold,0.000000,-15.696094,-1.360243,-15.696094,-1.360243,0.319987,0.159939,40.000000,-80.000000,40.000000,-40.000000,0.000000,40.000000
9,opener-big,76000,20.000,0,5,0.500,0.050,0.400,43o,fold,0.000000,-15.670312,-1.372396,-15.670312,-1.372396,0.323568,0.156901,40.000000,-80.000000,40.000000,-40.000000,0.000000,40.000000
9,opener-big,76000,20.000,0,5,0.500,0.050,0.400,82s,fold,0.000000,-15.735937,-1.375000,-15.735937,-1.375000,0.314453,0.156250,40.000000,-80.000000,40.000000,-40.000000,0.000000,40.000000
9,opener-big,76000,20.000,0,5,0.500,0.050,0.400,53o,fold,0.000000,-15.576562,-1.379340,-15.576562,-1.379340,0.336589,0.155165,40.000000,-80.000000,40.000000,-40.000000,0.000000,40.000000
9,opener-big,76000,20.000,0,5,0.500,0.050,0.400,93s,fold,0.000000,-15.825000,-1.385417,-15.825000,-1.385417,0.302083,0.153646,40.000000,-80.000000,40.000000,-40.000000,0.000000,40.000000
9,opener-big,76000,20.000,0,5,0.500,0.050,0.400,74o,fold,0.000000,-15.855469,-1.398438,-15.855469,-1.398438,0.297852,0.150391,40.000000,-80.000000,40.000000,-40.000000,0.000000,40.000000
9,opener-big,76000,20.000,0,5,0.500,0.050,0.400,87o,fold,0.000000,-15.496875,-1.407986,-15.496875,-1.407986,0.347656,0.148003,40.000000,-80.000000,40.000000,-40.000000,0.000000,40.000000
9,opener-big,76000,20.000,0,5,0.500,0.050,0.400,42o,fold,0.000000,-15.665625,-1.410590,-15.665625,-1.410590,0.324219,0.147352,40.000000,-80.000000,40.000000,-40.000000,0.000000,40.000000
9,opener-big,76000,20.000,0,5,0.500,0.050,0.400,32o,fold,0.000000,-15.621094,-1.420139,-15.621094,-1.420139,0.330404,0.144965,40.000000,-80.000000,40.000000,-40.000000,0.000000,40.000000
9,opener-big,76000,20.000,0,5,0.500,0.050,0.400,98o,fold,0.000000,-16.118750,-1.435764,-16.118750,-1.435764,0.261285,0.141059,40.000000,-80.000000,40.000000,-40.000000,0.000000,40.000000
9,opener-big,76000,20.000,0,5,0.500,0.050,0.400,63o,fold,0.000000,-15.656250,-1.440104,-15.656250,-1.440104,0.325521,0.139974,40.000000,-80.000000,40.000000,-40.000000,0.000000,40.000000
9,opener-big,76000,20.000,0,5,0.500,0.050,0.400,73o,fold,0.000000,-15.836719,-1.447917,-15.836719,-1.447917,0.300456,0.138021,40.000000,-80.000000,40.000000,-40.000000,0.000000,40.000000
9,opener-big,76000,20.000,0,5,0.500,0.050,0.400,95s,fold,0.000000,-15.909375,-1.453125,-15.909375,-1.453125,0.290365,0.136719,40.000000,-80.000000,40.000000,-40.000000,0.000000,40.000000
9,opener-big,76000,20.000,0,5,0.500,0.050,0.400,86o,fold,0.000000,-15.717187,-1.453993,-15.717187,-1.453993,0.317057,0.136502,40.000000,-80.000000,40.000000,-40.000000,0.000000,40.000000
9,opener-big,76000,20.000,0,5,0.500,0.050,0.400,85o,fold,0.000000,-15.817969,-1.453993,-15.817969,-1.453993,0.303060,0.136502,40.000000,-80.000000,40.000000,-40.000000,0.000000,40.000000
9,opener-big,76000,20.000,0,5,0.500,0.050,0.400,96s,fold,0.000000,-15.693750,-1.458333,-15.693750,-1.458333,0.320312,0.135417,40.000000,-80.000000,40.000000,-40.000000,0.000000,40.000000
9,opener-big,76000,20.000,0,5,0.500,0.050,0.400,62o,fold,0.000000,-15.689062,-1.463542,-15.689062,-1.463542,0.320964,0.134115,40.000000,-80.000000,40.000000,-40.000000,0.000000,40.000000
9,opener-big,76000,20.000,0,5,0.500,0.050,0.400,84o,fold,0.000000,-15.822656,-1.490451,-15.822656,-1.490451,0.302409,0.127387,40.000000,-80.000000,40.000000,-40.000000,0.000000,40.000000
9,opener-big,76000,20.000,0,5,0.500,0.050,0.400,83o,fold,0.000000,-15.996094,-1.503472,-15.996094,-1.503472,0.278320,0.124132,40.000000,-80.000000,40.000000,-40.000000,0.000000,40.000000
9,opener-big,76000,20.000,0,5,0.500,0.050,0.400,82o,fold,0.000000,-15.975000,-1.527778,-15.975000,-1.527778,0.281250,0.118056,40.000000,-80.000000,40.000000,-40.000000,0.000000,40.000000
9,opener-big,76000,20.000,0,5,0.500,0.050,0.400,97o,fold,0.000000,-16.143750,-1.536458,-16.143750,-1.536458,0.257812,0.115885,40.000000,-80.000000,40.000000,-40.000000,0.000000,40.000000
9,opener-big,76000,20.000,0,5,0.500,0.050,0.400,92s,fold,0.000000,-15.675000,-1.541667,-15.675000,-1.541667,0.322917,0.114583,40.000000,-80.000000,40.000000,-40.000000,0.000000,40.000000
9,opener-big,76000,20.000,0,5,0.500,0.050,0.400,72o,fold,0.000000,-15.923438,-1.561632,-15.923438,-1.561632,0.288411,0.109592,40.000000,-80.000000,40.000000,-40.000000,0.000000,40.000000
9,opener-big,76000,20.000,0,5,0.500,0.050,0.400,94s,fold,0.000000,-15.871875,-1.562500,-15.871875,-1.562500,0.295573,0.109375,40.000000,-80.000000,40.000000,-40.000000,0.000000,40.000000
9,opener-big,76000,20.000,0,5,0.500,0.050,0.400,96o,fold,0.000000,-16.140625,-1.612847,-16.140625,-1.612847,0.258247,0.096788,40.000000,-80.000000,40.000000,-40.000000,0.000000,40.000000
9,opener-big,76000,20.000,0,5,0.500,0.050,0.400,92o,fold,0.000000,-16.262500,-1.689236,-16.262500,-1.689236,0.241319,0.077691,40.000000,-80.000000,40.000000,-40.000000,0.000000,40.000000
9,opener-big,76000,20.000,0,5,0.500,0.050,0.400,93o,fold,0.000000,-16.059375,-1.694444,-16.059375,-1.694444,0.269531,0.076389,40.000000,-80.000000,40.000000,-40.000000,0.000000,40.000000
9,opener-big,76000,20.000,0,5,0.500,0.050,0.400,95o,fold,0.000000,-16.365625,-1.694444,-16.365625,-1.694444,0.226997,0.076389,40.000000,-80.000000,40.000000,-40.000000,0.000000,40.000000
9,opener-big,76000,20.000,0,5,0.500,0.050,0.400,94o,fold,0.000000,-16.187500,-1.756944,-16.187500,-1.756944,0.251736,0.060764,40.000000,-80.000000,40.000000,-40.000000,0.000000,40.000000
9,opener-big,76000,20.000,0,5,0.500,0.100,0.400,88,jam,0.000000,-14.278125,2.590278,-14.278125,2.590278,0.516927,0.823785,40.000000,-80.000000,40.000000,-40.000000,0.000000,40.000000
9,opener-big,76000,20.000,0,5,0.500,0.100,0.400,66,jam,0.000000,-14.414062,2.579861,-14.414062,2.579861,0.498047,0.822483,40.000000,-80.000000,40.000000,-40.000000,0.000000,40.000000
9,opener-big,76000,20.000,0,5,0.500,0.100,0.400,55,jam,0.000000,-14.479687,2.531250,-14.479687,2.531250,0.488932,0.816406,40.000000,-80.000000,40.000000,-40.000000,0.000000,40.000000
9,opener-big,76000,20.000,0,5,0.500,0.100,0.400,99,jam,0.000000,-13.528125,2.520833,-13.528125,2.520833,0.621094,0.815104,40.000000,-80.000000,40.000000,-40.000000,0.000000,40.000000
9,opener-big,76000,20.000,0,5,0.500,0.100,0.400,KK,jam,0.000000,-12.379687,2.517361,-12.379687,2.517361,0.780599,0.814670,40.000000,-80.000000,40.000000,-40.000000,0.000000,40.000000
9,opener-big,76000,20.000,0,5,0.500,0.100,0.400,JJ,jam,0.000000,-12.051562,2.475694,-12.051562,2.475694,0.826172,0.809462,40.000000,-80.000000,40.000000,-40.000000,0.000000,40.000000
9,opener-big,76000,20.000,0,5,0.500,0.100,0.400,QQ,jam,0.000000,-12.117188,2.472222,-12.117188,2.472222,0.817057,0.809028,40.000000,-80.000000,40.000000,-40.000000,0.000000,40.000000
9,opener-big,76000,20.000,0,5,0.500,0.100,0.400,TT,jam,0.000000,-12.121875,2.451389,-12.121875,2.451389,0.816406,0.806424,40.000000,-80.000000,40.000000,-40.000000,0.000000,40.000000
9,opener-big,76000,20.000,0,5,0.500,0.100,0.400,77,jam,0.000000,-14.676562,2.427083,-14.676562,2.427083,0.461589,0.803385,40.000000,-80.000000,40.000000,-40.000000,0.000000,40.000000
9,opener-big,76000,20.000,0,5,0.500,0.100,0.400,AA,jam,0.000000,-12.328125,2.309028,-12.328125,2.309028,0.787760,0.788628,40.000000,-80.000000,40.000000,-40.000000,0.000000,40.000000
9,opener-big,76000,20.000,0,5,0.500,0.100,0.400,T9s,jam,0.000000,-14.400000,0.489583,-14.400000,0.489583,0.500000,0.561198,40.000000,-80.000000,40.000000,-40.000000,0.000000,40.000000
9,opener-big,76000,20.000,0,5,0.500,0.100,0.400,J9s,jam,0.000000,-12.628125,0.328125,-12.628125,0.328125,0.746094,0.541016,40.000000,-80.000000,40.000000,-40.000000,0.000000,40.000000
9,opener-big,76000,20.000,0,5,0.500,0.100,0.400,QTs,jam,0.000000,-12.984375,0.302083,-12.984375,0.302083,0.696615,0.537760,40.000000,-80.000000,40.000000,-40.000000,0.000000,40.000000
9,opener-big,76000,20.000,0,5,0.500,0.100,0.400,QJs,jam,0.000000,-13.275000,0.197917,-13.275000,0.197917,0.656250,0.524740,40.000000,-80.000000,40.000000,-40.000000,0.000000,40.000000
9,opener-big,76000,20.000,0,5,0.500,0.100,0.400,87s,jam,0.000000,-15.574219,0.171875,-15.574219,0.171875,0.336914,0.521484,40.000000,-80.000000,40.000000,-40.000000,0.000000,40.000000
9,opener-big,76000,20.000,0,5,0.500,0.100,0.400,T5s,jam,0.000000,-15.796875,0.166667,-15.796875,0.166667,0.305990,0.520833,40.000000,-80.000000,40.000000,-40.000000,0.000000,40.000000
9,opener-big,76000,20.000,0,5,0.500,0.100,0.400,JTo,jam,0.000000,-13.009375,0.142361,-13.009375,0.142361,0.693142,0.517795,40.000000,-80.000000,40.000000,-40.000000,0.000000,40.000000
9,opener-big,76000,20.000,0,5,0.500,0.100,0.400,75s,jam,0.000000,-15.398438,0.140625,-15.398438,0.140625,0.361328,0.517578,40.000000,-80.000000,40.000000,-40.000000,0.000000,40.000000
9,opener-big,76000,20.000,0,5,0.500,0.100,0.400,AQs,jam,0.000000,-13.380469,0.125000,-13.380469,0.125000,0.641602,0.515625,40.000000,-80.000000,40.000000,-40.000000,0.000000,40.000000
9,opener-big,76000,20.000,0,5,0.500,0.100,0.400,KQs,jam,0.000000,-13.267969,0.109375,-13.267969,0.109375,0.657227,0.513672,40.000000,-80.000000,40.000000,-40.000000,0.000000,40.000000
9,opener-big,76000,20.000,0,5,0.500,0.100,0.400,J8s,jam,0.000000,-13.760156,0.098958,-13.760156,0.098958,0.588867,0.512370,40.000000,-80.000000,40.000000,-40.000000,0.000000,40.000000
9,opener-big,76000,20.000,0,5,0.500,0.100,0.400,T6s,jam,0.000000,-15.675000,0.093750,-15.675000,0.093750,0.322917,0.511719,40.000000,-80.000000,40.000000,-40.000000,0.000000,40.000000
9,opener-big,76000,20.000,0,5,0.500,0.100,0.400,AJs,jam,0.000000,-13.387500,0.083333,-13.387500,0.083333,0.640625,0.510417,40.000000,-80.000000,40.000000,-40.000000,0.000000,40.000000
9,opener-big,76000,20.000,0,5,0.500,0.100,0.400,Q8s,jam,0.000000,-13.760156,0.078125,-13.760156,0.078125,0.588867,0.509766,40.000000,-80.000000,40.000000,-40.000000,0.000000,40.000000
9,opener-big,76000,20.000,0,5,0.500,0.100,0.400,Q6s,jam,0.000000,-13.978125,0.052083,-13.978125,0.052083,0.558594,0.506510,40.000000,-80.000000,40.000000,-40.000000,0.000000,40.000000
9,opener-big,76000,20.000,0,5,0.500,0.100,0.400,86s,jam,0.000000,-15.482812,0.052083,-15.482812,0.052083,0.349609,0.506510,40.000000,-80.000000,40.000000,-40.000000,0.000000,40.000000
9,opener-big,76000,20.000,0,5,0.500,0.100,0.400,Q9s,jam,0.000000,-13.218750,0.046875,-13.218750,0.046875,0.664062,0.505859,40.000000,-80.000000,40.000000,-40.000000,0.000000,40.000000
9,opener-big,76000,20.000,0,5,0.500,0.100,0.400,T7s,jam,0.000000,-15.759375,0.041667,-15.759375,0.041667,0.311198,0.505208,40.000000,-80.000000,40.000000,-40.000000,0.000000,40.000000
9,opener-big,76000,20.000,0,5,0.500,0.100,0.400,ATs,jam,0.000000,-13.087500,0.015625,-13.087500,0.015625,0.682292,0.501953,40.000000,-80.000000,40.000000,-40.000000,0.000000,40.000000
9,opener-big,76000,20.000,0,5,0.500,0.100,0.400,JTs,jam,0.000000,-12.937500,0.010417,-12.937500,0.010417,0.703125,0.501302,40.000000,-80.000000,40.000000,-40.000000,0.000000,40.000000
9,opener-big,76000,20.000,0,5,0.500,0.100,0.400,KJs,jam,0.000000,-13.324219,0.010417,-13.324219,0.010417,0.649414,0.501302,40.000000,-80.000000,40.000000,-40.000000,0.000000,40.000000
9,opener-big,76000,20.000,0,5,0.500,0.100,0.400,44,jam,0.000000,-14.840625,0.000000,-14.840625,0.000000,0.438802,0.500000,40.000000,-80.000000,40.000000,-40.000000,0.000000,40.000000
9,opener-big,76000,20.000,0,5,0.500,0.100,0.400,KTs,fold,0.000000,-13.162500,-0.005208,-13.162500,-0.005208,0.671875,0.499349,40.000000,-80.000000,40.000000,-40.000000,0.000000,40.000000
9,opener-big,76000,20.000,0,5,0.500,0.100,0.400,85s,fold,0.000000,-15.496875,-0.005208,-15.496875,-0.005208,0.347656,0.499349,40.000000,-80.000000,40.000000,-40.000000,0.000000,40.000000
9,opener-big,76000,20.000,0,5,0.500,0.100,0.400,T8o,fold,0.000000,-15.925000,-0.005208,-15.925000,-0.005208,0.288194,0.499349,40.000000,-80.000000,40.000000,-40.000000,0.000000,40.000000
9,opener-big,76000,20.000,0,5,0.500,0.100,0.400,T8s,fold,0.000000,-15.515625,-0.015625,-15.515625,-0.015625,0.345052,0.498047,40.000000,-80.000000,40.000000,-40.000000,0.000000,40.000000
9,opener-big,76000,20.000,0,5,0.500,0.100,0.400,AKs,fold,0.000000,-13.415625,-0.020833,-13.415625,-0.020833,0.636719,0.497396,40.000000,-80.000000,40.000000,-40.000000,0.000000,40.000000
9,opener-big,76000,20.000,0,5,0.500,0.100,0.400,Q7s,fold,0.000000,-13.844531,-0.020833,-13.844531,-0.020833,0.577148,0.497396,40.000000,-80.000000,40.000000,-40.000000,0.000000,40.000000
9,opener-big,76000,20.000,0,5,0.500,0.100,0.400,K6s,fold,0.000000,-14.013281,-0.020833,-14.013281,-0.020833,0.553711,0.497396,40.000000,-80.000000,40.000000,-40.000000,0.000000,40.000000
9,opener-big,76000,20.000,0,5,0.500,0.100,0.400,97s,fold,0.000000,-15.862500,-0.020833,-15.862500,-0.020833,0.296875,0.497396,40.000000,-80.000000,40.000000,-40.000000,0.000000,40.000000
9,opener-big,76000,20.000,0,5,0.500,0.100,0.400,T9o,fold,0.000000,-14.564062,-0.039931,-14.564062,-0.039931,0.477214,0.495009,40.000000,-80.000000,40.000000,-40.000000,0.000000,40.000000
9,opener-big,76000,20.000,0,5,0.500,0.100,0.400,65s,fold,0.000000,-15.525000,-0.046875,-15.525000,-0.046875,0.343750,0.494141,40.000000,-80.000000,40.000000,-40.000000,0.000000,40.000000
9,opener-big,76000,20.000,0,5,0.500,0.100,0.400,98s,fold,0.000000,-15.928125,-0.046875,-15.928125,-0.046875,0.287760,0.494141,40.000000,-80.000000,40.000000,-40.000000,0.000000,40.000000
9,opener-big,76000,20.000,0,5,0.500,0.100,0.400,98o,fold,0.000000,-16.118750,-0.057292,-16.118750,-0.057292,0.261285,0.492839,40.000000,-80.000000,40.000000,-40.000000,0.000000,40.000000
9,opener-big,76000,20.000,0,5,0.500,0.100,0.400,Q9o,fold,0.000000,-13.150000,-0.062500,-13.150000,-0.062500,0.673611,0.492188,40.000000,-80.000000,40.000000,-40.000000,0.000000,40.000000
9,opener-big,76000,20.000,0,5,0.500,0.100,0.400,95s,fold,0.000000,-15.909375,-0.062500,-15.909375,-0.062500,0.290365,0.492188,40.000000,-80.000000,40.000000,-40.000000,0.000000,40.000000
9,opener-big,76000,20.000,0,5,0.500,0.100,0.400,J9o,fold,0.000000,-13.175000,-0.071181,-13.175000,-0.071181,0.670139,0.491102,40.000000,-80.000000,40.000000,-40.000000,0.000000,40.000000
9,opener-big,76000,20.000,0,5,0.500,0.100,0.400,QJo,fold,0.000000,-13.518750,-0.074653,-13.518750,-0.074653,0.622396,0.490668,40.000000,-80.000000,40.000000,-40.000000,0.000000,40.000000
9,opener-big,76000,20.000,0,5,0.500,0.100,0.400,J5s,fold,0.000000,-14.041406,-0.083333,-14.041406,-0.083333,0.549805,0.489583,40.000000,-80.000000,40.000000,-40.000000,0.000000,40.000000
9,opener-big,76000,20.000,0,5,0.500,0.100,0.400,A5s,fold,0.000000,-14.090625,-0.088542,-14.090625,-0.088542,0.542969,0.488932,40.000000,-80.000000,40.000000,-40.000000,0.000000,40.000000
9,opener-big,76000,20.000,0,5,0.500,0.100,0.400,96s,fold,0.000000,-15.693750,-0.088542,-15.693750,-0.088542,0.320312,0.488932,40.000000,-80.000000,40.000000,-40.000000,0.000000,40.000000
9,opener-big,76000,20.000,0,5,0.500,0.100,0.400,J7o,fold,0.000000,-14.266406,-0.093750,-14.266406,-0.093750,0.518555,0.488281,40.000000,-80.000000,40.000000,-40.000000,0.000000,40.000000
9,opener-big,76000,20.000,0,5,0.500,0.100,0.400,J7s,fold,0.000000,-13.907812,-0.109375,-13.907812,-0.109375,0.568359,0.486328,40.000000,-80.000000,40.000000,-40.000000,0.000000,40.000000
9,opener-big,76000,20.000,0,5,0.500,0.100,0.400,97o,fold,0.000000,-16.143750,-0.111111,-16.143750,-0.111111,0.257812,0.486111,40.000000,-80.000000,40.000000,-40.000000,0.000000,40.000000
9,opener-big,76000,20.000,0,5,0.500,0.100,0.400,A7s,fold,0.000000,-14.034375,-0.119792,-14.034375,-0.119792,0.550781,0.485026,40.000000,-80.000000,40.000000,-40.000000,0.000000,40.000000
9,opener-big,76000,20.000,0,5,0.500,0.100,0.400,T7o,fold,0.000000,-15.956250,-0.119792,-15.956250,-0.119792,0.283854,0.485026,40.000000,-80.000000,40.000000,-40.000000,0.000000,40.000000
9,opener-big,76000,20.000,0,5,0.500,0.100,0.400,J8o,fold,0.000000,-14.062500,-0.140625,-14.062500,-0.140625,0.546875,0.482422,40.000000,-80.000000,40.000000,-40.000000,0.000000,40.000000
9,opener-big,76000,20.000,0,5,0.500,0.100,0.400,QTo,fold,0.000000,-13.193750,-0.144097,-13.193750,-0.144097,0.667535,0.481988,40.000000,-80.000000,40.000000,-40.000000,0.000000,40.000000
9,opener-big,76000,20.000,0,5,0.500,0.100,0.400,75o,fold,0.000000,-15.696094,-0.156250,-15.696094,-0.156250,0.319987,0.480469,40.000000,-80.000000,40.000000,-40.000000,0.000000,40.000000
9,opener-big,76000,20.000,0,5,0.500,0.100,0.400,95o,fold,0.000000,-16.365625,-0.157986,-16.365625,-0.157986,0.226997,0.480252,40.000000,-80.000000,40.000000,-40.000000,0.000000,40.000000
9,opener-big,76000,20.000,0,5,0.500,0.100,0.400,87o,fold,0.000000,-15.496875,-0.161458,-15.496875,-0.161458,0.347656,0.479818,40.000000,-80.000000,40.000000,-40.000000,0.000000,40.000000
9,opener-big,76000,20.000,0,5,0.500,0.100,0.400,76o,fold,0.000000,-15.414844,-0.164931,-15.414844,-0.164931,0.359049,0.479384,40.000000,-80.000000,40.000000,-40.000000,0.000000,40.000000
9,opener-big,76000,20.000,0,5,0.500,0.100,0.400,KTo,fold,0.000000,-13.078125,-0.175347,-13.078125,-0.175347,0.683594,0.478082,40.000000,-80.000000,40.000000,-40.000000,0.000000,40.000000
9,opener-big,76000,20.000,0,5,0.500,0.100,0.400,K8s,fold,0.000000,-14.104687,-0.177083,-14.104687,-0.177083,0.541016,0.477865,40.000000,-80.000000,40.000000,-40.000000,0.000000,40.000000
9,opener-big,76000,20.000,0,5,0.500,0.100,0.400,T6o,fold,0.000000,-15.912500,-0.177083,-15.912500,-0.177083,0.289931,0.477865,40.000000,-80.000000,40.000000,-40.000000,0.000000,40.000000
9,opener-big,76000,20.000,0,5,0.500,0.100,0.400,A8s,fold,0.000000,-13.788281,-0.182292,-13.788281,-0.182292,0.584961,0.477214,40.000000,-80.000000,40.000000,-40.000000,0.000000,40.000000
9,opener-big,76000,20.000,0,5,0.500,0.100,0.400,A9s,fold,0.000000,-13.068750,-0.197917,-13.068750,-0.197917,0.684896,0.475260,40.000000,-80.000000,40.000000,-40.000000,0.000000,40.000000
9,opener-big,76000,20.000,0,5,0.500,0.100,0.400,65o,fold,0.000000,-15.581250,-0.197917,-15.581250,-0.197917,0.335938,0.475260,40.000000,-80.000000,40.000000,-40.000000,0.000000,40.000000
9,opener-big,76000,20.000,0,5,0.500,0.100,0.400,AJo,fold,0.000000,-13.631250,-0.201389,-13.631250,-0.201389,0.606771,0.474826,40.000000,-80.000000,40.000000,-40.000000,0.000000,40.000000
9,opener-big,76000,20.000,0,5,0.500,0.100,0.400,KQo,fold,0.000000,-13.682812,-0.211806,-13.682812,-0.211806,0.599609,0.473524,40.000000,-80.000000,40.000000,-40.000000,0.000000,40.000000
9,opener-big,76000,20.000,0,5,0.500,0.100,0.400,K9o,fold,0.000000,-13.175000,-0.215278,-13.175000,-0.215278,0.670139,0.473090,40.000000,-80.000000,40.000000,-40.000000,0.000000,40.000000
9,opener-big,76000,20.000,0,5,0.500,0.100,0.400,A9o,fold,0.000000,-13.259375,-0.215278,-13.259375,-0.215278,0.658420,0.473090,40.000000,-80.000000,40.000000,-40.000000,0.000000,40.000000
9,opener-big,76000,20.000,0,5,0.500,0.100,0.400,96o,fold,0.000000,-16.140625,-0.217014,-16.140625,-0.217014,0.258247,0.472873,40.000000,-80.000000,40.000000,-40.000000,0.000000,40.000000
9,opener-big,76000,20.000,0,5,0.500,0.100,0.400,A7o,fold,0.000000,-14.299219,-0.218750,-14.299219,-0.218750,0.513997,0.472656,40.000000,-80.000000,40.000000,-40.000000,0.000000,40.000000
9,opener-big,76000,20.000,0,5,0.500,0.100,0.400,A8o,fold,0.000000,-14.062500,-0.244792,-14.062500,-0.244792,0.546875,0.469401,40.000000,-80.000000,40.000000,-40.000000,0.000000,40.000000
9,opener-big,76000,20.000,0,5,0.500,0.100,0.400,J5o,fold,0.000000,-14.203125,-0.260417,-14.203125,-0.260417,0.527344,0.467448,40.000000,-80.000000,40.000000,-40.000000,0.000000,40.000000
9,opener-big,76000,20.000,0,5,0.500,0.100,0.400,86o,fold,0.000000,-15.717187,-0.265625,-15.717187,-0.265625,0.317057,0.466797,40.000000,-80.000000,40.000000,-40.000000,0.000000,40.000000
9,opener-big,76000,20.000,0,5,0.500,0.100,0.400,Q8o,fold,0.000000,-14.128125,-0.276042,-14.128125,-0.276042,0.537760,0.465495,40.000000,-80.000000,40.000000,-40.000000,0.000000,40.000000
9,opener-big,76000,20.000,0,5,0.500,0.100,0.400,J6s,fold,0.000000,-13.717969,-0.286458,-13.717969,-0.286458,0.594727,0.464193,40.000000,-80.000000,40.000000,-40.000000,0.000000,40.000000
9,opener-big,76000,20.000,0,5,0.500,0.100,0.400,KJo,fold,0.000000,-13.713281,-0.303819,-13.713281,-0.303819,0.595378,0.462023,40.000000,-80.000000,40.000000,-40.000000,0.000000,40.000000
9,opener-big,76000,20.000,0,5,0.500,0.100,0.400,K5s,fold,0.000000,-13.837500,-0.312500,-13.837500,-0.312500,0.578125,0.460938,40.000000,-80.000000,40.000000,-40.000000,0.000000,40.000000
9,opener-big,76000,20.000,0,5,0.500,0.100,0.400,AQo,fold,0.000000,-13.839844,-0.322917,-13.839844,-0.322917,0.577799,0.459635,40.000000,-80.000000,40.000000,-40.000000,0.000000,40.000000
9,opener-big,76000,20.000,0,5,0.500,0.100,0.400,Q6o,fold,0.000000,-14.139844,-0.322917,-14.139844,-0.322917,0.536133,0.459635,40.000000,-80.000000,40.000000,-40.000000,0.000000,40.000000
9,opener-big,76000,20.000,0,5,0.500,0.100,0.400,76s,fold,0.000000,-15.271875,-0.322917,-15.271875,-0.322917,0.378906,0.459635,40.000000,-80.000000,40.000000,-40.000000,0.000000,40.000000
9,opener-big,76000,20.000,0,5,0.500,0.100,0.400,ATo,fold,0.000000,-12.971875,-0.333333,-12.971875,-0.333333,0.698351,0.458333,40.000000,-80.000000,40.000000,-40.000000,0.000000,40.000000
9,opener-big,76000,20.000,0,5,0.500,0.100,0.400,K7o,fold,0.000000,-14.193750,-0.347222,-14.193750,-0.347222,0.528646,0.456597,40.000000,-80.000000,40.000000,-40.000000,0.000000,40.000000
9,opener-big,76000,20.000,0,5,0.500,0.100,0.400,K7s,fold,0.000000,-14.041406,-0.354167,-14.041406,-0.354167,0.549805,0.455729,40.000000,-80.000000,40.000000,-40.000000,0.000000,40.000000
9,opener-big,76000,20.000,0,5,0.500,0.100,0.400,K6o,fold,0.000000,-14.355469,-0.361111,-14.355469,-0.361111,0.506185,0.454861,40.000000,-80.000000,40.000000,-40.000000,0.000000,40.000000
9,opener-big,76000,20.000,0,5,0.500,0.100,0.400,85o,fold,0.000000,-15.817969,-0.364583,-15.817969,-0.364583,0.303060,0.454427,40.000000,-80.000000,40.000000,-40.000000,0.000000,40.000000
9,opener-big,76000,20.000,0,5,0.500,0.100,0.400,T5o,fold,0.000000,-15.918750,-0.383681,-15.918750,-0.383681,0.289062,0.452040,40.000000,-80.000000,40.000000,-40.000000,0.000000,40.000000
9,opener-big,76000,20.000,0,5,0.500,0.100,0.400,A6s,fold,0.000000,-13.935937,-0.395833,-13.935937,-0.395833,0.564453,0.450521,40.000000,-80.000000,40.000000,-40.000000,0.000000,40.000000
9,opener-big,76000,20.000,0,5,0.500,0.100,0.400,Q5o,fold,0.000000,-14.360156,-0.406250,-14.360156,-0.406250,0.505534,0.449219,40.000000,-80.000000,40.000000,-40.000000,0.000000,40.000000
9,opener-big,76000,20.000,0,5,0.500,0.100,0.400,AKo,fold,0.000000,-13.872656,-0.414931,-13.872656,-0.414931,0.573242,0.448134,40.000000,-80.000000,40.000000,-40.000000,0.000000,40.000000
9,opener-big,76000,20.000,0,5,0.500,0.100,0.400,K5o,fold,0.000000,-14.477344,-0.418403,-14.477344,-0.418403,0.489258,0.447700,40.000000,-80.000000,40.000000,-40.000000,0.000000,40.000000
9,opener-big,76000,20.000,0,5,0.500,0.100,0.400,K9s,fold,0.000000,-13.256250,-0.427083,-13.256250,-0.427083,0.658854,0.446615,40.000000,-80.000000,40.000000,-40.000000,0.000000,40.000000
9,opener-big,76000,20.000,0,5,0.500,0.100,0.400,K8o,fold,0.000000,-14.198437,-0.432292,-14.198437,-0.432292,0.527995,0.445964,40.000000,-80.000000,40.000000,-40.000000,0.000000,40.000000
9,opener-big,76000,20.000,0,5,0.500,0.100,0.400,Q5s,fold,0.000000,-14.006250,-0.468750,-14.006250,-0.468750,0.554688,0.441406,40.000000,-80.000000,40.000000,-40.000000,0.000000,40.000000
9,opener-big,76000,20.000,0,5,0.500,0.100,0.400,A5o,fold,0.000000,-14.207812,-0.472222,-14.207812,-0.472222,0.526693,0.440972,40.000000,-80.000000,40.000000,-40.000000,0.000000,40.000000
9,opener-big,76000,20.000,0,5,0.500,0.100,0.400,Q7o,fold,0.000000,-14.400000,-0.482639,-14.400000,-0.482639,0.500000,0.439670,40.000000,-80.000000,40.000000,-40.000000,0.000000,40.000000
9,opener-big,76000,20.000,0,5,0.500,0.100,0.400,A6o,fold,0.000000,-14.186719,-0.512153,-14.186719,-0.512153,0.529622,0.435981,40.000000,-80.000000,40.000000,-40.000000,0.000000,40.000000
9,opener-big,76000,20.000,0,5,0.500,0.100,0.400,J6o,fold,0.000000,-14.364844,-0.527778,-14.364844,-0.527778,0.504883,0.434028,40.000000,-80.000000,40.000000,-40.000000,0.000000,40.000000
9,opener-big,76000,20.000,0,5,0.500,0.100,0.400,54s,fold,0.000000,-15.672656,-0.708333,-15.672656,-0.708333,0.323242,0.411458,40.000000,-80.000000,40.000000,-40.000000,0.000000,40.000000
9,opener-big,76000,20.000,0,5,0.500,0.100,0.400,64s,fold,0.000000,-15.932812,-0.739583,-15.932812,-0.739583,0.287109,0.407552,40.000000,-80.000000,40.000000,-40.000000,0.000000,40.000000
9,opener-big,76000,20.000,0,5,0.500,0.100,0.400,A4s,fold,0.000000,-14.111719,-0.833333,-14.111719,-0.833333,0.540039,0.395833,40.000000,-80.000000,40.000000,-40.000000,0.000000,40.000000
9,opener-big,76000,20.000,0,5,0.500,0.100,0.400,94s,fold,0.000000,-15.871875,-0.843750,-15.871875,-0.843750,0.295573,0.394531,40.000000,-80.000000,40.000000,-40.000000,0.000000,40.000000
9,opener-big,76000,20.000,0,5,0.500,0.100,0.400,Q4s,fold,0.000000,-14.048437,-0.968750,-14.048437,-0.968750,0.548828,0.378906,40.000000,-80.000000,40.000000,-40.000000,0.000000,40.000000
9,opener-big,76000,20.000,0,5,0.500,0.100,0.400,54o,fold,0.000000,-15.410156,-0.993056,-15.410156,-0.993056,0.359701,0.375868,40.000000,-80.000000,40.000000,-40.000000,0.000000,40.000000
9,opener-big,76000,20.000,0,5,0.500,0.100,0.400,A4o,fold,0.000000,-14.231250,-1.041667,-14.231250,-1.041667,0.523438,0.369792,40.000000,-80.000000,40.000000,-40.000000,0.000000,40.000000
9,opener-big,76000,20.000,0,5,0.500,0.100,0.400,64o,fold,0.000000,-15.639844,-1.107639,-15.639844,-1.107639,0.327799,0.361545,40.000000,-80.000000,40.000000,-40.000000,0.000000,40.000000
9,opener-big,76000,20.000,0,5,0.500,0.100,0.400,74s,fold,0.000000,-15.510937,-1.125000,-15.510937,-1.125000,0.345703,0.359375,40.000000,-80.000000,40.000000,-40.000000,0.000000,40.000000
9,opener-big,76000,20.000,0,5,0.500,0.100,0.400,T2s,fold,0.000000,-15.721875,-1.130208,-15.721875,-1.130208,0.316406,0.358724,40.000000,-80.000000,40.000000,-40.000000,0.000000,40.000000
9,opener-big,76000,20.000,0,5,0.500,0.100,0.400,93s,fold,0.000000,-15.825000,-1.182292,-15.825000,-1.182292,0.302083,0.352214,40.000000,-80.000000,40.000000,-40.000000,0.000000,40.000000
9,opener-big,76000,20.000,0,5,0.500,0.100,0.400,K3s,fold,0.000000,-14.210156,-1.192708,-14.210156,-1.192708,0.526367,0.350911,40.000000,-80.000000,40.000000,-40.000000,0.000000,40.000000
9,opener-big,76000,20.000,0,5,0.500,0.100,0.400,84s,fold,0.000000,-15.644531,-1.197917,-15.644531,-1.197917,0.327148,0.350260,40.000000,-80.000000,40.000000,-40.000000,0.000000,40.000000
9,opener-big,76000,20.000,0,5,0.500,0.100,0.400,Q2s,fold,0.000000,-14.132812,-1.223958,-14.132812,-1.223958,0.537109,0.347005,40.000000,-80.000000,40.000000,-40.000000,0.000000,40.000000
9,opener-big,76000,20.000,0,5,0.500,0.100,0.400,92s,fold,0.000000,-15.675000,-1.244792,-15.675000,-1.244792,0.322917,0.344401,40.000000,-80.000000,40.000000,-40.000000,0.000000,40.000000
9,opener-big,76000,20.000,0,5,0.500,0.100,0.400,63s,fold,0.000000,-15.510937,-1.250000,-15.510937,-1.250000,0.345703,0.343750,40.000000,-80.000000,40.000000,-40.000000,0.000000,40.000000
9,opener-big,76000,20.000,0,5,0.500,0.100,0.400,K4s,fold,0.000000,-14.167969,-1.291667,-14.167969,-1.291667,0.532227,0.338542,40.000000,-80.000000,40.000000,-40.000000,0.000000,40.000000
9,opener-big,76000,20.000,0,5,0.500,0.100,0.400,83s,fold,0.000000,-15.742969,-1.296875,-15.742969,-1.296875,0.313477,0.337891,40.000000,-80.000000,40.000000,-40.000000,0.000000,40.000000
9,opener-big,76000,20.000,0,5,0.500,0.100,0.400,K2s,fold,0.000000,-14.076562,-1.302083,-14.076562,-1.302083,0.544922,0.337240,40.000000,-80.000000,40.000000,-40.000000,0.000000,40.000000
9,opener-big,76000,20.000,0,5,0.500,0.100,0.400,T4s,fold,0.000000,-15.825000,-1.302083,-15.825000,-1.302083,0.302083,0.337240,40.000000,-80.000000,40.000000,-40.000000,0.000000,40.000000
9,opener-big,76000,20.000,0,5,0.500,0.100,0.400,A3s,fold,0.000000,-13.809375,-1.322917,-13.809375,-1.322917,0.582031,0.334635,40.000000,-80.000000,40.000000,-40.000000,0.000000,40.000000
9,opener-big,76000,20.000,0,5,0.500,0.100,0.400,82s,fold,0.000000,-15.735937,-1.322917,-15.735937,-1.322917,0.314453,0.334635,40.000000,-80.000000,40.000000,-40.000000,0.000000,40.000000
9,opener-big,76000,20.000,0,5,0.500,0.100,0.400,J3s,fold,0.000000,-14.336719,-1.328125,-14.336719,-1.328125,0.508789,0.333984,40.000000,-80.000000,40.000000,-40.000000,0.000000,40.000000
9,opener-big,76000,20.000,0,5,0.500,0.100,0.400,53s,fold,0.000000,-15.546094,-1.359375,-15.546094,-1.359375,0.340820,0.330078,40.000000,-80.000000,40.000000,-40.000000,0.000000,40.000000
9,opener-big,76000,20.000,0,5,0.500,0.100,0.400,J4s,fold,0.000000,-13.696875,-1.364583,-13.696875,-1.364583,0.597656,0.329427,40.000000,-80.000000,40.000000,-40.000000,0.000000,40.000000
9,opener-big,76000,20.000,0,5,0.500,0.100,0.400,T3s,fold,0.000000,-15.478125,-1.364583,-15.478125,-1.364583,0.350260,0.329427,40.000000,-80.000000,40.000000,-40.000000,0.000000,40.000000
9,opener-big,76000,20.000,0,5,0.500,0.100,0.400,A2s,fold,0.000000,-13.921875,-1.369792,-13.921875,-1.369792,0.566406,0.328776,40.000000,-80.000000,40.000000,-40.000000,0.000000,40.000000
9,opener-big,76000,20.000,0,5,0.500,0.100,0.400,J3o,fold,0.000000,-14.400000,-1.378472,-14.400000,-1.378472,0.500000,0.327691,40.000000,-80.000000,40.000000,-40.000000,0.000000,40.000000
9,opener-big,76000,20.000,0,5,0.500,0.100,0.400,94o,fold,0.000000,-16.187500,-1.406250,-16.187500,-1.406250,0.251736,0.324219,40.000000,-80.000000,40.000000,-40.000000,0.000000,40.000000
9,opener-big,76000,20.000,0,5,0.500,0.100,0.400,J4o,fold,0.000000,-14.275781,-1.416667,-14.275781,-1.416667,0.517253,0.322917,40.000000,-80.000000,40.000000,-40.000000,0.000000,40.000000
9,opener-big,76000,20.000,0,5,0.500,0.100,0.400,K4o,fold,0.000000,-14.254687,-1.427083,-14.254687,-1.427083,0.520182,0.321615,40.000000,-80.000000,40.000000,-40.000000,0.000000,40.000000
9,opener-big,76000,20.000,0,5,0.500,0.100,0.400,Q3o,fold,0.000000,-14.376562,-1.440972,-14.376562,-1.440972,0.503255,0.319878,40.000000,-80.000000,40.000000,-40.000000,0.000000,40.000000
9,opener-big,76000,20.000,0,5,0.500,0.100,0.400,J2s,fold,0.000000,-14.217187,-1.442708,-14.217187,-1.442708,0.525391,0.319661,40.000000,-80.000000,40.000000,-40.000000,0.000000,40.000000
9,opener-big,76000,20.000,0,5,0.500,0.100,0.400,52s,fold,0.000000,-15.461719,-1.442708,-15.461719,-1.442708,0.352539,0.319661,40.000000,-80.000000,40.000000,-40.000000,0.000000,40.000000
9,opener-big,76000,20.000,0,5,0.500,0.100,0.400,T3o,fold,0.000000,-16.040625,-1.454861,-16.040625,-1.454861,0.272135,0.318142,40.000000,-80.000000,40.000000,-40.000000,0.000000,40.000000
9,opener-big,76000,20.000,0,5,0.500,0.100,0.400,73s,fold,0.000000,-15.482812,-1.463542,-15.482812,-1.463542,0.349609,0.317057,40.000000,-80.000000,40.000000,-40.000000,0.000000,40.000000
9,opener-big,76000,20.000,0,5,0.500,0.100,0.400,53o,fold,0.000000,-15.576562,-1.477431,-15.576562,-1.477431,0.336589,0.315321,40.000000,-80.000000,40.000000,-40.000000,0.000000,40.000000
9,opener-big,76000,20.000,0,5,0.500,0.100,0.400,83o,fold,0.000000,-15.996094,-1.487847,-15.996094,-1.487847,0.278320,0.314019,40.000000,-80.000000,40.000000,-40.000000,0.000000,40.000000
9,opener-big,76000,20.000,0,5,0.500,0.100,0.400,52o,fold,0.000000,-15.614062,-1.491319,-15.614062,-1.491319,0.331380,0.313585,40.000000,-80.000000,40.000000,-40.000000,0.000000,40.000000
9,opener-big,76000,20.000,0,5,0.500,0.100,0.400,Q3s,fold,0.000000,-14.322656,-1.515625,-14.322656,-1.515625,0.510742,0.310547,40.000000,-80.000000,40.000000,-40.000000,0.000000,40.000000
9,opener-big,76000,20.000,0,5,0.500,0.100,0.400,63o,fold,0.000000,-15.656250,-1.515625,-15.656250,-1.515625,0.325521,0.310547,40.000000,-80.000000,40.000000,-40.000000,0.000000,40.000000
9,opener-big,76000,20.000,0,5,0.500,0.100,0.400,84o,fold,0.000000,-15.822656,-1.517361,-15.822656,-1.517361,0.302409,0.310330,40.000000,-80.000000,40.000000,-40.000000,0.000000,40.000000
9,opener-big,76000,20.000,0,5,0.500,0.100,0.400,T4o,fold,0.000000,-16.028125,-1.517361,-16.028125,-1.517361,0.273872,0.310330,40.000000,-80.000000,40.000000,-40.000000,0.000000,40.000000
9,opener-big,76000,20.000,0,5,0.500,0.100,0.400,73o,fold,0.000000,-15.836719,-1.519097,-15.836719,-1.519097,0.300456,0.310113,40.000000,-80.000000,40.000000,-40.000000,0.000000,40.000000
9,opener-big,76000,20.000,0,5,0.500,0.100,0.400,93o,fold,0.000000,-16.059375,-1.522569,-16.059375,-1.522569,0.269531,0.309679,40.000000,-80.000000,40.000000,-40.000000,0.000000,40.000000
9,opener-big,76000,20.000,0,5,0.500,0.100,0.400,T2o,fold,0.000000,-15.912500,-1.529514,-15.912500,-1.529514,0.289931,0.308811,40.000000,-80.000000,40.000000,-40.000000,0.000000,40.000000
9,opener-big,76000,20.000,0,5,0.500,0.100,0.400,92o,fold,0.000000,-16.262500,-1.532986,-16.262500,-1.532986,0.241319,0.308377,40.000000,-80.000000,40.000000,-40.000000,0.000000,40.000000
9,opener-big,76000,20.000,0,5,0.500,0.100,0.400,72s,fold,0.000000,-15.356250,-1.541667,-15.356250,-1.541667,0.367188,0.307292,40.000000,-80.000000,40.000000,-40.000000,0.000000,40.000000
9,opener-big,76000,20.000,0,5,0.500,0.100,0.400,62s,fold,0.000000,-15.651562,-1.546875,-15.651562,-1.546875,0.326172,0.306641,40.000000,-80.000000,40.000000,-40.000000,0.000000,40.000000
9,opener-big,76000,20.000,0,5,0.500,0.100,0.400,74o,fold,0.000000,-15.855469,-1.548611,-15.855469,-1.548611,0.297852,0.306424,40.000000,-80.000000,40.000000,-40.000000,0.000000,40.000000
9,opener-big,76000,20.000,0,5,0.500,0.100,0.400,Q4o,fold,0.000000,-14.397656,-1.552083,-14.397656,-1.552083,0.500326,0.305990,40.000000,-80.000000,40.000000,-40.000000,0.000000,40.000000
9,opener-big,76000,20.000,0,5,0.500,0.100,0.400,62o,fold,0.000000,-15.689062,-1.565972,-15.689062,-1.565972,0.320964,0.304253,40.000000,-80.000000,40.000000,-40.000000,0.000000,40.000000
9,opener-big,76000,20.000,0,5,0.500,0.100,0.400,A3o,fold,0.000000,-14.135156,-1.571181,-14.135156,-1.571181,0.536784,0.303602,40.000000,-80.000000,40.000000,-40.000000,0.000000,40.000000
9,opener-big,76000,20.000,0,5,0.500,0.100,0.400,J2o,fold,0.000000,-14.092969,-1.604167,-14.092969,-1.604167,0.542643,0.299479,40.000000,-80.000000,40.000000,-40.000000,0.000000,40.000000
9,opener-big,76000,20.000,0,5,0.500,0.100,0.400,82o,fold,0.000000,-15.975000,-1.631944,-15.975000,-1.631944,0.281250,0.296007,40.000000,-80.000000,40.000000,-40.000000,0.000000,40.000000
9,opener-big,76000,20.000,0,5,0.500,0.100,0.400,K3o,fold,0.000000,-14.273438,-1.633681,-14.273438,-1.633681,0.517578,0.295790,40.000000,-80.000000,40.000000,-40.000000,0.000000,40.000000
9,opener-big,76000,20.000,0,5,0.500,0.100,0.400,Q2o,fold,0.000000,-14.172656,-1.649306,-14.172656,-1.649306,0.531576,0.293837,40.000000,-80.000000,40.000000,-40.000000,0.000000,40.000000
9,opener-big,76000,20.000,0,5,0.500,0.100,0.400,A2o,fold,0.000000,-14.390625,-1.661458,-14.390625,-1.661458,0.501302,0.292318,40.000000,-80.000000,40.000000,-40.000000,0.000000,40.000000
9,opener-big,76000,20.000,0,5,0.500,0.100,0.400,K2o,fold,0.000000,-14.465625,-1.670139,-14.465625,-1.670139,0.490885,0.291233,40.000000,-80.000000,40.000000,-40.000000,0.000000,40.000000
9,opener-big,76000,20.000,0,5,0.500,0.100,0.400,72o,fold,0.000000,-15.923438,-1.680556,-15.923438,-1.680556,0.288411,0.289931,40.000000,-80.000000,40.000000,-40.000000,0.000000,40.000000
9,opener-big,76000,20.000,0,5,0.500,0.100,0.400,22,fold,0.000000,-14.657813,-2.479167,-14.657813,-2.479167,0.464193,0.190104,40.000000,-80.000000,40.000000,-40.000000,0.000000,40.000000
9,opener-big,76000,20.000,0,5,0.500,0.100,0.400,32s,fold,0.000000,-16.024219,-2.515625,-16.024219,-2.515625,0.274414,0.185547,40.000000,-80.000000,40.000000,-40.000000,0.000000,40.000000
9,opener-big,76000,20.000,0,5,0.500,0.100,0.400,33,fold,0.000000,-14.540625,-2.517361,-14.540625,-2.517361,0.480469,0.185330,40.000000,-80.000000,40.000000,-40.000000,0.000000,40.000000
9,opener-big,76000,20.000,0,5,0.500,0.100,0.400,43s,fold,0.000000,-15.440625,-2.552083,-15.440625,-2.552083,0.355469,0.180990,40.000000,-80.000000,40.000000,-40.000000,0.000000,40.000000
9,opener-big,76000,20.000,0,5,0.500,0.100,0.400,42s,fold,0.000000,-15.405469,-2.927083,-15.405469,-2.927083,0.360352,0.134115,40.000000,-80.000000,40.000000,-40.000000,0.000000,40.000000
9,opener-big,76000,20.000,0,5,0.500,0.100,0.400,32o,fold,0.000000,-15.621094,-3.052083,-15.621094,-3.052083,0.330404,0.118490,40.000000,-80.000000,40.000000,-40.000000,0.000000,40.000000
9,opener-big,76000,20.000,0,5,0.500,0.100,0.400,43o,fold,0.000000,-15.670312,-3.104167,-15.670312,-3.104167,0.323568,0.111979,40.000000,-80.000000,40.000000,-40.000000,0.000000,40.000000
9,opener-big,76000,20.000,0,5,0.500,0.100,0.400,42o,fold,0.000000,-15.665625,-3.201389,-15.665625,-3.201389,0.324219,0.099826,40.000000,-80.000000,40.000000,-40.000000,0.000000,40.000000
9,opener-big,76000,20.000,0,5,0.500,0.200,0.400,KK,jam,0.000000,-12.379687,6.520833,-12.379687,6.520833,0.780599,0.907552,40.000000,-80.000000,40.000000,-40.000000,0.000000,40.000000
9,opener-big,76000,20.000,0,5,0.500,0.200,0.400,AA,jam,0.000000,-12.328125,5.822917,-12.328125,5.822917,0.787760,0.863932,40.000000,-80.000000,40.000000,-40.000000,0.000000,40.000000
9,opener-big,76000,20.000,0,5,0.500,0.200,0.400,AQs,jam,0.000000,-13.380469,4.250000,-13.380469,4.250000,0.641602,0.765625,40.000000,-80.000000,40.000000,-40.000000,0.000000,40.000000
9,opener-big,76000,20.000,0,5,0.500,0.200,0.400,AKs,jam,0.000000,-13.415625,4.173611,-13.415625,4.173611,0.636719,0.760851,40.000000,-80.000000,40.000000,-40.000000,0.000000,40.000000
9,opener-big,76000,20.000,0,5,0.500,0.200,0.400,AKo,jam,0.000000,-13.872656,3.893519,-13.872656,3.893519,0.573242,0.743345,40.000000,-80.000000,40.000000,-40.000000,0.000000,40.000000
9,opener-big,76000,20.000,0,5,0.500,0.200,0.400,AQo,jam,0.000000,-13.839844,3.793981,-13.839844,3.793981,0.577799,0.737124,40.000000,-80.000000,40.000000,-40.000000,0.000000,40.000000
9,opener-big,76000,20.000,0,5,0.500,0.200,0.400,QQ,jam,0.000000,-12.117188,2.513889,-12.117188,2.513889,0.817057,0.657118,40.000000,-80.000000,40.000000,-40.000000,0.000000,40.000000
9,opener-big,76000,20.000,0,5,0.500,0.200,0.400,ATs,jam,0.000000,-13.087500,2.213542,-13.087500,2.213542,0.682292,0.638346,40.000000,-80.000000,40.000000,-40.000000,0.000000,40.000000
9,opener-big,76000,20.000,0,5,0.500,0.200,0.400,A4s,jam,0.000000,-14.111719,1.942708,-14.111719,1.942708,0.540039,0.621419,40.000000,-80.000000,40.000000,-40.000000,0.000000,40.000000
9,opener-big,76000,20.000,0,5,0.500,0.200,0.400,AJs,jam,0.000000,-13.387500,1.901042,-13.387500,1.901042,0.640625,0.618815,40.000000,-80.000000,40.000000,-40.000000,0.000000,40.000000
9,opener-big,76000,20.000,0,5,0.500,0.200,0.400,A7s,jam,0.000000,-14.034375,1.760417,-14.034375,1.760417,0.550781,0.610026,40.000000,-80.000000,40.000000,-40.000000,0.000000,40.000000
9,opener-big,76000,20.000,0,5,0.500,0.200,0.400,A5s,jam,0.000000,-14.090625,1.744792,-14.090625,1.744792,0.542969,0.609049,40.000000,-80.000000,40.000000,-40.000000,0.000000,40.000000
9,opener-big,76000,20.000,0,5,0.500,0.200,0.400,ATo,jam,0.000000,-12.971875,1.718750,-12.971875,1.718750,0.698351,0.607422,40.000000,-80.000000,40.000000,-40.000000,0.000000,40.000000
9,opener-big,76000,20.000,0,5,0.500,0.200,0.400,A6s,jam,0.000000,-13.935937,1.562500,-13.935937,1.562500,0.564453,0.597656,40.000000,-80.000000,40.000000,-40.000000,0.000000,40.000000
9,opener-big,76000,20.000,0,5,0.500,0.200,0.400,A9s,jam,0.000000,-13.068750,1.541667,-13.068750,1.541667,0.684896,0.596354,40.000000,-80.000000,40.000000,-40.000000,0.000000,40.000000
9,opener-big,76000,20.000,0,5,0.500,0.200,0.400,A5o,jam,0.000000,-14.207812,1.475694,-14.207812,1.475694,0.526693,0.592231,40.000000,-80.000000,40.000000,-40.000000,0.000000,40.000000
9,opener-big,76000,20.000,0,5,0.500,0.200,0.400,AJo,jam,0.000000,-13.631250,1.468750,-13.631250,1.468750,0.606771,0.591797,40.000000,-80.000000,40.000000,-40.000000,0.000000,40.000000
9,opener-big,76000,20.000,0,5,0.500,0.200,0.400,A3s,jam,0.000000,-13.809375,1.468750,-13.809375,1.468750,0.582031,0.591797,40.000000,-80.000000,40.000000,-40.000000,0.000000,40.000000
9,opener-big,76000,20.000,0,5,0.500,0.200,0.400,A8s,jam,0.000000,-13.788281,1.447917,-13.788281,1.447917,0.584961,0.590495,40.000000,-80.000000,40.000000,-40.000000,0.000000,40.000000
9,opener-big,76000,20.000,0,5,0.500,0.200,0.400,A3o,jam,0.000000,-14.135156,1.366319,-14.135156,1.366319,0.536784,0.585395,40.000000,-80.000000,40.000000,-40.000000,0.000000,40.000000
9,opener-big,76000,20.000,0,5,0.500,0.200,0.400,A2o,jam,0.000000,-14.390625,1.364583,-14.390625,1.364583,0.501302,0.585286,40.000000,-80.000000,40.000000,-40.000000,0.000000,40.000000
9,opener-big,76000,20.000,0,5,0.500,0.200,0.400,A9o,jam,0.000000,-13.259375,1.328125,-13.259375,1.328125,0.658420,0.583008,40.000000,-80.000000,40.000000,-40.000000,0.000000,40.000000
9,opener-big,76000,20.000,0,5,0.500,0.200,0.400,A7o,jam,0.000000,-14.299219,1.303819,-14.299219,1.303819,0.513997,0.581489,40.000000,-80.000000,40.000000,-40.000000,0.000000,40.000000
9,opener-big,76000,20.000,0,5,0.500,0.200,0.400,A2s,jam,0.000000,-13.921875,1.296875,-13.921875,1.296875,0.566406,0.581055,40.000000,-80.000000,40.000000,-40.000000,0.000000,40.000000
9,opener-big,76000,20.000,0,5,0.500,0.200,0.400,A8o,jam,0.000000,-14.062500,1.289931,-14.062500,1.289931,0.546875,0.580621,40.000000,-80.000000,40.000000,-40.000000,0.000000,40.000000
9,opener-big,76000,20.000,0,5,0.500,0.200,0.400,A6o,jam,0.000000,-14.186719,1.241319,-14.186719,1.241319,0.529622,0.577582,40.000000,-80.000000,40.000000,-40.000000,0.000000,40.000000
9,opener-big,76000,20.000,0,5,0.500,0.200,0.400,A4o,jam,0.000000,-14.231250,1.206597,-14.231250,1.206597,0.523438,0.575412,40.000000,-80.000000,40.000000,-40.000000,0.000000,40.000000
9,opener-big,76000,20.000,0,5,0.500,0.200,0.400,99,jam,0.000000,-13.528125,1.100694,-13.528125,1.100694,0.621094,0.568793,40.000000,-80.000000,40.000000,-40.000000,0.000000,40.000000
9,opener-big,76000,20.000,0,5,0.500,0.200,0.400,TT,jam,0.000000,-12.121875,0.951389,-12.121875,0.951389,0.816406,0.559462,40.000000,-80.000000,40.000000,-40.000000,0.000000,40.000000
9,opener-big,76000,20.000,0,5,0.500,0.200,0.400,JJ,jam,0.000000,-12.051562,0.923611,-12.051562,0.923611,0.826172,0.557726,40.000000,-80.000000,40.000000,-40.000000,0.000000,40.000000
9,opener-big,76000,20.000,0,5,0.500,0.200,0.400,77,jam,0.000000,-14.676562,0.631944,-14.676562,0.631944,0.461589,0.539497,40.000000,-80.000000,40.000000,-40.000000,0.000000,40.000000
9,opener-big,76000,20.000,0,5,0.500,0.200,0.400,55,jam,0.000000,-14.479687,0.625000,-14.479687,0.625000,0.488932,0.539062,40.000000,-80.000000,40.000000,-40.000000,0.000000,40.000000
9,opener-big,76000,20.000,0,5,0.500,0.200,0.400,66,jam,0.000000,-14.414062,0.590278,-14.414062,0.590278,0.498047,0.536892,40.000000,-80.000000,40.000000,-40.000000,0.000000,40.000000
9,opener-big,76000,20.000,0,5,0.500,0.200,0.400,88,jam,0.000000,-14.278125,0.565972,-14.278125,0.565972,0.516927,0.535373,40.000000,-80.000000,40.000000,-40.000000,0.000000,40.000000
9,opener-big,76000,20.000,0,5,0.500,0.200,0.400,KQs,jam,0.000000,-13.267969,0.489583,-13.267969,0.489583,0.657227,0.530599,40.000000,-80.000000,40.000000,-40.000000,0.000000,40.000000
9,opener-big,76000,20.000,0,5,0.500,0.200,0.400,44,jam,0.000000,-14.840625,0.423611,-14.840625,0.423611,0.438802,0.526476,40.000000,-80.000000,40.000000,-40.000000,0.000000,40.000000
9,opener-big,76000,20.000,0,5,0.500,0.200,0.400,33,jam,0.000000,-14.540625,0.298611,-14.540625,0.298611,0.480469,0.518663,40.000000,-80.000000,40.000000,-40.000000,0.000000,40.000000
9,opener-big,76000,20.000,0,5,0.500,0.200,0.400,22,jam,0.000000,-14.657813,0.208333,-14.657813,0.208333,0.464193,0.513021,40.000000,-80.000000,40.000000,-40.000000,0.000000,40.000000
9,opener-big,76000,20.000,0,5,0.500,0.200,0.400,KQo,jam,0.000000,-13.682812,0.000000,-13.682812,0.000000,0.599609,0.500000,40.000000,-80.000000,40.000000,-40.000000,0.000000,40.000000
9,opener-big,76000,20.000,0,5,0.500,0.200,0.400,65s,fold,0.000000,-15.525000,-1.385417,-15.525000,-1.385417,0.343750,0.413411,40.000000,-80.000000,40.000000,-40.000000,0.000000,40.000000
9,opener-big,76000,20.000,0,5,0.500,0.200,0.400,76s,fold,0.000000,-15.271875,-1.401042,-15.271875,-1.401042,0.378906,0.412435,40.000000,-80.000000,40.000000,-40.000000,0.000000,40.000000
9,opener-big,76000,20.000,0,5,0.500,0.200,0.400,97s,fold,0.000000,-15.862500,-1.401042,-15.862500,-1.401042,0.296875,0.412435,40.000000,-80.000000,40.000000,-40.000000,0.000000,40.000000
9,opener-big,76000,20.000,0,5,0.500,0.200,0.400,64s,fold,0.000000,-15.932812,-1.432292,-15.932812,-1.432292,0.287109,0.410482,40.000000,-80.000000,40.000000,-40.000000,0.000000,40.000000
9,opener-big,76000,20.000,0,5,0.500,0.200,0.400,98s,fold,0.000000,-15.928125,-1.484375,-15.928125,-1.484375,0.287760,0.407227,40.000000,-80.000000,40.000000,-40.000000,0.000000,40.000000
9,opener-big,76000,20.000,0,5,0.500,0.200,0.400,86s,fold,0.000000,-15.482812,-1.552083,-15.482812,-1.552083,0.349609,0.402995,40.000000,-80.000000,40.000000,-40.000000,0.000000,40.000000
9,opener-big,76000,20.000,0,5,0.500,0.200,0.400,54s,fold,0.000000,-15.672656,-1.578125,-15.672656,-1.578125,0.323242,0.401367,40.000000,-80.000000,40.000000,-40.000000,0.000000,40.000000
9,opener-big,76000,20.000,0,5,0.500,0.200,0.400,87s,fold,0.000000,-15.574219,-1.588542,-15.574219,-1.588542,0.336914,0.400716,40.000000,-80.000000,40.000000,-40.000000,0.000000,40.000000
9,opener-big,76000,20.000,0,5,0.500,0.200,0.400,T9s,fold,0.000000,-14.400000,-1.593750,-14.400000,-1.593750,0.500000,0.400391,40.000000,-80.000000,40.000000,-40.000000,0.000000,40.000000
9,opener-big,76000,20.000,0,5,0.500,0.200,0.400,JTs,fold,0.000000,-12.937500,-1.630208,-12.937500,-1.630208,0.703125,0.398112,40.000000,-80.000000,40.000000,-40.000000,0.000000,40.000000
9,opener-big,76000,20.000,0,5,0.500,0.200,0.400,63s,fold,0.000000,-15.510937,-1.666667,-15.510937,-1.666667,0.345703,0.395833,40.000000,-80.000000,40.000000,-40.000000,0.000000,40.000000
9,opener-big,76000,20.000,0,5,0.500,0.200,0.400,53s,fold,0.000000,-15.546094,-1.677083,-15.546094,-1.677083,0.340820,0.395182,40.000000,-80.000000,40.000000,-40.000000,0.000000,40.000000
9,opener-big,76000,20.000,0,5,0.500,0.200,0.400,43s,fold,0.000000,-15.440625,-1.692708,-15.440625,-1.692708,0.355469,0.394206,40.000000,-80.000000,40.000000,-40.000000,0.000000,40.000000
9,opener-big,76000,20.000,0,5,0.500,0.200,0.400,73s,fold,0.000000,-15.482812,-1.796875,-15.482812,-1.796875,0.349609,0.387695,40.000000,-80.000000,40.000000,-40.000000,0.000000,40.000000
9,opener-big,76000,20.000,0,5,0.500,0.200,0.400,83s,fold,0.000000,-15.742969,-1.838542,-15.742969,-1.838542,0.313477,0.385091,40.000000,-80.000000,40.000000,-40.000000,0.000000,40.000000
9,opener-big,76000,20.000,0,5,0.500,0.200,0.400,75s,fold,0.000000,-15.398438,-1.843750,-15.398438,-1.843750,0.361328,0.384766,40.000000,-80.000000,40.000000,-40.000000,0.000000,40.000000
9,opener-big,76000,20.000,0,5,0.500,0.200,0.400,84s,fold,0.000000,-15.644531,-1.869792,-15.644531,-1.869792,0.327148,0.383138,40.000000,-80.000000,40.000000,-40.000000,0.000000,40.000000
9,opener-big,76000,20.000,0,5,0.500,0.200,0.400,85s,fold,0.000000,-15.496875,-1.927083,-15.496875,-1.927083,0.347656,0.379557,40.000000,-80.000000,40.000000,-40.000000,0.000000,40.000000
9,opener-big,76000,20.000,0,5,0.500,0.200,0.400,32s,fold,0.000000,-16.024219,-1.927083,-16.024219,-1.927083,0.274414,0.379557,40.000000,-80.000000,40.000000,-40.000000,0.000000,40.000000
9,opener-big,76000,20.000,0,5,0.500,0.200,0.400,54o,fold,0.000000,-15.410156,-1.939236,-15.410156,-1.939236,0.359701,0.378798,40.000000,-80.000000,40.000000,-40.000000,0.000000,40.000000
9,opener-big,76000,20.000,0,5,0.500,0.200,0.400,J9s,fold,0.000000,-12.628125,-1.953125,-12.628125,-1.953125,0.746094,0.377930,40.000000,-80.000000,40.000000,-40.000000,0.000000,40.000000
9,opener-big,76000,20.000,0,5,0.500,0.200,0.400,T8s,fold,0.000000,-15.515625,-1.968750,-15.515625,-1.968750,0.345052,0.376953,40.000000,-80.000000,40.000000,-40.000000,0.000000,40.000000
9,opener-big,76000,20.000,0,5,0.500,0.200,0.400,T5s,fold,0.000000,-15.796875,-1.979167,-15.796875,-1.979167,0.305990,0.376302,40.000000,-80.000000,40.000000,-40.000000,0.000000,40.000000
9,opener-big,76000,20.000,0,5,0.500,0.200,0.400,76o,fold,0.000000,-15.414844,-2.000000,-15.414844,-2.000000,0.359049,0.375000,40.000000,-80.000000,40.000000,-40.000000,0.000000,40.000000
9,opener-big,76000,20.000,0,5,0.500,0.200,0.400,42s,fold,0.000000,-15.405469,-2.005208,-15.405469,-2.005208,0.360352,0.374674,40.000000,-80.000000,40.000000,-40.000000,0.000000,40.000000
9,opener-big,76000,20.000,0,5,0.500,0.200,0.400,52s,fold,0.000000,-15.461719,-2.005208,-15.461719,-2.005208,0.352539,0.374674,40.000000,-80.000000,40.000000,-40.000000,0.000000,40.000000
9,opener-big,76000,20.000,0,5,0.500,0.200,0.400,74s,fold,0.000000,-15.510937,-2.026042,-15.510937,-2.026042,0.345703,0.373372,40.000000,-80.000000,40.000000,-40.000000,0.000000,40.000000
9,opener-big,76000,20.000,0,5,0.500,0.200,0.400,92s,fold,0.000000,-15.675000,-2.088542,-15.675000,-2.088542,0.322917,0.369466,40.000000,-80.000000,40.000000,-40.000000,0.000000,40.000000
9,opener-big,76000,20.000,0,5,0.500,0.200,0.400,T6s,fold,0.000000,-15.675000,-2.104167,-15.675000,-2.104167,0.322917,0.368490,40.000000,-80.000000,40.000000,-40.000000,0.000000,40.000000
9,opener-big,76000,20.000,0,5,0.500,0.200,0.400,93s,fold,0.000000,-15.825000,-2.104167,-15.825000,-2.104167,0.302083,0.368490,40.000000,-80.000000,40.000000,-40.000000,0.000000,40.000000
9,opener-big,76000,20.000,0,5,0.500,0.200,0.400,J4s,fold,0.000000,-13.696875,-2.140625,-13.696875,-2.140625,0.597656,0.366211,40.000000,-80.000000,40.000000,-40.000000,0.000000,40.000000
9,opener-big,76000,20.000,0,5,0.500,0.200,0.400,95s,fold,0.000000,-15.909375,-2.145833,-15.909375,-2.145833,0.290365,0.365885,40.000000,-80.000000,40.000000,-40.000000,0.000000,40.000000
9,opener-big,76000,20.000,0,5,0.500,0.200,0.400,65o,fold,0.000000,-15.581250,-2.151042,-15.581250,-2.151042,0.335938,0.365560,40.000000,-80.000000,40.000000,-40.000000,0.000000,40.000000
9,opener-big,76000,20.000,0,5,0.500,0.200,0.400,T3s,fold,0.000000,-15.478125,-2.156250,-15.478125,-2.156250,0.350260,0.365234,40.000000,-80.000000,40.000000,-40.000000,0.000000,40.000000
9,opener-big,76000,20.000,0,5,0.500,0.200,0.400,64o,fold,0.000000,-15.639844,-2.178819,-15.639844,-2.178819,0.327799,0.363824,40.000000,-80.000000,40.000000,-40.000000,0.000000,40.000000
9,opener-big,76000,20.000,0,5,0.500,0.200,0.400,96s,fold,0.000000,-15.693750,-2.203125,-15.693750,-2.203125,0.320312,0.362305,40.000000,-80.000000,40.000000,-40.000000,0.000000,40.000000
9,opener-big,76000,20.000,0,5,0.500,0.200,0.400,JTo,fold,0.000000,-13.009375,-2.213542,-13.009375,-2.213542,0.693142,0.361654,40.000000,-80.000000,40.000000,-40.000000,0.000000,40.000000
9,opener-big,76000,20.000,0,5,0.500,0.200,0.400,94s,fold,0.000000,-15.871875,-2.229167,-15.871875,-2.229167,0.295573,0.360677,40.000000,-80.000000,40.000000,-40.000000,0.000000,40.000000
9,opener-big,76000,20.000,0,5,0.500,0.200,0.400,62s,fold,0.000000,-15.651562,-2.239583,-15.651562,-2.239583,0.326172,0.360026,40.000000,-80.000000,40.000000,-40.000000,0.000000,40.000000
9,opener-big,76000,20.000,0,5,0.500,0.200,0.400,J2s,fold,0.000000,-14.217187,-2.244792,-14.217187,-2.244792,0.525391,0.359701,40.000000,-80.000000,40.000000,-40.000000,0.000000,40.000000
9,opener-big,76000,20.000,0,5,0.500,0.200,0.400,72s,fold,0.000000,-15.356250,-2.265625,-15.356250,-2.265625,0.367188,0.358398,40.000000,-80.000000,40.000000,-40.000000,0.000000,40.000000
9,opener-big,76000,20.000,0,5,0.500,0.200,0.400,98o,fold,0.000000,-16.118750,-2.277778,-16.118750,-2.277778,0.261285,0.357639,40.000000,-80.000000,40.000000,-40.000000,0.000000,40.000000
9,opener-big,76000,20.000,0,5,0.500,0.200,0.400,J3s,fold,0.000000,-14.336719,-2.281250,-14.336719,-2.281250,0.508789,0.357422,40.000000,-80.000000,40.000000,-40.000000,0.000000,40.000000
9,opener-big,76000,20.000,0,5,0.500,0.200,0.400,53o,fold,0.000000,-15.576562,-2.286458,-15.576562,-2.286458,0.336589,0.357096,40.000000,-80.000000,40.000000,-40.000000,0.000000,40.000000
9,opener-big,76000,20.000,0,5,0.500,0.200,0.400,T9o,fold,0.000000,-14.564062,-2.296875,-14.564062,-2.296875,0.477214,0.356445,40.000000,-80.000000,40.000000,-40.000000,0.000000,40.000000
9,opener-big,76000,20.000,0,5,0.500,0.200,0.400,75o,fold,0.000000,-15.696094,-2.307292,-15.696094,-2.307292,0.319987,0.355794,40.000000,-80.000000,40.000000,-40.000000,0.000000,40.000000
9,opener-big,76000,20.000,0,5,0.500,0.200,0.400,43o,fold,0.000000,-15.670312,-2.312500,-15.670312,-2.312500,0.323568,0.355469,40.000000,-80.000000,40.000000,-40.000000,0.000000,40.000000
9,opener-big,76000,20.000,0,5,0.500,0.200,0.400,T8o,fold,0.000000,-15.925000,-2.321181,-15.925000,-2.321181,0.288194,0.354926,40.000000,-80.000000,40.000000,-40.000000,0.000000,40.000000
9,opener-big,76000,20.000,0,5,0.500,0.200,0.400,96o,fold,0.000000,-16.140625,-2.331597,-16.140625,-2.331597,0.258247,0.354275,40.000000,-80.000000,40.000000,-40.000000,0.000000,40.000000
9,opener-big,76000,20.000,0,5,0.500,0.200,0.400,J8s,fold,0.000000,-13.760156,-2.333333,-13.760156,-2.333333,0.588867,0.354167,40.000000,-80.000000,40.000000,-40.000000,0.000000,40.000000
9,opener-big,76000,20.000,0,5,0.500,0.200,0.400,J5s,fold,0.000000,-14.041406,-2.338542,-14.041406,-2.338542,0.549805,0.353841,40.000000,-80.000000,40.000000,-40.000000,0.000000,40.000000
9,opener-big,76000,20.000,0,5,0.500,0.200,0.400,87o,fold,0.000000,-15.496875,-2.348958,-15.496875,-2.348958,0.347656,0.353190,40.000000,-80.000000,40.000000,-40.000000,0.000000,40.000000
9,opener-big,76000,20.000,0,5,0.500,0.200,0.400,97o,fold,0.000000,-16.143750,-2.366319,-16.143750,-2.366319,0.257812,0.352105,40.000000,-80.000000,40.000000,-40.000000,0.000000,40.000000
9,opener-big,76000,20.000,0,5,0.500,0.200,0.400,J6s,fold,0.000000,-13.717969,-2.369792,-13.717969,-2.369792,0.594727,0.351888,40.000000,-80.000000,40.000000,-40.000000,0.000000,40.000000
9,opener-big,76000,20.000,0,5,0.500,0.200,0.400,T4s,fold,0.000000,-15.825000,-2.369792,-15.825000,-2.369792,0.302083,0.351888,40.000000,-80.000000,40.000000,-40.000000,0.000000,40.000000
9,opener-big,76000,20.000,0,5,0.500,0.200,0.400,63o,fold,0.000000,-15.656250,-2.406250,-15.656250,-2.406250,0.325521,0.349609,40.000000,-80.000000,40.000000,-40.000000,0.000000,40.000000
9,opener-big,76000,20.000,0,5,0.500,0.200,0.400,T7s,fold,0.000000,-15.759375,-2.416667,-15.759375,-2.416667,0.311198,0.348958,40.000000,-80.000000,40.000000,-40.000000,0.000000,40.000000
9,opener-big,76000,20.000,0,5,0.500,0.200,0.400,73o,fold,0.000000,-15.836719,-2.458333,-15.836719,-2.458333,0.300456,0.346354,40.000000,-80.000000,40.000000,-40.000000,0.000000,40.000000
9,opener-big,76000,20.000,0,5,0.500,0.200,0.400,J7s,fold,0.000000,-13.907812,-2.468750,-13.907812,-2.468750,0.568359,0.345703,40.000000,-80.000000,40.000000,-40.000000,0.000000,40.000000
9,opener-big,76000,20.000,0,5,0.500,0.200,0.400,85o,fold,0.000000,-15.817969,-2.486111,-15.817969,-2.486111,0.303060,0.344618,40.000000,-80.000000,40.000000,-40.000000,0.000000,40.000000
9,opener-big,76000,20.000,0,5,0.500,0.200,0.400,42o,fold,0.000000,-15.665625,-2.501736,-15.665625,-2.501736,0.324219,0.343641,40.000000,-80.000000,40.000000,-40.000000,0.000000,40.000000
9,opener-big,76000,20.000,0,5,0.500,0.200,0.400,84o,fold,0.000000,-15.822656,-2.529514,-15.822656,-2.529514,0.302409,0.341905,40.000000,-80.000000,40.000000,-40.000000,0.000000,40.000000
9,opener-big,76000,20.000,0,5,0.500,0.200,0.400,74o,fold,0.000000,-15.855469,-2.553819,-15.855469,-2.553819,0.297852,0.340386,40.000000,-80.000000,40.000000,-40.000000,0.000000,40.000000
9,opener-big,76000,20.000,0,5,0.500,0.200,0.400,86o,fold,0.000000,-15.717187,-2.555556,-15.717187,-2.555556,0.317057,0.340278,40.000000,-80.000000,40.000000,-40.000000,0.000000,40.000000
9,opener-big,76000,20.000,0,5,0.500,0.200,0.400,J9o,fold,0.000000,-13.175000,-2.574653,-13.175000,-2.574653,0.670139,0.339084,40.000000,-80.000000,40.000000,-40.000000,0.000000,40.000000
9,opener-big,76000,20.000,0,5,0.500,0.200,0.400,95o,fold,0.000000,-16.365625,-2.586806,-16.365625,-2.586806,0.226997,0.338325,40.000000,-80.000000,40.000000,-40.000000,0.000000,40.000000
9,opener-big,76000,20.000,0,5,0.500,0.200,0.400,62o,fold,0.000000,-15.689062,-2.671875,-15.689062,-2.671875,0.320964,0.333008,40.000000,-80.000000,40.000000,-40.000000,0.000000,40.000000
9,opener-big,76000,20.000,0,5,0.500,0.200,0.400,32o,fold,0.000000,-15.621094,-2.696181,-15.621094,-2.696181,0.330404,0.331489,40.000000,-80.000000,40.000000,-40.000000,0.000000,40.000000
9,opener-big,76000,20.000,0,5,0.500,0.200,0.400,82s,fold,0.000000,-15.735937,-2.703125,-15.735937,-2.703125,0.314453,0.331055,40.000000,-80.000000,40.000000,-40.000000,0.000000,40.000000
9,opener-big,76000,20.000,0,5,0.500,0.200,0.400,72o,fold,0.000000,-15.923438,-2.704861,-15.923438,-2.704861,0.288411,0.330946,40.000000,-80.000000,40.000000,-40.000000,0.000000,40.000000
9,opener-big,76000,20.000,0,5,0.500,0.200,0.400,J8o,fold,0.000000,-14.062500,-2.706597,-14.062500,-2.706597,0.546875,0.330838,40.000000,-80.000000,40.000000,-40.000000,0.000000,40.000000
9,opener-big,76000,20.000,0,5,0.500,0.200,0.400,T7o,fold,0.000000,-15.956250,-2.713542,-15.956250,-2.713542,0.283854,0.330404,40.000000,-80.000000,40.000000,-40.000000,0.000000,40.000000
9,opener-big,76000,20.000,0,5,0.500,0.200,0.400,52o,fold,0.000000,-15.614062,-2.718750,-15.614062,-2.718750,0.331380,0.330078,40.000000,-80.000000,40.000000,-40.000000,0.000000,40.000000
9,opener-big,76000,20.000,0,5,0.500,0.200,0.400,T5o,fold,0.000000,-15.918750,-2.743056,-15.918750,-2.743056,0.289062,0.328559,40.000000,-80.000000,40.000000,-40.000000,0.000000,40.000000
9,opener-big,76000,20.000,0,5,0.500,0.200,0.400,K4s,fold,0.000000,-14.167969,-2.770833,-14.167969,-2.770833,0.532227,0.326823,40.000000,-80.000000,40.000000,-40.000000,0.000000,40.000000
9,opener-big,76000,20.000,0,5,0.500,0.200,0.400,T6o,fold,0.000000,-15.912500,-2.781250,-15.912500,-2.781250,0.289931,0.326172,40.000000,-80.000000,40.000000,-40.000000,0.000000,40.000000
9,opener-big,76000,20.000,0,5,0.500,0.200,0.400,J7o,fold,0.000000,-14.266406,-2.819444,-14.266406,-2.819444,0.518555,0.323785,40.000000,-80.000000,40.000000,-40.000000,0.000000,40.000000
9,opener-big,76000,20.000,0,5,0.500,0.200,0.400,J5o,fold,0.000000,-14.203125,-2.840278,-14.203125,-2.840278,0.527344,0.322483,40.000000,-80.000000,40.000000,-40.000000,0.000000,40.000000
9,opener-big,76000,20.000,0,5,0.500,0.200,0.400,92o,fold,0.000000,-16.262500,-2.873264,-16.262500,-2.873264,0.241319,0.320421,40.000000,-80.000000,40.000000,-40.000000,0.000000,40.000000
9,opener-big,76000,20.000,0,5,0.500,0.200,0.400,QTs,fold,0.000000,-12.984375,-2.875000,-12.984375,-2.875000,0.696615,0.320312,40.000000,-80.000000,40.000000,-40.000000,0.000000,40.000000
9,opener-big,76000,20.000,0,5,0.500,0.200,0.400,94o,fold,0.000000,-16.187500,-2.881944,-16.187500,-2.881944,0.251736,0.319878,40.000000,-80.000000,40.000000,-40.000000,0.000000,40.000000
9,opener-big,76000,20.000,0,5,0.500,0.200,0.400,T3o,fold,0.000000,-16.040625,-2.887153,-16.040625,-2.887153,0.272135,0.319553,40.000000,-80.000000,40.000000,-40.000000,0.000000,40.000000
9,opener-big,76000,20.000,0,5,0.500,0.200,0.400,T2s,fold,0.000000,-15.721875,-2.921875,-15.721875,-2.921875,0.316406,0.317383,40.000000,-80.000000,40.000000,-40.000000,0.000000,40.000000
9,opener-big,76000,20.000,0,5,0.500,0.200,0.400,T4o,fold,0.000000,-16.028125,-2.927083,-16.028125,-2.927083,0.273872,0.317057,40.000000,-80.000000,40.000000,-40.000000,0.000000,40.000000
9,opener-big,76000,20.000,0,5,0.500,0.200,0.400,Q6s,fold,0.000000,-13.978125,-2.958333,-13.978125,-2.958333,0.558594,0.315104,40.000000,-80.000000,40.000000,-40.000000,0.000000,40.000000
9,opener-big,76000,20.000,0,5,0.500,0.200,0.400,82o,fold,0.000000,-15.975000,-2.960069,-15.975000,-2.960069,0.281250,0.314996,40.000000,-80.000000,40.000000,-40.000000,0.000000,40.000000
9,opener-big,76000,20.000,0,5,0.500,0.200,0.400,Q4s,fold,0.000000,-14.048437,-2.979167,-14.048437,-2.979167,0.548828,0.313802,40.000000,-80.000000,40.000000,-40.000000,0.000000,40.000000
9,opener-big,76000,20.000,0,5,0.500,0.200,0.400,KTs,fold,0.000000,-13.162500,-2.986111,-13.162500,-2.986111,0.671875,0.313368,40.000000,-80.000000,40.000000,-40.000000,0.000000,40.000000
9,opener-big,76000,20.000,0,5,0.500,0.200,0.400,Q5s,fold,0.000000,-14.006250,-3.006944,-14.006250,-3.006944,0.554688,0.312066,40.000000,-80.000000,40.000000,-40.000000,0.000000,40.000000
9,opener-big,76000,20.000,0,5,0.500,0.200,0.400,J3o,fold,0.000000,-14.400000,-3.019097,-14.400000,-3.019097,0.500000,0.311306,40.000000,-80.000000,40.000000,-40.000000,0.000000,40.000000
9,opener-big,76000,20.000,0,5,0.500,0.200,0.400,93o,fold,0.000000,-16.059375,-3.031250,-16.059375,-3.031250,0.269531,0.310547,40.000000,-80.000000,40.000000,-40.000000,0.000000,40.000000
9,opener-big,76000,20.000,0,5,0.500,0.200,0.400,83o,fold,0.000000,-15.996094,-3.053819,-15.996094,-3.053819,0.278320,0.309136,40.000000,-80.000000,40.000000,-40.000000,0.000000,40.000000
9,opener-big,76000,20.000,0,5,0.500,0.200,0.400,K6s,fold,0.000000,-14.013281,-3.055556,-14.013281,-3.055556,0.553711,0.309028,40.000000,-80.000000,40.000000,-40.000000,0.000000,40.000000
9,opener-big,76000,20.000,0,5,0.500,0.200,0.400,K8s,fold,0.000000,-14.104687,-3.076389,-14.104687,-3.076389,0.541016,0.307726,40.000000,-80.000000,40.000000,-40.000000,0.000000,40.000000
9,opener-big,76000,20.000,0,5,0.500,0.200,0.400,J6o,fold,0.000000,-14.364844,-3.076389,-14.364844,-3.076389,0.504883,0.307726,40.000000,-80.000000,40.000000,-40.000000,0.000000,40.000000
9,opener-big,76000,20.000,0,5,0.500,0.200,0.400,T2o,fold,0.000000,-15.912500,-3.093750,-15.912500,-3.093750,0.289931,0.306641,40.000000,-80.000000,40.000000,-40.000000,0.000000,40.000000
9,opener-big,76000,20.000,0,5,0.500,0.200,0.400,J2o,fold,0.000000,-14.092969,-3.097222,-14.092969,-3.097222,0.542643,0.306424,40.000000,-80.000000,40.000000,-40.000000,0.000000,40.000000
9,opener-big,76000,20.000,0,5,0.500,0.200,0.400,J4o,fold,0.000000,-14.275781,-3.105903,-14.275781,-3.105903,0.517253,0.305881,40.000000,-80.000000,40.000000,-40.000000,0.000000,40.000000
9,opener-big,76000,20.000,0,5,0.500,0.200,0.400,K9s,fold,0.000000,-13.256250,-3.138889,-13.256250,-3.138889,0.658854,0.303819,40.000000,-80.000000,40.000000,-40.000000,0.000000,40.000000
9,opener-big,76000,20.000,0,5,0.500,0.200,0.400,KJs,fold,0.000000,-13.324219,-3.145833,-13.324219,-3.145833,0.649414,0.303385,40.000000,-80.000000,40.000000,-40.000000,0.000000,40.000000
9,opener-big,76000,20.000,0,5,0.500,0.200,0.400,Q2s,fold,0.000000,-14.132812,-3.250000,-14.132812,-3.250000,0.537109,0.296875,40.000000,-80.000000,40.000000,-40.000000,0.000000,40.000000
9,opener-big,76000,20.000,0,5,0.500,0.200,0.400,K7s,fold,0.000000,-14.041406,-3.284722,-14.041406,-3.284722,0.549805,0.294705,40.000000,-80.000000,40.000000,-40.000000,0.000000,40.000000
9,opener-big,76000,20.000,0,5,0.500,0.200,0.400,K2s,fold,0.000000,-14.076562,-3.284722,-14.076562,-3.284722,0.544922,0.294705,40.000000,-80.000000,40.000000,-40.000000,0.000000,40.000000
9,opener-big,76000,20.000,0,5,0.500,0.200,0.400,K5s,fold,0.000000,-13.837500,-3.319444,-13.837500,-3.319444,0.578125,0.292535,40.000000,-80.000000,40.000000,-40.000000,0.000000,40.000000
9,opener-big,76000,20.000,0,5,0.500,0.200,0.400,QJs,fold,0.000000,-13.275000,-3.326389,-13.275000,-3.326389,0.656250,0.292101,40.000000,-80.000000,40.000000,-40.000000,0.000000,40.000000
9,opener-big,76000,20.000,0,5,0.500,0.200,0.400,Q7s,fold,0.000000,-13.844531,-3.395833,-13.844531,-3.395833,0.577148,0.287760,40.000000,-80.000000,40.000000,-40.000000,0.000000,40.000000
9,opener-big,76000,20.000,0,5,0.500,0.200,0.400,Q3s,fold,0.000000,-14.322656,-3.437500,-14.322656,-3.437500,0.510742,0.285156,40.000000,-80.000000,40.000000,-40.000000,0.000000,40.000000
9,opener-big,76000,20.000,0,5,0.500,0.200,0.400,K3s,fold,0.000000,-14.210156,-3.444444,-14.210156,-3.444444,0.526367,0.284722,40.000000,-80.000000,40.000000,-40.000000,0.000000,40.000000
9,opener-big,76000,20.000,0,5,0.500,0.200,0.400,Q8s,fold,0.000000,-13.760156,-3.562500,-13.760156,-3.562500,0.588867,0.277344,40.000000,-80.000000,40.000000,-40.000000,0.000000,40.000000
9,opener-big,76000,20.000,0,5,0.500,0.200,0.400,KTo,fold,0.000000,-13.078125,-3.673611,-13.078125,-3.673611,0.683594,0.270399,40.000000,-80.000000,40.000000,-40.000000,0.000000,40.000000
9,opener-big,76000,20.000,0,5,0.500,0.200,0.400,K9o,fold,0.000000,-13.175000,-3.722222,-13.175000,-3.722222,0.670139,0.267361,40.000000,-80.000000,40.000000,-40.000000,0.000000,40.000000
9,opener-big,76000,20.000,0,5,0.500,0.200,0.400,Q9s,fold,0.000000,-13.218750,-3.736111,-13.218750,-3.736111,0.664062,0.266493,40.000000,-80.000000,40.000000,-40.000000,0.000000,40.000000
9,opener-big,76000,20.000,0,5,0.500,0.200,0.400,K8o,fold,0.000000,-14.198437,-3.736111,-14.198437,-3.736111,0.527995,0.266493,40.000000,-80.000000,40.000000,-40.000000,0.000000,40.000000
9,opener-big,76000,20.000,0,5,0.500,0.200,0.400,QTo,fold,0.000000,-13.193750,-3.750000,-13.193750,-3.750000,0.667535,0.265625,40.000000,-80.000000,40.000000,-40.000000,0.000000,40.000000
9,opener-big,76000,20.000,0,5,0.500,0.200,0.400,K4o,fold,0.000000,-14.254687,-3.766204,-14.254687,-3.766204,0.520182,0.264612,40.000000,-80.000000,40.000000,-40.000000,0.000000,40.000000
9,opener-big,76000,20.000,0,5,0.500,0.200,0.400,K5o,fold,0.000000,-14.477344,-3.793981,-14.477344,-3.793981,0.489258,0.262876,40.000000,-80.000000,40.000000,-40.000000,0.000000,40.000000
9,opener-big,76000,20.000,0,5,0.500,0.200,0.400,K6o,fold,0.000000,-14.355469,-3.810185,-14.355469,-3.810185,0.506185,0.261863,40.000000,-80.000000,40.000000,-40.000000,0.000000,40.000000
9,opener-big,76000,20.000,0,5,0.500,0.200,0.400,K7o,fold,0.000000,-14.193750,-3.814815,-14.193750,-3.814815,0.528646,0.261574,40.000000,-80.000000,40.000000,-40.000000,0.000000,40.000000
9,opener-big,76000,20.000,0,5,0.500,0.200,0.400,Q6o,fold,0.000000,-14.139844,-3.881944,-14.139844,-3.881944,0.536133,0.257378,40.000000,-80.000000,40.000000,-40.000000,0.000000,40.000000
9,opener-big,76000,20.000,0,5,0.500,0.200,0.400,K2o,fold,0.000000,-14.465625,-3.884259,-14.465625,-3.884259,0.490885,0.257234,40.000000,-80.000000,40.000000,-40.000000,0.000000,40.000000
9,opener-big,76000,20.000,0,5,0.500,0.200,0.400,QJo,fold,0.000000,-13.518750,-3.949074,-13.518750,-3.949074,0.622396,0.253183,40.000000,-80.000000,40.000000,-40.000000,0.000000,40.000000
9,opener-big,76000,20.000,0,5,0.500,0.200,0.400,Q9o,fold,0.000000,-13.150000,-3.981481,-13.150000,-3.981481,0.673611,0.251157,40.000000,-80.000000,40.000000,-40.000000,0.000000,40.000000
9,opener-big,76000,20.000,0,5,0.500,0.200,0.400,Q5o,fold,0.000000,-14.360156,-4.039352,-14.360156,-4.039352,0.505534,0.247541,40.000000,-80.000000,40.000000,-40.000000,0.000000,40.000000
9,opener-big,76000,20.000,0,5,0.500,0.200,0.400,KJo,fold,0.000000,-13.713281,-4.090278,-13.713281,-4.090278,0.595378,0.244358,40.000000,-80.000000,40.000000,-40.000000,0.000000,40.000000
9,opener-big,76000,20.000,0,5,0.500,0.200,0.400,Q3o,fold,0.000000,-14.376562,-4.092593,-14.376562,-4.092593,0.503255,0.244213,40.000000,-80.000000,40.000000,-40.000000,0.000000,40.000000
9,opener-big,76000,20.000,0,5,0.500,0.200,0.400,K3o,fold,0.000000,-14.273438,-4.127315,-14.273438,-4.127315,0.517578,0.242043,40.000000,-80.000000,40.000000,-40.000000,0.000000,40.000000
9,opener-big,76000,20.000,0,5,0.500,0.200,0.400,Q4o,fold,0.000000,-14.397656,-4.155093,-14.397656,-4.155093,0.500326,0.240307,40.000000,-80.000000,40.000000,-40.000000,0.000000,40.000000
9,opener-big,76000,20.000,0,5,0.500,0.200,0.400,Q8o,fold,0.000000,-14.128125,-4.224537,-14.128125,-4.224537,0.537760,0.235966,40.000000,-80.000000,40.000000,-40.000000,0.000000,40.000000
9,opener-big,76000,20.000,0,5,0.500,0.200,0.400,Q2o,fold,0.000000,-14.172656,-4.280093,-14.172656,-4.280093,0.531576,0.232494,40.000000,-80.000000,40.000000,-40.000000,0.000000,40.000000
9,opener-big,76000,20.000,0,5,0.500,0.200,0.400,Q7o,fold,0.000000,-14.400000,-4.363426,-14.400000,-4.363426,0.500000,0.227286,40.000000,-80.000000,40.000000,-40.000000,0.000000,40.000000
9,opener-big,76000,20.000,0,5,0.500,0.500,0.400,JJ,jam,0.000000,-12.051562,13.046875,-12.051562,13.046875,0.826172,0.826172,40.000000,-80.000000,40.000000,-40.000000,0.000000,40.000000
9,opener-big,76000,20.000,0,5,0.500,0.500,0.400,QQ,jam,0.000000,-12.117188,12.682292,-12.117188,12.682292,0.817057,0.817057,40.000000,-80.000000,40.000000,-40.000000,0.000000,40.000000
9,opener-big,76000,20.000,0,5,0.500,0.500,0.400,TT,jam,0.000000,-12.121875,12.656250,-12.121875,12.656250,0.816406,0.816406,40.000000,-80.000000,40.000000,-40.000000,0.000000,40.000000
9,opener-big,76000,20.000,0,5,0.500,0.500,0.400,AA,jam,0.000000,-12.328125,11.510417,-12.328125,11.510417,0.787760,0.787760,40.000000,-80.000000,40.000000,-40.000000,0.000000,40.000000
9,opener-big,76000,20.000,0,5,0.500,0.500,0.400,KK,jam,0.000000,-12.379687,11.223958,-12.379687,11.223958,0.780599,0.780599,40.000000,-80.000000,40.000000,-40.000000,0.000000,40.000000
9,opener-big,76000,20.000,0,5,0.500,0.500,0.400,J9s,jam,0.000000,-12.628125,9.843750,-12.628125,9.843750,0.746094,0.746094,40.000000,-80.000000,40.000000,-40.000000,0.000000,40.000000
9,opener-big,76000,20.000,0,5,0.500,0.500,0.400,JTs,jam,0.000000,-12.937500,8.125000,-12.937500,8.125000,0.703125,0.703125,40.000000,-80.000000,40.000000,-40.000000,0.000000,40.000000
9,opener-big,76000,20.000,0,5,0.500,0.500,0.400,ATo,jam,0.000000,-12.971875,7.934028,-12.971875,7.934028,0.698351,0.698351,40.000000,-80.000000,40.000000,-40.000000,0.000000,40.000000
9,opener-big,76000,20.000,0,5,0.500,0.500,0.400,QTs,jam,0.000000,-12.984375,7.864583,-12.984375,7.864583,0.696615,0.696615,40.000000,-80.000000,40.000000,-40.000000,0.000000,40.000000
9,opener-big,76000,20.000,0,5,0.500,0.500,0.400,JTo,jam,0.000000,-13.009375,7.725694,-13.009375,7.725694,0.693142,0.693142,40.000000,-80.000000,40.000000,-40.000000,0.000000,40.000000
9,opener-big,76000,20.000,0,5,0.500,0.500,0.400,A9s,jam,0.000000,-13.068750,7.395833,-13.068750,7.395833,0.684896,0.684896,40.000000,-80.000000,40.000000,-40.000000,0.000000,40.000000
9,opener-big,76000,20.000,0,5,0.500,0.500,0.400,KTo,jam,0.000000,-13.078125,7.343750,-13.078125,7.343750,0.683594,0.683594,40.000000,-80.000000,40.000000,-40.000000,0.000000,40.000000
9,opener-big,76000,20.000,0,5,0.500,0.500,0.400,ATs,jam,0.000000,-13.087500,7.291667,-13.087500,7.291667,0.682292,0.682292,40.000000,-80.000000,40.000000,-40.000000,0.000000,40.000000
9,opener-big,76000,20.000,0,5,0.500,0.500,0.400,Q9o,jam,0.000000,-13.150000,6.944444,-13.150000,6.944444,0.673611,0.673611,40.000000,-80.000000,40.000000,-40.000000,0.000000,40.000000
9,opener-big,76000,20.000,0,5,0.500,0.500,0.400,KTs,jam,0.000000,-13.162500,6.875000,-13.162500,6.875000,0.671875,0.671875,40.000000,-80.000000,40.000000,-40.000000,0.000000,40.000000
9,opener-big,76000,20.000,0,5,0.500,0.500,0.400,K9o,jam,0.000000,-13.175000,6.805556,-13.175000,6.805556,0.670139,0.670139,40.000000,-80.000000,40.000000,-40.000000,0.000000,40.000000
9,opener-big,76000,20.000,0,5,0.500,0.500,0.400,J9o,jam,0.000000,-13.175000,6.805556,-13.175000,6.805556,0.670139,0.670139,40.000000,-80.000000,40.000000,-40.000000,0.000000,40.000000
9,opener-big,76000,20.000,0,5,0.500,0.500,0.400,QTo,jam,0.000000,-13.193750,6.701389,-13.193750,6.701389,0.667535,0.667535,40.000000,-80.000000,40.000000,-40.000000,0.000000,40.000000
9,opener-big,76000,20.000,0,5,0.500,0.500,0.400,Q9s,jam,0.000000,-13.218750,6.562500,-13.218750,6.562500,0.664062,0.664062,40.000000,-80.000000,40.000000,-40.000000,0.000000,40.000000
9,opener-big,76000,20.000,0,5,0.500,0.500,0.400,K9s,jam,0.000000,-13.256250,6.354167,-13.256250,6.354167,0.658854,0.658854,40.000000,-80.000000,40.000000,-40.000000,0.000000,40.000000
9,opener-big,76000,20.000,0,5,0.500,0.500,0.400,A9o,jam,0.000000,-13.259375,6.336806,-13.259375,6.336806,0.658420,0.658420,40.000000,-80.000000,40.000000,-40.000000,0.000000,40.000000
9,opener-big,76000,20.000,0,5,0.500,0.500,0.400,KQs,jam,0.000000,-13.267969,6.289062,-13.267969,6.289062,0.657227,0.657227,40.000000,-80.000000,40.000000,-40.000000,0.000000,40.000000
9,opener-big,76000,20.000,0,5,0.500,0.500,0.400,QJs,jam,0.000000,-13.275000,6.250000,-13.275000,6.250000,0.656250,0.656250,40.000000,-80.000000,40.000000,-40.000000,0.000000,40.000000
9,opener-big,76000,20.000,0,5,0.500,0.500,0.400,KJs,jam,0.000000,-13.324219,5.976562,-13.324219,5.976562,0.649414,0.649414,40.000000,-80.000000,40.000000,-40.000000,0.000000,40.000000
9,opener-big,76000,20.000,0,5,0.500,0.500,0.400,AQs,jam,0.000000,-13.380469,5.664062,-13.380469,5.664062,0.641602,0.641602,40.000000,-80.000000,40.000000,-40.000000,0.000000,40.000000
9,opener-big,76000,20.000,0,5,0.500,0.500,0.400,AJs,jam,0.000000,-13.387500,5.625000,-13.387500,5.625000,0.640625,0.640625,40.000000,-80.000000,40.000000,-40.000000,0.000000,40.000000
9,opener-big,76000,20.000,0,5,0.500,0.500,0.400,AKs,jam,0.000000,-13.415625,5.468750,-13.415625,5.468750,0.636719,0.636719,40.000000,-80.000000,40.000000,-40.000000,0.000000,40.000000
9,opener-big,76000,20.000,0,5,0.500,0.500,0.400,QJo,jam,0.000000,-13.518750,4.895833,-13.518750,4.895833,0.622396,0.622396,40.000000,-80.000000,40.000000,-40.000000,0.000000,40.000000
9,opener-big,76000,20.000,0,5,0.500,0.500,0.400,99,jam,0.000000,-13.528125,4.843750,-13.528125,4.843750,0.621094,0.621094,40.000000,-80.000000,40.000000,-40.000000,0.000000,40.000000
9,opener-big,76000,20.000,0,5,0.500,0.500,0.400,AJo,jam,0.000000,-13.631250,4.270833,-13.631250,4.270833,0.606771,0.606771,40.000000,-80.000000,40.000000,-40.000000,0.000000,40.000000
9,opener-big,76000,20.000,0,5,0.500,0.500,0.400,KQo,jam,0.000000,-13.682812,3.984375,-13.682812,3.984375,0.599609,0.599609,40.000000,-80.000000,40.000000,-40.000000,0.000000,40.000000
9,opener-big,76000,20.000,0,5,0.500,0.500,0.400,J4s,jam,0.000000,-13.696875,3.906250,-13.696875,3.906250,0.597656,0.597656,40.000000,-80.000000,40.000000,-40.000000,0.000000,40.000000
9,opener-big,76000,20.000,0,5,0.500,0.500,0.400,KJo,jam,0.000000,-13.713281,3.815104,-13.713281,3.815104,0.595378,0.595378,40.000000,-80.000000,40.000000,-40.000000,0.000000,40.000000
9,opener-big,76000,20.000,0,5,0.500,0.500,0.400,J6s,jam,0.000000,-13.717969,3.789062,-13.717969,3.789062,0.594727,0.594727,40.000000,-80.000000,40.000000,-40.000000,0.000000,40.000000
9,opener-big,76000,20.000,0,5,0.500,0.500,0.400,Q8s,jam,0.000000,-13.760156,3.554688,-13.760156,3.554688,0.588867,0.588867,40.000000,-80.000000,40.000000,-40.000000,0.000000,40.000000
9,opener-big,76000,20.000,0,5,0.500,0.500,0.400,J8s,jam,0.000000,-13.760156,3.554688,-13.760156,3.554688,0.588867,0.588867,40.000000,-80.000000,40.000000,-40.000000,0.000000,40.000000
9,opener-big,76000,20.000,0,5,0.500,0.500,0.400,A8s,jam,0.000000,-13.788281,3.398438,-13.788281,3.398438,0.584961,0.584961,40.000000,-80.000000,40.000000,-40.000000,0.000000,40.000000
9,opener-big,76000,20.000,0,5,0.500,0.500,0.400,A3s,jam,0.000000,-13.809375,3.281250,-13.809375,3.281250,0.582031,0.582031,40.000000,-80.000000,40.000000,-40.000000,0.000000,40.000000
9,opener-big,76000,20.000,0,5,0.500,0.500,0.400,K5s,jam,0.000000,-13.837500,3.125000,-13.837500,3.125000,0.578125,0.578125,40.000000,-80.000000,40.000000,-40.000000,0.000000,40.000000
9,opener-big,76000,20.000,0,5,0.500,0.500,0.400,AQo,jam,0.000000,-13.839844,3.111979,-13.839844,3.111979,0.577799,0.577799,40.000000,-80.000000,40.000000,-40.000000,0.000000,40.000000
9,opener-big,76000,20.000,0,5,0.500,0.500,0.400,Q7s,jam,0.000000,-13.844531,3.085938,-13.844531,3.085938,0.577148,0.577148,40.000000,-80.000000,40.000000,-40.000000,0.000000,40.000000
9,opener-big,76000,20.000,0,5,0.500,0.500,0.400,AKo,jam,0.000000,-13.872656,2.929688,-13.872656,2.929688,0.573242,0.573242,40.000000,-80.000000,40.000000,-40.000000,0.000000,40.000000
9,opener-big,76000,20.000,0,5,0.500,0.500,0.400,J7s,jam,0.000000,-13.907812,2.734375,-13.907812,2.734375,0.568359,0.568359,40.000000,-80.000000,40.000000,-40.000000,0.000000,40.000000
9,opener-big,76000,20.000,0,5,0.500,0.500,0.400,A2s,jam,0.000000,-13.921875,2.656250,-13.921875,2.656250,0.566406,0.566406,40.000000,-80.000000,40.000000,-40.000000,0.000000,40.000000
9,opener-big,76000,20.000,0,5,0.500,0.500,0.400,A6s,jam,0.000000,-13.935937,2.578125,-13.935937,2.578125,0.564453,0.564453,40.000000,-80.000000,40.000000,-40.000000,0.000000,40.000000
9,opener-big,76000,20.000,0,5,0.500,0.500,0.400,Q6s,jam,0.000000,-13.978125,2.343750,-13.978125,2.343750,0.558594,0.558594,40.000000,-80.000000,40.000000,-40.000000,0.000000,40.000000
9,opener-big,76000,20.000,0,5,0.500,0.500,0.400,Q5s,jam,0.000000,-14.006250,2.187500,-14.006250,2.187500,0.554688,0.554688,40.000000,-80.000000,40.000000,-40.000000,0.000000,40.000000
9,opener-big,76000,20.000,0,5,0.500,0.500,0.400,K6s,jam,0.000000,-14.013281,2.148438,-14.013281,2.148438,0.553711,0.553711,40.000000,-80.000000,40.000000,-40.000000,0.000000,40.000000
9,opener-big,76000,20.000,0,5,0.500,0.500,0.400,A7s,jam,0.000000,-14.034375,2.031250,-14.034375,2.031250,0.550781,0.550781,40.000000,-80.000000,40.000000,-40.000000,0.000000,40.000000
9,opener-big,76000,20.000,0,5,0.500,0.500,0.400,K7s,jam,0.000000,-14.041406,1.992188,-14.041406,1.992188,0.549805,0.549805,40.000000,-80.000000,40.000000,-40.000000,0.000000,40.000000
9,opener-big,76000,20.000,0,5,0.500,0.500,0.400,J5s,jam,0.000000,-14.041406,1.992188,-14.041406,1.992188,0.549805,0.549805,40.000000,-80.000000,40.000000,-40.000000,0.000000,40.000000
9,opener-big,76000,20.000,0,5,0.500,0.500,0.400,Q4s,jam,0.000000,-14.048437,1.953125,-14.048437,1.953125,0.548828,0.548828,40.000000,-80.000000,40.000000,-40.000000,0.000000,40.000000
9,opener-big,76000,20.000,0,5,0.500,0.500,0.400,A8o,jam,0.000000,-14.062500,1.875000,-14.062500,1.875000,0.546875,0.546875,40.000000,-80.000000,40.000000,-40.000000,0.000000,40.000000
9,opener-big,76000,20.000,0,5,0.500,0.500,0.400,J8o,jam,0.000000,-14.062500,1.875000,-14.062500,1.875000,0.546875,0.546875,40.000000,-80.000000,40.000000,-40.000000,0.000000,40.000000
9,opener-big,76000,20.000,0,5,0.500,0.500,0.400,K2s,jam,0.000000,-14.076562,1.796875,-14.076562,1.796875,0.544922,0.544922,40.000000,-80.000000,40.000000,-40.000000,0.000000,40.000000
9,opener-big,76000,20.000,0,5,0.500,0.500,0.400,A5s,jam,0.000000,-14.090625,1.718750,-14.090625,1.718750,0.542969,0.542969,40.000000,-80.000000,40.000000,-40.000000,0.000000,40.000000
9,opener-big,76000,20.000,0,5,0.500,0.500,0.400,J2o,jam,0.000000,-14.092969,1.705729,-14.092969,1.705729,0.542643,0.542643,40.000000,-80.000000,40.000000,-40.000000,0.000000,40.000000
9,opener-big,76000,20.000,0,5,0.500,0.500,0.400,K8s,jam,0.000000,-14.104687,1.640625,-14.104687,1.640625,0.541016,0.541016,40.000000,-80.000000,40.000000,-40.000000,0.000000,40.000000
9,opener-big,76000,20.000,0,5,0.500,0.500,0.400,A4s,jam,0.000000,-14.111719,1.601562,-14.111719,1.601562,0.540039,0.540039,40.000000,-80.000000,40.000000,-40.000000,0.000000,40.000000
9,opener-big,76000,20.000,0,5,0.500,0.500,0.400,Q8o,jam,0.000000,-14.128125,1.510417,-14.128125,1.510417,0.537760,0.537760,40.000000,-80.000000,40.000000,-40.000000,0.000000,40.000000
9,opener-big,76000,20.000,0,5,0.500,0.500,0.400,Q2s,jam,0.000000,-14.132812,1.484375,-14.132812,1.484375,0.537109,0.537109,40.000000,-80.000000,40.000000,-40.000000,0.000000,40.000000
9,opener-big,76000,20.000,0,5,0.500,0.500,0.400,A3o,jam,0.000000,-14.135156,1.471354,-14.135156,1.471354,0.536784,0.536784,40.000000,-80.000000,40.000000,-40.000000,0.000000,40.000000
9,opener-big,76000,20.000,0,5,0.500,0.500,0.400,Q6o,jam,0.000000,-14.139844,1.445312,-14.139844,1.445312,0.536133,0.536133,40.000000,-80.000000,40.000000,-40.000000,0.000000,40.000000
9,opener-big,76000,20.000,0,5,0.500,0.500,0.400,K4s,jam,0.000000,-14.167969,1.289062,-14.167969,1.289062,0.532227,0.532227,40.000000,-80.000000,40.000000,-40.000000,0.000000,40.000000
9,opener-big,76000,20.000,0,5,0.500,0.500,0.400,Q2o,jam,0.000000,-14.172656,1.263021,-14.172656,1.263021,0.531576,0.531576,40.000000,-80.000000,40.000000,-40.000000,0.000000,40.000000
9,opener-big,76000,20.000,0,5,0.500,0.500,0.400,A6o,jam,0.000000,-14.186719,1.184896,-14.186719,1.184896,0.529622,0.529622,40.000000,-80.000000,40.000000,-40.000000,0.000000,40.000000
9,opener-big,76000,20.000,0,5,0.500,0.500,0.400,K7o,jam,0.000000,-14.193750,1.145833,-14.193750,1.145833,0.528646,0.528646,40.000000,-80.000000,40.000000,-40.000000,0.000000,40.000000
9,opener-big,76000,20.000,0,5,0.500,0.500,0.400,K8o,jam,0.000000,-14.198437,1.119792,-14.198437,1.119792,0.527995,0.527995,40.000000,-80.000000,40.000000,-40.000000,0.000000,40.000000
9,opener-big,76000,20.000,0,5,0.500,0.500,0.400,J5o,jam,0.000000,-14.203125,1.093750,-14.203125,1.093750,0.527344,0.527344,40.000000,-80.000000,40.000000,-40.000000,0.000000,40.000000
9,opener-big,76000,20.000,0,5,0.500,0.500,0.400,A5o,jam,0.000000,-14.207812,1.067708,-14.207812,1.067708,0.526693,0.526693,40.000000,-80.000000,40.000000,-40.000000,0.000000,40.000000
9,opener-big,76000,20.000,0,5,0.500,0.500,0.400,K3s,jam,0.000000,-14.210156,1.054688,-14.210156,1.054688,0.526367,0.526367,40.000000,-80.000000,40.000000,-40.000000,0.000000,40.000000
9,opener-big,76000,20.000,0,5,0.500,0.500,0.400,J2s,jam,0.000000,-14.217187,1.015625,-14.217187,1.015625,0.525391,0.525391,40.000000,-80.000000,40.000000,-40.000000,0.000000,40.000000
9,opener-big,76000,20.000,0,5,0.500,0.500,0.400,A4o,jam,0.000000,-14.231250,0.937500,-14.231250,0.937500,0.523438,0.523438,40.000000,-80.000000,40.000000,-40.000000,0.000000,40.000000
9,opener-big,76000,20.000,0,5,0.500,0.500,0.400,K4o,jam,0.000000,-14.254687,0.807292,-14.254687,0.807292,0.520182,0.520182,40.000000,-80.000000,40.000000,-40.000000,0.000000,40.000000
9,opener-big,76000,20.000,0,5,0.500,0.500,0.400,J7o,jam,0.000000,-14.266406,0.742188,-14.266406,0.742188,0.518555,0.518555,40.000000,-80.000000,40.000000,-40.000000,0.000000,40.000000
9,opener-big,76000,20.000,0,5,0.500,0.500,0.400,K3o,jam,0.000000,-14.273438,0.703125,-14.273438,0.703125,0.517578,0.517578,40.000000,-80.000000,40.000000,-40.000000,0.000000,40.000000
9,opener-big,76000,20.000,0,5,0.500,0.500,0.400,J4o,jam,0.000000,-14.275781,0.690104,-14.275781,0.690104,0.517253,0.517253,40.000000,-80.000000,40.000000,-40.000000,0.000000,40.000000
9,opener-big,76000,20.000,0,5,0.500,0.500,0.400,88,jam,0.000000,-14.278125,0.677083,-14.278125,0.677083,0.516927,0.516927,40.000000,-80.000000,40.000000,-40.000000,0.000000,40.000000
9,opener-big,76000,20.000,0,5,0.500,0.500,0.400,A7o,jam,0.000000,-14.299219,0.559896,-14.299219,0.559896,0.513997,0.513997,40.000000,-80.000000,40.000000,-40.000000,0.000000,40.000000
9,opener-big,76000,20.000,0,5,0.500,0.500,0.400,Q3s,jam,0.000000,-14.322656,0.429688,-14.322656,0.429688,0.510742,0.510742,40.000000,-80.000000,40.000000,-40.000000,0.000000,40.000000
9,opener-big,76000,20.000,0,5,0.500,0.500,0.400,J3s,jam,0.000000,-14.336719,0.351562,-14.336719,0.351562,0.508789,0.508789,40.000000,-80.000000,40.000000,-40.000000,0.000000,40.000000
9,opener-big,76000,20.000,0,5,0.500,0.500,0.400,K6o,jam,0.000000,-14.355469,0.247396,-14.355469,0.247396,0.506185,0.506185,40.000000,-80.000000,40.000000,-40.000000,0.000000,40.000000
9,opener-big,76000,20.000,0,5,0.500,0.500,0.400,Q5o,jam,0.000000,-14.360156,0.221354,-14.360156,0.221354,0.505534,0.505534,40.000000,-80.000000,40.000000,-40.000000,0.000000,40.000000
9,opener-big,76000,20.000,0,5,0.500,0.500,0.400,J6o,jam,0.000000,-14.364844,0.195312,-14.364844,0.195312,0.504883,0.504883,40.000000,-80.000000,40.000000,-40.000000,0.000000,40.000000
9,opener-big,76000,20.000,0,5,0.500,0.500,0.400,Q3o,jam,0.000000,-14.376562,0.130208,-14.376562,0.130208,0.503255,0.503255,40.000000,-80.000000,40.000000,-40.000000,0.000000,40.000000
9,opener-big,76000,20.000,0,5,0.500,0.500,0.400,A2o,jam,0.000000,-14.390625,0.052083,-14.390625,0.052083,0.501302,0.501302,40.000000,-80.000000,40.000000,-40.000000,0.000000,40.000000
9,opener-big,76000,20.000,0,5,0.500,0.500,0.400,Q4o,jam,0.000000,-14.397656,0.013021,-14.397656,0.013021,0.500326,0.500326,40.000000,-80.000000,40.000000,-40.000000,0.000000,40.000000
9,opener-big,76000,20.000,0,5,0.500,0.500,0.400,Q7o,jam,0.000000,-14.400000,0.000000,-14.400000,0.000000,0.500000,0.500000,40.000000,-80.000000,40.000000,-40.000000,0.000000,40.000000
9,opener-big,76000,20.000,0,5,0.500,0.500,0.400,J3o,jam,0.000000,-14.400000,0.000000,-14.400000,0.000000,0.500000,0.500000,40.000000,-80.000000,40.000000,-40.000000,0.000000,40.000000
9,opener-big,76000,20.000,0,5,0.500,0.500,0.400,T9s,jam,0.000000,-14.400000,0.000000,-14.400000,0.000000,0.500000,0.500000,40.000000,-80.000000,40.000000,-40.000000,0.000000,40.000000
9,opener-big,76000,20.000,0,5,0.500,0.500,0.400,66,fold,0.000000,-14.414062,-0.078125,-14.414062,-0.078125,0.498047,0.498047,40.000000,-80.000000,40.000000,-40.000000,0.000000,40.000000
9,opener-big,76000,20.000,0,5,0.500,0.500,0.400,K2o,fold,0.000000,-14.465625,-0.364583,-14.465625,-0.364583,0.490885,0.490885,40.000000,-80.000000,40.000000,-40.000000,0.000000,40.000000
9,opener-big,76000,20.000,0,5,0.500,0.500,0.400,K5o,fold,0.000000,-14.477344,-0.429688,-14.477344,-0.429688,0.489258,0.489258,40.000000,-80.000000,40.000000,-40.000000,0.000000,40.000000
9,opener-big,76000,20.000,0,5,0.500,0.500,0.400,55,fold,0.000000,-14.479687,-0.442708,-14.479687,-0.442708,0.488932,0.488932,40.000000,-80.000000,40.000000,-40.000000,0.000000,40.000000
9,opener-big,76000,20.000,0,5,0.500,0.500,0.400,33,fold,0.000000,-14.540625,-0.781250,-14.540625,-0.781250,0.480469,0.480469,40.000000,-80.000000,40.000000,-40.000000,0.000000,40.000000
9,opener-big,76000,20.000,0,5,0.500,0.500,0.400,T9o,fold,0.000000,-14.564062,-0.911458,-14.564062,-0.911458,0.477214,0.477214,40.000000,-80.000000,40.000000,-40.000000,0.000000,40.000000
9,opener-big,76000,20.000,0,5,0.500,0.500,0.400,22,fold,0.000000,-14.657813,-1.432292,-14.657813,-1.432292,0.464193,0.464193,40.000000,-80.000000,40.000000,-40.000000,0.000000,40.000000
9,opener-big,76000,20.000,0,5,0.500,0.500,0.400,77,fold,0.000000,-14.676562,-1.536458,-14.676562,-1.536458,0.461589,0.461589,40.000000,-80.000000,40.000000,-40.000000,0.000000,40.000000
9,opener-big,76000,20.000,0,5,0.500,0.500,0.400,44,fold,0.000000,-14.840625,-2.447917,-14.840625,-2.447917,0.438802,0.438802,40.000000,-80.000000,40.000000,-40.000000,0.000000,40.000000
9,opener-big,76000,20.000,0,5,0.500,0.500,0.400,76s,fold,0.000000,-15.271875,-4.843750,-15.271875,-4.843750,0.378906,0.378906,40.000000,-80.000000,40.000000,-40.000000,0.000000,40.000000
9,opener-big,76000,20.000,0,5,0.500,0.500,0.400,72s,fold,0.000000,-15.356250,-5.312500,-15.356250,-5.312500,0.367188,0.367188,40.000000,-80.000000,40.000000,-40.000000,0.000000,40.000000
9,opener-big,76000,20.000,0,5,0.500,0.500,0.400,75s,fold,0.000000,-15.398438,-5.546875,-15.398438,-5.546875,0.361328,0.361328,40.000000,-80.000000,40.000000,-40.000000,0.000000,40.000000
9,opener-big,76000,20.000,0,5,0.500,0.500,0.400,42s,fold,0.000000,-15.405469,-5.585938,-15.405469,-5.585938,0.360352,0.360352,40.000000,-80.000000,40.000000,-40.000000,0.000000,40.000000
9,opener-big,76000,20.000,0,5,0.500,0.500,0.400,54o,fold,0.000000,-15.410156,-5.611979,-15.410156,-5.611979,0.359701,0.359701,40.000000,-80.000000,40.000000,-40.000000,0.000000,40.000000
9,opener-big,76000,20.000,0,5,0.500,0.500,0.400,76o,fold,0.000000,-15.414844,-5.638021,-15.414844,-5.638021,0.359049,0.359049,40.000000,-80.000000,40.000000,-40.000000,0.000000,40.000000
9,opener-big,76000,20.000,0,5,0.500,0.500,0.400,43s,fold,0.000000,-15.440625,-5.781250,-15.440625,-5.781250,0.355469,0.355469,40.000000,-80.000000,40.000000,-40.000000,0.000000,40.000000
9,opener-big,76000,20.000,0,5,0.500,0.500,0.400,52s,fold,0.000000,-15.461719,-5.898438,-15.461719,-5.898438,0.352539,0.352539,40.000000,-80.000000,40.000000,-40.000000,0.000000,40.000000
9,opener-big,76000,20.000,0,5,0.500,0.500,0.400,T3s,fold,0.000000,-15.478125,-5.989583,-15.478125,-5.989583,0.350260,0.350260,40.000000,-80.000000,40.000000,-40.000000,0.000000,40.000000
9,opener-big,76000,20.000,0,5,0.500,0.500,0.400,86s,fold,0.000000,-15.482812,-6.015625,-15.482812,-6.015625,0.349609,0.349609,40.000000,-80.000000,40.000000,-40.000000,0.000000,40.000000
9,opener-big,76000,20.000,0,5,0.500,0.500,0.400,73s,fold,0.000000,-15.482812,-6.015625,-15.482812,-6.015625,0.349609,0.349609,40.000000,-80.000000,40.000000,-40.000000,0.000000,40.000000
9,opener-big,76000,20.000,0,5,0.500,0.500,0.400,87o,fold,0.000000,-15.496875,-6.093750,-15.496875,-6.093750,0.347656,0.347656,40.000000,-80.000000,40.000000,-40.000000,0.000000,40.000000
9,opener-big,76000,20.000,0,5,0.500,0.500,0.400,85s,fold,0.000000,-15.496875,-6.093750,-15.496875,-6.093750,0.347656,0.347656,40.000000,-80.000000,40.000000,-40.000000,0.000000,40.000000
9,opener-big,76000,20.000,0,5,0.500,0.500,0.400,74s,fold,0.000000,-15.510937,-6.171875,-15.510937,-6.171875,0.345703,0.345703,40.000000,-80.000000,40.000000,-40.000000,0.000000,40.000000
9,opener-big,76000,20.000,0,5,0.500,0.500,0.400,63s,fold,0.000000,-15.510937,-6.171875,-15.510937,-6.171875,0.345703,0.345703,40.000000,-80.000000,40.000000,-40.000000,0.000000,40.000000
9,opener-big,76000,20.000,0,5,0.500,0.500,0.400,T8s,fold,0.000000,-15.515625,-6.197917,-15.515625,-6.197917,0.345052,0.345052,40.000000,-80.000000,40.000000,-40.000000,0.000000,40.000000
9,opener-big,76000,20.000,0,5,0.500,0.500,0.400,65s,fold,0.000000,-15.525000,-6.250000,-15.525000,-6.250000,0.343750,0.343750,40.000000,-80.000000,40.000000,-40.000000,0.000000,40.000000
9,opener-big,76000,20.000,0,5,0.500,0.500,0.400,53s,fold,0.000000,-15.546094,-6.367188,-15.546094,-6.367188,0.340820,0.340820,40.000000,-80.000000,40.000000,-40.000000,0.000000,40.000000
9,opener-big,76000,20.000,0,5,0.500,0.500,0.400,87s,fold,0.000000,-15.574219,-6.523438,-15.574219,-6.523438,0.336914,0.336914,40.000000,-80.000000,40.000000,-40.000000,0.000000,40.000000
9,opener-big,76000,20.000,0,5,0.500,0.500,0.400,53o,fold,0.000000,-15.576562,-6.536458,-15.576562,-6.536458,0.336589,0.336589,40.000000,-80.000000,40.000000,-40.000000,0.000000,40.000000
9,opener-big,76000,20.000,0,5,0.500,0.500,0.400,65o,fold,0.000000,-15.581250,-6.562500,-15.581250,-6.562500,0.335938,0.335938,40.000000,-80.000000,40.000000,-40.000000,0.000000,40.000000
9,opener-big,76000,20.000,0,5,0.500,0.500,0.400,52o,fold,0.000000,-15.614062,-6.744792,-15.614062,-6.744792,0.331380,0.331380,40.000000,-80.000000,40.000000,-40.000000,0.000000,40.000000
9,opener-big,76000,20.000,0,5,0.500,0.500,0.400,32o,fold,0.000000,-15.621094,-6.783854,-15.621094,-6.783854,0.330404,0.330404,40.000000,-80.000000,40.000000,-40.000000,0.000000,40.000000
9,opener-big,76000,20.000,0,5,0.500,0.500,0.400,64o,fold,0.000000,-15.639844,-6.888021,-15.639844,-6.888021,0.327799,0.327799,40.000000,-80.000000,40.000000,-40.000000,0.000000,40.000000
9,opener-big,76000,20.000,0,5,0.500,0.500,0.400,84s,fold,0.000000,-15.644531,-6.914062,-15.644531,-6.914062,0.327148,0.327148,40.000000,-80.000000,40.000000,-40.000000,0.000000,40.000000
9,opener-big,76000,20.000,0,5,0.500,0.500,0.400,62s,fold,0.000000,-15.651562,-6.953125,-15.651562,-6.953125,0.326172,0.326172,40.000000,-80.000000,40.000000,-40.000000,0.000000,40.000000
9,opener-big,76000,20.000,0,5,0.500,0.500,0.400,63o,fold,0.000000,-15.656250,-6.979167,-15.656250,-6.979167,0.325521,0.325521,40.000000,-80.000000,40.000000,-40.000000,0.000000,40.000000
9,opener-big,76000,20.000,0,5,0.500,0.500,0.400,42o,fold,0.000000,-15.665625,-7.031250,-15.665625,-7.031250,0.324219,0.324219,40.000000,-80.000000,40.000000,-40.000000,0.000000,40.000000
9,opener-big,76000,20.000,0,5,0.500,0.500,0.400,43o,fold,0.000000,-15.670312,-7.057292,-15.670312,-7.057292,0.323568,0.323568,40.000000,-80.000000,40.000000,-40.000000,0.000000,40.000000
9,opener-big,76000,20.000,0,5,0.500,0.500,0.400,54s,fold,0.000000,-15.672656,-7.070312,-15.672656,-7.070312,0.323242,0.323242,40.000000,-80.000000,40.000000,-40.000000,0.000000,40.000000
9,opener-big,76000,20.000,0,5,0.500,0.500,0.400,T6s,fold,0.000000,-15.675000,-7.083333,-15.675000,-7.083333,0.322917,0.322917,40.000000,-80.000000,40.000000,-40.000000,0.000000,40.000000
9,opener-big,76000,20.000,0,5,0.500,0.500,0.400,92s,fold,0.000000,-15.675000,-7.083333,-15.675000,-7.083333,0.322917,0.322917,40.000000,-80.000000,40.000000,-40.000000,0.000000,40.000000
9,opener-big,76000,20.000,0,5,0.500,0.500,0.400,62o,fold,0.000000,-15.689062,-7.161458,-15.689062,-7.161458,0.320964,0.320964,40.000000,-80.000000,40.000000,-40.000000,0.000000,40.000000
9,opener-big,76000,20.000,0,5,0.500,0.500,0.400,96s,fold,0.000000,-15.693750,-7.187500,-15.693750,-7.187500,0.320312,0.320312,40.000000,-80.000000,40.000000,-40.000000,0.000000,40.000000
9,opener-big,76000,20.000,0,5,0.500,0.500,0.400,75o,fold,0.000000,-15.696094,-7.200521,-15.696094,-7.200521,0.319987,0.319987,40.000000,-80.000000,40.000000,-40.000000,0.000000,40.000000
9,opener-big,76000,20.000,0,5,0.500,0.500,0.400,86o,fold,0.000000,-15.717187,-7.317708,-15.717187,-7.317708,0.317057,0.317057,40.000000,-80.000000,40.000000,-40.000000,0.000000,40.000000
9,opener-big,76000,20.000,0,5,0.500,0.500,0.400,T2s,fold,0.000000,-15.721875,-7.343750,-15.721875,-7.343750,0.316406,0.316406,40.000000,-80.000000,40.000000,-40.000000,0.000000,40.000000
9,opener-big,76000,20.000,0,5,0.500,0.500,0.400,82s,fold,0.000000,-15.735937,-7.421875,-15.735937,-7.421875,0.314453,0.314453,40.000000,-80.000000,40.000000,-40.000000,0.000000,40.000000
9,opener-big,76000,20.000,0,5,0.500,0.500,0.400,83s,fold,0.000000,-15.742969,-7.460938,-15.742969,-7.460938,0.313477,0.313477,40.000000,-80.000000,40.000000,-40.000000,0.000000,40.000000
9,opener-big,76000,20.000,0,5,0.500,0.500,0.400,T7s,fold,0.000000,-15.759375,-7.552083,-15.759375,-7.552083,0.311198,0.311198,40.000000,-80.000000,40.000000,-40.000000,0.000000,40.000000
9,opener-big,76000,20.000,0,5,0.500,0.500,0.400,T5s,fold,0.000000,-15.796875,-7.760417,-15.796875,-7.760417,0.305990,0.305990,40.000000,-80.000000,40.000000,-40.000000,0.000000,40.000000
9,opener-big,76000,20.000,0,5,0.500,0.500,0.400,85o,fold,0.000000,-15.817969,-7.877604,-15.817969,-7.877604,0.303060,0.303060,40.000000,-80.000000,40.000000,-40.000000,0.000000,40.000000
9,opener-big,76000,20.000,0,5,0.500,0.500,0.400,84o,fold,0.000000,-15.822656,-7.903646,-15.822656,-7.903646,0.302409,0.302409,40.000000,-80.000000,40.000000,-40.000000,0.000000,40.000000
9,opener-big,76000,20.000,0,5,0.500,0.500,0.400,T4s,fold,0.000000,-15.825000,-7.916667,-15.825000,-7.916667,0.302083,0.302083,40.000000,-80.000000,40.000000,-40.000000,0.000000,40.000000
9,opener-big,76000,20.000,0,5,0.500,0.500,0.400,93s,fold,0.000000,-15.825000,-7.916667,-15.825000,-7.916667,0.302083,0.302083,40.000000,-80.000000,40.000000,-40.000000,0.000000,40.000000
9,opener-big,76000,20.000,0,5,0.500,0.500,0.400,73o,fold,0.000000,-15.836719,-7.981771,-15.836719,-7.981771,0.300456,0.300456,40.000000,-80.000000,40.000000,-40.000000,0.000000,40.000000
9,opener-big,76000,20.000,0,5,0.500,0.500,0.400,74o,fold,0.000000,-15.855469,-8.085938,-15.855469,-8.085938,0.297852,0.297852,40.000000,-80.000000,40.000000,-40.000000,0.000000,40.000000
9,opener-big,76000,20.000,0,5,0.500,0.500,0.400,97s,fold,0.000000,-15.862500,-8.125000,-15.862500,-8.125000,0.296875,0.296875,40.000000,-80.000000,40.000000,-40.000000,0.000000,40.000000
9,opener-big,76000,20.000,0,5,0.500,0.500,0.400,94s,fold,0.000000,-15.871875,-8.177083,-15.871875,-8.177083,0.295573,0.295573,40.000000,-80.000000,40.000000,-40.000000,0.000000,40.000000
9,opener-big,76000,20.000,0,5,0.500,0.500,0.400,95s,fold,0.000000,-15.909375,-8.385417,-15.909375,-8.385417,0.290365,0.290365,40.000000,-80.000000,40.000000,-40.000000,0.000000,40.000000
9,opener-big,76000,20.000,0,5,0.500,0.500,0.400,T6o,fold,0.000000,-15.912500,-8.402778,-15.912500,-8.402778,0.289931,0.289931,40.000000,-80.000000,40.000000,-40.000000,0.000000,40.000000
9,opener-big,76000,20.000,0,5,0.500,0.500,0.400,T2o,fold,0.000000,-15.912500,-8.402778,-15.912500,-8.402778,0.289931,0.289931,40.000000,-80.000000,40.000000,-40.000000,0.000000,40.000000
9,opener-big,76000,20.000,0,5,0.500,0.500,0.400,T5o,fold,0.000000,-15.918750,-8.437500,-15.918750,-8.437500,0.289062,0.289062,40.000000,-80.000000,40.000000,-40.000000,0.000000,40.000000
9,opener-big,76000,20.000,0,5,0.500,0.500,0.400,72o,fold,0.000000,-15.923438,-8.463542,-15.923438,-8.463542,0.288411,0.288411,40.000000,-80.000000,40.000000,-40.000000,0.000000,40.000000
9,opener-big,76000,20.000,0,5,0.500,0.500,0.400,T8o,fold,0.000000,-15.925000,-8.472222,-15.925000,-8.472222,0.288194,0.288194,40.000000,-80.000000,40.000000,-40.000000,0.000000,40.000000
9,opener-big,76000,20.000,0,5,0.500,0.500,0.400,98s,fold,0.000000,-15.928125,-8.489583,-15.928125,-8.489583,0.287760,0.287760,40.000000,-80.000000,40.000000,-40.000000,0.000000,40.000000
9,opener-big,76000,20.000,0,5,0.500,0.500,0.400,64s,fold,0.000000,-15.932812,-8.515625,-15.932812,-8.515625,0.287109,0.287109,40.000000,-80.000000,40.000000,-40.000000,0.000000,40.000000
9,opener-big,76000,20.000,0,5,0.500,0.500,0.400,T7o,fold,0.000000,-15.956250,-8.645833,-15.956250,-8.645833,0.283854,0.283854,40.000000,-80.000000,40.000000,-40.000000,0.000000,40.000000
9,opener-big,76000,20.000,0,5,0.500,0.500,0.400,82o,fold,0.000000,-15.975000,-8.750000,-15.975000,-8.750000,0.281250,0.281250,40.000000,-80.000000,40.000000,-40.000000,0.000000,40.000000
9,opener-big,76000,20.000,0,5,0.500,0.500,0.400,83o,fold,0.000000,-15.996094,-8.867188,-15.996094,-8.867188,0.278320,0.278320,40.000000,-80.000000,40.000000,-40.000000,0.000000,40.000000
9,opener-big,76000,20.000,0,5,0.500,0.500,0.400,32s,fold,0.000000,-16.024219,-9.023438,-16.024219,-9.023438,0.274414,0.274414,40.000000,-80.000000,40.000000,-40.000000,0.000000,40.000000
9,opener-big,76000,20.000,0,5,0.500,0.500,0.400,T4o,fold,0.000000,-16.028125,-9.045139,-16.028125,-9.045139,0.273872,0.273872,40.000000,-80.000000,40.000000,-40.000000,0.000000,40.000000
9,opener-big,76000,20.000,0,5,0.500,0.500,0.400,T3o,fold,0.000000,-16.040625,-9.114583,-16.040625,-9.114583,0.272135,0.272135,40.000000,-80.000000,40.000000,-40.000000,0.000000,40.000000
9,opener-big,76000,20.000,0,5,0.500,0.500,0.400,93o,fold,0.000000,-16.059375,-9.218750,-16.059375,-9.218750,0.269531,0.269531,40.000000,-80.000000,40.000000,-40.000000,0.000000,40.000000
9,opener-big,76000,20.000,0,5,0.500,0.500,0.400,98o,fold,0.000000,-16.118750,-9.548611,-16.118750,-9.548611,0.261285,0.261285,40.000000,-80.000000,40.000000,-40.000000,0.000000,40.000000
9,opener-big,76000,20.000,0,5,0.500,0.500,0.400,96o,fold,0.000000,-16.140625,-9.670139,-16.140625,-9.670139,0.258247,0.258247,40.000000,-80.000000,40.000000,-40.000000,0.000000,40.000000
9,opener-big,76000,20.000,0,5,0.500,0.500,0.400,97o,fold,0.000000,-16.143750,-9.687500,-16.143750,-9.687500,0.257812,0.257812,40.000000,-80.000000,40.000000,-40.000000,0.000000,40.000000
9,opener-big,76000,20.000,0,5,0.500,0.500,0.400,94o,fold,0.000000,-16.187500,-9.930556,-16.187500,-9.930556,0.251736,0.251736,40.000000,-80.000000,40.000000,-40.000000,0.000000,40.000000
9,opener-big,76000,20.000,0,5,0.500,0.500,0.400,92o,fold,0.000000,-16.262500,-10.347222,-16.262500,-10.347222,0.241319,0.241319,40.000000,-80.000000,40.000000,-40.000000,0.000000,40.000000
9,opener-big,76000,20.000,0,5,0.500,0.500,0.400,95o,fold,0.000000,-16.365625,-10.920139,-16.365625,-10.920139,0.226997,0.226997,40.000000,-80.000000,40.000000,-40.000000,0.000000,40.000000
