level,stack,opener_seat,defender_seat,opener_open_fraction,opener_call_fraction,defender_flat_realization,hand,best_action,fold_value,flat_value,jam_value,flat_ev,jam_ev,flat_equity,jam_equity
9,19000,0,5,0.500,0.000,0.400,JJ,jam,-40.000000,-13.562500,40.000000,26.437500,80.000000,0.826172,0.000000
9,19000,0,5,0.500,0.000,0.400,QQ,jam,-40.000000,-13.854167,40.000000,26.145833,80.000000,0.817057,0.000000
9,19000,0,5,0.500,0.000,0.400,TT,jam,-40.000000,-13.875000,40.000000,26.125000,80.000000,0.816406,0.000000
9,19000,0,5,0.500,0.000,0.400,AA,jam,-40.000000,-14.791667,40.000000,25.208333,80.000000,0.787760,0.000000
9,19000,0,5,0.500,0.000,0.400,KK,jam,-40.000000,-15.020833,40.000000,24.979167,80.000000,0.780599,0.000000
9,19000,0,5,0.500,0.000,0.400,J9s,jam,-40.000000,-16.125000,40.000000,23.875000,80.000000,0.746094,0.000000
9,19000,0,5,0.500,0.000,0.400,JTs,jam,-40.000000,-17.500000,40.000000,22.500000,80.000000,0.703125,0.000000
9,19000,0,5,0.500,0.000,0.400,ATo,jam,-40.000000,-17.652778,40.000000,22.347222,80.000000,0.698351,0.000000
9,19000,0,5,0.500,0.000,0.400,QTs,jam,-40.000000,-17.708333,40.000000,22.291667,80.000000,0.696615,0.000000
9,19000,0,5,0.500,0.000,0.400,JTo,jam,-40.000000,-17.819444,40.000000,22.180556,80.000000,0.693142,0.000000
9,19000,0,5,0.500,0.000,0.400,A9s,jam,-40.000000,-18.083333,40.000000,21.916667,80.000000,0.684896,0.000000
9,19000,0,5,0.500,0.000,0.400,KTo,jam,-40.000000,-18.125000,40.000000,21.875000,80.000000,0.683594,0.000000
9,19000,0,5,0.500,0.000,0.400,ATs,jam,-40.000000,-18.166667,40.000000,21.833333,80.000000,0.682292,0.000000
9,19000,0,5,0.500,0.000,0.400,Q9o,jam,-40.000000,-18.444444,40.000000,21.555556,80.000000,0.673611,0.000000
9,19000,0,5,0.500,0.000,0.400,KTs,jam,-40.000000,-18.500000,40.000000,21.500000,80.000000,0.671875,0.000000
9,19000,0,5,0.500,0.000,0.400,K9o,jam,-40.000000,-18.555556,40.000000,21.444444,80.000000,0.670139,0.000000
9,19000,0,5,0.500,0.000,0.400,J9o,jam,-40.000000,-18.555556,40.000000,21.444444,80.000000,0.670139,0.000000
9,19000,0,5,0.500,0.000,0.400,QTo,jam,-40.000000,-18.638889,40.000000,21.361111,80.000000,0.667535,0.000000
9,19000,0,5,0.500,0.000,0.400,Q9s,jam,-40.000000,-18.750000,40.000000,21.250000,80.000000,0.664062,0.000000
9,19000,0,5,0.500,0.000,0.400,K9s,jam,-40.000000,-18.916667,40.000000,21.083333,80.000000,0.658854,0.000000
9,19000,0,5,0.500,0.000,0.400,A9o,jam,-40.000000,-18.930556,40.000000,21.069444,80.000000,0.658420,0.000000
9,19000,0,5,0.500,0.000,0.400,KQs,jam,-40.000000,-18.968750,40.000000,21.031250,80.000000,0.657227,0.000000
9,19000,0,5,0.500,0.000,0.400,QJs,jam,-40.000000,-19.000000,40.000000,21.000000,80.000000,0.656250,0.000000
9,19000,0,5,0.500,0.000,0.400,KJs,jam,-40.000000,-19.218750,40.000000,20.781250,80.000000,0.649414,0.000000
9,19000,0,5,0.500,0.000,0.400,AQs,jam,-40.000000,-19.468750,40.000000,20.531250,80.000000,0.641602,0.000000
9,19000,0,5,0.500,0.000,0.400,AJs,jam,-40.000000,-19.500000,40.000000,20.500000,80.000000,0.640625,0.000000
9,19000,0,5,0.500,0.000,0.400,AKs,jam,-40.000000,-19.625000,40.000000,20.375000,80.000000,0.636719,0.000000
9,19000,0,5,0.500,0.000,0.400,QJo,jam,-40.000000,-20.083333,40.000000,19.916667,80.000000,0.622396,0.000000
9,19000,0,5,0.500,0.000,0.400,99,jam,-40.000000,-20.125000,40.000000,19.875000,80.000000,0.621094,0.000000
9,19000,0,5,0.500,0.000,0.400,AJo,jam,-40.000000,-20.583333,40.000000,19.416667,80.000000,0.606771,0.000000
9,19000,0,5,0.500,0.000,0.400,KQo,jam,-40.000000,-20.812500,40.000000,19.187500,80.000000,0.599609,0.000000
9,19000,0,5,0.500,0.000,0.400,J4s,jam,-40.000000,-20.875000,40.000000,19.125000,80.000000,0.597656,0.000000
9,19000,0,5,0.500,0.000,0.400,KJo,jam,-40.000000,-20.947917,40.000000,19.052083,80.000000,0.595378,0.000000
9,19000,0,5,0.500,0.000,0.400,J6s,jam,-40.000000,-20.968750,40.000000,19.031250,80.000000,0.594727,0.000000
9,19000,0,5,0.500,0.000,0.400,Q8s,jam,-40.000000,-21.156250,40.000000,18.843750,80.000000,0.588867,0.000000
9,19000,0,5,0.500,0.000,0.400,J8s,jam,-40.000000,-21.156250,40.000000,18.843750,80.000000,0.588867,0.000000
9,19000,0,5,0.500,0.000,0.400,A8s,jam,-40.000000,-21.281250,40.000000,18.718750,80.000000,0.584961,0.000000
9,19000,0,5,0.500,0.000,0.400,A3s,jam,-40.000000,-21.375000,40.000000,18.625000,80.000000,0.582031,0.000000
9,19000,0,5,0.500,0.000,0.400,K5s,jam,-40.000000,-21.500000,40.000000,18.500000,80.000000,0.578125,0.000000
9,19000,0,5,0.500,0.000,0.400,AQo,jam,-40.000000,-21.510417,40.000000,18.489583,80.000000,0.577799,0.000000
9,19000,0,5,0.500,0.000,0.400,Q7s,jam,-40.000000,-21.531250,40.000000,18.468750,80.000000,0.577148,0.000000
9,19000,0,5,0.500,0.000,0.400,AKo,jam,-40.000000,-21.656250,40.000000,18.343750,80.000000,0.573242,0.000000
9,19000,0,5,0.500,0.000,0.400,J7s,jam,-40.000000,-21.812500,40.000000,18.187500,80.000000,0.568359,0.000000
9,19000,0,5,0.500,0.000,0.400,A2s,jam,-40.000000,-21.875000,40.000000,18.125000,80.000000,0.566406,0.000000
9,19000,0,5,0.500,0.000,0.400,A6s,jam,-40.000000,-21.937500,40.000000,18.062500,80.000000,0.564453,0.000000
9,19000,0,5,0.500,0.000,0.400,Q6s,jam,-40.000000,-22.125000,40.000000,17.875000,80.000000,0.558594,0.000000
9,19000,0,5,0.500,0.000,0.400,Q5s,jam,-40.000000,-22.250000,40.000000,17.750000,80.000000,0.554688,0.000000
9,19000,0,5,0.500,0.000,0.400,K6s,jam,-40.000000,-22.281250,40.000000,17.718750,80.000000,0.553711,0.000000
9,19000,0,5,0.500,0.000,0.400,A7s,jam,-40.000000,-22.375000,40.000000,17.625000,80.000000,0.550781,0.000000
9,19000,0,5,0.500,0.000,0.400,K7s,jam,-40.000000,-22.406250,40.000000,17.593750,80.000000,0.549805,0.000000
9,19000,0,5,0.500,0.000,0.400,J5s,jam,-40.000000,-22.406250,40.000000,17.593750,80.000000,0.549805,0.000000
9,19000,0,5,0.500,0.000,0.400,Q4s,jam,-40.000000,-22.437500,40.000000,17.562500,80.000000,0.548828,0.000000
9,19000,0,5,0.500,0.000,0.400,A8o,jam,-40.000000,-22.500000,40.000000,17.500000,80.000000,0.546875,0.000000
9,19000,0,5,0.500,0.000,0.400,J8o,jam,-40.000000,-22.500000,40.000000,17.500000,80.000000,0.546875,0.000000
9,19000,0,5,0.500,0.000,0.400,K2s,jam,-40.000000,-22.562500,40.000000,17.437500,80.000000,0.544922,0.000000
9,19000,0,5,0.500,0.000,0.400,A5s,jam,-40.000000,-22.625000,40.000000,17.375000,80.000000,0.542969,0.000000
9,19000,0,5,0.500,0.000,0.400,J2o,jam,-40.000000,-22.635417,40.000000,17.364583,80.000000,0.542643,0.000000
9,19000,0,5,0.500,0.000,0.400,K8s,jam,-40.000000,-22.687500,40.000000,17.312500,80.000000,0.541016,0.000000
9,19000,0,5,0.500,0.000,0.400,A4s,jam,-40.000000,-22.718750,40.000000,17.281250,80.000000,0.540039,0.000000
9,19000,0,5,0.500,0.000,0.400,Q8o,jam,-40.000000,-22.791667,40.000000,17.208333,80.000000,0.537760,0.000000
9,19000,0,5,0.500,0.000,0.400,Q2s,jam,-40.000000,-22.812500,40.000000,17.187500,80.000000,0.537109,0.000000
9,19000,0,5,0.500,0.000,0.400,A3o,jam,-40.000000,-22.822917,40.000000,17.177083,80.000000,0.536784,0.000000
9,19000,0,5,0.500,0.000,0.400,Q6o,jam,-40.000000,-22.843750,40.000000,17.156250,80.000000,0.536133,0.000000
9,19000,0,5,0.500,0.000,0.400,K4s,jam,-40.000000,-22.968750,40.000000,17.031250,80.000000,0.532227,0.000000
9,19000,0,5,0.500,0.000,0.400,Q2o,jam,-40.000000,-22.989583,40.000000,17.010417,80.000000,0.531576,0.000000
9,19000,0,5,0.500,0.000,0.400,A6o,jam,-40.000000,-23.052083,40.000000,16.947917,80.000000,0.529622,0.000000
9,19000,0,5,0.500,0.000,0.400,K7o,jam,-40.000000,-23.083333,40.000000,16.916667,80.000000,0.528646,0.000000
9,19000,0,5,0.500,0.000,0.400,K8o,jam,-40.000000,-23.104167,40.000000,16.895833,80.000000,0.527995,0.000000
9,19000,0,5,0.500,0.000,0.400,J5o,jam,-40.000000,-23.125000,40.000000,16.875000,80.000000,0.527344,0.000000
9,19000,0,5,0.500,0.000,0.400,A5o,jam,-40.000000,-23.145833,40.000000,16.854167,80.000000,0.526693,0.000000
9,19000,0,5,0.500,0.000,0.400,K3s,jam,-40.000000,-23.156250,40.000000,16.843750,80.000000,0.526367,0.000000
9,19000,0,5,0.500,0.000,0.400,J2s,jam,-40.000000,-23.187500,40.000000,16.812500,80.000000,0.525391,0.000000
9,19000,0,5,0.500,0.000,0.400,A4o,jam,-40.000000,-23.250000,40.000000,16.750000,80.000000,0.523438,0.000000
9,19000,0,5,0.500,0.000,0.400,K4o,jam,-40.000000,-23.354167,40.000000,16.645833,80.000000,0.520182,0.000000
9,19000,0,5,0.500,0.000,0.400,J7o,jam,-40.000000,-23.406250,40.000000,16.593750,80.000000,0.518555,0.000000
9,19000,0,5,0.500,0.000,0.400,K3o,jam,-40.000000,-23.437500,40.000000,16.562500,80.000000,0.517578,0.000000
9,19000,0,5,0.500,0.000,0.400,J4o,jam,-40.000000,-23.447917,40.000000,16.552083,80.000000,0.517253,0.000000
9,19000,0,5,0.500,0.000,0.400,88,jam,-40.000000,-23.458333,40.000000,16.541667,80.000000,0.516927,0.000000
9,19000,0,5,0.500,0.000,0.400,A7o,jam,-40.000000,-23.552083,40.000000,16.447917,80.000000,0.513997,0.000000
9,19000,0,5,0.500,0.000,0.400,Q3s,jam,-40.000000,-23.656250,40.000000,16.343750,80.000000,0.510742,0.000000
9,19000,0,5,0.500,0.000,0.400,J3s,jam,-40.000000,-23.718750,40.000000,16.281250,80.000000,0.508789,0.000000
9,19000,0,5,0.500,0.000,0.400,K6o,jam,-40.000000,-23.802083,40.000000,16.197917,80.000000,0.506185,0.000000
9,19000,0,5,0.500,0.000,0.400,Q5o,jam,-40.000000,-23.822917,40.000000,16.177083,80.000000,0.505534,0.000000
9,19000,0,5,0.500,0.000,0.400,J6o,jam,-40.000000,-23.843750,40.000000,16.156250,80.000000,0.504883,0.000000
9,19000,0,5,0.500,0.000,0.400,Q3o,jam,-40.000000,-23.895833,40.000000,16.104167,80.000000,0.503255,0.000000
9,19000,0,5,0.500,0.000,0.400,A2o,jam,-40.000000,-23.958333,40.000000,16.041667,80.000000,0.501302,0.000000
9,19000,0,5,0.500,0.000,0.400,Q4o,jam,-40.000000,-23.989583,40.000000,16.010417,80.000000,0.500326,0.000000
9,19000,0,5,0.500,0.000,0.400,Q7o,jam,-40.000000,-24.000000,40.000000,16.000000,80.000000,0.500000,0.000000
9,19000,0,5,0.500,0.000,0.400,J3o,jam,-40.000000,-24.000000,40.000000,16.000000,80.000000,0.500000,0.000000
9,19000,0,5,0.500,0.000,0.400,T9s,jam,-40.000000,-24.000000,40.000000,16.000000,80.000000,0.500000,0.000000
9,19000,0,5,0.500,0.000,0.400,66,jam,-40.000000,-24.062500,40.000000,15.937500,80.000000,0.498047,0.000000
9,19000,0,5,0.500,0.000,0.400,K2o,jam,-40.000000,-24.291667,40.000000,15.708333,80.000000,0.490885,0.000000
9,19000,0,5,0.500,0.000,0.400,K5o,jam,-40.000000,-24.343750,40.000000,15.656250,80.000000,0.489258,0.000000
9,19000,0,5,0.500,0.000,0.400,55,jam,-40.000000,-24.354167,40.000000,15.645833,80.000000,0.488932,0.000000
9,19000,0,5,0.500,0.000,0.400,33,jam,-40.000000,-24.625000,40.000000,15.375000,80.000000,0.480469,0.000000
9,19000,0,5,0.500,0.000,0.400,T9o,jam,-40.000000,-24.729167,40.000000,15.270833,80.000000,0.477214,0.000000
9,19000,0,5,0.500,0.000,0.400,22,jam,-40.000000,-25.145833,40.000000,14.854167,80.000000,0.464193,0.000000
9,19000,0,5,0.500,0.000,0.400,77,jam,-40.000000,-25.229167,40.000000,14.770833,80.000000,0.461589,0.000000
9,19000,0,5,0.500,0.000,0.400,44,jam,-40.000000,-25.958333,40.000000,14.041667,80.000000,0.438802,0.000000
9,19000,0,5,0.500,0.000,0.400,76s,jam,-40.000000,-27.875000,40.000000,12.125000,80.000000,0.378906,0.000000
9,19000,0,5,0.500,0.000,0.400,72s,jam,-40.000000,-28.250000,40.000000,11.750000,80.000000,0.367188,0.000000
9,19000,0,5,0.500,0.000,0.400,75s,jam,-40.000000,-28.437500,40.000000,11.562500,80.000000,0.361328,0.000000
9,19000,0,5,0.500,0.000,0.400,42s,jam,-40.000000,-28.468750,40.000000,11.531250,80.000000,0.360352,0.000000
9,19000,0,5,0.500,0.000,0.400,54o,jam,-40.000000,-28.489583,40.000000,11.510417,80.000000,0.359701,0.000000
9,19000,0,5,0.500,0.000,0.400,76o,jam,-40.000000,-28.510417,40.000000,11.489583,80.000000,0.359049,0.000000
9,19000,0,5,0.500,0.000,0.400,43s,jam,-40.000000,-28.625000,40.000000,11.375000,80.000000,0.355469,0.000000
9,19000,0,5,0.500,0.000,0.400,52s,jam,-40.000000,-28.718750,40.000000,11.281250,80.000000,0.352539,0.000000
9,19000,0,5,0.500,0.000,0.400,T3s,jam,-40.000000,-28.791667,40.000000,11.208333,80.000000,0.350260,0.000000
9,19000,0,5,0.500,0.000,0.400,86s,jam,-40.000000,-28.812500,40.000000,11.187500,80.000000,0.349609,0.000000
9,19000,0,5,0.500,0.000,0.400,73s,jam,-40.000000,-28.812500,40.000000,11.187500,80.000000,0.349609,0.000000
9,19000,0,5,0.500,0.000,0.400,87o,jam,-40.000000,-28.875000,40.000000,11.125000,80.000000,0.347656,0.000000
9,19000,0,5,0.500,0.000,0.400,85s,jam,-40.000000,-28.875000,40.000000,11.125000,80.000000,0.347656,0.000000
9,19000,0,5,0.500,0.000,0.400,74s,jam,-40.000000,-28.937500,40.000000,11.062500,80.000000,0.345703,0.000000
9,19000,0,5,0.500,0.000,0.400,63s,jam,-40.000000,-28.937500,40.000000,11.062500,80.000000,0.345703,0.000000
9,19000,0,5,0.500,0.000,0.400,T8s,jam,-40.000000,-28.958333,40.000000,11.041667,80.000000,0.345052,0.000000
9,19000,0,5,0.500,0.000,0.400,65s,jam,-40.000000,-29.000000,40.000000,11.000000,80.000000,0.343750,0.000000
9,19000,0,5,0.500,0.000,0.400,53s,jam,-40.000000,-29.093750,40.000000,10.906250,80.000000,0.340820,0.000000
9,19000,0,5,0.500,0.000,0.400,87s,jam,-40.000000,-29.218750,40.000000,10.781250,80.000000,0.336914,0.000000
9,19000,0,5,0.500,0.000,0.400,53o,jam,-40.000000,-29.229167,40.000000,10.770833,80.000000,0.336589,0.000000
9,19000,0,5,0.500,0.000,0.400,65o,jam,-40.000000,-29.250000,40.000000,10.750000,80.000000,0.335938,0.000000
9,19000,0,5,0.500,0.000,0.400,52o,jam,-40.000000,-29.395833,40.000000,10.604167,80.000000,0.331380,0.000000
9,19000,0,5,0.500,0.000,0.400,32o,jam,-40.000000,-29.427083,40.000000,10.572917,80.000000,0.330404,0.000000
9,19000,0,5,0.500,0.000,0.400,64o,jam,-40.000000,-29.510417,40.000000,10.489583,80.000000,0.327799,0.000000
9,19000,0,5,0.500,0.000,0.400,84s,jam,-40.000000,-29.531250,40.000000,10.468750,80.000000,0.327148,0.000000
9,19000,0,5,0.500,0.000,0.400,62s,jam,-40.000000,-29.562500,40.000000,10.437500,80.000000,0.326172,0.000000
9,19000,0,5,0.500,0.000,0.400,63o,jam,-40.000000,-29.583333,40.000000,10.416667,80.000000,0.325521,0.000000
9,19000,0,5,0.500,0.000,0.400,42o,jam,-40.000000,-29.625000,40.000000,10.375000,80.000000,0.324219,0.000000
9,19000,0,5,0.500,0.000,0.400,43o,jam,-40.000000,-29.645833,40.000000,10.354167,80.000000,0.323568,0.000000
9,19000,0,5,0.500,0.000,0.400,54s,jam,-40.000000,-29.656250,40.000000,10.343750,80.000000,0.323242,0.000000
9,19000,0,5,0.500,0.000,0.400,T6s,jam,-40.000000,-29.666667,40.000000,10.333333,80.000000,0.322917,0.000000
9,19000,0,5,0.500,0.000,0.400,92s,jam,-40.000000,-29.666667,40.000000,10.333333,80.000000,0.322917,0.000000
9,19000,0,5,0.500,0.000,0.400,62o,jam,-40.000000,-29.729167,40.000000,10.270833,80.000000,0.320964,0.000000
9,19000,0,5,0.500,0.000,0.400,96s,jam,-40.000000,-29.750000,40.000000,10.250000,80.000000,0.320312,0.000000
9,19000,0,5,0.500,0.000,0.400,75o,jam,-40.000000,-29.760417,40.000000,10.239583,80.000000,0.319987,0.000000
9,19000,0,5,0.500,0.000,0.400,86o,jam,-40.000000,-29.854167,40.000000,10.145833,80.000000,0.317057,0.000000
9,19000,0,5,0.500,0.000,0.400,T2s,jam,-40.000000,-29.875000,40.000000,10.125000,80.000000,0.316406,0.000000
9,19000,0,5,0.500,0.000,0.400,82s,jam,-40.000000,-29.937500,40.000000,10.062500,80.000000,0.314453,0.000000
9,19000,0,5,0.500,0.000,0.400,83s,jam,-40.000000,-29.968750,40.000000,10.031250,80.000000,0.313477,0.000000
9,19000,0,5,0.500,0.000,0.400,T7s,jam,-40.000000,-30.041667,40.000000,9.958333,80.000000,0.311198,0.000000
9,19000,0,5,0.500,0.000,0.400,T5s,jam,-40.000000,-30.208333,40.000000,9.791667,80.000000,0.305990,0.000000
9,19000,0,5,0.500,0.000,0.400,85o,jam,-40.000000,-30.302083,40.000000,9.697917,80.000000,0.303060,0.000000
9,19000,0,5,0.500,0.000,0.400,84o,jam,-40.000000,-30.322917,40.000000,9.677083,80.000000,0.302409,0.000000
9,19000,0,5,0.500,0.000,0.400,T4s,jam,-40.000000,-30.333333,40.000000,9.666667,80.000000,0.302083,0.000000
9,19000,0,5,0.500,0.000,0.400,93s,jam,-40.000000,-30.333333,40.000000,9.666667,80.000000,0.302083,0.000000
9,19000,0,5,0.500,0.000,0.400,73o,jam,-40.000000,-30.385417,40.000000,9.614583,80.000000,0.300456,0.000000
9,19000,0,5,0.500,0.000,0.400,74o,jam,-40.000000,-30.468750,40.000000,9.531250,80.000000,0.297852,0.000000
9,19000,0,5,0.500,0.000,0.400,97s,jam,-40.000000,-30.500000,40.000000,9.500000,80.000000,0.296875,0.000000
9,19000,0,5,0.500,0.000,0.400,94s,jam,-40.000000,-30.541667,40.000000,9.458333,80.000000,0.295573,0.000000
9,19000,0,5,0.500,0.000,0.400,95s,jam,-40.000000,-30.708333,40.000000,9.291667,80.000000,0.290365,0.000000
9,19000,0,5,0.500,0.000,0.400,T6o,jam,-40.000000,-30.722222,40.000000,9.277778,80.000000,0.289931,0.000000
9,19000,0,5,0.500,0.000,0.400,T2o,jam,-40.000000,-30.722222,40.000000,9.277778,80.000000,0.289931,0.000000
9,19000,0,5,0.500,0.000,0.400,T5o,jam,-40.000000,-30.750000,40.000000,9.250000,80.000000,0.289062,0.000000
9,19000,0,5,0.500,0.000,0.400,72o,jam,-40.000000,-30.770833,40.000000,9.229167,80.000000,0.288411,0.000000
9,19000,0,5,0.500,0.000,0.400,T8o,jam,-40.000000,-30.777778,40.000000,9.222222,80.000000,0.288194,0.000000
9,19000,0,5,0.500,0.000,0.400,98s,jam,-40.000000,-30.791667,40.000000,9.208333,80.000000,0.287760,0.000000
9,19000,0,5,0.500,0.000,0.400,64s,jam,-40.000000,-30.812500,40.000000,9.187500,80.000000,0.287109,0.000000
9,19000,0,5,0.500,0.000,0.400,T7o,jam,-40.000000,-30.916667,40.000000,9.083333,80.000000,0.283854,0.000000
9,19000,0,5,0.500,0.000,0.400,82o,jam,-40.000000,-31.000000,40.000000,9.000000,80.000000,0.281250,0.000000
9,19000,0,5,0.500,0.000,0.400,83o,jam,-40.000000,-31.093750,40.000000,8.906250,80.000000,0.278320,0.000000
9,19000,0,5,0.500,0.000,0.400,32s,jam,-40.000000,-31.218750,40.000000,8.781250,80.000000,0.274414,0.000000
9,19000,0,5,0.500,0.000,0.400,T4o,jam,-40.000000,-31.236111,40.000000,8.763889,80.000000,0.273872,0.000000
9,19000,0,5,0.500,0.000,0.400,T3o,jam,-40.000000,-31.291667,40.000000,8.708333,80.000000,0.272135,0.000000
9,19000,0,5,0.500,0.000,0.400,93o,jam,-40.000000,-31.375000,40.000000,8.625000,80.000000,0.269531,0.000000
9,19000,0,5,0.500,0.000,0.400,98o,jam,-40.000000,-31.638889,40.000000,8.361111,80.000000,0.261285,0.000000
9,19000,0,5,0.500,0.000,0.400,96o,jam,-40.000000,-31.736111,40.000000,8.263889,80.000000,0.258247,0.000000
9,19000,0,5,0.500,0.000,0.400,97o,jam,-40.000000,-31.750000,40.000000,8.250000,80.000000,0.257812,0.000000
9,19000,0,5,0.500,0.000,0.400,94o,jam,-40.000000,-31.944444,40.000000,8.055556,80.000000,0.251736,0.000000
9,19000,0,5,0.500,0.000,0.400,92o,jam,-40.000000,-32.277778,40.000000,7.722222,80.000000,0.241319,0.000000
9,19000,0,5,0.500,0.000,0.400,95o,jam,-40.000000,-32.736111,40.000000,7.263889,80.000000,0.226997,0.000000
9,19000,0,5,0.500,0.050,0.400,QQ,jam,-40.000000,-13.854167,39.350694,26.145833,79.350694,0.817057,0.837674
9,19000,0,5,0.500,0.050,0.400,JJ,jam,-40.000000,-13.562500,39.284722,26.437500,79.284722,0.826172,0.821181
9,19000,0,5,0.500,0.050,0.400,TT,jam,-40.000000,-13.875000,39.276042,26.125000,79.276042,0.816406,0.819010
9,19000,0,5,0.500,0.050,0.400,KK,jam,-40.000000,-15.020833,39.270833,24.979167,79.270833,0.780599,0.817708
9,19000,0,5,0.500,0.050,0.400,AA,jam,-40.000000,-14.791667,39.258681,25.208333,79.258681,0.787760,0.814670
9,19000,0,5,0.500,0.050,0.400,AQs,jam,-40.000000,-19.468750,38.007812,20.531250,78.007812,0.641602,0.501953
9,19000,0,5,0.500,0.050,0.400,99,jam,-40.000000,-20.125000,38.000000,19.875000,78.000000,0.621094,0.500000
9,19000,0,5,0.500,0.050,0.400,KQs,jam,-40.000000,-18.968750,37.968750,21.031250,77.968750,0.657227,0.492188
9,19000,0,5,0.500,0.050,0.400,JTs,jam,-40.000000,-17.500000,37.963542,22.500000,77.963542,0.703125,0.490885
9,19000,0,5,0.500,0.050,0.400,QJs,jam,-40.000000,-19.000000,37.906250,21.000000,77.906250,0.656250,0.476562
9,19000,0,5,0.500,0.050,0.400,QTs,jam,-40.000000,-17.708333,37.893229,22.291667,77.893229,0.696615,0.473307
9,19000,0,5,0.500,0.050,0.400,ATs,jam,-40.000000,-18.166667,37.882812,21.833333,77.882812,0.682292,0.470703
9,19000,0,5,0.500,0.050,0.400,AJs,jam,-40.000000,-19.500000,37.872396,20.500000,77.872396,0.640625,0.468099
9,19000,0,5,0.500,0.050,0.400,KTs,jam,-40.000000,-18.500000,37.867188,21.500000,77.867188,0.671875,0.466797
9,19000,0,5,0.500,0.050,0.400,AJo,jam,-40.000000,-20.583333,37.862847,19.416667,77.862847,0.606771,0.465712
9,19000,0,5,0.500,0.050,0.400,AKs,jam,-40.000000,-19.625000,37.828125,20.375000,77.828125,0.636719,0.457031
9,19000,0,5,0.500,0.050,0.400,QJo,jam,-40.000000,-20.083333,37.818576,19.916667,77.818576,0.622396,0.454644
9,19000,0,5,0.500,0.050,0.400,QTo,jam,-40.000000,-18.638889,37.811632,21.361111,77.811632,0.667535,0.452908
9,19000,0,5,0.500,0.050,0.400,JTo,jam,-40.000000,-17.819444,37.803819,22.180556,77.803819,0.693142,0.450955
9,19000,0,5,0.500,0.050,0.400,KJs,jam,-40.000000,-19.218750,37.802083,20.781250,77.802083,0.649414,0.450521
9,19000,0,5,0.500,0.050,0.400,AQo,jam,-40.000000,-21.510417,37.772569,18.489583,77.772569,0.577799,0.443142
9,19000,0,5,0.500,0.050,0.400,ATo,jam,-40.000000,-17.652778,37.762153,22.347222,77.762153,0.698351,0.440538
9,19000,0,5,0.500,0.050,0.400,KJo,jam,-40.000000,-20.947917,37.753472,19.052083,77.753472,0.595378,0.438368
9,19000,0,5,0.500,0.050,0.400,KTo,jam,-40.000000,-18.125000,37.747396,21.875000,77.747396,0.683594,0.436849
9,19000,0,5,0.500,0.050,0.400,AKo,jam,-40.000000,-21.656250,37.738715,18.343750,77.738715,0.573242,0.434679
9,19000,0,5,0.500,0.050,0.400,KQo,jam,-40.000000,-20.812500,37.724826,19.187500,77.724826,0.599609,0.431207
9,19000,0,5,0.500,0.050,0.400,T9o,jam,-40.000000,-24.729167,37.526042,15.270833,77.526042,0.477214,0.381510
9,19000,0,5,0.500,0.050,0.400,T9s,jam,-40.000000,-24.000000,37.515625,16.000000,77.515625,0.500000,0.378906
9,19000,0,5,0.500,0.050,0.400,A4s,jam,-40.000000,-22.718750,37.471354,17.281250,77.471354,0.540039,0.367839
9,19000,0,5,0.500,0.050,0.400,A5s,jam,-40.000000,-22.625000,37.450521,17.375000,77.450521,0.542969,0.362630
9,19000,0,5,0.500,0.050,0.400,Q9s,jam,-40.000000,-18.750000,37.437500,21.250000,77.437500,0.664062,0.359375
9,19000,0,5,0.500,0.050,0.400,J9s,jam,-40.000000,-16.125000,37.411458,23.875000,77.411458,0.746094,0.352865
9,19000,0,5,0.500,0.050,0.400,Q3s,jam,-40.000000,-23.656250,37.395833,16.343750,77.395833,0.510742,0.348958
9,19000,0,5,0.500,0.050,0.400,J8s,jam,-40.000000,-21.156250,37.390625,18.843750,77.390625,0.588867,0.347656
9,19000,0,5,0.500,0.050,0.400,T6s,jam,-40.000000,-29.666667,37.390625,10.333333,77.390625,0.322917,0.347656
9,19000,0,5,0.500,0.050,0.400,T8s,jam,-40.000000,-28.958333,37.388021,11.041667,77.388021,0.345052,0.347005
9,19000,0,5,0.500,0.050,0.400,K7s,jam,-40.000000,-22.406250,37.369792,17.593750,77.369792,0.549805,0.342448
9,19000,0,5,0.500,0.050,0.400,K9s,jam,-40.000000,-18.916667,37.364583,21.083333,77.364583,0.658854,0.341146
9,19000,0,5,0.500,0.050,0.400,J6s,jam,-40.000000,-20.968750,37.364583,19.031250,77.364583,0.594727,0.341146
9,19000,0,5,0.500,0.050,0.400,Q9o,jam,-40.000000,-18.444444,37.355903,21.555556,77.355903,0.673611,0.338976
9,19000,0,5,0.500,0.050,0.400,A9s,jam,-40.000000,-18.083333,37.348958,21.916667,77.348958,0.684896,0.337240
9,19000,0,5,0.500,0.050,0.400,K5s,jam,-40.000000,-21.500000,37.341146,18.500000,77.341146,0.578125,0.335286
9,19000,0,5,0.500,0.050,0.400,J5s,jam,-40.000000,-22.406250,37.335938,17.593750,77.335938,0.549805,0.333984
9,19000,0,5,0.500,0.050,0.400,Q8s,jam,-40.000000,-21.156250,37.317708,18.843750,77.317708,0.588867,0.329427
9,19000,0,5,0.500,0.050,0.400,Q7s,jam,-40.000000,-21.531250,37.312500,18.468750,77.312500,0.577148,0.328125
9,19000,0,5,0.500,0.050,0.400,T5s,jam,-40.000000,-30.208333,37.312500,9.791667,77.312500,0.305990,0.328125
9,19000,0,5,0.500,0.050,0.400,A6s,jam,-40.000000,-21.937500,37.299479,18.062500,77.299479,0.564453,0.324870
9,19000,0,5,0.500,0.050,0.400,K3s,jam,-40.000000,-23.156250,37.299479,16.843750,77.299479,0.526367,0.324870
9,19000,0,5,0.500,0.050,0.400,A3s,jam,-40.000000,-21.375000,37.296875,18.625000,77.296875,0.582031,0.324219
9,19000,0,5,0.500,0.050,0.400,A2s,jam,-40.000000,-21.875000,37.296875,18.125000,77.296875,0.566406,0.324219
9,19000,0,5,0.500,0.050,0.400,K8s,jam,-40.000000,-22.687500,37.291667,17.312500,77.291667,0.541016,0.322917
9,19000,0,5,0.500,0.050,0.400,A8s,jam,-40.000000,-21.281250,37.283854,18.718750,77.283854,0.584961,0.320964
9,19000,0,5,0.500,0.050,0.400,J2s,jam,-40.000000,-23.187500,37.273438,16.812500,77.273438,0.525391,0.318359
9,19000,0,5,0.500,0.050,0.400,K2s,jam,-40.000000,-22.562500,37.257812,17.437500,77.257812,0.544922,0.314453
9,19000,0,5,0.500,0.050,0.400,T7s,jam,-40.000000,-30.041667,37.252604,9.958333,77.252604,0.311198,0.313151
9,19000,0,5,0.500,0.050,0.400,A5o,jam,-40.000000,-23.145833,37.245660,16.854167,77.245660,0.526693,0.311415
9,19000,0,5,0.500,0.050,0.400,T5o,jam,-40.000000,-30.750000,37.245660,9.250000,77.245660,0.289062,0.311415
9,19000,0,5,0.500,0.050,0.400,T3s,jam,-40.000000,-28.791667,37.244792,11.208333,77.244792,0.350260,0.311198
9,19000,0,5,0.500,0.050,0.400,A7s,jam,-40.000000,-22.375000,37.236979,17.625000,77.236979,0.550781,0.309245
9,19000,0,5,0.500,0.050,0.400,Q5s,jam,-40.000000,-22.250000,37.234375,17.750000,77.234375,0.554688,0.308594
9,19000,0,5,0.500,0.050,0.400,K4s,jam,-40.000000,-22.968750,37.234375,17.031250,77.234375,0.532227,0.308594
9,19000,0,5,0.500,0.050,0.400,A9o,jam,-40.000000,-18.930556,37.232639,21.069444,77.232639,0.658420,0.308160
9,19000,0,5,0.500,0.050,0.400,A7o,jam,-40.000000,-23.552083,37.230903,16.447917,77.230903,0.513997,0.307726
9,19000,0,5,0.500,0.050,0.400,Q2s,jam,-40.000000,-22.812500,37.226562,17.187500,77.226562,0.537109,0.306641
9,19000,0,5,0.500,0.050,0.400,K6s,jam,-40.000000,-22.281250,37.223958,17.718750,77.223958,0.553711,0.305990
9,19000,0,5,0.500,0.050,0.400,J4s,jam,-40.000000,-20.875000,37.221354,19.125000,77.221354,0.597656,0.305339
9,19000,0,5,0.500,0.050,0.400,J9o,jam,-40.000000,-18.555556,37.218750,21.444444,77.218750,0.670139,0.304688
9,19000,0,5,0.500,0.050,0.400,T4s,jam,-40.000000,-30.333333,37.216146,9.666667,77.216146,0.302083,0.304036
9,19000,0,5,0.500,0.050,0.400,J7o,jam,-40.000000,-23.406250,37.214410,16.593750,77.214410,0.518555,0.303602
9,19000,0,5,0.500,0.050,0.400,Q6s,jam,-40.000000,-22.125000,37.213542,17.875000,77.213542,0.558594,0.303385
9,19000,0,5,0.500,0.050,0.400,Q4s,jam,-40.000000,-22.437500,37.213542,17.562500,77.213542,0.548828,0.303385
9,19000,0,5,0.500,0.050,0.400,Q4o,jam,-40.000000,-23.989583,37.211806,16.010417,77.211806,0.500326,0.302951
9,19000,0,5,0.500,0.050,0.400,A2o,jam,-40.000000,-23.958333,37.205729,16.041667,77.205729,0.501302,0.301432
9,19000,0,5,0.500,0.050,0.400,A4o,jam,-40.000000,-23.250000,37.196181,16.750000,77.196181,0.523438,0.299045
9,19000,0,5,0.500,0.050,0.400,T7o,jam,-40.000000,-30.916667,37.194444,9.083333,77.194444,0.283854,0.298611
9,19000,0,5,0.500,0.050,0.400,Q8o,jam,-40.000000,-22.791667,37.193576,17.208333,77.193576,0.537760,0.298394
9,19000,0,5,0.500,0.050,0.400,J7s,jam,-40.000000,-21.812500,37.187500,18.187500,77.187500,0.568359,0.296875
9,19000,0,5,0.500,0.050,0.400,T8o,jam,-40.000000,-30.777778,37.185764,9.222222,77.185764,0.288194,0.296441
9,19000,0,5,0.500,0.050,0.400,J3s,jam,-40.000000,-23.718750,37.179688,16.281250,77.179688,0.508789,0.294922
9,19000,0,5,0.500,0.050,0.400,T2s,jam,-40.000000,-29.875000,37.179688,10.125000,77.179688,0.316406,0.294922
9,19000,0,5,0.500,0.050,0.400,K5o,jam,-40.000000,-24.343750,37.173611,15.656250,77.173611,0.489258,0.293403
9,19000,0,5,0.500,0.050,0.400,A3o,jam,-40.000000,-22.822917,37.166667,17.177083,77.166667,0.536784,0.291667
9,19000,0,5,0.500,0.050,0.400,A8o,jam,-40.000000,-22.500000,37.161458,17.500000,77.161458,0.546875,0.290365
9,19000,0,5,0.500,0.050,0.400,J8o,jam,-40.000000,-22.500000,37.148438,17.500000,77.148438,0.546875,0.287109
9,19000,0,5,0.500,0.050,0.400,A6o,jam,-40.000000,-23.052083,37.147569,16.947917,77.147569,0.529622,0.286892
9,19000,0,5,0.500,0.050,0.400,J3o,jam,-40.000000,-24.000000,37.146701,16.000000,77.146701,0.500000,0.286675
9,19000,0,5,0.500,0.050,0.400,Q7o,jam,-40.000000,-24.000000,37.144965,16.000000,77.144965,0.500000,0.286241
9,19000,0,5,0.500,0.050,0.400,K7o,jam,-40.000000,-23.083333,37.139757,16.916667,77.139757,0.528646,0.284939
9,19000,0,5,0.500,0.050,0.400,K9o,jam,-40.000000,-18.555556,37.138889,21.444444,77.138889,0.670139,0.284722
9,19000,0,5,0.500,0.050,0.400,Q5o,jam,-40.000000,-23.822917,37.138889,16.177083,77.138889,0.505534,0.284722
9,19000,0,5,0.500,0.050,0.400,T6o,jam,-40.000000,-30.722222,37.138021,9.277778,77.138021,0.289931,0.284505
9,19000,0,5,0.500,0.050,0.400,K4o,jam,-40.000000,-23.354167,37.135417,16.645833,77.135417,0.520182,0.283854
9,19000,0,5,0.500,0.050,0.400,K6o,jam,-40.000000,-23.802083,37.127604,16.197917,77.127604,0.506185,0.281901
9,19000,0,5,0.500,0.050,0.400,K2o,jam,-40.000000,-24.291667,37.125868,15.708333,77.125868,0.490885,0.281467
9,19000,0,5,0.500,0.050,0.400,J6o,jam,-40.000000,-23.843750,37.121528,16.156250,77.121528,0.504883,0.280382
9,19000,0,5,0.500,0.050,0.400,J5o,jam,-40.000000,-23.125000,37.114583,16.875000,77.114583,0.527344,0.278646
9,19000,0,5,0.500,0.050,0.400,Q2o,jam,-40.000000,-22.989583,37.106771,17.010417,77.106771,0.531576,0.276693
9,19000,0,5,0.500,0.050,0.400,J4o,jam,-40.000000,-23.447917,37.106771,16.552083,77.106771,0.517253,0.276693
9,19000,0,5,0.500,0.050,0.400,T2o,jam,-40.000000,-30.722222,37.105035,9.277778,77.105035,0.289931,0.276259
9,19000,0,5,0.500,0.050,0.400,T4o,jam,-40.000000,-31.236111,37.105035,8.763889,77.105035,0.273872,0.276259
9,19000,0,5,0.500,0.050,0.400,J2o,jam,-40.000000,-22.635417,37.095486,17.364583,77.095486,0.542643,0.273872
9,19000,0,5,0.500,0.050,0.400,Q6o,jam,-40.000000,-22.843750,37.095486,17.156250,77.095486,0.536133,0.273872
9,19000,0,5,0.500,0.050,0.400,Q3o,jam,-40.000000,-23.895833,37.095486,16.104167,77.095486,0.503255,0.273872
9,19000,0,5,0.500,0.050,0.400,T3o,jam,-40.000000,-31.291667,37.088542,8.708333,77.088542,0.272135,0.272135
9,19000,0,5,0.500,0.050,0.400,K8o,jam,-40.000000,-23.104167,37.078125,16.895833,77.078125,0.527995,0.269531
9,19000,0,5,0.500,0.050,0.400,K3o,jam,-40.000000,-23.437500,37.073785,16.562500,77.073785,0.517578,0.268446
9,19000,0,5,0.500,0.050,0.400,54s,jam,-40.000000,-29.656250,36.971354,10.343750,76.971354,0.323242,0.242839
9,19000,0,5,0.500,0.050,0.400,43s,jam,-40.000000,-28.625000,36.893229,11.375000,76.893229,0.355469,0.223307
9,19000,0,5,0.500,0.050,0.400,75s,jam,-40.000000,-28.437500,36.872396,11.562500,76.872396,0.361328,0.218099
9,19000,0,5,0.500,0.050,0.400,42s,jam,-40.000000,-28.468750,36.851562,11.531250,76.851562,0.360352,0.212891
9,19000,0,5,0.500,0.050,0.400,64s,jam,-40.000000,-30.812500,36.846354,9.187500,76.846354,0.287109,0.211589
9,19000,0,5,0.500,0.050,0.400,52s,jam,-40.000000,-28.718750,36.841146,11.281250,76.841146,0.352539,0.210286
9,19000,0,5,0.500,0.050,0.400,65s,jam,-40.000000,-29.000000,36.838542,11.000000,76.838542,0.343750,0.209635
9,19000,0,5,0.500,0.050,0.400,87s,jam,-40.000000,-29.218750,36.835938,10.781250,76.835938,0.336914,0.208984
9,19000,0,5,0.500,0.050,0.400,53s,jam,-40.000000,-29.093750,36.820312,10.906250,76.820312,0.340820,0.205078
9,19000,0,5,0.500,0.050,0.400,33,jam,-40.000000,-24.625000,36.812500,15.375000,76.812500,0.480469,0.203125
9,19000,0,5,0.500,0.050,0.400,76s,jam,-40.000000,-27.875000,36.812500,12.125000,76.812500,0.378906,0.203125
9,19000,0,5,0.500,0.050,0.400,85s,jam,-40.000000,-28.875000,36.799479,11.125000,76.799479,0.347656,0.199870
9,19000,0,5,0.500,0.050,0.400,98s,jam,-40.000000,-30.791667,36.796875,9.208333,76.796875,0.287760,0.199219
9,19000,0,5,0.500,0.050,0.400,84s,jam,-40.000000,-29.531250,36.778646,10.468750,76.778646,0.327148,0.194661
9,19000,0,5,0.500,0.050,0.400,77,jam,-40.000000,-25.229167,36.755208,14.770833,76.755208,0.461589,0.188802
9,19000,0,5,0.500,0.050,0.400,74s,jam,-40.000000,-28.937500,36.744792,11.062500,76.744792,0.345703,0.186198
9,19000,0,5,0.500,0.050,0.400,86s,jam,-40.000000,-28.812500,36.742188,11.187500,76.742188,0.349609,0.185547
9,19000,0,5,0.500,0.050,0.400,44,jam,-40.000000,-25.958333,36.739583,14.041667,76.739583,0.438802,0.184896
9,19000,0,5,0.500,0.050,0.400,32s,jam,-40.000000,-31.218750,36.731771,8.781250,76.731771,0.274414,0.182943
9,19000,0,5,0.500,0.050,0.400,65o,jam,-40.000000,-29.250000,36.724826,10.750000,76.724826,0.335938,0.181207
9,19000,0,5,0.500,0.050,0.400,66,jam,-40.000000,-24.062500,36.722222,15.937500,76.722222,0.498047,0.180556
9,19000,0,5,0.500,0.050,0.400,72s,jam,-40.000000,-28.250000,36.708333,11.750000,76.708333,0.367188,0.177083
9,19000,0,5,0.500,0.050,0.400,54o,jam,-40.000000,-28.489583,36.708333,11.510417,76.708333,0.359701,0.177083
9,19000,0,5,0.500,0.050,0.400,63s,jam,-40.000000,-28.937500,36.705729,11.062500,76.705729,0.345703,0.176432
9,19000,0,5,0.500,0.050,0.400,88,jam,-40.000000,-23.458333,36.704861,16.541667,76.704861,0.516927,0.176215
9,19000,0,5,0.500,0.050,0.400,22,jam,-40.000000,-25.145833,36.701389,14.854167,76.701389,0.464193,0.175347
9,19000,0,5,0.500,0.050,0.400,83s,jam,-40.000000,-29.968750,36.697917,10.031250,76.697917,0.313477,0.174479
9,19000,0,5,0.500,0.050,0.400,55,jam,-40.000000,-24.354167,36.694444,15.645833,76.694444,0.488932,0.173611
9,19000,0,5,0.500,0.050,0.400,64o,jam,-40.000000,-29.510417,36.692708,10.489583,76.692708,0.327799,0.173177
9,19000,0,5,0.500,0.050,0.400,97s,jam,-40.000000,-30.500000,36.682292,9.500000,76.682292,0.296875,0.170573
9,19000,0,5,0.500,0.050,0.400,73s,jam,-40.000000,-28.812500,36.666667,11.187500,76.666667,0.349609,0.166667
9,19000,0,5,0.500,0.050,0.400,62s,jam,-40.000000,-29.562500,36.666667,10.437500,76.666667,0.326172,0.166667
9,19000,0,5,0.500,0.050,0.400,76o,jam,-40.000000,-28.510417,36.658854,11.489583,76.658854,0.359049,0.164714
9,19000,0,5,0.500,0.050,0.400,52o,jam,-40.000000,-29.395833,36.657118,10.604167,76.657118,0.331380,0.164280
9,19000,0,5,0.500,0.050,0.400,75o,jam,-40.000000,-29.760417,36.639757,10.239583,76.639757,0.319987,0.159939
9,19000,0,5,0.500,0.050,0.400,43o,jam,-40.000000,-29.645833,36.627604,10.354167,76.627604,0.323568,0.156901
9,19000,0,5,0.500,0.050,0.400,82s,jam,-40.000000,-29.937500,36.625000,10.062500,76.625000,0.314453,0.156250
9,19000,0,5,0.500,0.050,0.400,53o,jam,-40.000000,-29.229167,36.620660,10.770833,76.620660,0.336589,0.155165
9,19000,0,5,0.500,0.050,0.400,93s,jam,-40.000000,-30.333333,36.614583,9.666667,76.614583,0.302083,0.153646
9,19000,0,5,0.500,0.050,0.400,74o,jam,-40.000000,-30.468750,36.601562,9.531250,76.601562,0.297852,0.150391
9,19000,0,5,0.500,0.050,0.400,87o,jam,-40.000000,-28.875000,36.592014,11.125000,76.592014,0.347656,0.148003
9,19000,0,5,0.500,0.050,0.400,42o,jam,-40.000000,-29.625000,36.589410,10.375000,76.589410,0.324219,0.147352
9,19000,0,5,0.500,0.050,0.400,32o,jam,-40.000000,-29.427083,36.579861,10.572917,76.579861,0.330404,0.144965
9,19000,0,5,0.500,0.050,0.400,98o,jam,-40.000000,-31.638889,36.564236,8.361111,76.564236,0.261285,0.141059
9,19000,0,5,0.500,0.050,0.400,63o,jam,-40.000000,-29.583333,36.559896,10.416667,76.559896,0.325521,0.139974
9,19000,0,5,0.500,0.050,0.400,73o,jam,-40.000000,-30.385417,36.552083,9.614583,76.552083,0.300456,0.138021
9,19000,0,5,0.500,0.050,0.400,95s,jam,-40.000000,-30.708333,36.546875,9.291667,76.546875,0.290365,0.136719
9,19000,0,5,0.500,0.050,0.400,86o,jam,-40.000000,-29.854167,36.546007,10.145833,76.546007,0.317057,0.136502
9,19000,0,5,0.500,0.050,0.400,85o,jam,-40.000000,-30.302083,36.546007,9.697917,76.546007,0.303060,0.136502
9,19000,0,5,0.500,0.050,0.400,96s,jam,-40.000000,-29.750000,36.541667,10.250000,76.541667,0.320312,0.135417
9,19000,0,5,0.500,0.050,0.400,62o,jam,-40.000000,-29.729167,36.536458,10.270833,76.536458,0.320964,0.134115
9,19000,0,5,0.500,0.050,0.400,84o,jam,-40.000000,-30.322917,36.509549,9.677083,76.509549,0.302409,0.127387
9,19000,0,5,0.500,0.050,0.400,83o,jam,-40.000000,-31.093750,36.496528,8.906250,76.496528,0.278320,0.124132
9,19000,0,5,0.500,0.050,0.400,82o,jam,-40.000000,-31.000000,36.472222,9.000000,76.472222,0.281250,0.118056
9,19000,0,5,0.500,0.050,0.400,97o,jam,-40.000000,-31.750000,36.463542,8.250000,76.463542,0.257812,0.115885
9,19000,0,5,0.500,0.050,0.400,92s,jam,-40.000000,-29.666667,36.458333,10.333333,76.458333,0.322917,0.114583
9,19000,0,5,0.500,0.050,0.400,72o,jam,-40.000000,-30.770833,36.438368,9.229167,76.438368,0.288411,0.109592
9,19000,0,5,0.500,0.050,0.400,94s,jam,-40.000000,-30.541667,36.437500,9.458333,76.437500,0.295573,0.109375
9,19000,0,5,0.500,0.050,0.400,96o,jam,-40.000000,-31.736111,36.387153,8.263889,76.387153,0.258247,0.096788
9,19000,0,5,0.500,0.050,0.400,92o,jam,-40.000000,-32.277778,36.310764,7.722222,76.310764,0.241319,0.077691
9,19000,0,5,0.500,0.050,0.400,93o,jam,-40.000000,-31.375000,36.305556,8.625000,76.305556,0.269531,0.076389
9,19000,0,5,0.500,0.050,0.400,95o,jam,-40.000000,-32.736111,36.305556,7.263889,76.305556,0.226997,0.076389
9,19000,0,5,0.500,0.050,0.400,94o,jam,-40.000000,-31.944444,36.243056,8.055556,76.243056,0.251736,0.060764
9,19000,0,5,0.500,0.100,0.400,88,jam,-40.000000,-23.458333,38.590278,16.541667,78.590278,0.516927,0.823785
9,19000,0,5,0.500,0.100,0.400,66,jam,-40.000000,-24.062500,38.579861,15.937500,78.579861,0.498047,0.822483
9,19000,0,5,0.500,0.100,0.400,55,jam,-40.000000,-24.354167,38.531250,15.645833,78.531250,0.488932,0.816406
9,19000,0,5,0.500,0.100,0.400,99,jam,-40.000000,-20.125000,38.520833,19.875000,78.520833,0.621094,0.815104
9,19000,0,5,0.500,0.100,0.400,KK,jam,-40.000000,-15.020833,38.517361,24.979167,78.517361,0.780599,0.814670
9,19000,0,5,0.500,0.100,0.400,JJ,jam,-40.000000,-13.562500,38.475694,26.437500,78.475694,0.826172,0.809462
9,19000,0,5,0.500,0.100,0.400,QQ,jam,-40.000000,-13.854167,38.472222,26.145833,78.472222,0.817057,0.809028
9,19000,0,5,0.500,0.100,0.400,TT,jam,-40.000000,-13.875000,38.451389,26.125000,78.451389,0.816406,0.806424
9,19000,0,5,0.500,0.100,0.400,77,jam,-40.000000,-25.229167,38.427083,14.770833,78.427083,0.461589,0.803385
9,19000,0,5,0.500,0.100,0.400,AA,jam,-40.000000,-14.791667,38.309028,25.208333,78.309028,0.787760,0.788628
9,19000,0,5,0.500,0.100,0.400,T9s,jam,-40.000000,-24.000000,36.489583,16.000000,76.489583,0.500000,0.561198
9,19000,0,5,0.500,0.100,0.400,J9s,jam,-40.000000,-16.125000,36.328125,23.875000,76.328125,0.746094,0.541016
9,19000,0,5,0.500,0.100,0.400,QTs,jam,-40.000000,-17.708333,36.302083,22.291667,76.302083,0.696615,0.537760
9,19000,0,5,0.500,0.100,0.400,QJs,jam,-40.000000,-19.000000,36.197917,21.000000,76.197917,0.656250,0.524740
9,19000,0,5,0.500,0.100,0.400,87s,jam,-40.000000,-29.218750,36.171875,10.781250,76.171875,0.336914,0.521484
9,19000,0,5,0.500,0.100,0.400,T5s,jam,-40.000000,-30.208333,36.166667,9.791667,76.166667,0.305990,0.520833
9,19000,0,5,0.500,0.100,0.400,JTo,jam,-40.000000,-17.819444,36.142361,22.180556,76.142361,0.693142,0.517795
9,19000,0,5,0.500,0.100,0.400,75s,jam,-40.000000,-28.437500,36.140625,11.562500,76.140625,0.361328,0.517578
9,19000,0,5,0.500,0.100,0.400,AQs,jam,-40.000000,-19.468750,36.125000,20.531250,76.125000,0.641602,0.515625
9,19000,0,5,0.500,0.100,0.400,KQs,jam,-40.000000,-18.968750,36.109375,21.031250,76.109375,0.657227,0.513672
9,19000,0,5,0.500,0.100,0.400,J8s,jam,-40.000000,-21.156250,36.098958,18.843750,76.098958,0.588867,0.512370
9,19000,0,5,0.500,0.100,0.400,T6s,jam,-40.000000,-29.666667,36.093750,10.333333,76.093750,0.322917,0.511719
9,19000,0,5,0.500,0.100,0.400,AJs,jam,-40.000000,-19.500000,36.083333,20.500000,76.083333,0.640625,0.510417
9,19000,0,5,0.500,0.100,0.400,Q8s,jam,-40.000000,-21.156250,36.078125,18.843750,76.078125,0.588867,0.509766
9,19000,0,5,0.500,0.100,0.400,Q6s,jam,-40.000000,-22.125000,36.052083,17.875000,76.052083,0.558594,0.506510
9,19000,0,5,0.500,0.100,0.400,86s,jam,-40.000000,-28.812500,36.052083,11.187500,76.052083,0.349609,0.506510
9,19000,0,5,0.500,0.100,0.400,Q9s,jam,-40.000000,-18.750000,36.046875,21.250000,76.046875,0.664062,0.505859
9,19000,0,5,0.500,0.100,0.400,T7s,jam,-40.000000,-30.041667,36.041667,9.958333,76.041667,0.311198,0.505208
9,19000,0,5,0.500,0.100,0.400,ATs,jam,-40.000000,-18.166667,36.015625,21.833333,76.015625,0.682292,0.501953
9,19000,0,5,0.500,0.100,0.400,JTs,jam,-40.000000,-17.500000,36.010417,22.500000,76.010417,0.703125,0.501302
9,19000,0,5,0.500,0.100,0.400,KJs,jam,-40.000000,-19.218750,36.010417,20.781250,76.010417,0.649414,0.501302
9,19000,0,5,0.500,0.100,0.400,44,jam,-40.000000,-25.958333,36.000000,14.041667,76.000000,0.438802,0.500000
9,19000,0,5,0.500,0.100,0.400,KTs,jam,-40.000000,-18.500000,35.994792,21.500000,75.994792,0.671875,0.499349
9,19000,0,5,0.500,0.100,0.400,85s,jam,-40.000000,-28.875000,35.994792,11.125000,75.994792,0.347656,0.499349
9,19000,0,5,0.500,0.100,0.400,T8o,jam,-40.000000,-30.777778,35.994792,9.222222,75.994792,0.288194,0.499349
9,19000,0,5,0.500,0.100,0.400,T8s,jam,-40.000000,-28.958333,35.984375,11.041667,75.984375,0.345052,0.498047
9,19000,0,5,0.500,0.100,0.400,AKs,jam,-40.000000,-19.625000,35.979167,20.375000,75.979167,0.636719,0.497396
9,19000,0,5,0.500,0.100,0.400,Q7s,jam,-40.000000,-21.531250,35.979167,18.468750,75.979167,0.577148,0.497396
9,19000,0,5,0.500,0.100,0.400,K6s,jam,-40.000000,-22.281250,35.979167,17.718750,75.979167,0.553711,0.497396
9,19000,0,5,0.500,0.100,0.400,97s,jam,-40.000000,-30.500000,35.979167,9.500000,75.979167,0.296875,0.497396
9,19000,0,5,0.500,0.100,0.400,T9o,jam,-40.000000,-24.729167,35.960069,15.270833,75.960069,0.477214,0.495009
9,19000,0,5,0.500,0.100,0.400,65s,jam,-40.000000,-29.000000,35.953125,11.000000,75.953125,0.343750,0.494141
9,19000,0,5,0.500,0.100,0.400,98s,jam,-40.000000,-30.791667,35.953125,9.208333,75.953125,0.287760,0.494141
9,19000,0,5,0.500,0.100,0.400,98o,jam,-40.000000,-31.638889,35.942708,8.361111,75.942708,0.261285,0.492839
9,19000,0,5,0.500,0.100,0.400,Q9o,jam,-40.000000,-18.444444,35.937500,21.555556,75.937500,0.673611,0.492188
9,19000,0,5,0.500,0.100,0.400,95s,jam,-40.000000,-30.708333,35.937500,9.291667,75.937500,0.290365,0.492188
9,19000,0,5,0.500,0.100,0.400,J9o,jam,-40.000000,-18.555556,35.928819,21.444444,75.928819,0.670139,0.491102
9,19000,0,5,0.500,0.100,0.400,QJo,jam,-40.000000,-20.083333,35.925347,19.916667,75.925347,0.622396,0.490668
9,19000,0,5,0.500,0.100,0.400,J5s,jam,-40.000000,-22.406250,35.916667,17.593750,75.916667,0.549805,0.489583
9,19000,0,5,0.500,0.100,0.400,A5s,jam,-40.000000,-22.625000,35.911458,17.375000,75.911458,0.542969,0.488932
9,19000,0,5,0.500,0.100,0.400,96s,jam,-40.000000,-29.750000,35.911458,10.250000,75.911458,0.320312,0.488932
9,19000,0,5,0.500,0.100,0.400,J7o,jam,-40.000000,-23.406250,35.906250,16.593750,75.906250,0.518555,0.488281
9,19000,0,5,0.500,0.100,0.400,J7s,jam,-40.000000,-21.812500,35.890625,18.187500,75.890625,0.568359,0.486328
9,19000,0,5,0.500,0.100,0.400,97o,jam,-40.000000,-31.750000,35.888889,8.250000,75.888889,0.257812,0.486111
9,19000,0,5,0.500,0.100,0.400,A7s,jam,-40.000000,-22.375000,35.880208,17.625000,75.880208,0.550781,0.485026
9,19000,0,5,0.500,0.100,0.400,T7o,jam,-40.000000,-30.916667,35.880208,9.083333,75.880208,0.283854,0.485026
9,19000,0,5,0.500,0.100,0.400,J8o,jam,-40.000000,-22.500000,35.859375,17.500000,75.859375,0.546875,0.482422
9,19000,0,5,0.500,0.100,0.400,QTo,jam,-40.000000,-18.638889,35.855903,21.361111,75.855903,0.667535,0.481988
9,19000,0,5,0.500,0.100,0.400,75o,jam,-40.000000,-29.760417,35.843750,10.239583,75.843750,0.319987,0.480469
9,19000,0,5,0.500,0.100,0.400,95o,jam,-40.000000,-32.736111,35.842014,7.263889,75.842014,0.226997,0.480252
9,19000,0,5,0.500,0.100,0.400,87o,jam,-40.000000,-28.875000,35.838542,11.125000,75.838542,0.347656,0.479818
9,19000,0,5,0.500,0.100,0.400,76o,jam,-40.000000,-28.510417,35.835069,11.489583,75.835069,0.359049,0.479384
9,19000,0,5,0.500,0.100,0.400,KTo,jam,-40.000000,-18.125000,35.824653,21.875000,75.824653,0.683594,0.478082
9,19000,0,5,0.500,0.100,0.400,K8s,jam,-40.000000,-22.687500,35.822917,17.312500,75.822917,0.541016,0.477865
9,19000,0,5,0.500,0.100,0.400,T6o,jam,-40.000000,-30.722222,35.822917,9.277778,75.822917,0.289931,0.477865
9,19000,0,5,0.500,0.100,0.400,A8s,jam,-40.000000,-21.281250,35.817708,18.718750,75.817708,0.584961,0.477214
9,19000,0,5,0.500,0.100,0.400,A9s,jam,-40.000000,-18.083333,35.802083,21.916667,75.802083,0.684896,0.475260
9,19000,0,5,0.500,0.100,0.400,65o,jam,-40.000000,-29.250000,35.802083,10.750000,75.802083,0.335938,0.475260
9,19000,0,5,0.500,0.100,0.400,AJo,jam,-40.000000,-20.583333,35.798611,19.416667,75.798611,0.606771,0.474826
9,19000,0,5,0.500,0.100,0.400,KQo,jam,-40.000000,-20.812500,35.788194,19.187500,75.788194,0.599609,0.473524
9,19000,0,5,0.500,0.100,0.400,K9o,jam,-40.000000,-18.555556,35.784722,21.444444,75.784722,0.670139,0.473090
9,19000,0,5,0.500,0.100,0.400,A9o,jam,-40.000000,-18.930556,35.784722,21.069444,75.784722,0.658420,0.473090
9,19000,0,5,0.500,0.100,0.400,96o,jam,-40.000000,-31.736111,35.782986,8.263889,75.782986,0.258247,0.472873
9,19000,0,5,0.500,0.100,0.400,A7o,jam,-40.000000,-23.552083,35.781250,16.447917,75.781250,0.513997,0.472656
9,19000,0,5,0.500,0.100,0.400,A8o,jam,-40.000000,-22.500000,35.755208,17.500000,75.755208,0.546875,0.469401
9,19000,0,5,0.500,0.100,0.400,J5o,jam,-40.000000,-23.125000,35.739583,16.875000,75.739583,0.527344,0.467448
9,19000,0,5,0.500,0.100,0.400,86o,jam,-40.000000,-29.854167,35.734375,10.145833,75.734375,0.317057,0.466797
9,19000,0,5,0.500,0.100,0.400,Q8o,jam,-40.000000,-22.791667,35.723958,17.208333,75.723958,0.537760,0.465495
9,19000,0,5,0.500,0.100,0.400,J6s,jam,-40.000000,-20.968750,35.713542,19.031250,75.713542,0.594727,0.464193
9,19000,0,5,0.500,0.100,0.400,KJo,jam,-40.000000,-20.947917,35.696181,19.052083,75.696181,0.595378,0.462023
9,19000,0,5,0.500,0.100,0.400,K5s,jam,-40.000000,-21.500000,35.687500,18.500000,75.687500,0.578125,0.460938
9,19000,0,5,0.500,0.100,0.400,AQo,jam,-40.000000,-21.510417,35.677083,18.489583,75.677083,0.577799,0.459635
9,19000,0,5,0.500,0.100,0.400,Q6o,jam,-40.000000,-22.843750,35.677083,17.156250,75.677083,0.536133,0.459635
9,19000,0,5,0.500,0.100,0.400,76s,jam,-40.000000,-27.875000,35.677083,12.125000,75.677083,0.378906,0.459635
9,19000,0,5,0.500,0.100,0.400,ATo,jam,-40.000000,-17.652778,35.666667,22.347222,75.666667,0.698351,0.458333
9,19000,0,5,0.500,0.100,0.400,K7o,jam,-40.000000,-23.083333,35.652778,16.916667,75.652778,0.528646,0.456597
9,19000,0,5,0.500,0.100,0.400,K7s,jam,-40.000000,-22.406250,35.645833,17.593750,75.645833,0.549805,0.455729
9,19000,0,5,0.500,0.100,0.400,K6o,jam,-40.000000,-23.802083,35.638889,16.197917,75.638889,0.506185,0.454861
9,19000,0,5,0.500,0.100,0.400,85o,jam,-40.000000,-30.302083,35.635417,9.697917,75.635417,0.303060,0.454427
9,19000,0,5,0.500,0.100,0.400,T5o,jam,-40.000000,-30.750000,35.616319,9.250000,75.616319,0.289062,0.452040
9,19000,0,5,0.500,0.100,0.400,A6s,jam,-40.000000,-21.937500,35.604167,18.062500,75.604167,0.564453,0.450521
9,19000,0,5,0.500,0.100,0.400,Q5o,jam,-40.000000,-23.822917,35.593750,16.177083,75.593750,0.505534,0.449219
9,19000,0,5,0.500,0.100,0.400,AKo,jam,-40.000000,-21.656250,35.585069,18.343750,75.585069,0.573242,0.448134
9,19000,0,5,0.500,0.100,0.400,K5o,jam,-40.000000,-24.343750,35.581597,15.656250,75.581597,0.489258,0.447700
9,19000,0,5,0.500,0.100,0.400,K9s,jam,-40.000000,-18.916667,35.572917,21.083333,75.572917,0.658854,0.446615
9,19000,0,5,0.500,0.100,0.400,K8o,jam,-40.000000,-23.104167,35.567708,16.895833,75.567708,0.527995,0.445964
9,19000,0,5,0.500,0.100,0.400,Q5s,jam,-40.000000,-22.250000,35.531250,17.750000,75.531250,0.554688,0.441406
9,19000,0,5,0.500,0.100,0.400,A5o,jam,-40.000000,-23.145833,35.527778,16.854167,75.527778,0.526693,0.440972
9,19000,0,5,0.500,0.100,0.400,Q7o,jam,-40.000000,-24.000000,35.517361,16.000000,75.517361,0.500000,0.439670
9,19000,0,5,0.500,0.100,0.400,A6o,jam,-40.000000,-23.052083,35.487847,16.947917,75.487847,0.529622,0.435981
9,19000,0,5,0.500,0.100,0.400,J6o,jam,-40.000000,-23.843750,35.472222,16.156250,75.472222,0.504883,0.434028
9,19000,0,5,0.500,0.100,0.400,54s,jam,-40.000000,-29.656250,35.291667,10.343750,75.291667,0.323242,0.411458
9,19000,0,5,0.500,0.100,0.400,64s,jam,-40.000000,-30.812500,35.260417,9.187500,75.260417,0.287109,0.407552
9,19000,0,5,0.500,0.100,0.400,A4s,jam,-40.000000,-22.718750,35.166667,17.281250,75.166667,0.540039,0.395833
9,19000,0,5,0.500,0.100,0.400,94s,jam,-40.000000,-30.541667,35.156250,9.458333,75.156250,0.295573,0.394531
9,19000,0,5,0.500,0.100,0.400,Q4s,jam,-40.000000,-22.437500,35.031250,17.562500,75.031250,0.548828,0.378906
9,19000,0,5,0.500,0.100,0.400,54o,jam,-40.000000,-28.489583,35.006944,11.510417,75.006944,0.359701,0.375868
9,19000,0,5,0.500,0.100,0.400,A4o,jam,-40.000000,-23.250000,34.958333,16.750000,74.958333,0.523438,0.369792
9,19000,0,5,0.500,0.100,0.400,64o,jam,-40.000000,-29.510417,34.892361,10.489583,74.892361,0.327799,0.361545
9,19000,0,5,0.500,0.100,0.400,74s,jam,-40.000000,-28.937500,34.875000,11.062500,74.875000,0.345703,0.359375
9,19000,0,5,0.500,0.100,0.400,T2s,jam,-40.000000,-29.875000,34.869792,10.125000,74.869792,0.316406,0.358724
9,19000,0,5,0.500,0.100,0.400,93s,jam,-40.000000,-30.333333,34.817708,9.666667,74.817708,0.302083,0.352214
9,19000,0,5,0.500,0.100,0.400,K3s,jam,-40.000000,-23.156250,34.807292,16.843750,74.807292,0.526367,0.350911
9,19000,0,5,0.500,0.100,0.400,84s,jam,-40.000000,-29.531250,34.802083,10.468750,74.802083,0.327148,0.350260
9,19000,0,5,0.500,0.100,0.400,Q2s,jam,-40.000000,-22.812500,34.776042,17.187500,74.776042,0.537109,0.347005
9,19000,0,5,0.500,0.100,0.400,92s,jam,-40.000000,-29.666667,34.755208,10.333333,74.755208,0.322917,0.344401
9,19000,0,5,0.500,0.100,0.400,63s,jam,-40.000000,-28.937500,34.750000,11.062500,74.750000,0.345703,0.343750
9,19000,0,5,0.500,0.100,0.400,K4s,jam,-40.000000,-22.968750,34.708333,17.031250,74.708333,0.532227,0.338542
9,19000,0,5,0.500,0.100,0.400,83s,jam,-40.000000,-29.968750,34.703125,10.031250,74.703125,0.313477,0.337891
9,19000,0,5,0.500,0.100,0.400,K2s,jam,-40.000000,-22.562500,34.697917,17.437500,74.697917,0.544922,0.337240
9,19000,0,5,0.500,0.100,0.400,T4s,jam,-40.000000,-30.333333,34.697917,9.666667,74.697917,0.302083,0.337240
9,19000,0,5,0.500,0.100,0.400,A3s,jam,-40.000000,-21.375000,34.677083,18.625000,74.677083,0.582031,0.334635
9,19000,0,5,0.500,0.100,0.400,82s,jam,-40.000000,-29.937500,34.677083,10.062500,74.677083,0.314453,0.334635
9,19000,0,5,0.500,0.100,0.400,J3s,jam,-40.000000,-23.718750,34.671875,16.281250,74.671875,0.508789,0.333984
9,19000,0,5,0.500,0.100,0.400,53s,jam,-40.000000,-29.093750,34.640625,10.906250,74.640625,0.340820,0.330078
9,19000,0,5,0.500,0.100,0.400,J4s,jam,-40.000000,-20.875000,34.635417,19.125000,74.635417,0.597656,0.329427
9,19000,0,5,0.500,0.100,0.400,T3s,jam,-40.000000,-28.791667,34.635417,11.208333,74.635417,0.350260,0.329427
9,19000,0,5,0.500,0.100,0.400,A2s,jam,-40.000000,-21.875000,34.630208,18.125000,74.630208,0.566406,0.328776
9,19000,0,5,0.500,0.100,0.400,J3o,jam,-40.000000,-24.000000,34.621528,16.000000,74.621528,0.500000,0.327691
9,19000,0,5,0.500,0.100,0.400,94o,jam,-40.000000,-31.944444,34.593750,8.055556,74.593750,0.251736,0.324219
9,19000,0,5,0.500,0.100,0.400,J4o,jam,-40.000000,-23.447917,34.583333,16.552083,74.583333,0.517253,0.322917
9,19000,0,5,0.500,0.100,0.400,K4o,jam,-40.000000,-23.354167,34.572917,16.645833,74.572917,0.520182,0.321615
9,19000,0,5,0.500,0.100,0.400,Q3o,jam,-40.000000,-23.895833,34.559028,16.104167,74.559028,0.503255,0.319878
9,19000,0,5,0.500,0.100,0.400,J2s,jam,-40.000000,-23.187500,34.557292,16.812500,74.557292,0.525391,0.319661
9,19000,0,5,0.500,0.100,0.400,52s,jam,-40.000000,-28.718750,34.557292,11.281250,74.557292,0.352539,0.319661
9,19000,0,5,0.500,0.100,0.400,T3o,jam,-40.000000,-31.291667,34.545139,8.708333,74.545139,0.272135,0.318142
9,19000,0,5,0.500,0.100,0.400,73s,jam,-40.000000,-28.812500,34.536458,11.187500,74.536458,0.349609,0.317057
9,19000,0,5,0.500,0.100,0.400,53o,jam,-40.000000,-29.229167,34.522569,10.770833,74.522569,0.336589,0.315321
9,19000,0,5,0.500,0.100,0.400,83o,jam,-40.000000,-31.093750,34.512153,8.906250,74.512153,0.278320,0.314019
9,19000,0,5,0.500,0.100,0.400,52o,jam,-40.000000,-29.395833,34.508681,10.604167,74.508681,0.331380,0.313585
9,19000,0,5,0.500,0.100,0.400,Q3s,jam,-40.000000,-23.656250,34.484375,16.343750,74.484375,0.510742,0.310547
9,19000,0,5,0.500,0.100,0.400,63o,jam,-40.000000,-29.583333,34.484375,10.416667,74.484375,0.325521,0.310547
9,19000,0,5,0.500,0.100,0.400,84o,jam,-40.000000,-30.322917,34.482639,9.677083,74.482639,0.302409,0.310330
9,19000,0,5,0.500,0.100,0.400,T4o,jam,-40.000000,-31.236111,34.482639,8.763889,74.482639,0.273872,0.310330
9,19000,0,5,0.500,0.100,0.400,73o,jam,-40.000000,-30.385417,34.480903,9.614583,74.480903,0.300456,0.310113
9,19000,0,5,0.500,0.100,0.400,93o,jam,-40.000000,-31.375000,34.477431,8.625000,74.477431,0.269531,0.309679
9,19000,0,5,0.500,0.100,0.400,T2o,jam,-40.000000,-30.722222,34.470486,9.277778,74.470486,0.289931,0.308811
9,19000,0,5,0.500,0.100,0.400,92o,jam,-40.000000,-32.277778,34.467014,7.722222,74.467014,0.241319,0.308377
9,19000,0,5,0.500,0.100,0.400,72s,jam,-40.000000,-28.250000,34.458333,11.750000,74.458333,0.367188,0.307292
9,19000,0,5,0.500,0.100,0.400,62s,jam,-40.000000,-29.562500,34.453125,10.437500,74.453125,0.326172,0.306641
9,19000,0,5,0.500,0.100,0.400,74o,jam,-40.000000,-30.468750,34.451389,9.531250,74.451389,0.297852,0.306424
9,19000,0,5,0.500,0.100,0.400,Q4o,jam,-40.000000,-23.989583,34.447917,16.010417,74.447917,0.500326,0.305990
9,19000,0,5,0.500,0.100,0.400,62o,jam,-40.000000,-29.729167,34.434028,10.270833,74.434028,0.320964,0.304253
9,19000,0,5,0.500,0.100,0.400,A3o,jam,-40.000000,-22.822917,34.428819,17.177083,74.428819,0.536784,0.303602
9,19000,0,5,0.500,0.100,0.400,J2o,jam,-40.000000,-22.635417,34.395833,17.364583,74.395833,0.542643,0.299479
9,19000,0,5,0.500,0.100,0.400,82o,jam,-40.000000,-31.000000,34.368056,9.000000,74.368056,0.281250,0.296007
9,19000,0,5,0.500,0.100,0.400,K3o,jam,-40.000000,-23.437500,34.366319,16.562500,74.366319,0.517578,0.295790
9,19000,0,5,0.500,0.100,0.400,Q2o,jam,-40.000000,-22.989583,34.350694,17.010417,74.350694,0.531576,0.293837
9,19000,0,5,0.500,0.100,0.400,A2o,jam,-40.000000,-23.958333,34.338542,16.041667,74.338542,0.501302,0.292318
9,19000,0,5,0.500,0.100,0.400,K2o,jam,-40.000000,-24.291667,34.329861,15.708333,74.329861,0.490885,0.291233
9,19000,0,5,0.500,0.100,0.400,72o,jam,-40.000000,-30.770833,34.319444,9.229167,74.319444,0.288411,0.289931
9,19000,0,5,0.500,0.100,0.400,22,jam,-40.000000,-25.145833,33.520833,14.854167,73.520833,0.464193,0.190104
9,19000,0,5,0.500,0.100,0.400,32s,jam,-40.000000,-31.218750,33.484375,8.781250,73.484375,0.274414,0.185547
9,19000,0,5,0.500,0.100,0.400,33,jam,-40.000000,-24.625000,33.482639,15.375000,73.482639,0.480469,0.185330
9,19000,0,5,0.500,0.100,0.400,43s,jam,-40.000000,-28.625000,33.447917,11.375000,73.447917,0.355469,0.180990
9,19000,0,5,0.500,0.100,0.400,42s,jam,-40.000000,-28.468750,33.072917,11.531250,73.072917,0.360352,0.134115
9,19000,0,5,0.500,0.100,0.400,32o,jam,-40.000000,-29.427083,32.947917,10.572917,72.947917,0.330404,0.118490
9,19000,0,5,0.500,0.100,0.400,43o,jam,-40.000000,-29.645833,32.895833,10.354167,72.895833,0.323568,0.111979
9,19000,0,5,0.500,0.100,0.400,42o,jam,-40.000000,-29.625000,32.798611,10.375000,72.798611,0.324219,0.099826
9,19000,0,5,0.500,0.200,0.400,KK,jam,-40.000000,-15.020833,38.520833,24.979167,78.520833,0.780599,0.907552
9,19000,0,5,0.500,0.200,0.400,AA,jam,-40.000000,-14.791667,37.822917,25.208333,77.822917,0.787760,0.863932
9,19000,0,5,0.500,0.200,0.400,AQs,jam,-40.000000,-19.468750,36.250000,20.531250,76.250000,0.641602,0.765625
9,19000,0,5,0.500,0.200,0.400,AKs,jam,-40.000000,-19.625000,36.173611,20.375000,76.173611,0.636719,0.760851
9,19000,0,5,0.500,0.200,0.400,AKo,jam,-40.000000,-21.656250,35.893519,18.343750,75.893519,0.573242,0.743345
9,19000,0,5,0.500,0.200,0.400,AQo,jam,-40.000000,-21.510417,35.793981,18.489583,75.793981,0.577799,0.737124
9,19000,0,5,0.500,0.200,0.400,QQ,jam,-40.000000,-13.854167,34.513889,26.145833,74.513889,0.817057,0.657118
9,19000,0,5,0.500,0.200,0.400,ATs,jam,-40.000000,-18.166667,34.213542,21.833333,74.213542,0.682292,0.638346
9,19000,0,5,0.500,0.200,0.400,A4s,jam,-40.000000,-22.718750,33.942708,17.281250,73.942708,0.540039,0.621419
9,19000,0,5,0.500,0.200,0.400,AJs,jam,-40.000000,-19.500000,33.901042,20.500000,73.901042,0.640625,0.618815
9,19000,0,5,0.500,0.200,0.400,A7s,jam,-40.000000,-22.375000,33.760417,17.625000,73.760417,0.550781,0.610026
9,19000,0,5,0.500,0.200,0.400,A5s,jam,-40.000000,-22.625000,33.744792,17.375000,73.744792,0.542969,0.609049
9,19000,0,5,0.500,0.200,0.400,ATo,jam,-40.000000,-17.652778,33.718750,22.347222,73.718750,0.698351,0.607422
9,19000,0,5,0.500,0.200,0.400,A6s,jam,-40.000000,-21.937500,33.562500,18.062500,73.562500,0.564453,0.597656
9,19000,0,5,0.500,0.200,0.400,A9s,jam,-40.000000,-18.083333,33.541667,21.916667,73.541667,0.684896,0.596354
9,19000,0,5,0.500,0.200,0.400,A5o,jam,-40.000000,-23.145833,33.475694,16.854167,73.475694,0.526693,0.592231
9,19000,0,5,0.500,0.200,0.400,AJo,jam,-40.000000,-20.583333,33.468750,19.416667,73.468750,0.606771,0.591797
9,19000,0,5,0.500,0.200,0.400,A3s,jam,-40.000000,-21.375000,33.468750,18.625000,73.468750,0.582031,0.591797
9,19000,0,5,0.500,0.200,0.400,A8s,jam,-40.000000,-21.281250,33.447917,18.718750,73.447917,0.584961,0.590495
9,19000,0,5,0.500,0.200,0.400,A3o,jam,-40.000000,-22.822917,33.366319,17.177083,73.366319,0.536784,0.585395
9,19000,0,5,0.500,0.200,0.400,A2o,jam,-40.000000,-23.958333,33.364583,16.041667,73.364583,0.501302,0.585286
9,19000,0,5,0.500,0.200,0.400,A9o,jam,-40.000000,-18.930556,33.328125,21.069444,73.328125,0.658420,0.583008
9,19000,0,5,0.500,0.200,0.400,A7o,jam,-40.000000,-23.552083,33.303819,16.447917,73.303819,0.513997,0.581489
9,19000,0,5,0.500,0.200,0.400,A2s,jam,-40.000000,-21.875000,33.296875,18.125000,73.296875,0.566406,0.581055
9,19000,0,5,0.500,0.200,0.400,A8o,jam,-40.000000,-22.500000,33.289931,17.500000,73.289931,0.546875,0.580621
9,19000,0,5,0.500,0.200,0.400,A6o,jam,-40.000000,-23.052083,33.241319,16.947917,73.241319,0.529622,0.577582
9,19000,0,5,0.500,0.200,0.400,A4o,jam,-40.000000,-23.250000,33.206597,16.750000,73.206597,0.523438,0.575412
9,19000,0,5,0.500,0.200,0.400,99,jam,-40.000000,-20.125000,33.100694,19.875000,73.100694,0.621094,0.568793
9,19000,0,5,0.500,0.200,0.400,TT,jam,-40.000000,-13.875000,32.951389,26.125000,72.951389,0.816406,0.559462
9,19000,0,5,0.500,0.200,0.400,JJ,jam,-40.000000,-13.562500,32.923611,26.437500,72.923611,0.826172,0.557726
9,19000,0,5,0.500,0.200,0.400,77,jam,-40.000000,-25.229167,32.631944,14.770833,72.631944,0.461589,0.539497
9,19000,0,5,0.500,0.200,0.400,55,jam,-40.000000,-24.354167,32.625000,15.645833,72.625000,0.488932,0.539062
9,19000,0,5,0.500,0.200,0.400,66,jam,-40.000000,-24.062500,32.590278,15.937500,72.590278,0.498047,0.536892
9,19000,0,5,0.500,0.200,0.400,88,jam,-40.000000,-23.458333,32.565972,16.541667,72.565972,0.516927,0.535373
9,19000,0,5,0.500,0.200,0.400,KQs,jam,-40.000000,-18.968750,32.489583,21.031250,72.489583,0.657227,0.530599
9,19000,0,5,0.500,0.200,0.400,44,jam,-40.000000,-25.958333,32.423611,14.041667,72.423611,0.438802,0.526476
9,19000,0,5,0.500,0.200,0.400,33,jam,-40.000000,-24.625000,32.298611,15.375000,72.298611,0.480469,0.518663
9,19000,0,5,0.500,0.200,0.400,22,jam,-40.000000,-25.145833,32.208333,14.854167,72.208333,0.464193,0.513021
9,19000,0,5,0.500,0.200,0.400,KQo,jam,-40.000000,-20.812500,32.000000,19.187500,72.000000,0.599609,0.500000
9,19000,0,5,0.500,0.200,0.400,65s,jam,-40.000000,-29.000000,30.614583,11.000000,70.614583,0.343750,0.413411
9,19000,0,5,0.500,0.200,0.400,76s,jam,-40.000000,-27.875000,30.598958,12.125000,70.598958,0.378906,0.412435
9,19000,0,5,0.500,0.200,0.400,97s,jam,-40.000000,-30.500000,30.598958,9.500000,70.598958,0.296875,0.412435
9,19000,0,5,0.500,0.200,0.400,64s,jam,-40.000000,-30.812500,30.567708,9.187500,70.567708,0.287109,0.410482
9,19000,0,5,0.500,0.200,0.400,98s,jam,-40.000000,-30.791667,30.515625,9.208333,70.515625,0.287760,0.407227
9,19000,0,5,0.500,0.200,0.400,86s,jam,-40.000000,-28.812500,30.447917,11.187500,70.447917,0.349609,0.402995
9,19000,0,5,0.500,0.200,0.400,54s,jam,-40.000000,-29.656250,30.421875,10.343750,70.421875,0.323242,0.401367
9,19000,0,5,0.500,0.200,0.400,87s,jam,-40.000000,-29.218750,30.411458,10.781250,70.411458,0.336914,0.400716
9,19000,0,5,0.500,0.200,0.400,T9s,jam,-40.000000,-24.000000,30.406250,16.000000,70.406250,0.500000,0.400391
9,19000,0,5,0.500,0.200,0.400,JTs,jam,-40.000000,-17.500000,30.369792,22.500000,70.369792,0.703125,0.398112
9,19000,0,5,0.500,0.200,0.400,63s,jam,-40.000000,-28.937500,30.333333,11.062500,70.333333,0.345703,0.395833
9,19000,0,5,0.500,0.200,0.400,53s,jam,-40.000000,-29.093750,30.322917,10.906250,70.322917,0.340820,0.395182
9,19000,0,5,0.500,0.200,0.400,43s,jam,-40.000000,-28.625000,30.307292,11.375000,70.307292,0.355469,0.394206
9,19000,0,5,0.500,0.200,0.400,73s,jam,-40.000000,-28.812500,30.203125,11.187500,70.203125,0.349609,0.387695
9,19000,0,5,0.500,0.200,0.400,83s,jam,-40.000000,-29.968750,30.161458,10.031250,70.161458,0.313477,0.385091
9,19000,0,5,0.500,0.200,0.400,75s,jam,-40.000000,-28.437500,30.156250,11.562500,70.156250,0.361328,0.384766
9,19000,0,5,0.500,0.200,0.400,84s,jam,-40.000000,-29.531250,30.130208,10.468750,70.130208,0.327148,0.383138
9,19000,0,5,0.500,0.200,0.400,85s,jam,-40.000000,-28.875000,30.072917,11.125000,70.072917,0.347656,0.379557
9,19000,0,5,0.500,0.200,0.400,32s,jam,-40.000000,-31.218750,30.072917,8.781250,70.072917,0.274414,0.379557
9,19000,0,5,0.500,0.200,0.400,54o,jam,-40.000000,-28.489583,30.060764,11.510417,70.060764,0.359701,0.378798
9,19000,0,5,0.500,0.200,0.400,J9s,jam,-40.000000,-16.125000,30.046875,23.875000,70.046875,0.746094,0.377930
9,19000,0,5,0.500,0.200,0.400,T8s,jam,-40.000000,-28.958333,30.031250,11.041667,70.031250,0.345052,0.376953
9,19000,0,5,0.500,0.200,0.400,T5s,jam,-40.000000,-30.208333,30.020833,9.791667,70.020833,0.305990,0.376302
9,19000,0,5,0.500,0.200,0.400,76o,jam,-40.000000,-28.510417,30.000000,11.489583,70.000000,0.359049,0.375000
9,19000,0,5,0.500,0.200,0.400,42s,jam,-40.000000,-28.468750,29.994792,11.531250,69.994792,0.360352,0.374674
9,19000,0,5,0.500,0.200,0.400,52s,jam,-40.000000,-28.718750,29.994792,11.281250,69.994792,0.352539,0.374674
9,19000,0,5,0.500,0.200,0.400,74s,jam,-40.000000,-28.937500,29.973958,11.062500,69.973958,0.345703,0.373372
9,19000,0,5,0.500,0.200,0.400,92s,jam,-40.000000,-29.666667,29.911458,10.333333,69.911458,0.322917,0.369466
9,19000,0,5,0.500,0.200,0.400,T6s,jam,-40.000000,-29.666667,29.895833,10.333333,69.895833,0.322917,0.368490
9,19000,0,5,0.500,0.200,0.400,93s,jam,-40.000000,-30.333333,29.895833,9.666667,69.895833,0.302083,0.368490
9,19000,0,5,0.500,0.200,0.400,J4s,jam,-40.000000,-20.875000,29.859375,19.125000,69.859375,0.597656,0.366211
9,19000,0,5,0.500,0.200,0.400,95s,jam,-40.000000,-30.708333,29.854167,9.291667,69.854167,0.290365,0.365885
9,19000,0,5,0.500,0.200,0.400,65o,jam,-40.000000,-29.250000,29.848958,10.750000,69.848958,0.335938,0.365560
9,19000,0,5,0.500,0.200,0.400,T3s,jam,-40.000000,-28.791667,29.843750,11.208333,69.843750,0.350260,0.365234
9,19000,0,5,0.500,0.200,0.400,64o,jam,-40.000000,-29.510417,29.821181,10.489583,69.821181,0.327799,0.363824
9,19000,0,5,0.500,0.200,0.400,96s,jam,-40.000000,-29.750000,29.796875,10.250000,69.796875,0.320312,0.362305
9,19000,0,5,0.500,0.200,0.400,JTo,jam,-40.000000,-17.819444,29.786458,22.180556,69.786458,0.693142,0.361654
9,19000,0,5,0.500,0.200,0.400,94s,jam,-40.000000,-30.541667,29.770833,9.458333,69.770833,0.295573,0.360677
9,19000,0,5,0.500,0.200,0.400,62s,jam,-40.000000,-29.562500,29.760417,10.437500,69.760417,0.326172,0.360026
9,19000,0,5,0.500,0.200,0.400,J2s,jam,-40.000000,-23.187500,29.755208,16.812500,69.755208,0.525391,0.359701
9,19000,0,5,0.500,0.200,0.400,72s,jam,-40.000000,-28.250000,29.734375,11.750000,69.734375,0.367188,0.358398
9,19000,0,5,0.500,0.200,0.400,98o,jam,-40.000000,-31.638889,29.722222,8.361111,69.722222,0.261285,0.357639
9,19000,0,5,0.500,0.200,0.400,J3s,jam,-40.000000,-23.718750,29.718750,16.281250,69.718750,0.508789,0.357422
9,19000,0,5,0.500,0.200,0.400,53o,jam,-40.000000,-29.229167,29.713542,10.770833,69.713542,0.336589,0.357096
9,19000,0,5,0.500,0.200,0.400,T9o,jam,-40.000000,-24.729167,29.703125,15.270833,69.703125,0.477214,0.356445
9,19000,0,5,0.500,0.200,0.400,75o,jam,-40.000000,-29.760417,29.692708,10.239583,69.692708,0.319987,0.355794
9,19000,0,5,0.500,0.200,0.400,43o,jam,-40.000000,-29.645833,29.687500,10.354167,69.687500,0.323568,0.355469
9,19000,0,5,0.500,0.200,0.400,T8o,jam,-40.000000,-30.777778,29.678819,9.222222,69.678819,0.288194,0.354926
9,19000,0,5,0.500,0.200,0.400,96o,jam,-40.000000,-31.736111,29.668403,8.263889,69.668403,0.258247,0.354275
9,19000,0,5,0.500,0.200,0.400,J8s,jam,-40.000000,-21.156250,29.666667,18.843750,69.666667,0.588867,0.354167
9,19000,0,5,0.500,0.200,0.400,J5s,jam,-40.000000,-22.406250,29.661458,17.593750,69.661458,0.549805,0.353841
9,19000,0,5,0.500,0.200,0.400,87o,jam,-40.000000,-28.875000,29.651042,11.125000,69.651042,0.347656,0.353190
9,19000,0,5,0.500,0.200,0.400,97o,jam,-40.000000,-31.750000,29.633681,8.250000,69.633681,0.257812,0.352105
9,19000,0,5,0.500,0.200,0.400,J6s,jam,-40.000000,-20.968750,29.630208,19.031250,69.630208,0.594727,0.351888
9,19000,0,5,0.500,0.200,0.400,T4s,jam,-40.000000,-30.333333,29.630208,9.666667,69.630208,0.302083,0.351888
9,19000,0,5,0.500,0.200,0.400,63o,jam,-40.000000,-29.583333,29.593750,10.416667,69.593750,0.325521,0.349609
9,19000,0,5,0.500,0.200,0.400,T7s,jam,-40.000000,-30.041667,29.583333,9.958333,69.583333,0.311198,0.348958
9,19000,0,5,0.500,0.200,0.400,73o,jam,-40.000000,-30.385417,29.541667,9.614583,69.541667,0.300456,0.346354
9,19000,0,5,0.500,0.200,0.400,J7s,jam,-40.000000,-21.812500,29.531250,18.187500,69.531250,0.568359,0.345703
9,19000,0,5,0.500,0.200,0.400,85o,jam,-40.000000,-30.302083,29.513889,9.697917,69.513889,0.303060,0.344618
9,19000,0,5,0.500,0.200,0.400,42o,jam,-40.000000,-29.625000,29.498264,10.375000,69.498264,0.324219,0.343641
9,19000,0,5,0.500,0.200,0.400,84o,jam,-40.000000,-30.322917,29.470486,9.677083,69.470486,0.302409,0.341905
9,19000,0,5,0.500,0.200,0.400,74o,jam,-40.000000,-30.468750,29.446181,9.531250,69.446181,0.297852,0.340386
9,19000,0,5,0.500,0.200,0.400,86o,jam,-40.000000,-29.854167,29.444444,10.145833,69.444444,0.317057,0.340278
9,19000,0,5,0.500,0.200,0.400,J9o,jam,-40.000000,-18.555556,29.425347,21.444444,69.425347,0.670139,0.339084
9,19000,0,5,0.500,0.200,0.400,95o,jam,-40.000000,-32.736111,29.413194,7.263889,69.413194,0.226997,0.338325
9,19000,0,5,0.500,0.200,0.400,62o,jam,-40.000000,-29.729167,29.328125,10.270833,69.328125,0.320964,0.333008
9,19000,0,5,0.500,0.200,0.400,32o,jam,-40.000000,-29.427083,29.303819,10.572917,69.303819,0.330404,0.331489
9,19000,0,5,0.500,0.200,0.400,82s,jam,-40.000000,-29.937500,29.296875,10.062500,69.296875,0.314453,0.331055
9,19000,0,5,0.500,0.200,0.400,72o,jam,-40.000000,-30.770833,29.295139,9.229167,69.295139,0.288411,0.330946
9,19000,0,5,0.500,0.200,0.400,J8o,jam,-40.000000,-22.500000,29.293403,17.500000,69.293403,0.546875,0.330838
9,19000,0,5,0.500,0.200,0.400,T7o,jam,-40.000000,-30.916667,29.286458,9.083333,69.286458,0.283854,0.330404
9,19000,0,5,0.500,0.200,0.400,52o,jam,-40.000000,-29.395833,29.281250,10.604167,69.281250,0.331380,0.330078
9,19000,0,5,0.500,0.200,0.400,T5o,jam,-40.000000,-30.750000,29.256944,9.250000,69.256944,0.289062,0.328559
9,19000,0,5,0.500,0.200,0.400,K4s,jam,-40.000000,-22.968750,29.229167,17.031250,69.229167,0.532227,0.326823
9,19000,0,5,0.500,0.200,0.400,T6o,jam,-40.000000,-30.722222,29.218750,9.277778,69.218750,0.289931,0.326172
9,19000,0,5,0.500,0.200,0.400,J7o,jam,-40.000000,-23.406250,29.180556,16.593750,69.180556,0.518555,0.323785
9,19000,0,5,0.500,0.200,0.400,J5o,jam,-40.000000,-23.125000,29.159722,16.875000,69.159722,0.527344,0.322483
9,19000,0,5,0.500,0.200,0.400,92o,jam,-40.000000,-32.277778,29.126736,7.722222,69.126736,0.241319,0.320421
9,19000,0,5,0.500,0.200,0.400,QTs,jam,-40.000000,-17.708333,29.125000,22.291667,69.125000,0.696615,0.320312
9,19000,0,5,0.500,0.200,0.400,94o,jam,-40.000000,-31.944444,29.118056,8.055556,69.118056,0.251736,0.319878
9,19000,0,5,0.500,0.200,0.400,T3o,jam,-40.000000,-31.291667,29.112847,8.708333,69.112847,0.272135,0.319553
9,19000,0,5,0.500,0.200,0.400,T2s,jam,-40.000000,-29.875000,29.078125,10.125000,69.078125,0.316406,0.317383
9,19000,0,5,0.500,0.200,0.400,T4o,jam,-40.000000,-31.236111,29.072917,8.763889,69.072917,0.273872,0.317057
9,19000,0,5,0.500,0.200,0.400,Q6s,jam,-40.000000,-22.125000,29.041667,17.875000,69.041667,0.558594,0.315104
9,19000,0,5,0.500,0.200,0.400,82o,jam,-40.000000,-31.000000,29.039931,9.000000,69.039931,0.281250,0.314996
9,19000,0,5,0.500,0.200,0.400,Q4s,jam,-40.000000,-22.437500,29.020833,17.562500,69.020833,0.548828,0.313802
9,19000,0,5,0.500,0.200,0.400,KTs,jam,-40.000000,-18.500000,29.013889,21.500000,69.013889,0.671875,0.313368
9,19000,0,5,0.500,0.200,0.400,Q5s,jam,-40.000000,-22.250000,28.993056,17.750000,68.993056,0.554688,0.312066
9,19000,0,5,0.500,0.200,0.400,J3o,jam,-40.000000,-24.000000,28.980903,16.000000,68.980903,0.500000,0.311306
9,19000,0,5,0.500,0.200,0.400,93o,jam,-40.000000,-31.375000,28.968750,8.625000,68.968750,0.269531,0.310547
9,19000,0,5,0.500,0.200,0.400,83o,jam,-40.000000,-31.093750,28.946181,8.906250,68.946181,0.278320,0.309136
9,19000,0,5,0.500,0.200,0.400,K6s,jam,-40.000000,-22.281250,28.944444,17.718750,68.944444,0.553711,0.309028
9,19000,0,5,0.500,0.200,0.400,K8s,jam,-40.000000,-22.687500,28.923611,17.312500,68.923611,0.541016,0.307726
9,19000,0,5,0.500,0.200,0.400,J6o,jam,-40.000000,-23.843750,28.923611,16.156250,68.923611,0.504883,0.307726
9,19000,0,5,0.500,0.200,0.400,T2o,jam,-40.000000,-30.722222,28.906250,9.277778,68.906250,0.289931,0.306641
9,19000,0,5,0.500,0.200,0.400,J2o,jam,-40.000000,-22.635417,28.902778,17.364583,68.902778,0.542643,0.306424
9,19000,0,5,0.500,0.200,0.400,J4o,jam,-40.000000,-23.447917,28.894097,16.552083,68.894097,0.517253,0.305881
9,19000,0,5,0.500,0.200,0.400,K9s,jam,-40.000000,-18.916667,28.861111,21.083333,68.861111,0.658854,0.303819
9,19000,0,5,0.500,0.200,0.400,KJs,jam,-40.000000,-19.218750,28.854167,20.781250,68.854167,0.649414,0.303385
9,19000,0,5,0.500,0.200,0.400,Q2s,jam,-40.000000,-22.812500,28.750000,17.187500,68.750000,0.537109,0.296875
9,19000,0,5,0.500,0.200,0.400,K7s,jam,-40.000000,-22.406250,28.715278,17.593750,68.715278,0.549805,0.294705
9,19000,0,5,0.500,0.200,0.400,K2s,jam,-40.000000,-22.562500,28.715278,17.437500,68.715278,0.544922,0.294705
9,19000,0,5,0.500,0.200,0.400,K5s,jam,-40.000000,-21.500000,28.680556,18.500000,68.680556,0.578125,0.292535
9,19000,0,5,0.500,0.200,0.400,QJs,jam,-40.000000,-19.000000,28.673611,21.000000,68.673611,0.656250,0.292101
9,19000,0,5,0.500,0.200,0.400,Q7s,jam,-40.000000,-21.531250,28.604167,18.468750,68.604167,0.577148,0.287760
9,19000,0,5,0.500,0.200,0.400,Q3s,jam,-40.000000,-23.656250,28.562500,16.343750,68.562500,0.510742,0.285156
9,19000,0,5,0.500,0.200,0.400,K3s,jam,-40.000000,-23.156250,28.555556,16.843750,68.555556,0.526367,0.284722
9,19000,0,5,0.500,0.200,0.400,Q8s,jam,-40.000000,-21.156250,28.437500,18.843750,68.437500,0.588867,0.277344
9,19000,0,5,0.500,0.200,0.400,KTo,jam,-40.000000,-18.125000,28.326389,21.875000,68.326389,0.683594,0.270399
9,19000,0,5,0.500,0.200,0.400,K9o,jam,-40.000000,-18.555556,28.277778,21.444444,68.277778,0.670139,0.267361
9,19000,0,5,0.500,0.200,0.400,Q9s,jam,-40.000000,-18.750000,28.263889,21.250000,68.263889,0.664062,0.266493
9,19000,0,5,0.500,0.200,0.400,K8o,jam,-40.000000,-23.104167,28.263889,16.895833,68.263889,0.527995,0.266493
9,19000,0,5,0.500,0.200,0.400,QTo,jam,-40.000000,-18.638889,28.250000,21.361111,68.250000,0.667535,0.265625
9,19000,0,5,0.500,0.200,0.400,K4o,jam,-40.000000,-23.354167,28.233796,16.645833,68.233796,0.520182,0.264612
9,19000,0,5,0.500,0.200,0.400,K5o,jam,-40.000000,-24.343750,28.206019,15.656250,68.206019,0.489258,0.262876
9,19000,0,5,0.500,0.200,0.400,K6o,jam,-40.000000,-23.802083,28.189815,16.197917,68.189815,0.506185,0.261863
9,19000,0,5,0.500,0.200,0.400,K7o,jam,-40.000000,-23.083333,28.185185,16.916667,68.185185,0.528646,0.261574
9,19000,0,5,0.500,0.200,0.400,Q6o,jam,-40.000000,-22.843750,28.118056,17.156250,68.118056,0.536133,0.257378
9,19000,0,5,0.500,0.200,0.400,K2o,jam,-40.000000,-24.291667,28.115741,15.708333,68.115741,0.490885,0.257234
9,19000,0,5,0.500,0.200,0.400,QJo,jam,-40.000000,-20.083333,28.050926,19.916667,68.050926,0.622396,0.253183
9,19000,0,5,0.500,0.200,0.400,Q9o,jam,-40.000000,-18.444444,28.018519,21.555556,68.018519,0.673611,0.251157
9,19000,0,5,0.500,0.200,0.400,Q5o,jam,-40.000000,-23.822917,27.960648,16.177083,67.960648,0.505534,0.247541
9,19000,0,5,0.500,0.200,0.400,KJo,jam,-40.000000,-20.947917,27.909722,19.052083,67.909722,0.595378,0.244358
9,19000,0,5,0.500,0.200,0.400,Q3o,jam,-40.000000,-23.895833,27.907407,16.104167,67.907407,0.503255,0.244213
9,19000,0,5,0.500,0.200,0.400,K3o,jam,-40.000000,-23.437500,27.872685,16.562500,67.872685,0.517578,0.242043
9,19000,0,5,0.500,0.200,0.400,Q4o,jam,-40.000000,-23.989583,27.844907,16.010417,67.844907,0.500326,0.240307
9,19000,0,5,0.500,0.200,0.400,Q8o,jam,-40.000000,-22.791667,27.775463,17.208333,67.775463,0.537760,0.235966
9,19000,0,5,0.500,0.200,0.400,Q2o,jam,-40.000000,-22.989583,27.719907,17.010417,67.719907,0.531576,0.232494
9,19000,0,5,0.500,0.200,0.400,Q7o,jam,-40.000000,-24.000000,27.636574,16.000000,67.636574,0.500000,0.227286
9,19000,0,5,0.500,0.500,0.400,JJ,jam,-40.000000,-13.562500,33.046875,26.437500,73.046875,0.826172,0.826172
9,19000,0,5,0.500,0.500,0.400,QQ,jam,-40.000000,-13.854167,32.682292,26.145833,72.682292,0.817057,0.817057
9,19000,0,5,0.500,0.500,0.400,TT,jam,-40.000000,-13.875000,32.656250,26.125000,72.656250,0.816406,0.816406
9,19000,0,5,0.500,0.500,0.400,AA,jam,-40.000000,-14.791667,31.510417,25.208333,71.510417,0.787760,0.787760
9,19000,0,5,0.500,0.500,0.400,KK,jam,-40.000000,-15.020833,31.223958,24.979167,71.223958,0.780599,0.780599
9,19000,0,5,0.500,0.500,0.400,J9s,jam,-40.000000,-16.125000,29.843750,23.875000,69.843750,0.746094,0.746094
9,19000,0,5,0.500,0.500,0.400,JTs,jam,-40.000000,-17.500000,28.125000,22.500000,68.125000,0.703125,0.703125
9,19000,0,5,0.500,0.500,0.400,ATo,jam,-40.000000,-17.652778,27.934028,22.347222,67.934028,0.698351,0.698351
9,19000,0,5,0.500,0.500,0.400,QTs,jam,-40.000000,-17.708333,27.864583,22.291667,67.864583,0.696615,0.696615
9,19000,0,5,0.500,0.500,0.400,JTo,jam,-40.000000,-17.819444,27.725694,22.180556,67.725694,0.693142,0.693142
9,19000,0,5,0.500,0.500,0.400,A9s,jam,-40.000000,-18.083333,27.395833,21.916667,67.395833,0.684896,0.684896
9,19000,0,5,0.500,0.500,0.400,KTo,jam,-40.000000,-18.125000,27.343750,21.875000,67.343750,0.683594,0.683594
9,19000,0,5,0.500,0.500,0.400,ATs,jam,-40.000000,-18.166667,27.291667,21.833333,67.291667,0.682292,0.682292
9,19000,0,5,0.500,0.500,0.400,Q9o,jam,-40.000000,-18.444444,26.944444,21.555556,66.944444,0.673611,0.673611
9,19000,0,5,0.500,0.500,0.400,KTs,jam,-40.000000,-18.500000,26.875000,21.500000,66.875000,0.671875,0.671875
9,19000,0,5,0.500,0.500,0.400,K9o,jam,-40.000000,-18.555556,26.805556,21.444444,66.805556,0.670139,0.670139
9,19000,0,5,0.500,0.500,0.400,J9o,jam,-40.000000,-18.555556,26.805556,21.444444,66.805556,0.670139,0.670139
9,19000,0,5,0.500,0.500,0.400,QTo,jam,-40.000000,-18.638889,26.701389,21.361111,66.701389,0.667535,0.667535
9,19000,0,5,0.500,0.500,0.400,Q9s,jam,-40.000000,-18.750000,26.562500,21.250000,66.562500,0.664062,0.664062
9,19000,0,5,0.500,0.500,0.400,K9s,jam,-40.000000,-18.916667,26.354167,21.083333,66.354167,0.658854,0.658854
9,19000,0,5,0.500,0.500,0.400,A9o,jam,-40.000000,-18.930556,26.336806,21.069444,66.336806,0.658420,0.658420
9,19000,0,5,0.500,0.500,0.400,KQs,jam,-40.000000,-18.968750,26.289062,21.031250,66.289062,0.657227,0.657227
9,19000,0,5,0.500,0.500,0.400,QJs,jam,-40.000000,-19.000000,26.250000,21.000000,66.250000,0.656250,0.656250
9,19000,0,5,0.500,0.500,0.400,KJs,jam,-40.000000,-19.218750,25.976562,20.781250,65.976562,0.649414,0.649414
9,19000,0,5,0.500,0.500,0.400,AQs,jam,-40.000000,-19.468750,25.664062,20.531250,65.664062,0.641602,0.641602
9,19000,0,5,0.500,0.500,0.400,AJs,jam,-40.000000,-19.500000,25.625000,20.500000,65.625000,0.640625,0.640625
9,19000,0,5,0.500,0.500,0.400,AKs,jam,-40.000000,-19.625000,25.468750,20.375000,65.468750,0.636719,0.636719
9,19000,0,5,0.500,0.500,0.400,QJo,jam,-40.000000,-20.083333,24.895833,19.916667,64.895833,0.622396,0.622396
9,19000,0,5,0.500,0.500,0.400,99,jam,-40.000000,-20.125000,24.843750,19.875000,64.843750,0.621094,0.621094
9,19000,0,5,0.500,0.500,0.400,AJo,jam,-40.000000,-20.583333,24.270833,19.416667,64.270833,0.606771,0.606771
9,19000,0,5,0.500,0.500,0.400,KQo,jam,-40.000000,-20.812500,23.984375,19.187500,63.984375,0.599609,0.599609
9,19000,0,5,0.500,0.500,0.400,J4s,jam,-40.000000,-20.875000,23.906250,19.125000,63.906250,0.597656,0.597656
9,19000,0,5,0.500,0.500,0.400,KJo,jam,-40.000000,-20.947917,23.815104,19.052083,63.815104,0.595378,0.595378
9,19000,0,5,0.500,0.500,0.400,J6s,jam,-40.000000,-20.968750,23.789062,19.031250,63.789062,0.594727,0.594727
9,19000,0,5,0.500,0.500,0.400,Q8s,jam,-40.000000,-21.156250,23.554688,18.843750,63.554688,0.588867,0.588867
9,19000,0,5,0.500,0.500,0.400,J8s,jam,-40.000000,-21.156250,23.554688,18.843750,63.554688,0.588867,0.588867
9,19000,0,5,0.500,0.500,0.400,A8s,jam,-40.000000,-21.281250,23.398438,18.718750,63.398438,0.584961,0.584961
9,19000,0,5,0.500,0.500,0.400,A3s,jam,-40.000000,-21.375000,23.281250,18.625000,63.281250,0.582031,0.582031
9,19000,0,5,0.500,0.500,0.400,K5s,jam,-40.000000,-21.500000,23.125000,18.500000,63.125000,0.578125,0.578125
9,19000,0,5,0.500,0.500,0.400,AQo,jam,-40.000000,-21.510417,23.111979,18.489583,63.111979,0.577799,0.577799
9,19000,0,5,0.500,0.500,0.400,Q7s,jam,-40.000000,-21.531250,23.085938,18.468750,63.085938,0.577148,0.577148
9,19000,0,5,0.500,0.500,0.400,AKo,jam,-40.000000,-21.656250,22.929688,18.343750,62.929688,0.573242,0.573242
9,19000,0,5,0.500,0.500,0.400,J7s,jam,-40.000000,-21.812500,22.734375,18.187500,62.734375,0.568359,0.568359
9,19000,0,5,0.500,0.500,0.400,A2s,jam,-40.000000,-21.875000,22.656250,18.125000,62.656250,0.566406,0.566406
9,19000,0,5,0.500,0.500,0.400,A6s,jam,-40.000000,-21.937500,22.578125,18.062500,62.578125,0.564453,0.564453
9,19000,0,5,0.500,0.500,0.400,Q6s,jam,-40.000000,-22.125000,22.343750,17.875000,62.343750,0.558594,0.558594
9,19000,0,5,0.500,0.500,0.400,Q5s,jam,-40.000000,-22.250000,22.187500,17.750000,62.187500,0.554688,0.554688
9,19000,0,5,0.500,0.500,0.400,K6s,jam,-40.000000,-22.281250,22.148438,17.718750,62.148438,0.553711,0.553711
9,19000,0,5,0.500,0.500,0.400,A7s,jam,-40.000000,-22.375000,22.031250,17.625000,62.031250,0.550781,0.550781
9,19000,0,5,0.500,0.500,0.400,K7s,jam,-40.000000,-22.406250,21.992188,17.593750,61.992188,0.549805,0.549805
9,19000,0,5,0.500,0.500,0.400,J5s,jam,-40.000000,-22.406250,21.992188,17.593750,61.992188,0.549805,0.549805
9,19000,0,5,0.500,0.500,0.400,Q4s,jam,-40.000000,-22.437500,21.953125,17.562500,61.953125,0.548828,0.548828
9,19000,0,5,0.500,0.500,0.400,A8o,jam,-40.000000,-22.500000,21.875000,17.500000,61.875000,0.546875,0.546875
9,19000,0,5,0.500,0.500,0.400,J8o,jam,-40.000000,-22.500000,21.875000,17.500000,61.875000,0.546875,0.546875
9,19000,0,5,0.500,0.500,0.400,K2s,jam,-40.000000,-22.562500,21.796875,17.437500,61.796875,0.544922,0.544922
9,19000,0,5,0.500,0.500,0.400,A5s,jam,-40.000000,-22.625000,21.718750,17.375000,61.718750,0.542969,0.542969
9,19000,0,5,0.500,0.500,0.400,J2o,jam,-40.000000,-22.635417,21.705729,17.364583,61.705729,0.542643,0.542643
9,19000,0,5,0.500,0.500,0.400,K8s,jam,-40.000000,-22.687500,21.640625,17.312500,61.640625,0.541016,0.541016
9,19000,0,5,0.500,0.500,0.400,A4s,jam,-40.000000,-22.718750,21.601562,17.281250,61.601562,0.540039,0.540039
9,19000,0,5,0.500,0.500,0.400,Q8o,jam,-40.000000,-22.791667,21.510417,17.208333,61.510417,0.537760,0.537760
9,19000,0,5,0.500,0.500,0.400,Q2s,jam,-40.000000,-22.812500,21.484375,17.187500,61.484375,0.537109,0.537109
9,19000,0,5,0.500,0.500,0.400,A3o,jam,-40.000000,-22.822917,21.471354,17.177083,61.471354,0.536784,0.536784
9,19000,0,5,0.500,0.500,0.400,Q6o,jam,-40.000000,-22.843750,21.445312,17.156250,61.445312,0.536133,0.536133
9,19000,0,5,0.500,0.500,0.400,K4s,jam,-40.000000,-22.968750,21.289062,17.031250,61.289062,0.532227,0.532227
9,19000,0,5,0.500,0.500,0.400,Q2o,jam,-40.000000,-22.989583,21.263021,17.010417,61.263021,0.531576,0.531576
9,19000,0,5,0.500,0.500,0.400,A6o,jam,-40.000000,-23.052083,21.184896,16.947917,61.184896,0.529622,0.529622
9,19000,0,5,0.500,0.500,0.400,K7o,jam,-40.000000,-23.083333,21.145833,16.916667,61.145833,0.528646,0.528646
9,19000,0,5,0.500,0.500,0.400,K8o,jam,-40.000000,-23.104167,21.119792,16.895833,61.119792,0.527995,0.527995
9,19000,0,5,0.500,0.500,0.400,J5o,jam,-40.000000,-23.125000,21.093750,16.875000,61.093750,0.527344,0.527344
9,19000,0,5,0.500,0.500,0.400,A5o,jam,-40.000000,-23.145833,21.067708,16.854167,61.067708,0.526693,0.526693
9,19000,0,5,0.500,0.500,0.400,K3s,jam,-40.000000,-23.156250,21.054688,16.843750,61.054688,0.526367,0.526367
9,19000,0,5,0.500,0.500,0.400,J2s,jam,-40.000000,-23.187500,21.015625,16.812500,61.015625,0.525391,0.525391
9,19000,0,5,0.500,0.500,0.400,A4o,jam,-40.000000,-23.250000,20.937500,16.750000,60.937500,0.523438,0.523438
9,19000,0,5,0.500,0.500,0.400,K4o,jam,-40.000000,-23.354167,20.807292,16.645833,60.807292,0.520182,0.520182
9,19000,0,5,0.500,0.500,0.400,J7o,jam,-40.000000,-23.406250,20.742188,16.593750,60.742188,0.518555,0.518555
9,19000,0,5,0.500,0.500,0.400,K3o,jam,-40.000000,-23.437500,20.703125,16.562500,60.703125,0.517578,0.517578
9,19000,0,5,0.500,0.500,0.400,J4o,jam,-40.000000,-23.447917,20.690104,16.552083,60.690104,0.517253,0.517253
9,19000,0,5,0.500,0.500,0.400,88,jam,-40.000000,-23.458333,20.677083,16.541667,60.677083,0.516927,0.516927
9,19000,0,5,0.500,0.500,0.400,A7o,jam,-40.000000,-23.552083,20.559896,16.447917,60.559896,0.513997,0.513997
9,19000,0,5,0.500,0.500,0.400,Q3s,jam,-40.000000,-23.656250,20.429688,16.343750,60.429688,0.510742,0.510742
9,19000,0,5,0.500,0.500,0.400,J3s,jam,-40.000000,-23.718750,20.351562,16.281250,60.351562,0.508789,0.508789
9,19000,0,5,0.500,0.500,0.400,K6o,jam,-40.000000,-23.802083,20.247396,16.197917,60.247396,0.506185,0.506185
9,19000,0,5,0.500,0.500,0.400,Q5o,jam,-40.000000,-23.822917,20.221354,16.177083,60.221354,0.505534,0.505534
9,19000,0,5,0.500,0.500,0.400,J6o,jam,-40.000000,-23.843750,20.195312,16.156250,60.195312,0.504883,0.504883
9,19000,0,5,0.500,0.500,0.400,Q3o,jam,-40.000000,-23.895833,20.130208,16.104167,60.130208,0.503255,0.503255
9,19000,0,5,0.500,0.500,0.400,A2o,jam,-40.000000,-23.958333,20.052083,16.041667,60.052083,0.501302,0.501302
9,19000,0,5,0.500,0.500,0.400,Q4o,jam,-40.000000,-23.989583,20.013021,16.010417,60.013021,0.500326,0.500326
9,19000,0,5,0.500,0.500,0.400,Q7o,jam,-40.000000,-24.000000,20.000000,16.000000,60.000000,0.500000,0.500000
9,19000,0,5,0.500,0.500,0.400,J3o,jam,-40.000000,-24.000000,20.000000,16.000000,60.000000,0.500000,0.500000
9,19000,0,5,0.500,0.500,0.400,T9s,jam,-40.000000,-24.000000,20.000000,16.000000,60.000000,0.500000,0.500000
9,19000,0,5,0.500,0.500,0.400,66,jam,-40.000000,-24.062500,19.921875,15.937500,59.921875,0.498047,0.498047
9,19000,0,5,0.500,0.500,0.400,K2o,jam,-40.000000,-24.291667,19.635417,15.708333,59.635417,0.490885,0.490885
9,19000,0,5,0.500,0.500,0.400,K5o,jam,-40.000000,-24.343750,19.570312,15.656250,59.570312,0.489258,0.489258
9,19000,0,5,0.500,0.500,0.400,55,jam,-40.000000,-24.354167,19.557292,15.645833,59.557292,0.488932,0.488932
9,19000,0,5,0.500,0.500,0.400,33,jam,-40.000000,-24.625000,19.218750,15.375000,59.218750,0.480469,0.480469
9,19000,0,5,0.500,0.500,0.400,T9o,jam,-40.000000,-24.729167,19.088542,15.270833,59.088542,0.477214,0.477214
9,19000,0,5,0.500,0.500,0.400,22,jam,-40.000000,-25.145833,18.567708,14.854167,58.567708,0.464193,0.464193
9,19000,0,5,0.500,0.500,0.400,77,jam,-40.000000,-25.229167,18.463542,14.770833,58.463542,0.461589,0.461589
9,19000,0,5,0.500,0.500,0.400,44,jam,-40.000000,-25.958333,17.552083,14.041667,57.552083,0.438802,0.438802
9,19000,0,5,0.500,0.500,0.400,76s,jam,-40.000000,-27.875000,15.156250,12.125000,55.156250,0.378906,0.378906
9,19000,0,5,0.500,0.500,0.400,72s,jam,-40.000000,-28.250000,14.687500,11.750000,54.687500,0.367188,0.367188
9,19000,0,5,0.500,0.500,0.400,75s,jam,-40.000000,-28.437500,14.453125,11.562500,54.453125,0.361328,0.361328
9,19000,0,5,0.500,0.500,0.400,42s,jam,-40.000000,-28.468750,14.414062,11.531250,54.414062,0.360352,0.360352
9,19000,0,5,0.500,0.500,0.400,54o,jam,-40.000000,-28.489583,14.388021,11.510417,54.388021,0.359701,0.359701
9,19000,0,5,0.500,0.500,0.400,76o,jam,-40.000000,-28.510417,14.361979,11.489583,54.361979,0.359049,0.359049
9,19000,0,5,0.500,0.500,0.400,43s,jam,-40.000000,-28.625000,14.218750,11.375000,54.218750,0.355469,0.355469
9,19000,0,5,0.500,0.500,0.400,52s,jam,-40.000000,-28.718750,14.101562,11.281250,54.101562,0.352539,0.352539
9,19000,0,5,0.500,0.500,0.400,T3s,jam,-40.000000,-28.791667,14.010417,11.208333,54.010417,0.350260,0.350260
9,19000,0,5,0.500,0.500,0.400,86s,jam,-40.000000,-28.812500,13.984375,11.187500,53.984375,0.349609,0.349609
9,19000,0,5,0.500,0.500,0.400,73s,jam,-40.000000,-28.812500,13.984375,11.187500,53.984375,0.349609,0.349609
9,19000,0,5,0.500,0.500,0.400,87o,jam,-40.000000,-28.875000,13.906250,11.125000,53.906250,0.347656,0.347656
9,19000,0,5,0.500,0.500,0.400,85s,jam,-40.000000,-28.875000,13.906250,11.125000,53.906250,0.347656,0.347656
9,19000,0,5,0.500,0.500,0.400,74s,jam,-40.000000,-28.937500,13.828125,11.062500,53.828125,0.345703,0.345703
9,19000,0,5,0.500,0.500,0.400,63s,jam,-40.000000,-28.937500,13.828125,11.062500,53.828125,0.345703,0.345703
9,19000,0,5,0.500,0.500,0.400,T8s,jam,-40.000000,-28.958333,13.802083,11.041667,53.802083,0.345052,0.345052
9,19000,0,5,0.500,0.500,0.400,65s,jam,-40.000000,-29.000000,13.750000,11.000000,53.750000,0.343750,0.343750
9,19000,0,5,0.500,0.500,0.400,53s,jam,-40.000000,-29.093750,13.632812,10.906250,53.632812,0.340820,0.340820
9,19000,0,5,0.500,0.500,0.400,87s,jam,-40.000000,-29.218750,13.476562,10.781250,53.476562,0.336914,0.336914
9,19000,0,5,0.500,0.500,0.400,53o,jam,-40.000000,-29.229167,13.463542,10.770833,53.463542,0.336589,0.336589
9,19000,0,5,0.500,0.500,0.400,65o,jam,-40.000000,-29.250000,13.437500,10.750000,53.437500,0.335938,0.335938
9,19000,0,5,0.500,0.500,0.400,52o,jam,-40.000000,-29.395833,13.255208,10.604167,53.255208,0.331380,0.331380
9,19000,0,5,0.500,0.500,0.400,32o,jam,-40.000000,-29.427083,13.216146,10.572917,53.216146,0.330404,0.330404
9,19000,0,5,0.500,0.500,0.400,64o,jam,-40.000000,-29.510417,13.111979,10.489583,53.111979,0.327799,0.327799
9,19000,0,5,0.500,0.500,0.400,84s,jam,-40.000000,-29.531250,13.085938,10.468750,53.085938,0.327148,0.327148
9,19000,0,5,0.500,0.500,0.400,62s,jam,-40.000000,-29.562500,13.046875,10.437500,53.046875,0.326172,0.326172
9,19000,0,5,0.500,0.500,0.400,63o,jam,-40.000000,-29.583333,13.020833,10.416667,53.020833,0.325521,0.325521
9,19000,0,5,0.500,0.500,0.400,42o,jam,-40.000000,-29.625000,12.968750,10.375000,52.968750,0.324219,0.324219
9,19000,0,5,0.500,0.500,0.400,43o,jam,-40.000000,-29.645833,12.942708,10.354167,52.942708,0.323568,0.323568
9,19000,0,5,0.500,0.500,0.400,54s,jam,-40.000000,-29.656250,12.929688,10.343750,52.929688,0.323242,0.323242
9,19000,0,5,0.500,0.500,0.400,T6s,jam,-40.000000,-29.666667,12.916667,10.333333,52.916667,0.322917,0.322917
9,19000,0,5,0.500,0.500,0.400,92s,jam,-40.000000,-29.666667,12.916667,10.333333,52.916667,0.322917,0.322917
9,19000,0,5,0.500,0.500,0.400,62o,jam,-40.000000,-29.729167,12.838542,10.270833,52.838542,0.320964,0.320964
9,19000,0,5,0.500,0.500,0.400,96s,jam,-40.000000,-29.750000,12.812500,10.250000,52.812500,0.320312,0.320312
9,19000,0,5,0.500,0.500,0.400,75o,jam,-40.000000,-29.760417,12.799479,10.239583,52.799479,0.319987,0.319987
9,19000,0,5,0.500,0.500,0.400,86o,jam,-40.000000,-29.854167,12.682292,10.145833,52.682292,0.317057,0.317057
9,19000,0,5,0.500,0.500,0.400,T2s,jam,-40.000000,-29.875000,12.656250,10.125000,52.656250,0.316406,0.316406
9,19000,0,5,0.500,0.500,0.400,82s,jam,-40.000000,-29.937500,12.578125,10.062500,52.578125,0.314453,0.314453
9,19000,0,5,0.500,0.500,0.400,83s,jam,-40.000000,-29.968750,12.539062,10.031250,52.539062,0.313477,0.313477
9,19000,0,5,0.500,0.500,0.400,T7s,jam,-40.000000,-30.041667,12.447917,9.958333,52.447917,0.311198,0.311198
9,19000,0,5,0.500,0.500,0.400,T5s,jam,-40.000000,-30.208333,12.239583,9.791667,52.239583,0.305990,0.305990
9,19000,0,5,0.500,0.500,0.400,85o,jam,-40.000000,-30.302083,12.122396,9.697917,52.122396,0.303060,0.303060
9,19000,0,5,0.500,0.500,0.400,84o,jam,-40.000000,-30.322917,12.096354,9.677083,52.096354,0.302409,0.302409
9,19000,0,5,0.500,0.500,0.400,T4s,jam,-40.000000,-30.333333,12.083333,9.666667,52.083333,0.302083,0.302083
9,19000,0,5,0.500,0.500,0.400,93s,jam,-40.000000,-30.333333,12.083333,9.666667,52.083333,0.302083,0.302083
9,19000,0,5,0.500,0.500,0.400,73o,jam,-40.000000,-30.385417,12.018229,9.614583,52.018229,0.300456,0.300456
9,19000,0,5,0.500,0.500,0.400,74o,jam,-40.000000,-30.468750,11.914062,9.531250,51.914062,0.297852,0.297852
9,19000,0,5,0.500,0.500,0.400,97s,jam,-40.000000,-30.500000,11.875000,9.500000,51.875000,0.296875,0.296875
9,19000,0,5,0.500,0.500,0.400,94s,jam,-40.000000,-30.541667,11.822917,9.458333,51.822917,0.295573,0.295573
9,19000,0,5,0.500,0.500,0.400,95s,jam,-40.000000,-30.708333,11.614583,9.291667,51.614583,0.290365,0.290365
9,19000,0,5,0.500,0.500,0.400,T6o,jam,-40.000000,-30.722222,11.597222,9.277778,51.597222,0.289931,0.289931
9,19000,0,5,0.500,0.500,0.400,T2o,jam,-40.000000,-30.722222,11.597222,9.277778,51.597222,0.289931,0.289931
9,19000,0,5,0.500,0.500,0.400,T5o,jam,-40.000000,-30.750000,11.562500,9.250000,51.562500,0.289062,0.289062
9,19000,0,5,0.500,0.500,0.400,72o,jam,-40.000000,-30.770833,11.536458,9.229167,51.536458,0.288411,0.288411
9,19000,0,5,0.500,0.500,0.400,T8o,jam,-40.000000,-30.777778,11.527778,9.222222,51.527778,0.288194,0.288194
9,19000,0,5,0.500,0.500,0.400,98s,jam,-40.000000,-30.791667,11.510417,9.208333,51.510417,0.287760,0.287760
9,19000,0,5,0.500,0.500,0.400,64s,jam,-40.000000,-30.812500,11.484375,9.187500,51.484375,0.287109,0.287109
9,19000,0,5,0.500,0.500,0.400,T7o,jam,-40.000000,-30.916667,11.354167,9.083333,51.354167,0.283854,0.283854
9,19000,0,5,0.500,0.500,0.400,82o,jam,-40.000000,-31.000000,11.250000,9.000000,51.250000,0.281250,0.281250
9,19000,0,5,0.500,0.500,0.400,83o,jam,-40.000000,-31.093750,11.132812,8.906250,51.132812,0.278320,0.278320
9,19000,0,5,0.500,0.500,0.400,32s,jam,-40.000000,-31.218750,10.976562,8.781250,50.976562,0.274414,0.274414
9,19000,0,5,0.500,0.500,0.400,T4o,jam,-40.000000,-31.236111,10.954861,8.763889,50.954861,0.273872,0.273872
9,19000,0,5,0.500,0.500,0.400,T3o,jam,-40.000000,-31.291667,10.885417,8.708333,50.885417,0.272135,0.272135
9,19000,0,5,0.500,0.500,0.400,93o,jam,-40.000000,-31.375000,10.781250,8.625000,50.781250,0.269531,0.269531
9,19000,0,5,0.500,0.500,0.400,98o,jam,-40.000000,-31.638889,10.451389,8.361111,50.451389,0.261285,0.261285
9,19000,0,5,0.500,0.500,0.400,96o,jam,-40.000000,-31.736111,10.329861,8.263889,50.329861,0.258247,0.258247
9,19000,0,5,0.500,0.500,0.400,97o,jam,-40.000000,-31.750000,10.312500,8.250000,50.312500,0.257812,0.257812
9,19000,0,5,0.500,0.500,0.400,94o,jam,-40.000000,-31.944444,10.069444,8.055556,50.069444,0.251736,0.251736
9,19000,0,5,0.500,0.500,0.400,92o,jam,-40.000000,-32.277778,9.652778,7.722222,49.652778,0.241319,0.241319
9,19000,0,5,0.500,0.500,0.400,95o,jam,-40.000000,-32.736111,9.079861,7.263889,49.079861,0.226997,0.226997
9,19000,0,5,0.500,1.000,0.400,99,jam,-40.000000,-20.125000,30.729167,19.875000,70.729167,0.621094,0.884115
9,19000,0,5,0.500,1.000,0.400,TT,jam,-40.000000,-13.875000,28.871528,26.125000,68.871528,0.816406,0.860894
9,19000,0,5,0.500,1.000,0.400,JJ,jam,-40.000000,-13.562500,27.274306,26.437500,67.274306,0.826172,0.840929
9,19000,0,5,0.500,1.000,0.400,KK,jam,-40.000000,-15.020833,26.788194,24.979167,66.788194,0.780599,0.834852
9,19000,0,5,0.500,1.000,0.400,AA,jam,-40.000000,-14.791667,25.746528,25.208333,65.746528,0.787760,0.821832
9,19000,0,5,0.500,1.000,0.400,QQ,jam,-40.000000,-13.854167,25.364583,26.145833,65.364583,0.817057,0.817057
9,19000,0,5,0.500,1.000,0.400,T9s,jam,-40.000000,-24.000000,19.375000,16.000000,59.375000,0.500000,0.742188
9,19000,0,5,0.500,1.000,0.400,J9o,jam,-40.000000,-18.555556,19.189815,21.444444,59.189815,0.670139,0.739873
9,19000,0,5,0.500,1.000,0.400,Q9s,jam,-40.000000,-18.750000,18.958333,21.250000,58.958333,0.664062,0.736979
9,19000,0,5,0.500,1.000,0.400,J7s,jam,-40.000000,-21.812500,18.402778,18.187500,58.402778,0.568359,0.730035
9,19000,0,5,0.500,1.000,0.400,T9o,jam,-40.000000,-24.729167,18.368056,15.270833,58.368056,0.477214,0.729601
9,19000,0,5,0.500,1.000,0.400,A9s,jam,-40.000000,-18.083333,18.194444,21.916667,58.194444,0.684896,0.727431
9,19000,0,5,0.500,1.000,0.400,J9s,jam,-40.000000,-16.125000,18.055556,23.875000,58.055556,0.746094,0.725694
9,19000,0,5,0.500,1.000,0.400,Q9o,jam,-40.000000,-18.444444,17.881944,21.555556,57.881944,0.673611,0.723524
9,19000,0,5,0.500,1.000,0.400,A7s,jam,-40.000000,-22.375000,17.534722,17.625000,57.534722,0.550781,0.719184
9,19000,0,5,0.500,1.000,0.400,K7s,jam,-40.000000,-22.406250,17.534722,17.593750,57.534722,0.549805,0.719184
9,19000,0,5,0.500,1.000,0.400,Q7s,jam,-40.000000,-21.531250,17.326389,18.468750,57.326389,0.577148,0.716580
9,19000,0,5,0.500,1.000,0.400,K9s,jam,-40.000000,-18.916667,17.083333,21.083333,57.083333,0.658854,0.713542
9,19000,0,5,0.500,1.000,0.400,A9o,jam,-40.000000,-18.930556,17.083333,21.069444,57.083333,0.658420,0.713542
9,19000,0,5,0.500,1.000,0.400,T7s,jam,-40.000000,-30.041667,17.048611,9.958333,57.048611,0.311198,0.713108
9,19000,0,5,0.500,1.000,0.400,J7o,jam,-40.000000,-23.406250,16.956019,16.593750,56.956019,0.518555,0.711950
9,19000,0,5,0.500,1.000,0.400,A7o,jam,-40.000000,-23.552083,16.944444,16.447917,56.944444,0.513997,0.711806
9,19000,0,5,0.500,1.000,0.400,K7o,jam,-40.000000,-23.083333,16.747685,16.916667,56.747685,0.528646,0.709346
9,19000,0,5,0.500,1.000,0.400,K9o,jam,-40.000000,-18.555556,16.215278,21.444444,56.215278,0.670139,0.702691
9,19000,0,5,0.500,1.000,0.400,Q7o,jam,-40.000000,-24.000000,16.215278,16.000000,56.215278,0.500000,0.702691
9,19000,0,5,0.500,1.000,0.400,98s,jam,-40.000000,-30.791667,15.833333,9.208333,55.833333,0.287760,0.697917
9,19000,0,5,0.500,1.000,0.400,T7o,jam,-40.000000,-30.916667,15.729167,9.083333,55.729167,0.283854,0.696615
9,19000,0,5,0.500,1.000,0.400,JTs,jam,-40.000000,-17.500000,15.651042,22.500000,55.651042,0.703125,0.695638
9,19000,0,5,0.500,1.000,0.400,88,jam,-40.000000,-23.458333,14.930556,16.541667,54.930556,0.516927,0.686632
9,19000,0,5,0.500,1.000,0.400,QJs,jam,-40.000000,-19.000000,14.453125,21.000000,54.453125,0.656250,0.680664
9,19000,0,5,0.500,1.000,0.400,JTo,jam,-40.000000,-17.819444,14.418403,22.180556,54.418403,0.693142,0.680230
9,19000,0,5,0.500,1.000,0.400,QTs,jam,-40.000000,-17.708333,14.036458,22.291667,54.036458,0.696615,0.675456
9,19000,0,5,0.500,1.000,0.400,AJs,jam,-40.000000,-19.500000,13.697917,20.500000,53.697917,0.640625,0.671224
9,19000,0,5,0.500,1.000,0.400,77,jam,-40.000000,-25.229167,13.611111,14.770833,53.611111,0.461589,0.670139
9,19000,0,5,0.500,1.000,0.400,98o,jam,-40.000000,-31.638889,13.368056,8.361111,53.368056,0.261285,0.667101
9,19000,0,5,0.500,1.000,0.400,KTs,jam,-40.000000,-18.500000,13.255208,21.500000,53.255208,0.671875,0.665690
9,19000,0,5,0.500,1.000,0.400,T8s,jam,-40.000000,-28.958333,12.916667,11.041667,52.916667,0.345052,0.661458
9,19000,0,5,0.500,1.000,0.400,ATs,jam,-40.000000,-18.166667,12.890625,21.833333,52.890625,0.682292,0.661133
9,19000,0,5,0.500,1.000,0.400,AQs,jam,-40.000000,-19.468750,12.578125,20.531250,52.578125,0.641602,0.657227
9,19000,0,5,0.500,1.000,0.400,J8s,jam,-40.000000,-21.156250,12.552083,18.843750,52.552083,0.588867,0.656901
9,19000,0,5,0.500,1.000,0.400,QTo,jam,-40.000000,-18.638889,12.526042,21.361111,52.526042,0.667535,0.656576
9,19000,0,5,0.500,1.000,0.400,KQs,jam,-40.000000,-18.968750,12.500000,21.031250,52.500000,0.657227,0.656250
9,19000,0,5,0.500,1.000,0.400,KJo,jam,-40.000000,-20.947917,12.239583,19.052083,52.239583,0.595378,0.652995
9,19000,0,5,0.500,1.000,0.400,QJo,jam,-40.000000,-20.083333,12.013889,19.916667,52.013889,0.622396,0.650174
9,19000,0,5,0.500,1.000,0.400,AQo,jam,-40.000000,-21.510417,11.892361,18.489583,51.892361,0.577799,0.648655
9,19000,0,5,0.500,1.000,0.400,KQo,jam,-40.000000,-20.812500,11.831597,19.187500,51.831597,0.599609,0.647895
9,19000,0,5,0.500,1.000,0.400,KTo,jam,-40.000000,-18.125000,11.762153,21.875000,51.762153,0.683594,0.647027
9,19000,0,5,0.500,1.000,0.400,T8o,jam,-40.000000,-30.777778,11.701389,9.222222,51.701389,0.288194,0.646267
9,19000,0,5,0.500,1.000,0.400,AKo,jam,-40.000000,-21.656250,11.614583,18.343750,51.614583,0.573242,0.645182
9,19000,0,5,0.500,1.000,0.400,KJs,jam,-40.000000,-19.218750,11.510417,20.781250,51.510417,0.649414,0.643880
9,19000,0,5,0.500,1.000,0.400,AJo,jam,-40.000000,-20.583333,11.501736,19.416667,51.501736,0.606771,0.643772
9,19000,0,5,0.500,1.000,0.400,AKs,jam,-40.000000,-19.625000,11.171875,20.375000,51.171875,0.636719,0.639648
9,19000,0,5,0.500,1.000,0.400,ATo,jam,-40.000000,-17.652778,10.859375,22.347222,50.859375,0.698351,0.635742
9,19000,0,5,0.500,1.000,0.400,K8s,jam,-40.000000,-22.687500,10.390625,17.312500,50.390625,0.541016,0.629883
9,19000,0,5,0.500,1.000,0.400,Q8s,jam,-40.000000,-21.156250,9.843750,18.843750,49.843750,0.588867,0.623047
9,19000,0,5,0.500,1.000,0.400,A8s,jam,-40.000000,-21.281250,9.557292,18.718750,49.557292,0.584961,0.619466
9,19000,0,5,0.500,1.000,0.400,J8o,jam,-40.000000,-22.500000,9.149306,17.500000,49.149306,0.546875,0.614366
9,19000,0,5,0.500,1.000,0.400,A6s,jam,-40.000000,-21.937500,9.140625,18.062500,49.140625,0.564453,0.614258
9,19000,0,5,0.500,1.000,0.400,Q8o,jam,-40.000000,-22.791667,8.854167,17.208333,48.854167,0.537760,0.610677
9,19000,0,5,0.500,1.000,0.400,A4s,jam,-40.000000,-22.718750,8.333333,17.281250,48.333333,0.540039,0.604167
9,19000,0,5,0.500,1.000,0.400,Q3s,jam,-40.000000,-23.656250,8.333333,16.343750,48.333333,0.510742,0.604167
9,19000,0,5,0.500,1.000,0.400,A8o,jam,-40.000000,-22.500000,8.220486,17.500000,48.220486,0.546875,0.602756
9,19000,0,5,0.500,1.000,0.400,K4s,jam,-40.000000,-22.968750,7.968750,17.031250,47.968750,0.532227,0.599609
9,19000,0,5,0.500,1.000,0.400,K5s,jam,-40.000000,-21.500000,7.812500,18.500000,47.812500,0.578125,0.597656
9,19000,0,5,0.500,1.000,0.400,A5s,jam,-40.000000,-22.625000,7.734375,17.375000,47.734375,0.542969,0.596680
9,19000,0,5,0.500,1.000,0.400,T4s,jam,-40.000000,-30.333333,7.578125,9.666667,47.578125,0.302083,0.594727
9,19000,0,5,0.500,1.000,0.400,Q5s,jam,-40.000000,-22.250000,7.421875,17.750000,47.421875,0.554688,0.592773
9,19000,0,5,0.500,1.000,0.400,K6s,jam,-40.000000,-22.281250,7.421875,17.718750,47.421875,0.553711,0.592773
9,19000,0,5,0.500,1.000,0.400,J3s,jam,-40.000000,-23.718750,7.265625,16.281250,47.265625,0.508789,0.590820
9,19000,0,5,0.500,1.000,0.400,Q6s,jam,-40.000000,-22.125000,7.083333,17.875000,47.083333,0.558594,0.588542
9,19000,0,5,0.500,1.000,0.400,T5s,jam,-40.000000,-30.208333,6.953125,9.791667,46.953125,0.305990,0.586914
9,19000,0,5,0.500,1.000,0.400,T3s,jam,-40.000000,-28.791667,6.848958,11.208333,46.848958,0.350260,0.585612
9,19000,0,5,0.500,1.000,0.400,T6s,jam,-40.000000,-29.666667,6.796875,10.333333,46.796875,0.322917,0.584961
9,19000,0,5,0.500,1.000,0.400,K8o,jam,-40.000000,-23.104167,6.727431,16.895833,46.727431,0.527995,0.584093
9,19000,0,5,0.500,1.000,0.400,K3s,jam,-40.000000,-23.156250,6.588542,16.843750,46.588542,0.526367,0.582357
9,19000,0,5,0.500,1.000,0.400,Q4s,jam,-40.000000,-22.437500,6.484375,17.562500,46.484375,0.548828,0.581055
9,19000,0,5,0.500,1.000,0.400,A5o,jam,-40.000000,-23.145833,6.458333,16.854167,46.458333,0.526693,0.580729
9,19000,0,5,0.500,1.000,0.400,J6s,jam,-40.000000,-20.968750,6.406250,19.031250,46.406250,0.594727,0.580078
9,19000,0,5,0.500,1.000,0.400,J5s,jam,-40.000000,-22.406250,6.328125,17.593750,46.328125,0.549805,0.579102
9,19000,0,5,0.500,1.000,0.400,A3s,jam,-40.000000,-21.375000,6.276042,18.625000,46.276042,0.582031,0.578451
9,19000,0,5,0.500,1.000,0.400,J2s,jam,-40.000000,-23.187500,6.015625,16.812500,46.015625,0.525391,0.575195
9,19000,0,5,0.500,1.000,0.400,K2s,jam,-40.000000,-22.562500,5.989583,17.437500,45.989583,0.544922,0.574870
9,19000,0,5,0.500,1.000,0.400,J4s,jam,-40.000000,-20.875000,5.963542,19.125000,45.963542,0.597656,0.574544
9,19000,0,5,0.500,1.000,0.400,Q6o,jam,-40.000000,-22.843750,5.954861,17.156250,45.954861,0.536133,0.574436
9,19000,0,5,0.500,1.000,0.400,T2s,jam,-40.000000,-29.875000,5.859375,10.125000,45.859375,0.316406,0.573242
9,19000,0,5,0.500,1.000,0.400,K5o,jam,-40.000000,-24.343750,5.833333,15.656250,45.833333,0.489258,0.572917
9,19000,0,5,0.500,1.000,0.400,T6o,jam,-40.000000,-30.722222,5.789931,9.277778,45.789931,0.289931,0.572374
9,19000,0,5,0.500,1.000,0.400,A6o,jam,-40.000000,-23.052083,5.659722,16.947917,45.659722,0.529622,0.570747
9,19000,0,5,0.500,1.000,0.400,A2s,jam,-40.000000,-21.875000,5.625000,18.125000,45.625000,0.566406,0.570312
9,19000,0,5,0.500,1.000,0.400,Q2s,jam,-40.000000,-22.812500,5.598958,17.187500,45.598958,0.537109,0.569987
9,19000,0,5,0.500,1.000,0.400,A3o,jam,-40.000000,-22.822917,5.546875,17.177083,45.546875,0.536784,0.569336
9,19000,0,5,0.500,1.000,0.400,J6o,jam,-40.000000,-23.843750,5.434028,16.156250,45.434028,0.504883,0.567925
9,19000,0,5,0.500,1.000,0.400,Q5o,jam,-40.000000,-23.822917,5.251736,16.177083,45.251736,0.505534,0.565647
9,19000,0,5,0.500,1.000,0.400,T3o,jam,-40.000000,-31.291667,5.251736,8.708333,45.251736,0.272135,0.565647
9,19000,0,5,0.500,1.000,0.400,Q3o,jam,-40.000000,-23.895833,5.121528,16.104167,45.121528,0.503255,0.564019
9,19000,0,5,0.500,1.000,0.400,K6o,jam,-40.000000,-23.802083,5.078125,16.197917,45.078125,0.506185,0.563477
9,19000,0,5,0.500,1.000,0.400,A2o,jam,-40.000000,-23.958333,5.052083,16.041667,45.052083,0.501302,0.563151
9,19000,0,5,0.500,1.000,0.400,J3o,jam,-40.000000,-24.000000,5.052083,16.000000,45.052083,0.500000,0.563151
9,19000,0,5,0.500,1.000,0.400,T5o,jam,-40.000000,-30.750000,4.956597,9.250000,44.956597,0.289062,0.561957
9,19000,0,5,0.500,1.000,0.400,A4o,jam,-40.000000,-23.250000,4.947917,16.750000,44.947917,0.523438,0.561849
9,19000,0,5,0.500,1.000,0.400,T4o,jam,-40.000000,-31.236111,4.869792,8.763889,44.869792,0.273872,0.560872
9,19000,0,5,0.500,1.000,0.400,K3o,jam,-40.000000,-23.437500,4.739583,16.562500,44.739583,0.517578,0.559245
9,19000,0,5,0.500,1.000,0.400,J5o,jam,-40.000000,-23.125000,4.557292,16.875000,44.557292,0.527344,0.556966
9,19000,0,5,0.500,1.000,0.400,J4o,jam,-40.000000,-23.447917,4.496528,16.552083,44.496528,0.517253,0.556207
9,19000,0,5,0.500,1.000,0.400,J2o,jam,-40.000000,-22.635417,4.322917,17.364583,44.322917,0.542643,0.554036
9,19000,0,5,0.500,1.000,0.400,Q2o,jam,-40.000000,-22.989583,4.236111,17.010417,44.236111,0.531576,0.552951
9,19000,0,5,0.500,1.000,0.400,K2o,jam,-40.000000,-24.291667,4.036458,15.708333,44.036458,0.490885,0.550456
9,19000,0,5,0.500,1.000,0.400,Q4o,jam,-40.000000,-23.989583,3.940972,16.010417,43.940972,0.500326,0.549262
9,19000,0,5,0.500,1.000,0.400,K4o,jam,-40.000000,-23.354167,3.680556,16.645833,43.680556,0.520182,0.546007
9,19000,0,5,0.500,1.000,0.400,66,jam,-40.000000,-24.062500,3.003472,15.937500,43.003472,0.498047,0.537543
9,19000,0,5,0.500,1.000,0.400,T2o,jam,-40.000000,-30.722222,2.734375,9.277778,42.734375,0.289931,0.534180
9,19000,0,5,0.500,1.000,0.400,97s,jam,-40.000000,-30.500000,2.135417,9.500000,42.135417,0.296875,0.526693
9,19000,0,5,0.500,1.000,0.400,44,jam,-40.000000,-25.958333,1.111111,14.041667,41.111111,0.438802,0.513889
9,19000,0,5,0.500,1.000,0.400,33,jam,-40.000000,-24.625000,0.590278,15.375000,40.590278,0.480469,0.507378
9,19000,0,5,0.500,1.000,0.400,22,jam,-40.000000,-25.145833,0.381944,14.854167,40.381944,0.464193,0.504774
9,19000,0,5,0.500,1.000,0.400,55,jam,-40.000000,-24.354167,0.017361,15.645833,40.017361,0.488932,0.500217
9,19000,0,5,0.500,1.000,0.400,97o,jam,-40.000000,-31.750000,0.000000,8.250000,40.000000,0.257812,0.500000
9,19000,0,5,0.500,1.000,0.400,65s,jam,-40.000000,-29.000000,-7.916667,11.000000,32.083333,0.343750,0.401042
9,19000,0,5,0.500,1.000,0.400,92s,jam,-40.000000,-29.666667,-7.986111,10.333333,32.013889,0.322917,0.400174
9,19000,0,5,0.500,1.000,0.400,53s,jam,-40.000000,-29.093750,-8.307292,10.906250,31.692708,0.340820,0.396159
9,19000,0,5,0.500,1.000,0.400,54s,jam,-40.000000,-29.656250,-8.359375,10.343750,31.640625,0.323242,0.395508
9,19000,0,5,0.500,1.000,0.400,85s,jam,-40.000000,-28.875000,-8.489583,11.125000,31.510417,0.347656,0.393880
9,19000,0,5,0.500,1.000,0.400,94s,jam,-40.000000,-30.541667,-8.645833,9.458333,31.354167,0.295573,0.391927
9,19000,0,5,0.500,1.000,0.400,95s,jam,-40.000000,-30.708333,-8.819444,9.291667,31.180556,0.290365,0.389757
9,19000,0,5,0.500,1.000,0.400,96s,jam,-40.000000,-29.750000,-8.854167,10.250000,31.145833,0.320312,0.389323
9,19000,0,5,0.500,1.000,0.400,93s,jam,-40.000000,-30.333333,-9.097222,9.666667,30.902778,0.302083,0.386285
9,19000,0,5,0.500,1.000,0.400,64s,jam,-40.000000,-30.812500,-9.140625,9.187500,30.859375,0.287109,0.385742
9,19000,0,5,0.500,1.000,0.400,52s,jam,-40.000000,-28.718750,-9.296875,11.281250,30.703125,0.352539,0.383789
9,19000,0,5,0.500,1.000,0.400,43s,jam,-40.000000,-28.625000,-9.453125,11.375000,30.546875,0.355469,0.381836
9,19000,0,5,0.500,1.000,0.400,86s,jam,-40.000000,-28.812500,-9.635417,11.187500,30.364583,0.349609,0.379557
9,19000,0,5,0.500,1.000,0.400,32s,jam,-40.000000,-31.218750,-9.687500,8.781250,30.312500,0.274414,0.378906
9,19000,0,5,0.500,1.000,0.400,86o,jam,-40.000000,-29.854167,-9.782986,10.145833,30.217014,0.317057,0.377713
9,19000,0,5,0.500,1.000,0.400,83s,jam,-40.000000,-29.968750,-9.791667,10.031250,30.208333,0.313477,0.377604
9,19000,0,5,0.500,1.000,0.400,85o,jam,-40.000000,-30.302083,-10.312500,9.697917,29.687500,0.303060,0.371094
9,19000,0,5,0.500,1.000,0.400,65o,jam,-40.000000,-29.250000,-10.407986,10.750000,29.592014,0.335938,0.369900
9,19000,0,5,0.500,1.000,0.400,95o,jam,-40.000000,-32.736111,-10.578704,7.263889,29.421296,0.226997,0.367766
9,19000,0,5,0.500,1.000,0.400,96o,jam,-40.000000,-31.736111,-10.729167,8.263889,29.270833,0.258247,0.365885
9,19000,0,5,0.500,1.000,0.400,84s,jam,-40.000000,-29.531250,-11.015625,10.468750,28.984375,0.327148,0.362305
9,19000,0,5,0.500,1.000,0.400,63s,jam,-40.000000,-28.937500,-11.119792,11.062500,28.880208,0.345703,0.361003
9,19000,0,5,0.500,1.000,0.400,94o,jam,-40.000000,-31.944444,-11.192130,8.055556,28.807870,0.251736,0.360098
9,19000,0,5,0.500,1.000,0.400,54o,jam,-40.000000,-28.489583,-11.232639,11.510417,28.767361,0.359701,0.359592
9,19000,0,5,0.500,1.000,0.400,42s,jam,-40.000000,-28.468750,-11.328125,11.531250,28.671875,0.360352,0.358398
9,19000,0,5,0.500,1.000,0.400,82s,jam,-40.000000,-29.937500,-11.354167,10.062500,28.645833,0.314453,0.358073
9,19000,0,5,0.500,1.000,0.400,53o,jam,-40.000000,-29.229167,-11.449653,10.770833,28.550347,0.336589,0.356879
9,19000,0,5,0.500,1.000,0.400,93o,jam,-40.000000,-31.375000,-11.840278,8.625000,28.159722,0.269531,0.351997
9,19000,0,5,0.500,1.000,0.400,87s,jam,-40.000000,-29.218750,-11.875000,10.781250,28.125000,0.336914,0.351562
9,19000,0,5,0.500,1.000,0.400,75s,jam,-40.000000,-28.437500,-12.152778,11.562500,27.847222,0.361328,0.348090
9,19000,0,5,0.500,1.000,0.400,62s,jam,-40.000000,-29.562500,-12.161458,10.437500,27.838542,0.326172,0.347982
9,19000,0,5,0.500,1.000,0.400,76s,jam,-40.000000,-27.875000,-12.187500,12.125000,27.812500,0.378906,0.347656
9,19000,0,5,0.500,1.000,0.400,43o,jam,-40.000000,-29.645833,-12.291667,10.354167,27.708333,0.323568,0.346354
9,19000,0,5,0.500,1.000,0.400,92o,jam,-40.000000,-32.277778,-12.731481,7.722222,27.268519,0.241319,0.340856
9,19000,0,5,0.500,1.000,0.400,42o,jam,-40.000000,-29.625000,-12.760417,10.375000,27.239583,0.324219,0.340495
9,19000,0,5,0.500,1.000,0.400,84o,jam,-40.000000,-30.322917,-12.873264,9.677083,27.126736,0.302409,0.339084
9,19000,0,5,0.500,1.000,0.400,52o,jam,-40.000000,-29.395833,-13.107639,10.604167,26.892361,0.331380,0.336155
9,19000,0,5,0.500,1.000,0.400,64o,jam,-40.000000,-29.510417,-13.177083,10.489583,26.822917,0.327799,0.335286
9,19000,0,5,0.500,1.000,0.400,32o,jam,-40.000000,-29.427083,-13.263889,10.572917,26.736111,0.330404,0.334201
9,19000,0,5,0.500,1.000,0.400,73s,jam,-40.000000,-28.812500,-13.472222,11.187500,26.527778,0.349609,0.331597
9,19000,0,5,0.500,1.000,0.400,83o,jam,-40.000000,-31.093750,-13.515625,8.906250,26.484375,0.278320,0.331055
9,19000,0,5,0.500,1.000,0.400,82o,jam,-40.000000,-31.000000,-13.567708,9.000000,26.432292,0.281250,0.330404
9,19000,0,5,0.500,1.000,0.400,62o,jam,-40.000000,-29.729167,-13.602431,10.270833,26.397569,0.320964,0.329970
9,19000,0,5,0.500,1.000,0.400,74s,jam,-40.000000,-28.937500,-13.645833,11.062500,26.354167,0.345703,0.329427
9,19000,0,5,0.500,1.000,0.400,63o,jam,-40.000000,-29.583333,-13.741319,10.416667,26.258681,0.325521,0.328234
9,19000,0,5,0.500,1.000,0.400,72s,jam,-40.000000,-28.250000,-14.756944,11.750000,25.243056,0.367188,0.315538
9,19000,0,5,0.500,1.000,0.400,76o,jam,-40.000000,-28.510417,-16.006944,11.489583,23.993056,0.359049,0.299913
9,19000,0,5,0.500,1.000,0.400,75o,jam,-40.000000,-29.760417,-16.192130,10.239583,23.807870,0.319987,0.297598
9,19000,0,5,0.500,1.000,0.400,87o,jam,-40.000000,-28.875000,-16.967593,11.125000,23.032407,0.347656,0.287905
9,19000,0,5,0.500,1.000,0.400,73o,jam,-40.000000,-30.385417,-17.361111,9.614583,22.638889,0.300456,0.282986
9,19000,0,5,0.500,1.000,0.400,74o,jam,-40.000000,-30.468750,-17.673611,9.531250,22.326389,0.297852,0.279080
9,19000,0,5,0.500,1.000,0.400,72o,jam,-40.000000,-30.770833,-18.553241,9.229167,21.446759,0.288411,0.268084
