level,stack_profile,stack,stack_bb,opener_seat,defender_seat,opener_open_fraction,opener_call_fraction,defender_flat_realization,hand,best_action,fold_value,flat_value,jam_value,flat_ev,jam_ev,flat_equity,jam_equity,bb_win_bb_delta,bb_win_opener_delta,bb_win_others_delta,bb_lose_bb_delta,bb_lose_opener_delta,bb_lose_others_delta
9,equal,30400,8.000,0,5,0.500,0.000,0.400,JJ,jam,-40.000000,-13.562500,40.000000,26.437500,80.000000,0.826172,0.000000,80.000000,-80.000000,0.000000,0.000000,0.000000,0.000000
9,equal,30400,8.000,0,5,0.500,0.000,0.400,QQ,jam,-40.000000,-13.854167,40.000000,26.145833,80.000000,0.817057,0.000000,80.000000,-80.000000,0.000000,0.000000,0.000000,0.000000
9,equal,30400,8.000,0,5,0.500,0.000,0.400,TT,jam,-40.000000,-13.875000,40.000000,26.125000,80.000000,0.816406,0.000000,80.000000,-80.000000,0.000000,0.000000,0.000000,0.000000
9,equal,30400,8.000,0,5,0.500,0.000,0.400,AA,jam,-40.000000,-14.791667,40.000000,25.208333,80.000000,0.787760,0.000000,80.000000,-80.000000,0.000000,0.000000,0.000000,0.000000
9,equal,30400,8.000,0,5,0.500,0.000,0.400,KK,jam,-40.000000,-15.020833,40.000000,24.979167,80.000000,0.780599,0.000000,80.000000,-80.000000,0.000000,0.000000,0.000000,0.000000
9,equal,30400,8.000,0,5,0.500,0.000,0.400,J9s,jam,-40.000000,-16.125000,40.000000,23.875000,80.000000,0.746094,0.000000,80.000000,-80.000000,0.000000,0.000000,0.000000,0.000000
9,equal,30400,8.000,0,5,0.500,0.000,0.400,JTs,jam,-40.000000,-17.500000,40.000000,22.500000,80.000000,0.703125,0.000000,80.000000,-80.000000,0.000000,0.000000,0.000000,0.000000
9,equal,30400,8.000,0,5,0.500,0.000,0.400,ATo,jam,-40.000000,-17.652778,40.000000,22.347222,80.000000,0.698351,0.000000,80.000000,-80.000000,0.000000,0.000000,0.000000,0.000000
9,equal,30400,8.000,0,5,0.500,0.000,0.400,QTs,jam,-40.000000,-17.708333,40.000000,22.291667,80.000000,0.696615,0.000000,80.000000,-80.000000,0.000000,0.000000,0.000000,0.000000
9,equal,30400,8.000,0,5,0.500,0.000,0.400,JTo,jam,-40.000000,-17.819444,40.000000,22.180556,80.000000,0.693142,0.000000,80.000000,-80.000000,0.000000,0.000000,0.000000,0.000000
9,equal,30400,8.000,0,5,0.500,0.000,0.400,A9s,jam,-40.000000,-18.083333,40.000000,21.916667,80.000000,0.684896,0.000000,80.000000,-80.000000,0.000000,0.000000,0.000000,0.000000
9,equal,30400,8.000,0,5,0.500,0.000,0.400,KTo,jam,-40.000000,-18.125000,40.000000,21.875000,80.000000,0.683594,0.000000,80.000000,-80.000000,0.000000,0.000000,0.000000,0.000000
9,equal,30400,8.000,0,5,0.500,0.000,0.400,ATs,jam,-40.000000,-18.166667,40.000000,21.833333,80.000000,0.682292,0.000000,80.000000,-80.000000,0.000000,0.000000,0.000000,0.000000
9,equal,30400,8.000,0,5,0.500,0.000,0.400,Q9o,jam,-40.000000,-18.444444,40.000000,21.555556,80.000000,0.673611,0.000000,80.000000,-80.000000,0.000000,0.000000,0.000000,0.000000
9,equal,30400,8.000,0,5,0.500,0.000,0.400,KTs,jam,-40.000000,-18.500000,40.000000,21.500000,80.000000,0.671875,0.000000,80.000000,-80.000000,0.000000,0.000000,0.000000,0.000000
9,equal,30400,8.000,0,5,0.500,0.000,0.400,K9o,jam,-40.000000,-18.555556,40.000000,21.444444,80.000000,0.670139,0.000000,80.000000,-80.000000,0.000000,0.000000,0.000000,0.000000
9,equal,30400,8.000,0,5,0.500,0.000,0.400,J9o,jam,-40.000000,-18.555556,40.000000,21.444444,80.000000,0.670139,0.000000,80.000000,-80.000000,0.000000,0.000000,0.000000,0.000000
9,equal,30400,8.000,0,5,0.500,0.000,0.400,QTo,jam,-40.000000,-18.638889,40.000000,21.361111,80.000000,0.667535,0.000000,80.000000,-80.000000,0.000000,0.000000,0.000000,0.000000
9,equal,30400,8.000,0,5,0.500,0.000,0.400,Q9s,jam,-40.000000,-18.750000,40.000000,21.250000,80.000000,0.664062,0.000000,80.000000,-80.000000,0.000000,0.000000,0.000000,0.000000
9,equal,30400,8.000,0,5,0.500,0.000,0.400,K9s,jam,-40.000000,-18.916667,40.000000,21.083333,80.000000,0.658854,0.000000,80.000000,-80.000000,0.000000,0.000000,0.000000,0.000000
9,equal,30400,8.000,0,5,0.500,0.000,0.400,A9o,jam,-40.000000,-18.930556,40.000000,21.069444,80.000000,0.658420,0.000000,80.000000,-80.000000,0.000000,0.000000,0.000000,0.000000
9,equal,30400,8.000,0,5,0.500,0.000,0.400,KQs,jam,-40.000000,-18.968750,40.000000,21.031250,80.000000,0.657227,0.000000,80.000000,-80.000000,0.000000,0.000000,0.000000,0.000000
9,equal,30400,8.000,0,5,0.500,0.000,0.400,QJs,jam,-40.000000,-19.000000,40.000000,21.000000,80.000000,0.656250,0.000000,80.000000,-80.000000,0.000000,0.000000,0.000000,0.000000
9,equal,30400,8.000,0,5,0.500,0.000,0.400,KJs,jam,-40.000000,-19.218750,40.000000,20.781250,80.000000,0.649414,0.000000,80.000000,-80.000000,0.000000,0.000000,0.000000,0.000000
9,equal,30400,8.000,0,5,0.500,0.000,0.400,AQs,jam,-40.000000,-19.468750,40.000000,20.531250,80.000000,0.641602,0.000000,80.000000,-80.000000,0.000000,0.000000,0.000000,0.000000
9,equal,30400,8.000,0,5,0.500,0.000,0.400,AJs,jam,-40.000000,-19.500000,40.000000,20.500000,80.000000,0.640625,0.000000,80.000000,-80.000000,0.000000,0.000000,0.000000,0.000000
9,equal,30400,8.000,0,5,0.500,0.000,0.400,AKs,jam,-40.000000,-19.625000,40.000000,20.375000,80.000000,0.636719,0.000000,80.000000,-80.000000,0.000000,0.000000,0.000000,0.000000
9,equal,30400,8.000,0,5,0.500,0.000,0.400,QJo,jam,-40.000000,-20.083333,40.000000,19.916667,80.000000,0.622396,0.000000,80.000000,-80.000000,0.000000,0.000000,0.000000,0.000000
9,equal,30400,8.000,0,5,0.500,0.000,0.400,99,jam,-40.000000,-20.125000,40.000000,19.875000,80.000000,0.621094,0.000000,80.000000,-80.000000,0.000000,0.000000,0.000000,0.000000
9,equal,30400,8.000,0,5,0.500,0.000,0.400,AJo,jam,-40.000000,-20.583333,40.000000,19.416667,80.000000,0.606771,0.000000,80.000000,-80.000000,0.000000,0.000000,0.000000,0.000000
9,equal,30400,8.000,0,5,0.500,0.000,0.400,KQo,jam,-40.000000,-20.812500,40.000000,19.187500,80.000000,0.599609,0.000000,80.000000,-80.000000,0.000000,0.000000,0.000000,0.000000
9,equal,30400,8.000,0,5,0.500,0.000,0.400,J4s,jam,-40.000000,-20.875000,40.000000,19.125000,80.000000,0.597656,0.000000,80.000000,-80.000000,0.000000,0.000000,0.000000,0.000000
9,equal,30400,8.000,0,5,0.500,0.000,0.400,KJo,jam,-40.000000,-20.947917,40.000000,19.052083,80.000000,0.595378,0.000000,80.000000,-80.000000,0.000000,0.000000,0.000000,0.000000
9,equal,30400,8.000,0,5,0.500,0.000,0.400,J6s,jam,-40.000000,-20.968750,40.000000,19.031250,80.000000,0.594727,0.000000,80.000000,-80.000000,0.000000,0.000000,0.000000,0.000000
9,equal,30400,8.000,0,5,0.500,0.000,0.400,Q8s,jam,-40.000000,-21.156250,40.000000,18.843750,80.000000,0.588867,0.000000,80.000000,-80.000000,0.000000,0.000000,0.000000,0.000000
9,equal,30400,8.000,0,5,0.500,0.000,0.400,J8s,jam,-40.000000,-21.156250,40.000000,18.843750,80.000000,0.588867,0.000000,80.000000,-80.000000,0.000000,0.000000,0.000000,0.000000
9,equal,30400,8.000,0,5,0.500,0.000,0.400,A8s,jam,-40.000000,-21.281250,40.000000,18.718750,80.000000,0.584961,0.000000,80.000000,-80.000000,0.000000,0.000000,0.000000,0.000000
9,equal,30400,8.000,0,5,0.500,0.000,0.400,A3s,jam,-40.000000,-21.375000,40.000000,18.625000,80.000000,0.582031,0.000000,80.000000,-80.000000,0.000000,0.000000,0.000000,0.000000
9,equal,30400,8.000,0,5,0.500,0.000,0.400,K5s,jam,-40.000000,-21.500000,40.000000,18.500000,80.000000,0.578125,0.000000,80.000000,-80.000000,0.000000,0.000000,0.000000,0.000000
9,equal,30400,8.000,0,5,0.500,0.000,0.400,AQo,jam,-40.000000,-21.510417,40.000000,18.489583,80.000000,0.577799,0.000000,80.000000,-80.000000,0.000000,0.000000,0.000000,0.000000
9,equal,30400,8.000,0,5,0.500,0.000,0.400,Q7s,jam,-40.000000,-21.531250,40.000000,18.468750,80.000000,0.577148,0.000000,80.000000,-80.000000,0.000000,0.000000,0.000000,0.000000
9,equal,30400,8.000,0,5,0.500,0.000,0.400,AKo,jam,-40.000000,-21.656250,40.000000,18.343750,80.000000,0.573242,0.000000,80.000000,-80.000000,0.000000,0.000000,0.000000,0.000000
9,equal,30400,8.000,0,5,0.500,0.000,0.400,J7s,jam,-40.000000,-21.812500,40.000000,18.187500,80.000000,0.568359,0.000000,80.000000,-80.000000,0.000000,0.000000,0.000000,0.000000
9,equal,30400,8.000,0,5,0.500,0.000,0.400,A2s,jam,-40.000000,-21.875000,40.000000,18.125000,80.000000,0.566406,0.000000,80.000000,-80.000000,0.000000,0.000000,0.000000,0.000000
9,equal,30400,8.000,0,5,0.500,0.000,0.400,A6s,jam,-40.000000,-21.937500,40.000000,18.062500,80.000000,0.564453,0.000000,80.000000,-80.000000,0.000000,0.000000,0.000000,0.000000
9,equal,30400,8.000,0,5,0.500,0.000,0.400,Q6s,jam,-40.000000,-22.125000,40.000000,17.875000,80.000000,0.558594,0.000000,80.000000,-80.000000,0.000000,0.000000,0.000000,0.000000
9,equal,30400,8.000,0,5,0.500,0.000,0.400,Q5s,jam,-40.000000,-22.250000,40.000000,17.750000,80.000000,0.554688,0.000000,80.000000,-80.000000,0.000000,0.000000,0.000000,0.000000
9,equal,30400,8.000,0,5,0.500,0.000,0.400,K6s,jam,-40.000000,-22.281250,40.000000,17.718750,80.000000,0.553711,0.000000,80.000000,-80.000000,0.000000,0.000000,0.000000,0.000000
9,equal,30400,8.000,0,5,0.500,0.000,0.400,A7s,jam,-40.000000,-22.375000,40.000000,17.625000,80.000000,0.550781,0.000000,80.000000,-80.000000,0.000000,0.000000,0.000000,0.000000
9,equal,30400,8.000,0,5,0.500,0.000,0.400,K7s,jam,-40.000000,-22.406250,40.000000,17.593750,80.000000,0.549805,0.000000,80.000000,-80.000000,0.000000,0.000000,0.000000,0.000000
9,equal,30400,8.000,0,5,0.500,0.000,0.400,J5s,jam,-40.000000,-22.406250,40.000000,17.593750,80.000000,0.549805,0.000000,80.000000,-80.000000,0.000000,0.000000,0.000000,0.000000
9,equal,30400,8.000,0,5,0.500,0.000,0.400,Q4s,jam,-40.000000,-22.437500,40.000000,17.562500,80.000000,0.548828,0.000000,80.000000,-80.000000,0.000000,0.000000,0.000000,0.000000
9,equal,30400,8.000,0,5,0.500,0.000,0.400,A8o,jam,-40.000000,-22.500000,40.000000,17.500000,80.000000,0.546875,0.000000,80.000000,-80.000000,0.000000,0.000000,0.000000,0.000000
9,equal,30400,8.000,0,5,0.500,0.000,0.400,J8o,jam,-40.000000,-22.500000,40.000000,17.500000,80.000000,0.546875,0.000000,80.000000,-80.000000,0.000000,0.000000,0.000000,0.000000
9,equal,30400,8.000,0,5,0.500,0.000,0.400,K2s,jam,-40.000000,-22.562500,40.000000,17.437500,80.000000,0.544922,0.000000,80.000000,-80.000000,0.000000,0.000000,0.000000,0.000000
9,equal,30400,8.000,0,5,0.500,0.000,0.400,A5s,jam,-40.000000,-22.625000,40.000000,17.375000,80.000000,0.542969,0.000000,80.000000,-80.000000,0.000000,0.000000,0.000000,0.000000
9,equal,30400,8.000,0,5,0.500,0.000,0.400,J2o,jam,-40.000000,-22.635417,40.000000,17.364583,80.000000,0.542643,0.000000,80.000000,-80.000000,0.000000,0.000000,0.000000,0.000000
9,equal,30400,8.000,0,5,0.500,0.000,0.400,K8s,jam,-40.000000,-22.687500,40.000000,17.312500,80.000000,0.541016,0.000000,80.000000,-80.000000,0.000000,0.000000,0.000000,0.000000
9,equal,30400,8.000,0,5,0.500,0.000,0.400,A4s,jam,-40.000000,-22.718750,40.000000,17.281250,80.000000,0.540039,0.000000,80.000000,-80.000000,0.000000,0.000000,0.000000,0.000000
9,equal,30400,8.000,0,5,0.500,0.000,0.400,Q8o,jam,-40.000000,-22.791667,40.000000,17.208333,80.000000,0.537760,0.000000,80.000000,-80.000000,0.000000,0.000000,0.000000,0.000000
9,equal,30400,8.000,0,5,0.500,0.000,0.400,Q2s,jam,-40.000000,-22.812500,40.000000,17.187500,80.000000,0.537109,0.000000,80.000000,-80.000000,0.000000,0.000000,0.000000,0.000000
9,equal,30400,8.000,0,5,0.500,0.000,0.400,A3o,jam,-40.000000,-22.822917,40.000000,17.177083,80.000000,0.536784,0.000000,80.000000,-80.000000,0.000000,0.000000,0.000000,0.000000
9,equal,30400,8.000,0,5,0.500,0.000,0.400,Q6o,jam,-40.000000,-22.843750,40.000000,17.156250,80.000000,0.536133,0.000000,80.000000,-80.000000,0.000000,0.000000,0.000000,0.000000
9,equal,30400,8.000,0,5,0.500,0.000,0.400,K4s,jam,-40.000000,-22.968750,40.000000,17.031250,80.000000,0.532227,0.000000,80.000000,-80.000000,0.000000,0.000000,0.000000,0.000000
9,equal,30400,8.000,0,5,0.500,0.000,0.400,Q2o,jam,-40.000000,-22.989583,40.000000,17.010417,80.000000,0.531576,0.000000,80.000000,-80.000000,0.000000,0.000000,0.000000,0.000000
9,equal,30400,8.000,0,5,0.500,0.000,0.400,A6o,jam,-40.000000,-23.052083,40.000000,16.947917,80.000000,0.529622,0.000000,80.000000,-80.000000,0.000000,0.000000,0.000000,0.000000
9,equal,30400,8.000,0,5,0.500,0.000,0.400,K7o,jam,-40.000000,-23.083333,40.000000,16.916667,80.000000,0.528646,0.000000,80.000000,-80.000000,0.000000,0.000000,0.000000,0.000000
9,equal,30400,8.000,0,5,0.500,0.000,0.400,K8o,jam,-40.000000,-23.104167,40.000000,16.895833,80.000000,0.527995,0.000000,80.000000,-80.000000,0.000000,0.000000,0.000000,0.000000
9,equal,30400,8.000,0,5,0.500,0.000,0.400,J5o,jam,-40.000000,-23.125000,40.000000,16.875000,80.000000,0.527344,0.000000,80.000000,-80.000000,0.000000,0.000000,0.000000,0.000000
9,equal,30400,8.000,0,5,0.500,0.000,0.400,A5o,jam,-40.000000,-23.145833,40.000000,16.854167,80.000000,0.526693,0.000000,80.000000,-80.000000,0.000000,0.000000,0.000000,0.000000
9,equal,30400,8.000,0,5,0.500,0.000,0.400,K3s,jam,-40.000000,-23.156250,40.000000,16.843750,80.000000,0.526367,0.000000,80.000000,-80.000000,0.000000,0.000000,0.000000,0.000000
9,equal,30400,8.000,0,5,0.500,0.000,0.400,J2s,jam,-40.000000,-23.187500,40.000000,16.812500,80.000000,0.525391,0.000000,80.000000,-80.000000,0.000000,0.000000,0.000000,0.000000
9,equal,30400,8.000,0,5,0.500,0.000,0.400,A4o,jam,-40.000000,-23.250000,40.000000,16.750000,80.000000,0.523438,0.000000,80.000000,-80.000000,0.000000,0.000000,0.000000,0.000000
9,equal,30400,8.000,0,5,0.500,0.000,0.400,K4o,jam,-40.000000,-23.354167,40.000000,16.645833,80.000000,0.520182,0.000000,80.000000,-80.000000,0.000000,0.000000,0.000000,0.000000
9,equal,30400,8.000,0,5,0.500,0.000,0.400,J7o,jam,-40.000000,-23.406250,40.000000,16.593750,80.000000,0.518555,0.000000,80.000000,-80.000000,0.000000,0.000000,0.000000,0.000000
9,equal,30400,8.000,0,5,0.500,0.000,0.400,K3o,jam,-40.000000,-23.437500,40.000000,16.562500,80.000000,0.517578,0.000000,80.000000,-80.000000,0.000000,0.000000,0.000000,0.000000
9,equal,30400,8.000,0,5,0.500,0.000,0.400,J4o,jam,-40.000000,-23.447917,40.000000,16.552083,80.000000,0.517253,0.000000,80.000000,-80.000000,0.000000,0.000000,0.000000,0.000000
9,equal,30400,8.000,0,5,0.500,0.000,0.400,88,jam,-40.000000,-23.458333,40.000000,16.541667,80.000000,0.516927,0.000000,80.000000,-80.000000,0.000000,0.000000,0.000000,0.000000
9,equal,30400,8.000,0,5,0.500,0.000,0.400,A7o,jam,-40.000000,-23.552083,40.000000,16.447917,80.000000,0.513997,0.000000,80.000000,-80.000000,0.000000,0.000000,0.000000,0.000000
9,equal,30400,8.000,0,5,0.500,0.000,0.400,Q3s,jam,-40.000000,-23.656250,40.000000,16.343750,80.000000,0.510742,0.000000,80.000000,-80.000000,0.000000,0.000000,0.000000,0.000000
9,equal,30400,8.000,0,5,0.500,0.000,0.400,J3s,jam,-40.000000,-23.718750,40.000000,16.281250,80.000000,0.508789,0.000000,80.000000,-80.000000,0.000000,0.000000,0.000000,0.000000
9,equal,30400,8.000,0,5,0.500,0.000,0.400,K6o,jam,-40.000000,-23.802083,40.000000,16.197917,80.000000,0.506185,0.000000,80.000000,-80.000000,0.000000,0.000000,0.000000,0.000000
9,equal,30400,8.000,0,5,0.500,0.000,0.400,Q5o,jam,-40.000000,-23.822917,40.000000,16.177083,80.000000,0.505534,0.000000,80.000000,-80.000000,0.000000,0.000000,0.000000,0.000000
9,equal,30400,8.000,0,5,0.500,0.000,0.400,J6o,jam,-40.000000,-23.843750,40.000000,16.156250,80.000000,0.504883,0.000000,80.000000,-80.000000,0.000000,0.000000,0.000000,0.000000
9,equal,30400,8.000,0,5,0.500,0.000,0.400,Q3o,jam,-40.000000,-23.895833,40.000000,16.104167,80.000000,0.503255,0.000000,80.000000,-80.000000,0.000000,0.000000,0.000000,0.000000
9,equal,30400,8.000,0,5,0.500,0.000,0.400,A2o,jam,-40.000000,-23.958333,40.000000,16.041667,80.000000,0.501302,0.000000,80.000000,-80.000000,0.000000,0.000000,0.000000,0.000000
9,equal,30400,8.000,0,5,0.500,0.000,0.400,Q4o,jam,-40.000000,-23.989583,40.000000,16.010417,80.000000,0.500326,0.000000,80.000000,-80.000000,0.000000,0.000000,0.000000,0.000000
9,equal,30400,8.000,0,5,0.500,0.000,0.400,Q7o,jam,-40.000000,-24.000000,40.000000,16.000000,80.000000,0.500000,0.000000,80.000000,-80.000000,0.000000,0.000000,0.000000,0.000000
9,equal,30400,8.000,0,5,0.500,0.000,0.400,J3o,jam,-40.000000,-24.000000,40.000000,16.000000,80.000000,0.500000,0.000000,80.000000,-80.000000,0.000000,0.000000,0.000000,0.000000
9,equal,30400,8.000,0,5,0.500,0.000,0.400,T9s,jam,-40.000000,-24.000000,40.000000,16.000000,80.000000,0.500000,0.000000,80.000000,-80.000000,0.000000,0.000000,0.000000,0.000000
9,equal,30400,8.000,0,5,0.500,0.000,0.400,66,jam,-40.000000,-24.062500,40.000000,15.937500,80.000000,0.498047,0.000000,80.000000,-80.000000,0.000000,0.000000,0.000000,0.000000
9,equal,30400,8.000,0,5,0.500,0.000,0.400,K2o,jam,-40.000000,-24.291667,40.000000,15.708333,80.000000,0.490885,0.000000,80.000000,-80.000000,0.000000,0.000000,0.000000,0.000000
9,equal,30400,8.000,0,5,0.500,0.000,0.400,K5o,jam,-40.000000,-24.343750,40.000000,15.656250,80.000000,0.489258,0.000000,80.000000,-80.000000,0.000000,0.000000,0.000000,0.000000
9,equal,30400,8.000,0,5,0.500,0.000,0.400,55,jam,-40.000000,-24.354167,40.000000,15.645833,80.000000,0.488932,0.000000,80.000000,-80.000000,0.000000,0.000000,0.000000,0.000000
9,equal,30400,8.000,0,5,0.500,0.000,0.400,33,jam,-40.000000,-24.625000,40.000000,15.375000,80.000000,0.480469,0.000000,80.000000,-80.000000,0.000000,0.000000,0.000000,0.000000
9,equal,30400,8.000,0,5,0.500,0.000,0.400,T9o,jam,-40.000000,-24.729167,40.000000,15.270833,80.000000,0.477214,0.000000,80.000000,-80.000000,0.000000,0.000000,0.000000,0.000000
9,equal,30400,8.000,0,5,0.500,0.000,0.400,22,jam,-40.000000,-25.145833,40.000000,14.854167,80.000000,0.464193,0.000000,80.000000,-80.000000,0.000000,0.000000,0.000000,0.000000
9,equal,30400,8.000,0,5,0.500,0.000,0.400,77,jam,-40.000000,-25.229167,40.000000,14.770833,80.000000,0.461589,0.000000,80.000000,-80.000000,0.000000,0.000000,0.000000,0.000000
9,equal,30400,8.000,0,5,0.500,0.000,0.400,44,jam,-40.000000,-25.958333,40.000000,14.041667,80.000000,0.438802,0.000000,80.000000,-80.000000,0.000000,0.000000,0.000000,0.000000
9,equal,30400,8.000,0,5,0.500,0.000,0.400,76s,jam,-40.000000,-27.875000,40.000000,12.125000,80.000000,0.378906,0.000000,80.000000,-80.000000,0.000000,0.000000,0.000000,0.000000
9,equal,30400,8.000,0,5,0.500,0.000,0.400,72s,jam,-40.000000,-28.250000,40.000000,11.750000,80.000000,0.367188,0.000000,80.000000,-80.000000,0.000000,0.000000,0.000000,0.000000
9,equal,30400,8.000,0,5,0.500,0.000,0.400,75s,jam,-40.000000,-28.437500,40.000000,11.562500,80.000000,0.361328,0.000000,80.000000,-80.000000,0.000000,0.000000,0.000000,0.000000
9,equal,30400,8.000,0,5,0.500,0.000,0.400,42s,jam,-40.000000,-28.468750,40.000000,11.531250,80.000000,0.360352,0.000000,80.000000,-80.000000,0.000000,0.000000,0.000000,0.000000
9,equal,30400,8.000,0,5,0.500,0.000,0.400,54o,jam,-40.000000,-28.489583,40.000000,11.510417,80.000000,0.359701,0.000000,80.000000,-80.000000,0.000000,0.000000,0.000000,0.000000
9,equal,30400,8.000,0,5,0.500,0.000,0.400,76o,jam,-40.000000,-28.510417,40.000000,11.489583,80.000000,0.359049,0.000000,80.000000,-80.000000,0.000000,0.000000,0.000000,0.000000
9,equal,30400,8.000,0,5,0.500,0.000,0.400,43s,jam,-40.000000,-28.625000,40.000000,11.375000,80.000000,0.355469,0.000000,80.000000,-80.000000,0.000000,0.000000,0.000000,0.000000
9,equal,30400,8.000,0,5,0.500,0.000,0.400,52s,jam,-40.000000,-28.718750,40.000000,11.281250,80.000000,0.352539,0.000000,80.000000,-80.000000,0.000000,0.000000,0.000000,0.000000
9,equal,30400,8.000,0,5,0.500,0.000,0.400,T3s,jam,-40.000000,-28.791667,40.000000,11.208333,80.000000,0.350260,0.000000,80.000000,-80.000000,0.000000,0.000000,0.000000,0.000000
9,equal,30400,8.000,0,5,0.500,0.000,0.400,86s,jam,-40.000000,-28.812500,40.000000,11.187500,80.000000,0.349609,0.000000,80.000000,-80.000000,0.000000,0.000000,0.000000,0.000000
9,equal,30400,8.000,0,5,0.500,0.000,0.400,73s,jam,-40.000000,-28.812500,40.000000,11.187500,80.000000,0.349609,0.000000,80.000000,-80.000000,0.000000,0.000000,0.000000,0.000000
9,equal,30400,8.000,0,5,0.500,0.000,0.400,87o,jam,-40.000000,-28.875000,40.000000,11.125000,80.000000,0.347656,0.000000,80.000000,-80.000000,0.000000,0.000000,0.000000,0.000000
9,equal,30400,8.000,0,5,0.500,0.000,0.400,85s,jam,-40.000000,-28.875000,40.000000,11.125000,80.000000,0.347656,0.000000,80.000000,-80.000000,0.000000,0.000000,0.000000,0.000000
9,equal,30400,8.000,0,5,0.500,0.000,0.400,74s,jam,-40.000000,-28.937500,40.000000,11.062500,80.000000,0.345703,0.000000,80.000000,-80.000000,0.000000,0.000000,0.000000,0.000000
9,equal,30400,8.000,0,5,0.500,0.000,0.400,63s,jam,-40.000000,-28.937500,40.000000,11.062500,80.000000,0.345703,0.000000,80.000000,-80.000000,0.000000,0.000000,0.000000,0.000000
9,equal,30400,8.000,0,5,0.500,0.000,0.400,T8s,jam,-40.000000,-28.958333,40.000000,11.041667,80.000000,0.345052,0.000000,80.000000,-80.000000,0.000000,0.000000,0.000000,0.000000
9,equal,30400,8.000,0,5,0.500,0.000,0.400,65s,jam,-40.000000,-29.000000,40.000000,11.000000,80.000000,0.343750,0.000000,80.000000,-80.000000,0.000000,0.000000,0.000000,0.000000
9,equal,30400,8.000,0,5,0.500,0.000,0.400,53s,jam,-40.000000,-29.093750,40.000000,10.906250,80.000000,0.340820,0.000000,80.000000,-80.000000,0.000000,0.000000,0.000000,0.000000
9,equal,30400,8.000,0,5,0.500,0.000,0.400,87s,jam,-40.000000,-29.218750,40.000000,10.781250,80.000000,0.336914,0.000000,80.000000,-80.000000,0.000000,0.000000,0.000000,0.000000
9,equal,30400,8.000,0,5,0.500,0.000,0.400,53o,jam,-40.000000,-29.229167,40.000000,10.770833,80.000000,0.336589,0.000000,80.000000,-80.000000,0.000000,0.000000,0.000000,0.000000
9,equal,30400,8.000,0,5,0.500,0.000,0.400,65o,jam,-40.000000,-29.250000,40.000000,10.750000,80.000000,0.335938,0.000000,80.000000,-80.000000,0.000000,0.000000,0.000000,0.000000
9,equal,30400,8.000,0,5,0.500,0.000,0.400,52o,jam,-40.000000,-29.395833,40.000000,10.604167,80.000000,0.331380,0.000000,80.000000,-80.000000,0.000000,0.000000,0.000000,0.000000
9,equal,30400,8.000,0,5,0.500,0.000,0.400,32o,jam,-40.000000,-29.427083,40.000000,10.572917,80.000000,0.330404,0.000000,80.000000,-80.000000,0.000000,0.000000,0.000000,0.000000
9,equal,30400,8.000,0,5,0.500,0.000,0.400,64o,jam,-40.000000,-29.510417,40.000000,10.489583,80.000000,0.327799,0.000000,80.000000,-80.000000,0.000000,0.000000,0.000000,0.000000
9,equal,30400,8.000,0,5,0.500,0.000,0.400,84s,jam,-40.000000,-29.531250,40.000000,10.468750,80.000000,0.327148,0.000000,80.000000,-80.000000,0.000000,0.000000,0.000000,0.000000
9,equal,30400,8.000,0,5,0.500,0.000,0.400,62s,jam,-40.000000,-29.562500,40.000000,10.437500,80.000000,0.326172,0.000000,80.000000,-80.000000,0.000000,0.000000,0.000000,0.000000
9,equal,30400,8.000,0,5,0.500,0.000,0.400,63o,jam,-40.000000,-29.583333,40.000000,10.416667,80.000000,0.325521,0.000000,80.000000,-80.000000,0.000000,0.000000,0.000000,0.000000
9,equal,30400,8.000,0,5,0.500,0.000,0.400,42o,jam,-40.000000,-29.625000,40.000000,10.375000,80.000000,0.324219,0.000000,80.000000,-80.000000,0.000000,0.000000,0.000000,0.000000
9,equal,30400,8.000,0,5,0.500,0.000,0.400,43o,jam,-40.000000,-29.645833,40.000000,10.354167,80.000000,0.323568,0.000000,80.000000,-80.000000,0.000000,0.000000,0.000000,0.000000
9,equal,30400,8.000,0,5,0.500,0.000,0.400,54s,jam,-40.000000,-29.656250,40.000000,10.343750,80.000000,0.323242,0.000000,80.000000,-80.000000,0.000000,0.000000,0.000000,0.000000
9,equal,30400,8.000,0,5,0.500,0.000,0.400,T6s,jam,-40.000000,-29.666667,40.000000,10.333333,80.000000,0.322917,0.000000,80.000000,-80.000000,0.000000,0.000000,0.000000,0.000000
9,equal,30400,8.000,0,5,0.500,0.000,0.400,92s,jam,-40.000000,-29.666667,40.000000,10.333333,80.000000,0.322917,0.000000,80.000000,-80.000000,0.000000,0.000000,0.000000,0.000000
9,equal,30400,8.000,0,5,0.500,0.000,0.400,62o,jam,-40.000000,-29.729167,40.000000,10.270833,80.000000,0.320964,0.000000,80.000000,-80.000000,0.000000,0.000000,0.000000,0.000000
9,equal,30400,8.000,0,5,0.500,0.000,0.400,96s,jam,-40.000000,-29.750000,40.000000,10.250000,80.000000,0.320312,0.000000,80.000000,-80.000000,0.000000,0.000000,0.000000,0.000000
9,equal,30400,8.000,0,5,0.500,0.000,0.400,75o,jam,-40.000000,-29.760417,40.000000,10.239583,80.000000,0.319987,0.000000,80.000000,-80.000000,0.000000,0.000000,0.000000,0.000000
9,equal,30400,8.000,0,5,0.500,0.000,0.400,86o,jam,-40.000000,-29.854167,40.000000,10.145833,80.000000,0.317057,0.000000,80.000000,-80.000000,0.000000,0.000000,0.000000,0.000000
9,equal,30400,8.000,0,5,0.500,0.000,0.400,T2s,jam,-40.000000,-29.875000,40.000000,10.125000,80.000000,0.316406,0.000000,80.000000,-80.000000,0.000000,0.000000,0.000000,0.000000
9,equal,30400,8.000,0,5,0.500,0.000,0.400,82s,jam,-40.000000,-29.937500,40.000000,10.062500,80.000000,0.314453,0.000000,80.000000,-80.000000,0.000000,0.000000,0.000000,0.000000
9,equal,30400,8.000,0,5,0.500,0.000,0.400,83s,jam,-40.000000,-29.968750,40.000000,10.031250,80.000000,0.313477,0.000000,80.000000,-80.000000,0.000000,0.000000,0.000000,0.000000
9,equal,30400,8.000,0,5,0.500,0.000,0.400,T7s,jam,-40.000000,-30.041667,40.000000,9.958333,80.000000,0.311198,0.000000,80.000000,-80.000000,0.000000,0.000000,0.000000,0.000000
9,equal,30400,8.000,0,5,0.500,0.000,0.400,T5s,jam,-40.000000,-30.208333,40.000000,9.791667,80.000000,0.305990,0.000000,80.000000,-80.000000,0.000000,0.000000,0.000000,0.000000
9,equal,30400,8.000,0,5,0.500,0.000,0.400,85o,jam,-40.000000,-30.302083,40.000000,9.697917,80.000000,0.303060,0.000000,80.000000,-80.000000,0.000000,0.000000,0.000000,0.000000
9,equal,30400,8.000,0,5,0.500,0.000,0.400,84o,jam,-40.000000,-30.322917,40.000000,9.677083,80.000000,0.302409,0.000000,80.000000,-80.000000,0.000000,0.000000,0.000000,0.000000
9,equal,30400,8.000,0,5,0.500,0.000,0.400,T4s,jam,-40.000000,-30.333333,40.000000,9.666667,80.000000,0.302083,0.000000,80.000000,-80.000000,0.000000,0.000000,0.000000,0.000000
9,equal,30400,8.000,0,5,0.500,0.000,0.400,93s,jam,-40.000000,-30.333333,40.000000,9.666667,80.000000,0.302083,0.000000,80.000000,-80.000000,0.000000,0.000000,0.000000,0.000000
9,equal,30400,8.000,0,5,0.500,0.000,0.400,73o,jam,-40.000000,-30.385417,40.000000,9.614583,80.000000,0.300456,0.000000,80.000000,-80.000000,0.000000,0.000000,0.000000,0.000000
9,equal,30400,8.000,0,5,0.500,0.000,0.400,74o,jam,-40.000000,-30.468750,40.000000,9.531250,80.000000,0.297852,0.000000,80.000000,-80.000000,0.000000,0.000000,0.000000,0.000000
9,equal,30400,8.000,0,5,0.500,0.000,0.400,97s,jam,-40.000000,-30.500000,40.000000,9.500000,80.000000,0.296875,0.000000,80.000000,-80.000000,0.000000,0.000000,0.000000,0.000000
9,equal,30400,8.000,0,5,0.500,0.000,0.400,94s,jam,-40.000000,-30.541667,40.000000,9.458333,80.000000,0.295573,0.000000,80.000000,-80.000000,0.000000,0.000000,0.000000,0.000000
9,equal,30400,8.000,0,5,0.500,0.000,0.400,95s,jam,-40.000000,-30.708333,40.000000,9.291667,80.000000,0.290365,0.000000,80.000000,-80.000000,0.000000,0.000000,0.000000,0.000000
9,equal,30400,8.000,0,5,0.500,0.000,0.400,T6o,jam,-40.000000,-30.722222,40.000000,9.277778,80.000000,0.289931,0.000000,80.000000,-80.000000,0.000000,0.000000,0.000000,0.000000
9,equal,30400,8.000,0,5,0.500,0.000,0.400,T2o,jam,-40.000000,-30.722222,40.000000,9.277778,80.000000,0.289931,0.000000,80.000000,-80.000000,0.000000,0.000000,0.000000,0.000000
9,equal,30400,8.000,0,5,0.500,0.000,0.400,T5o,jam,-40.000000,-30.750000,40.000000,9.250000,80.000000,0.289062,0.000000,80.000000,-80.000000,0.000000,0.000000,0.000000,0.000000
9,equal,30400,8.000,0,5,0.500,0.000,0.400,72o,jam,-40.000000,-30.770833,40.000000,9.229167,80.000000,0.288411,0.000000,80.000000,-80.000000,0.000000,0.000000,0.000000,0.000000
9,equal,30400,8.000,0,5,0.500,0.000,0.400,T8o,jam,-40.000000,-30.777778,40.000000,9.222222,80.000000,0.288194,0.000000,80.000000,-80.000000,0.000000,0.000000,0.000000,0.000000
9,equal,30400,8.000,0,5,0.500,0.000,0.400,98s,jam,-40.000000,-30.791667,40.000000,9.208333,80.000000,0.287760,0.000000,80.000000,-80.000000,0.000000,0.000000,0.000000,0.000000
9,equal,30400,8.000,0,5,0.500,0.000,0.400,64s,jam,-40.000000,-30.812500,40.000000,9.187500,80.000000,0.287109,0.000000,80.000000,-80.000000,0.000000,0.000000,0.000000,0.000000
9,equal,30400,8.000,0,5,0.500,0.000,0.400,T7o,jam,-40.000000,-30.916667,40.000000,9.083333,80.000000,0.283854,0.000000,80.000000,-80.000000,0.000000,0.000000,0.000000,0.000000
9,equal,30400,8.000,0,5,0.500,0.000,0.400,82o,jam,-40.000000,-31.000000,40.000000,9.000000,80.000000,0.281250,0.000000,80.000000,-80.000000,0.000000,0.000000,0.000000,0.000000
9,equal,30400,8.000,0,5,0.500,0.000,0.400,83o,jam,-40.000000,-31.093750,40.000000,8.906250,80.000000,0.278320,0.000000,80.000000,-80.000000,0.000000,0.000000,0.000000,0.000000
9,equal,30400,8.000,0,5,0.500,0.000,0.400,32s,jam,-40.000000,-31.218750,40.000000,8.781250,80.000000,0.274414,0.000000,80.000000,-80.000000,0.000000,0.000000,0.000000,0.000000
9,equal,30400,8.000,0,5,0.500,0.000,0.400,T4o,jam,-40.000000,-31.236111,40.000000,8.763889,80.000000,0.273872,0.000000,80.000000,-80.000000,0.000000,0.000000,0.000000,0.000000
9,equal,30400,8.000,0,5,0.500,0.000,0.400,T3o,jam,-40.000000,-31.291667,40.000000,8.708333,80.000000,0.272135,0.000000,80.000000,-80.000000,0.000000,0.000000,0.000000,0.000000
9,equal,30400,8.000,0,5,0.500,0.000,0.400,93o,jam,-40.000000,-31.375000,40.000000,8.625000,80.000000,0.269531,0.000000,80.000000,-80.000000,0.000000,0.000000,0.000000,0.000000
9,equal,30400,8.000,0,5,0.500,0.000,0.400,98o,jam,-40.000000,-31.638889,40.000000,8.361111,80.000000,0.261285,0.000000,80.000000,-80.000000,0.000000,0.000000,0.000000,0.000000
9,equal,30400,8.000,0,5,0.500,0.000,0.400,96o,jam,-40.000000,-31.736111,40.000000,8.263889,80.000000,0.258247,0.000000,80.000000,-80.000000,0.000000,0.000000,0.000000,0.000000
9,equal,30400,8.000,0,5,0.500,0.000,0.400,97o,jam,-40.000000,-31.750000,40.000000,8.250000,80.000000,0.257812,0.000000,80.000000,-80.000000,0.000000,0.000000,0.000000,0.000000
9,equal,30400,8.000,0,5,0.500,0.000,0.400,94o,jam,-40.000000,-31.944444,40.000000,8.055556,80.000000,0.251736,0.000000,80.000000,-80.000000,0.000000,0.000000,0.000000,0.000000
9,equal,30400,8.000,0,5,0.500,0.000,0.400,92o,jam,-40.000000,-32.277778,40.000000,7.722222,80.000000,0.241319,0.000000,80.000000,-80.000000,0.000000,0.000000,0.000000,0.000000
9,equal,30400,8.000,0,5,0.500,0.000,0.400,95o,jam,-40.000000,-32.736111,40.000000,7.263889,80.000000,0.226997,0.000000,80.000000,-80.000000,0.000000,0.000000,0.000000,0.000000
9,equal,30400,8.000,0,5,0.500,0.050,0.400,QQ,jam,-40.000000,-13.854167,39.350694,26.145833,79.350694,0.817057,0.837674,80.000000,-80.000000,0.000000,0.000000,0.000000,0.000000
9,equal,30400,8.000,0,5,0.500,0.050,0.400,JJ,jam,-40.000000,-13.562500,39.284722,26.437500,79.284722,0.826172,0.821181,80.000000,-80.000000,0.000000,0.000000,0.000000,0.000000
9,equal,30400,8.000,0,5,0.500,0.050,0.400,TT,jam,-40.000000,-13.875000,39.276042,26.125000,79.276042,0.816406,0.819010,80.000000,-80.000000,0.000000,0.000000,0.000000,0.000000
9,equal,30400,8.000,0,5,0.500,0.050,0.400,KK,jam,-40.000000,-15.020833,39.270833,24.979167,79.270833,0.780599,0.817708,80.000000,-80.000000,0.000000,0.000000,0.000000,0.000000
9,equal,30400,8.000,0,5,0.500,0.050,0.400,AA,jam,-40.000000,-14.791667,39.258681,25.208333,79.258681,0.787760,0.814670,80.000000,-80.000000,0.000000,0.000000,0.000000,0.000000
9,equal,30400,8.000,0,5,0.500,0.050,0.400,AQs,jam,-40.000000,-19.468750,38.007812,20.531250,78.007812,0.641602,0.501953,80.000000,-80.000000,0.000000,0.000000,0.000000,0.000000
9,equal,30400,8.000,0,5,0.500,0.050,0.400,99,jam,-40.000000,-20.125000,38.000000,19.875000,78.000000,0.621094,0.500000,80.000000,-80.000000,0.000000,0.000000,0.000000,0.000000
9,equal,30400,8.000,0,5,0.500,0.050,0.400,KQs,jam,-40.000000,-18.968750,37.968750,21.031250,77.968750,0.657227,0.492188,80.000000,-80.000000,0.000000,0.000000,0.000000,0.000000
9,equal,30400,8.000,0,5,0.500,0.050,0.400,JTs,jam,-40.000000,-17.500000,37.963542,22.500000,77.963542,0.703125,0.490885,80.000000,-80.000000,0.000000,0.000000,0.000000,0.000000
9,equal,30400,8.000,0,5,0.500,0.050,0.400,QJs,jam,-40.000000,-19.000000,37.906250,21.000000,77.906250,0.656250,0.476562,80.000000,-80.000000,0.000000,0.000000,0.000000,0.000000
9,equal,30400,8.000,0,5,0.500,0.050,0.400,QTs,jam,-40.000000,-17.708333,37.893229,22.291667,77.893229,0.696615,0.473307,80.000000,-80.000000,0.000000,0.000000,0.000000,0.000000
9,equal,30400,8.000,0,5,0.500,0.050,0.400,ATs,jam,-40.000000,-18.166667,37.882812,21.833333,77.882812,0.682292,0.470703,80.000000,-80.000000,0.000000,0.000000,0.000000,0.000000
9,equal,30400,8.000,0,5,0.500,0.050,0.400,AJs,jam,-40.000000,-19.500000,37.872396,20.500000,77.872396,0.640625,0.468099,80.000000,-80.000000,0.000000,0.000000,0.000000,0.000000
9,equal,30400,8.000,0,5,0.500,0.050,0.400,KTs,jam,-40.000000,-18.500000,37.867188,21.500000,77.867188,0.671875,0.466797,80.000000,-80.000000,0.000000,0.000000,0.000000,0.000000
9,equal,30400,8.000,0,5,0.500,0.050,0.400,AJo,jam,-40.000000,-20.583333,37.862847,19.416667,77.862847,0.606771,0.465712,80.000000,-80.000000,0.000000,0.000000,0.000000,0.000000
9,equal,30400,8.000,0,5,0.500,0.050,0.400,AKs,jam,-40.000000,-19.625000,37.828125,20.375000,77.828125,0.636719,0.457031,80.000000,-80.000000,0.000000,0.000000,0.000000,0.000000
9,equal,30400,8.000,0,5,0.500,0.050,0.400,QJo,jam,-40.000000,-20.083333,37.818576,19.916667,77.818576,0.622396,0.454644,80.000000,-80.000000,0.000000,0.000000,0.000000,0.000000
9,equal,30400,8.000,0,5,0.500,0.050,0.400,QTo,jam,-40.000000,-18.638889,37.811632,21.361111,77.811632,0.667535,0.452908,80.000000,-80.000000,0.000000,0.000000,0.000000,0.000000
9,equal,30400,8.000,0,5,0.500,0.050,0.400,JTo,jam,-40.000000,-17.819444,37.803819,22.180556,77.803819,0.693142,0.450955,80.000000,-80.000000,0.000000,0.000000,0.000000,0.000000
9,equal,30400,8.000,0,5,0.500,0.050,0.400,KJs,jam,-40.000000,-19.218750,37.802083,20.781250,77.802083,0.649414,0.450521,80.000000,-80.000000,0.000000,0.000000,0.000000,0.000000
9,equal,30400,8.000,0,5,0.500,0.050,0.400,AQo,jam,-40.000000,-21.510417,37.772569,18.489583,77.772569,0.577799,0.443142,80.000000,-80.000000,0.000000,0.000000,0.000000,0.000000
9,equal,30400,8.000,0,5,0.500,0.050,0.400,ATo,jam,-40.000000,-17.652778,37.762153,22.347222,77.762153,0.698351,0.440538,80.000000,-80.000000,0.000000,0.000000,0.000000,0.000000
9,equal,30400,8.000,0,5,0.500,0.050,0.400,KJo,jam,-40.000000,-20.947917,37.753472,19.052083,77.753472,0.595378,0.438368,80.000000,-80.000000,0.000000,0.000000,0.000000,0.000000
9,equal,30400,8.000,0,5,0.500,0.050,0.400,KTo,jam,-40.000000,-18.125000,37.747396,21.875000,77.747396,0.683594,0.436849,80.000000,-80.000000,0.000000,0.000000,0.000000,0.000000
9,equal,30400,8.000,0,5,0.500,0.050,0.400,AKo,jam,-40.000000,-21.656250,37.738715,18.343750,77.738715,0.573242,0.434679,80.000000,-80.000000,0.000000,0.000000,0.000000,0.000000
9,equal,30400,8.000,0,5,0.500,0.050,0.400,KQo,jam,-40.000000,-20.812500,37.724826,19.187500,77.724826,0.599609,0.431207,80.000000,-80.000000,0.000000,0.000000,0.000000,0.000000
9,equal,30400,8.000,0,5,0.500,0.050,0.400,T9o,jam,-40.000000,-24.729167,37.526042,15.270833,77.526042,0.477214,0.381510,80.000000,-80.000000,0.000000,0.000000,0.000000,0.000000
9,equal,30400,8.000,0,5,0.500,0.050,0.400,T9s,jam,-40.000000,-24.000000,37.515625,16.000000,77.515625,0.500000,0.378906,80.000000,-80.000000,0.000000,0.000000,0.000000,0.000000
9,equal,30400,8.000,0,5,0.500,0.050,0.400,A4s,jam,-40.000000,-22.718750,37.471354,17.281250,77.471354,0.540039,0.367839,80.000000,-80.000000,0.000000,0.000000,0.000000,0.000000
9,equal,30400,8.000,0,5,0.500,0.050,0.400,A5s,jam,-40.000000,-22.625000,37.450521,17.375000,77.450521,0.542969,0.362630,80.000000,-80.000000,0.000000,0.000000,0.000000,0.000000
9,equal,30400,8.000,0,5,0.500,0.050,0.400,Q9s,jam,-40.000000,-18.750000,37.437500,21.250000,77.437500,0.664062,0.359375,80.000000,-80.000000,0.000000,0.000000,0.000000,0.000000
9,equal,30400,8.000,0,5,0.500,0.050,0.400,J9s,jam,-40.000000,-16.125000,37.411458,23.875000,77.411458,0.746094,0.352865,80.000000,-80.000000,0.000000,0.000000,0.000000,0.000000
9,equal,30400,8.000,0,5,0.500,0.050,0.400,Q3s,jam,-40.000000,-23.656250,37.395833,16.343750,77.395833,0.510742,0.348958,80.000000,-80.000000,0.000000,0.000000,0.000000,0.000000
9,equal,30400,8.000,0,5,0.500,0.050,0.400,J8s,jam,-40.000000,-21.156250,37.390625,18.843750,77.390625,0.588867,0.347656,80.000000,-80.000000,0.000000,0.000000,0.000000,0.000000
9,equal,30400,8.000,0,5,0.500,0.050,0.400,T6s,jam,-40.000000,-29.666667,37.390625,10.333333,77.390625,0.322917,0.347656,80.000000,-80.000000,0.000000,0.000000,0.000000,0.000000
9,equal,30400,8.000,0,5,0.500,0.050,0.400,T8s,jam,-40.000000,-28.958333,37.388021,11.041667,77.388021,0.345052,0.347005,80.000000,-80.000000,0.000000,0.000000,0.000000,0.000000
9,equal,30400,8.000,0,5,0.500,0.050,0.400,K7s,jam,-40.000000,-22.406250,37.369792,17.593750,77.369792,0.549805,0.342448,80.000000,-80.000000,0.000000,0.000000,0.000000,0.000000
9,equal,30400,8.000,0,5,0.500,0.050,0.400,K9s,jam,-40.000000,-18.916667,37.364583,21.083333,77.364583,0.658854,0.341146,80.000000,-80.000000,0.000000,0.000000,0.000000,0.000000
9,equal,30400,8.000,0,5,0.500,0.050,0.400,J6s,jam,-40.000000,-20.968750,37.364583,19.031250,77.364583,0.594727,0.341146,80.000000,-80.000000,0.000000,0.000000,0.000000,0.000000
9,equal,30400,8.000,0,5,0.500,0.050,0.400,Q9o,jam,-40.000000,-18.444444,37.355903,21.555556,77.355903,0.673611,0.338976,80.000000,-80.000000,0.000000,0.000000,0.000000,0.000000
9,equal,30400,8.000,0,5,0.500,0.050,0.400,A9s,jam,-40.000000,-18.083333,37.348958,21.916667,77.348958,0.684896,0.337240,80.000000,-80.000000,0.000000,0.000000,0.000000,0.000000
9,equal,30400,8.000,0,5,0.500,0.050,0.400,K5s,jam,-40.000000,-21.500000,37.341146,18.500000,77.341146,0.578125,0.335286,80.000000,-80.000000,0.000000,0.000000,0.000000,0.000000
9,equal,30400,8.000,0,5,0.500,0.050,0.400,J5s,jam,-40.000000,-22.406250,37.335938,17.593750,77.335938,0.549805,0.333984,80.000000,-80.000000,0.000000,0.000000,0.000000,0.000000
9,equal,30400,8.000,0,5,0.500,0.050,0.400,Q8s,jam,-40.000000,-21.156250,37.317708,18.843750,77.317708,0.588867,0.329427,80.000000,-80.000000,0.000000,0.000000,0.000000,0.000000
9,equal,30400,8.000,0,5,0.500,0.050,0.400,Q7s,jam,-40.000000,-21.531250,37.312500,18.468750,77.312500,0.577148,0.328125,80.000000,-80.000000,0.000000,0.000000,0.000000,0.000000
9,equal,30400,8.000,0,5,0.500,0.050,0.400,T5s,jam,-40.000000,-30.208333,37.312500,9.791667,77.312500,0.305990,0.328125,80.000000,-80.000000,0.000000,0.000000,0.000000,0.000000
9,equal,30400,8.000,0,5,0.500,0.050,0.400,A6s,jam,-40.000000,-21.937500,37.299479,18.062500,77.299479,0.564453,0.324870,80.000000,-80.000000,0.000000,0.000000,0.000000,0.000000
9,equal,30400,8.000,0,5,0.500,0.050,0.400,K3s,jam,-40.000000,-23.156250,37.299479,16.843750,77.299479,0.526367,0.324870,80.000000,-80.000000,0.000000,0.000000,0.000000,0.000000
9,equal,30400,8.000,0,5,0.500,0.050,0.400,A3s,jam,-40.000000,-21.375000,37.296875,18.625000,77.296875,0.582031,0.324219,80.000000,-80.000000,0.000000,0.000000,0.000000,0.000000
9,equal,30400,8.000,0,5,0.500,0.050,0.400,A2s,jam,-40.000000,-21.875000,37.296875,18.125000,77.296875,0.566406,0.324219,80.000000,-80.000000,0.000000,0.000000,0.000000,0.000000
9,equal,30400,8.000,0,5,0.500,0.050,0.400,K8s,jam,-40.000000,-22.687500,37.291667,17.312500,77.291667,0.541016,0.322917,80.000000,-80.000000,0.000000,0.000000,0.000000,0.000000
9,equal,30400,8.000,0,5,0.500,0.050,0.400,A8s,jam,-40.000000,-21.281250,37.283854,18.718750,77.283854,0.584961,0.320964,80.000000,-80.000000,0.000000,0.000000,0.000000,0.000000
9,equal,30400,8.000,0,5,0.500,0.050,0.400,J2s,jam,-40.000000,-23.187500,37.273438,16.812500,77.273438,0.525391,0.318359,80.000000,-80.000000,0.000000,0.000000,0.000000,0.000000
9,equal,30400,8.000,0,5,0.500,0.050,0.400,K2s,jam,-40.000000,-22.562500,37.257812,17.437500,77.257812,0.544922,0.314453,80.000000,-80.000000,0.000000,0.000000,0.000000,0.000000
9,equal,30400,8.000,0,5,0.500,0.050,0.400,T7s,jam,-40.000000,-30.041667,37.252604,9.958333,77.252604,0.311198,0.313151,80.000000,-80.000000,0.000000,0.000000,0.000000,0.000000
9,equal,30400,8.000,0,5,0.500,0.050,0.400,A5o,jam,-40.000000,-23.145833,37.245660,16.854167,77.245660,0.526693,0.311415,80.000000,-80.000000,0.000000,0.000000,0.000000,0.000000
9,equal,30400,8.000,0,5,0.500,0.050,0.400,T5o,jam,-40.000000,-30.750000,37.245660,9.250000,77.245660,0.289062,0.311415,80.000000,-80.000000,0.000000,0.000000,0.000000,0.000000
9,equal,30400,8.000,0,5,0.500,0.050,0.400,T3s,jam,-40.000000,-28.791667,37.244792,11.208333,77.244792,0.350260,0.311198,80.000000,-80.000000,0.000000,0.000000,0.000000,0.000000
9,equal,30400,8.000,0,5,0.500,0.050,0.400,A7s,jam,-40.000000,-22.375000,37.236979,17.625000,77.236979,0.550781,0.309245,80.000000,-80.000000,0.000000,0.000000,0.000000,0.000000
9,equal,30400,8.000,0,5,0.500,0.050,0.400,Q5s,jam,-40.000000,-22.250000,37.234375,17.750000,77.234375,0.554688,0.308594,80.000000,-80.000000,0.000000,0.000000,0.000000,0.000000
9,equal,30400,8.000,0,5,0.500,0.050,0.400,K4s,jam,-40.000000,-22.968750,37.234375,17.031250,77.234375,0.532227,0.308594,80.000000,-80.000000,0.000000,0.000000,0.000000,0.000000
9,equal,30400,8.000,0,5,0.500,0.050,0.400,A9o,jam,-40.000000,-18.930556,37.232639,21.069444,77.232639,0.658420,0.308160,80.000000,-80.000000,0.000000,0.000000,0.000000,0.000000
9,equal,30400,8.000,0,5,0.500,0.050,0.400,A7o,jam,-40.000000,-23.552083,37.230903,16.447917,77.230903,0.513997,0.307726,80.000000,-80.000000,0.000000,0.000000,0.000000,0.000000
9,equal,30400,8.000,0,5,0.500,0.050,0.400,Q2s,jam,-40.000000,-22.812500,37.226562,17.187500,77.226562,0.537109,0.306641,80.000000,-80.000000,0.000000,0.000000,0.000000,0.000000
9,equal,30400,8.000,0,5,0.500,0.050,0.400,K6s,jam,-40.000000,-22.281250,37.223958,17.718750,77.223958,0.553711,0.305990,80.000000,-80.000000,0.000000,0.000000,0.000000,0.000000
9,equal,30400,8.000,0,5,0.500,0.050,0.400,J4s,jam,-40.000000,-20.875000,37.221354,19.125000,77.221354,0.597656,0.305339,80.000000,-80.000000,0.000000,0.000000,0.000000,0.000000
9,equal,30400,8.000,0,5,0.500,0.050,0.400,J9o,jam,-40.000000,-18.555556,37.218750,21.444444,77.218750,0.670139,0.304688,80.000000,-80.000000,0.000000,0.000000,0.000000,0.000000
9,equal,30400,8.000,0,5,0.500,0.050,0.400,T4s,jam,-40.000000,-30.333333,37.216146,9.666667,77.216146,0.302083,0.304036,80.000000,-80.000000,0.000000,0.000000,0.000000,0.000000
9,equal,30400,8.000,0,5,0.500,0.050,0.400,J7o,jam,-40.000000,-23.406250,37.214410,16.593750,77.214410,0.518555,0.303602,80.000000,-80.000000,0.000000,0.000000,0.000000,0.000000
9,equal,30400,8.000,0,5,0.500,0.050,0.400,Q6s,jam,-40.000000,-22.125000,37.213542,17.875000,77.213542,0.558594,0.303385,80.000000,-80.000000,0.000000,0.000000,0.000000,0.000000
9,equal,30400,8.000,0,5,0.500,0.050,0.400,Q4s,jam,-40.000000,-22.437500,37.213542,17.562500,77.213542,0.548828,0.303385,80.000000,-80.000000,0.000000,0.000000,0.000000,0.000000
9,equal,30400,8.000,0,5,0.500,0.050,0.400,Q4o,jam,-40.000000,-23.989583,37.211806,16.010417,77.211806,0.500326,0.302951,80.000000,-80.000000,0.000000,0.000000,0.000000,0.000000
9,equal,30400,8.000,0,5,0.500,0.050,0.400,A2o,jam,-40.000000,-23.958333,37.205729,16.041667,77.205729,0.501302,0.301432,80.000000,-80.000000,0.000000,0.000000,0.000000,0.000000
9,equal,30400,8.000,0,5,0.500,0.050,0.400,A4o,jam,-40.000000,-23.250000,37.196181,16.750000,77.196181,0.523438,0.299045,80.000000,-80.000000,0.000000,0.000000,0.000000,0.000000
9,equal,30400,8.000,0,5,0.500,0.050,0.400,T7o,jam,-40.000000,-30.916667,37.194444,9.083333,77.194444,0.283854,0.298611,80.000000,-80.000000,0.000000,0.000000,0.000000,0.000000
9,equal,30400,8.000,0,5,0.500,0.050,0.400,Q8o,jam,-40.000000,-22.791667,37.193576,17.208333,77.193576,0.537760,0.298394,80.000000,-80.000000,0.000000,0.000000,0.000000,0.000000
9,equal,30400,8.000,0,5,0.500,0.050,0.400,J7s,jam,-40.000000,-21.812500,37.187500,18.187500,77.187500,0.568359,0.296875,80.000000,-80.000000,0.000000,0.000000,0.000000,0.000000
9,equal,30400,8.000,0,5,0.500,0.050,0.400,T8o,jam,-40.000000,-30.777778,37.185764,9.222222,77.185764,0.288194,0.296441,80.000000,-80.000000,0.000000,0.000000,0.000000,0.000000
9,equal,30400,8.000,0,5,0.500,0.050,0.400,J3s,jam,-40.000000,-23.718750,37.179688,16.281250,77.179688,0.508789,0.294922,80.000000,-80.000000,0.000000,0.000000,0.000000,0.000000
9,equal,30400,8.000,0,5,0.500,0.050,0.400,T2s,jam,-40.000000,-29.875000,37.179688,10.125000,77.179688,0.316406,0.294922,80.000000,-80.000000,0.000000,0.000000,0.000000,0.000000
9,equal,30400,8.000,0,5,0.500,0.050,0.400,K5o,jam,-40.000000,-24.343750,37.173611,15.656250,77.173611,0.489258,0.293403,80.000000,-80.000000,0.000000,0.000000,0.000000,0.000000
9,equal,30400,8.000,0,5,0.500,0.050,0.400,A3o,jam,-40.000000,-22.822917,37.166667,17.177083,77.166667,0.536784,0.291667,80.000000,-80.000000,0.000000,0.000000,0.000000,0.000000
9,equal,30400,8.000,0,5,0.500,0.050,0.400,A8o,jam,-40.000000,-22.500000,37.161458,17.500000,77.161458,0.546875,0.290365,80.000000,-80.000000,0.000000,0.000000,0.000000,0.000000
9,equal,30400,8.000,0,5,0.500,0.050,0.400,J8o,jam,-40.000000,-22.500000,37.148438,17.500000,77.148438,0.546875,0.287109,80.000000,-80.000000,0.000000,0.000000,0.000000,0.000000
9,equal,30400,8.000,0,5,0.500,0.050,0.400,A6o,jam,-40.000000,-23.052083,37.147569,16.947917,77.147569,0.529622,0.286892,80.000000,-80.000000,0.000000,0.000000,0.000000,0.000000
9,equal,30400,8.000,0,5,0.500,0.050,0.400,J3o,jam,-40.000000,-24.000000,37.146701,16.000000,77.146701,0.500000,0.286675,80.000000,-80.000000,0.000000,0.000000,0.000000,0.000000
9,equal,30400,8.000,0,5,0.500,0.050,0.400,Q7o,jam,-40.000000,-24.000000,37.144965,16.000000,77.144965,0.500000,0.286241,80.000000,-80.000000,0.000000,0.000000,0.000000,0.000000
9,equal,30400,8.000,0,5,0.500,0.050,0.400,K7o,jam,-40.000000,-23.083333,37.139757,16.916667,77.139757,0.528646,0.284939,80.000000,-80.000000,0.000000,0.000000,0.000000,0.000000
9,equal,30400,8.000,0,5,0.500,0.050,0.400,K9o,jam,-40.000000,-18.555556,37.138889,21.444444,77.138889,0.670139,0.284722,80.000000,-80.000000,0.000000,0.000000,0.000000,0.000000
9,equal,30400,8.000,0,5,0.500,0.050,0.400,Q5o,jam,-40.000000,-23.822917,37.138889,16.177083,77.138889,0.505534,0.284722,80.000000,-80.000000,0.000000,0.000000,0.000000,0.000000
9,equal,30400,8.000,0,5,0.500,0.050,0.400,T6o,jam,-40.000000,-30.722222,37.138021,9.277778,77.138021,0.289931,0.284505,80.000000,-80.000000,0.000000,0.000000,0.000000,0.000000
9,equal,30400,8.000,0,5,0.500,0.050,0.400,K4o,jam,-40.000000,-23.354167,37.135417,16.645833,77.135417,0.520182,0.283854,80.000000,-80.000000,0.000000,0.000000,0.000000,0.000000
9,equal,30400,8.000,0,5,0.500,0.050,0.400,K6o,jam,-40.000000,-23.802083,37.127604,16.197917,77.127604,0.506185,0.281901,80.000000,-80.000000,0.000000,0.000000,0.000000,0.000000
9,equal,30400,8.000,0,5,0.500,0.050,0.400,K2o,jam,-40.000000,-24.291667,37.125868,15.708333,77.125868,0.490885,0.281467,80.000000,-80.000000,0.000000,0.000000,0.000000,0.000000
9,equal,30400,8.000,0,5,0.500,0.050,0.400,J6o,jam,-40.000000,-23.843750,37.121528,16.156250,77.121528,0.504883,0.280382,80.000000,-80.000000,0.000000,0.000000,0.000000,0.000000
9,equal,30400,8.000,0,5,0.500,0.050,0.400,J5o,jam,-40.000000,-23.125000,37.114583,16.875000,77.114583,0.527344,0.278646,80.000000,-80.000000,0.000000,0.000000,0.000000,0.000000
9,equal,30400,8.000,0,5,0.500,0.050,0.400,Q2o,jam,-40.000000,-22.989583,37.106771,17.010417,77.106771,0.531576,0.276693,80.000000,-80.000000,0.000000,0.000000,0.000000,0.000000
9,equal,30400,8.000,0,5,0.500,0.050,0.400,J4o,jam,-40.000000,-23.447917,37.106771,16.552083,77.106771,0.517253,0.276693,80.000000,-80.000000,0.000000,0.000000,0.000000,0.000000
9,equal,30400,8.000,0,5,0.500,0.050,0.400,T2o,jam,-40.000000,-30.722222,37.105035,9.277778,77.105035,0.289931,0.276259,80.000000,-80.000000,0.000000,0.000000,0.000000,0.000000
9,equal,30400,8.000,0,5,0.500,0.050,0.400,T4o,jam,-40.000000,-31.236111,37.105035,8.763889,77.105035,0.273872,0.276259,80.000000,-80.000000,0.000000,0.000000,0.000000,0.000000
9,equal,30400,8.000,0,5,0.500,0.050,0.400,J2o,jam,-40.000000,-22.635417,37.095486,17.364583,77.095486,0.542643,0.273872,80.000000,-80.000000,0.000000,0.000000,0.000000,0.000000
9,equal,30400,8.000,0,5,0.500,0.050,0.400,Q6o,jam,-40.000000,-22.843750,37.095486,17.156250,77.095486,0.536133,0.273872,80.000000,-80.000000,0.000000,0.000000,0.000000,0.000000
9,equal,30400,8.000,0,5,0.500,0.050,0.400,Q3o,jam,-40.000000,-23.895833,37.095486,16.104167,77.095486,0.503255,0.273872,80.000000,-80.000000,0.000000,0.000000,0.000000,0.000000
9,equal,30400,8.000,0,5,0.500,0.050,0.400,T3o,jam,-40.000000,-31.291667,37.088542,8.708333,77.088542,0.272135,0.272135,80.000000,-80.000000,0.000000,0.000000,0.000000,0.000000
9,equal,30400,8.000,0,5,0.500,0.050,0.400,K8o,jam,-40.000000,-23.104167,37.078125,16.895833,77.078125,0.527995,0.269531,80.000000,-80.000000,0.000000,0.000000,0.000000,0.000000
9,equal,30400,8.000,0,5,0.500,0.050,0.400,K3o,jam,-40.000000,-23.437500,37.073785,16.562500,77.073785,0.517578,0.268446,80.000000,-80.000000,0.000000,0.000000,0.000000,0.000000
9,equal,30400,8.000,0,5,0.500,0.050,0.400,54s,jam,-40.000000,-29.656250,36.971354,10.343750,76.971354,0.323242,0.242839,80.000000,-80.000000,0.000000,0.000000,0.000000,0.000000
9,equal,30400,8.000,0,5,0.500,0.050,0.400,43s,jam,-40.000000,-28.625000,36.893229,11.375000,76.893229,0.355469,0.223307,80.000000,-80.000000,0.000000,0.000000,0.000000,0.000000
9,equal,30400,8.000,0,5,0.500,0.050,0.400,75s,jam,-40.000000,-28.437500,36.872396,11.562500,76.872396,0.361328,0.218099,80.000000,-80.000000,0.000000,0.000000,0.000000,0.000000
9,equal,30400,8.000,0,5,0.500,0.050,0.400,42s,jam,-40.000000,-28.468750,36.851562,11.531250,76.851562,0.360352,0.212891,80.000000,-80.000000,0.000000,0.000000,0.000000,0.000000
9,equal,30400,8.000,0,5,0.500,0.050,0.400,64s,jam,-40.000000,-30.812500,36.846354,9.187500,76.846354,0.287109,0.211589,80.000000,-80.000000,0.000000,0.000000,0.000000,0.000000
9,equal,30400,8.000,0,5,0.500,0.050,0.400,52s,jam,-40.000000,-28.718750,36.841146,11.281250,76.841146,0.352539,0.210286,80.000000,-80.000000,0.000000,0.000000,0.000000,0.000000
9,equal,30400,8.000,0,5,0.500,0.050,0.400,65s,jam,-40.000000,-29.000000,36.838542,11.000000,76.838542,0.343750,0.209635,80.000000,-80.000000,0.000000,0.000000,0.000000,0.000000
9,equal,30400,8.000,0,5,0.500,0.050,0.400,87s,jam,-40.000000,-29.218750,36.835938,10.781250,76.835938,0.336914,0.208984,80.000000,-80.000000,0.000000,0.000000,0.000000,0.000000
9,equal,30400,8.000,0,5,0.500,0.050,0.400,53s,jam,-40.000000,-29.093750,36.820312,10.906250,76.820312,0.340820,0.205078,80.000000,-80.000000,0.000000,0.000000,0.000000,0.000000
9,equal,30400,8.000,0,5,0.500,0.050,0.400,33,jam,-40.000000,-24.625000,36.812500,15.375000,76.812500,0.480469,0.203125,80.000000,-80.000000,0.000000,0.000000,0.000000,0.000000
9,equal,30400,8.000,0,5,0.500,0.050,0.400,76s,jam,-40.000000,-27.875000,36.812500,12.125000,76.812500,0.378906,0.203125,80.000000,-80.000000,0.000000,0.000000,0.000000,0.000000
9,equal,30400,8.000,0,5,0.500,0.050,0.400,85s,jam,-40.000000,-28.875000,36.799479,11.125000,76.799479,0.347656,0.199870,80.000000,-80.000000,0.000000,0.000000,0.000000,0.000000
9,equal,30400,8.000,0,5,0.500,0.050,0.400,98s,jam,-40.000000,-30.791667,36.796875,9.208333,76.796875,0.287760,0.199219,80.000000,-80.000000,0.000000,0.000000,0.000000,0.000000
9,equal,30400,8.000,0,5,0.500,0.050,0.400,84s,jam,-40.000000,-29.531250,36.778646,10.468750,76.778646,0.327148,0.194661,80.000000,-80.000000,0.000000,0.000000,0.000000,0.000000
9,equal,30400,8.000,0,5,0.500,0.050,0.400,77,jam,-40.000000,-25.229167,36.755208,14.770833,76.755208,0.461589,0.188802,80.000000,-80.000000,0.000000,0.000000,0.000000,0.000000
9,equal,30400,8.000,0,5,0.500,0.050,0.400,74s,jam,-40.000000,-28.937500,36.744792,11.062500,76.744792,0.345703,0.186198,80.000000,-80.000000,0.000000,0.000000,0.000000,0.000000
9,equal,30400,8.000,0,5,0.500,0.050,0.400,86s,jam,-40.000000,-28.812500,36.742188,11.187500,76.742188,0.349609,0.185547,80.000000,-80.000000,0.000000,0.000000,0.000000,0.000000
9,equal,30400,8.000,0,5,0.500,0.050,0.400,44,jam,-40.000000,-25.958333,36.739583,14.041667,76.739583,0.438802,0.184896,80.000000,-80.000000,0.000000,0.000000,0.000000,0.000000
9,equal,30400,8.000,0,5,0.500,0.050,0.400,32s,jam,-40.000000,-31.218750,36.731771,8.781250,76.731771,0.274414,0.182943,80.000000,-80.000000,0.000000,0.000000,0.000000,0.000000
9,equal,30400,8.000,0,5,0.500,0.050,0.400,65o,jam,-40.000000,-29.250000,36.724826,10.750000,76.724826,0.335938,0.181207,80.000000,-80.000000,0.000000,0.000000,0.000000,0.000000
9,equal,30400,8.000,0,5,0.500,0.050,0.400,66,jam,-40.000000,-24.062500,36.722222,15.937500,76.722222,0.498047,0.180556,80.000000,-80.000000,0.000000,0.000000,0.000000,0.000000
9,equal,30400,8.000,0,5,0.500,0.050,0.400,72s,jam,-40.000000,-28.250000,36.708333,11.750000,76.708333,0.367188,0.177083,80.000000,-80.000000,0.000000,0.000000,0.000000,0.000000
9,equal,30400,8.000,0,5,0.500,0.050,0.400,54o,jam,-40.000000,-28.489583,36.708333,11.510417,76.708333,0.359701,0.177083,80.000000,-80.000000,0.000000,0.000000,0.000000,0.000000
9,equal,30400,8.000,0,5,0.500,0.050,0.400,63s,jam,-40.000000,-28.937500,36.705729,11.062500,76.705729,0.345703,0.176432,80.000000,-80.000000,0.000000,0.000000,0.000000,0.000000
9,equal,30400,8.000,0,5,0.500,0.050,0.400,88,jam,-40.000000,-23.458333,36.704861,16.541667,76.704861,0.516927,0.176215,80.000000,-80.000000,0.000000,0.000000,0.000000,0.000000
9,equal,30400,8.000,0,5,0.500,0.050,0.400,22,jam,-40.000000,-25.145833,36.701389,14.854167,76.701389,0.464193,0.175347,80.000000,-80.000000,0.000000,0.000000,0.000000,0.000000
9,equal,30400,8.000,0,5,0.500,0.050,0.400,83s,jam,-40.000000,-29.968750,36.697917,10.031250,76.697917,0.313477,0.174479,80.000000,-80.000000,0.000000,0.000000,0.000000,0.000000
9,equal,30400,8.000,0,5,0.500,0.050,0.400,55,jam,-40.000000,-24.354167,36.694444,15.645833,76.694444,0.488932,0.173611,80.000000,-80.000000,0.000000,0.000000,0.000000,0.000000
9,equal,30400,8.000,0,5,0.500,0.050,0.400,64o,jam,-40.000000,-29.510417,36.692708,10.489583,76.692708,0.327799,0.173177,80.000000,-80.000000,0.000000,0.000000,0.000000,0.000000
9,equal,30400,8.000,0,5,0.500,0.050,0.400,97s,jam,-40.000000,-30.500000,36.682292,9.500000,76.682292,0.296875,0.170573,80.000000,-80.000000,0.000000,0.000000,0.000000,0.000000
9,equal,30400,8.000,0,5,0.500,0.050,0.400,73s,jam,-40.000000,-28.812500,36.666667,11.187500,76.666667,0.349609,0.166667,80.000000,-80.000000,0.000000,0.000000,0.000000,0.000000
9,equal,30400,8.000,0,5,0.500,0.050,0.400,62s,jam,-40.000000,-29.562500,36.666667,10.437500,76.666667,0.326172,0.166667,80.000000,-80.000000,0.000000,0.000000,0.000000,0.000000
9,equal,30400,8.000,0,5,0.500,0.050,0.400,76o,jam,-40.000000,-28.510417,36.658854,11.489583,76.658854,0.359049,0.164714,80.000000,-80.000000,0.000000,0.000000,0.000000,0.000000
9,equal,30400,8.000,0,5,0.500,0.050,0.400,52o,jam,-40.000000,-29.395833,36.657118,10.604167,76.657118,0.331380,0.164280,80.000000,-80.000000,0.000000,0.000000,0.000000,0.000000
9,equal,30400,8.000,0,5,0.500,0.050,0.400,75o,jam,-40.000000,-29.760417,36.639757,10.239583,76.639757,0.319987,0.159939,80.000000,-80.000000,0.000000,0.000000,0.000000,0.000000
9,equal,30400,8.000,0,5,0.500,0.050,0.400,43o,jam,-40.000000,-29.645833,36.627604,10.354167,76.627604,0.323568,0.156901,80.000000,-80.000000,0.000000,0.000000,0.000000,0.000000
9,equal,30400,8.000,0,5,0.500,0.050,0.400,82s,jam,-40.000000,-29.937500,36.625000,10.062500,76.625000,0.314453,0.156250,80.000000,-80.000000,0.000000,0.000000,0.000000,0.000000
9,equal,30400,8.000,0,5,0.500,0.050,0.400,53o,jam,-40.000000,-29.229167,36.620660,10.770833,76.620660,0.336589,0.155165,80.000000,-80.000000,0.000000,0.000000,0.000000,0.000000
9,equal,30400,8.000,0,5,0.500,0.050,0.400,93s,jam,-40.000000,-30.333333,36.614583,9.666667,76.614583,0.302083,0.153646,80.000000,-80.000000,0.000000,0.000000,0.000000,0.000000
9,equal,30400,8.000,0,5,0.500,0.050,0.400,74o,jam,-40.000000,-30.468750,36.601562,9.531250,76.601562,0.297852,0.150391,80.000000,-80.000000,0.000000,0.000000,0.000000,0.000000
9,equal,30400,8.000,0,5,0.500,0.050,0.400,87o,jam,-40.000000,-28.875000,36.592014,11.125000,76.592014,0.347656,0.148003,80.000000,-80.000000,0.000000,0.000000,0.000000,0.000000
9,equal,30400,8.000,0,5,0.500,0.050,0.400,42o,jam,-40.000000,-29.625000,36.589410,10.375000,76.589410,0.324219,0.147352,80.000000,-80.000000,0.000000,0.000000,0.000000,0.000000
9,equal,30400,8.000,0,5,0.500,0.050,0.400,32o,jam,-40.000000,-29.427083,36.579861,10.572917,76.579861,0.330404,0.144965,80.000000,-80.000000,0.000000,0.000000,0.000000,0.000000
9,equal,30400,8.000,0,5,0.500,0.050,0.400,98o,jam,-40.000000,-31.638889,36.564236,8.361111,76.564236,0.261285,0.141059,80.000000,-80.000000,0.000000,0.000000,0.000000,0.000000
9,equal,30400,8.000,0,5,0.500,0.050,0.400,63o,jam,-40.000000,-29.583333,36.559896,10.416667,76.559896,0.325521,0.139974,80.000000,-80.000000,0.000000,0.000000,0.000000,0.000000
9,equal,30400,8.000,0,5,0.500,0.050,0.400,73o,jam,-40.000000,-30.385417,36.552083,9.614583,76.552083,0.300456,0.138021,80.000000,-80.000000,0.000000,0.000000,0.000000,0.000000
9,equal,30400,8.000,0,5,0.500,0.050,0.400,95s,jam,-40.000000,-30.708333,36.546875,9.291667,76.546875,0.290365,0.136719,80.000000,-80.000000,0.000000,0.000000,0.000000,0.000000
9,equal,30400,8.000,0,5,0.500,0.050,0.400,86o,jam,-40.000000,-29.854167,36.546007,10.145833,76.546007,0.317057,0.136502,80.000000,-80.000000,0.000000,0.000000,0.000000,0.000000
9,equal,30400,8.000,0,5,0.500,0.050,0.400,85o,jam,-40.000000,-30.302083,36.546007,9.697917,76.546007,0.303060,0.136502,80.000000,-80.000000,0.000000,0.000000,0.000000,0.000000
9,equal,30400,8.000,0,5,0.500,0.050,0.400,96s,jam,-40.000000,-29.750000,36.541667,10.250000,76.541667,0.320312,0.135417,80.000000,-80.000000,0.000000,0.000000,0.000000,0.000000
9,equal,30400,8.000,0,5,0.500,0.050,0.400,62o,jam,-40.000000,-29.729167,36.536458,10.270833,76.536458,0.320964,0.134115,80.000000,-80.000000,0.000000,0.000000,0.000000,0.000000
9,equal,30400,8.000,0,5,0.500,0.050,0.400,84o,jam,-40.000000,-30.322917,36.509549,9.677083,76.509549,0.302409,0.127387,80.000000,-80.000000,0.000000,0.000000,0.000000,0.000000
9,equal,30400,8.000,0,5,0.500,0.050,0.400,83o,jam,-40.000000,-31.093750,36.496528,8.906250,76.496528,0.278320,0.124132,80.000000,-80.000000,0.000000,0.000000,0.000000,0.000000
9,equal,30400,8.000,0,5,0.500,0.050,0.400,82o,jam,-40.000000,-31.000000,36.472222,9.000000,76.472222,0.281250,0.118056,80.000000,-80.000000,0.000000,0.000000,0.000000,0.000000
9,equal,30400,8.000,0,5,0.500,0.050,0.400,97o,jam,-40.000000,-31.750000,36.463542,8.250000,76.463542,0.257812,0.115885,80.000000,-80.000000,0.000000,0.000000,0.000000,0.000000
9,equal,30400,8.000,0,5,0.500,0.050,0.400,92s,jam,-40.000000,-29.666667,36.458333,10.333333,76.458333,0.322917,0.114583,80.000000,-80.000000,0.000000,0.000000,0.000000,0.000000
9,equal,30400,8.000,0,5,0.500,0.050,0.400,72o,jam,-40.000000,-30.770833,36.438368,9.229167,76.438368,0.288411,0.109592,80.000000,-80.000000,0.000000,0.000000,0.000000,0.000000
9,equal,30400,8.000,0,5,0.500,0.050,0.400,94s,jam,-40.000000,-30.541667,36.437500,9.458333,76.437500,0.295573,0.109375,80.000000,-80.000000,0.000000,0.000000,0.000000,0.000000
9,equal,30400,8.000,0,5,0.500,0.050,0.400,96o,jam,-40.000000,-31.736111,36.387153,8.263889,76.387153,0.258247,0.096788,80.000000,-80.000000,0.000000,0.000000,0.000000,0.000000
9,equal,30400,8.000,0,5,0.500,0.050,0.400,92o,jam,-40.000000,-32.277778,36.310764,7.722222,76.310764,0.241319,0.077691,80.000000,-80.000000,0.000000,0.000000,0.000000,0.000000
9,equal,30400,8.000,0,5,0.500,0.050,0.400,93o,jam,-40.000000,-31.375000,36.305556,8.625000,76.305556,0.269531,0.076389,80.000000,-80.000000,0.000000,0.000000,0.000000,0.000000
9,equal,30400,8.000,0,5,0.500,0.050,0.400,95o,jam,-40.000000,-32.736111,36.305556,7.263889,76.305556,0.226997,0.076389,80.000000,-80.000000,0.000000,0.000000,0.000000,0.000000
9,equal,30400,8.000,0,5,0.500,0.050,0.400,94o,jam,-40.000000,-31.944444,36.243056,8.055556,76.243056,0.251736,0.060764,80.000000,-80.000000,0.000000,0.000000,0.000000,0.000000
9,equal,30400,8.000,0,5,0.500,0.100,0.400,88,jam,-40.000000,-23.458333,38.590278,16.541667,78.590278,0.516927,0.823785,80.000000,-80.000000,0.000000,0.000000,0.000000,0.000000
9,equal,30400,8.000,0,5,0.500,0.100,0.400,66,jam,-40.000000,-24.062500,38.579861,15.937500,78.579861,0.498047,0.822483,80.000000,-80.000000,0.000000,0.000000,0.000000,0.000000
9,equal,30400,8.000,0,5,0.500,0.100,0.400,55,jam,-40.000000,-24.354167,38.531250,15.645833,78.531250,0.488932,0.816406,80.000000,-80.000000,0.000000,0.000000,0.000000,0.000000
9,equal,30400,8.000,0,5,0.500,0.100,0.400,99,jam,-40.000000,-20.125000,38.520833,19.875000,78.520833,0.621094,0.815104,80.000000,-80.000000,0.000000,0.000000,0.000000,0.000000
9,equal,30400,8.000,0,5,0.500,0.100,0.400,KK,jam,-40.000000,-15.020833,38.517361,24.979167,78.517361,0.780599,0.814670,80.000000,-80.000000,0.000000,0.000000,0.000000,0.000000
9,equal,30400,8.000,0,5,0.500,0.100,0.400,JJ,jam,-40.000000,-13.562500,38.475694,26.437500,78.475694,0.826172,0.809462,80.000000,-80.000000,0.000000,0.000000,0.000000,0.000000
9,equal,30400,8.000,0,5,0.500,0.100,0.400,QQ,jam,-40.000000,-13.854167,38.472222,26.145833,78.472222,0.817057,0.809028,80.000000,-80.000000,0.000000,0.000000,0.000000,0.000000
9,equal,30400,8.000,0,5,0.500,0.100,0.400,TT,jam,-40.000000,-13.875000,38.451389,26.125000,78.451389,0.816406,0.806424,80.000000,-80.000000,0.000000,0.000000,0.000000,0.000000
9,equal,30400,8.000,0,5,0.500,0.100,0.400,77,jam,-40.000000,-25.229167,38.427083,14.770833,78.427083,0.461589,0.803385,80.000000,-80.000000,0.000000,0.000000,0.000000,0.000000
9,equal,30400,8.000,0,5,0.500,0.100,0.400,AA,jam,-40.000000,-14.791667,38.309028,25.208333,78.309028,0.787760,0.788628,80.000000,-80.000000,0.000000,0.000000,0.000000,0.000000
9,equal,30400,8.000,0,5,0.500,0.100,0.400,T9s,jam,-40.000000,-24.000000,36.489583,16.000000,76.489583,0.500000,0.561198,80.000000,-80.000000,0.000000,0.000000,0.000000,0.000000
9,equal,30400,8.000,0,5,0.500,0.100,0.400,J9s,jam,-40.000000,-16.125000,36.328125,23.875000,76.328125,0.746094,0.541016,80.000000,-80.000000,0.000000,0.000000,0.000000,0.000000
9,equal,30400,8.000,0,5,0.500,0.100,0.400,QTs,jam,-40.000000,-17.708333,36.302083,22.291667,76.302083,0.696615,0.537760,80.000000,-80.000000,0.000000,0.000000,0.000000,0.000000
9,equal,30400,8.000,0,5,0.500,0.100,0.400,QJs,jam,-40.000000,-19.000000,36.197917,21.000000,76.197917,0.656250,0.524740,80.000000,-80.000000,0.000000,0.000000,0.000000,0.000000
9,equal,30400,8.000,0,5,0.500,0.100,0.400,87s,jam,-40.000000,-29.218750,36.171875,10.781250,76.171875,0.336914,0.521484,80.000000,-80.000000,0.000000,0.000000,0.000000,0.000000
9,equal,30400,8.000,0,5,0.500,0.100,0.400,T5s,jam,-40.000000,-30.208333,36.166667,9.791667,76.166667,0.305990,0.520833,80.000000,-80.000000,0.000000,0.000000,0.000000,0.000000
9,equal,30400,8.000,0,5,0.500,0.100,0.400,JTo,jam,-40.000000,-17.819444,36.142361,22.180556,76.142361,0.693142,0.517795,80.000000,-80.000000,0.000000,0.000000,0.000000,0.000000
9,equal,30400,8.000,0,5,0.500,0.100,0.400,75s,jam,-40.000000,-28.437500,36.140625,11.562500,76.140625,0.361328,0.517578,80.000000,-80.000000,0.000000,0.000000,0.000000,0.000000
9,equal,30400,8.000,0,5,0.500,0.100,0.400,AQs,jam,-40.000000,-19.468750,36.125000,20.531250,76.125000,0.641602,0.515625,80.000000,-80.000000,0.000000,0.000000,0.000000,0.000000
9,equal,30400,8.000,0,5,0.500,0.100,0.400,KQs,jam,-40.000000,-18.968750,36.109375,21.031250,76.109375,0.657227,0.513672,80.000000,-80.000000,0.000000,0.000000,0.000000,0.000000
9,equal,30400,8.000,0,5,0.500,0.100,0.400,J8s,jam,-40.000000,-21.156250,36.098958,18.843750,76.098958,0.588867,0.512370,80.000000,-80.000000,0.000000,0.000000,0.000000,0.000000
9,equal,30400,8.000,0,5,0.500,0.100,0.400,T6s,jam,-40.000000,-29.666667,36.093750,10.333333,76.093750,0.322917,0.511719,80.000000,-80.000000,0.000000,0.000000,0.000000,0.000000
9,equal,30400,8.000,0,5,0.500,0.100,0.400,AJs,jam,-40.000000,-19.500000,36.083333,20.500000,76.083333,0.640625,0.510417,80.000000,-80.000000,0.000000,0.000000,0.000000,0.000000
9,equal,30400,8.000,0,5,0.500,0.100,0.400,Q8s,jam,-40.000000,-21.156250,36.078125,18.843750,76.078125,0.588867,0.509766,80.000000,-80.000000,0.000000,0.000000,0.000000,0.000000
9,equal,30400,8.000,0,5,0.500,0.100,0.400,Q6s,jam,-40.000000,-22.125000,36.052083,17.875000,76.052083,0.558594,0.506510,80.000000,-80.000000,0.000000,0.000000,0.000000,0.000000
9,equal,30400,8.000,0,5,0.500,0.100,0.400,86s,jam,-40.000000,-28.812500,36.052083,11.187500,76.052083,0.349609,0.506510,80.000000,-80.000000,0.000000,0.000000,0.000000,0.000000
9,equal,30400,8.000,0,5,0.500,0.100,0.400,Q9s,jam,-40.000000,-18.750000,36.046875,21.250000,76.046875,0.664062,0.505859,80.000000,-80.000000,0.000000,0.000000,0.000000,0.000000
9,equal,30400,8.000,0,5,0.500,0.100,0.400,T7s,jam,-40.000000,-30.041667,36.041667,9.958333,76.041667,0.311198,0.505208,80.000000,-80.000000,0.000000,0.000000,0.000000,0.000000
9,equal,30400,8.000,0,5,0.500,0.100,0.400,ATs,jam,-40.000000,-18.166667,36.015625,21.833333,76.015625,0.682292,0.501953,80.000000,-80.000000,0.000000,0.000000,0.000000,0.000000
9,equal,30400,8.000,0,5,0.500,0.100,0.400,JTs,jam,-40.000000,-17.500000,36.010417,22.500000,76.010417,0.703125,0.501302,80.000000,-80.000000,0.000000,0.000000,0.000000,0.000000
9,equal,30400,8.000,0,5,0.500,0.100,0.400,KJs,jam,-40.000000,-19.218750,36.010417,20.781250,76.010417,0.649414,0.501302,80.000000,-80.000000,0.000000,0.000000,0.000000,0.000000
9,equal,30400,8.000,0,5,0.500,0.100,0.400,44,jam,-40.000000,-25.958333,36.000000,14.041667,76.000000,0.438802,0.500000,80.000000,-80.000000,0.000000,0.000000,0.000000,0.000000
9,equal,30400,8.000,0,5,0.500,0.100,0.400,KTs,jam,-40.000000,-18.500000,35.994792,21.500000,75.994792,0.671875,0.499349,80.000000,-80.000000,0.000000,0.000000,0.000000,0.000000
9,equal,30400,8.000,0,5,0.500,0.100,0.400,85s,jam,-40.000000,-28.875000,35.994792,11.125000,75.994792,0.347656,0.499349,80.000000,-80.000000,0.000000,0.000000,0.000000,0.000000
9,equal,30400,8.000,0,5,0.500,0.100,0.400,T8o,jam,-40.000000,-30.777778,35.994792,9.222222,75.994792,0.288194,0.499349,80.000000,-80.000000,0.000000,0.000000,0.000000,0.000000
9,equal,30400,8.000,0,5,0.500,0.100,0.400,T8s,jam,-40.000000,-28.958333,35.984375,11.041667,75.984375,0.345052,0.498047,80.000000,-80.000000,0.000000,0.000000,0.000000,0.000000
9,equal,30400,8.000,0,5,0.500,0.100,0.400,AKs,jam,-40.000000,-19.625000,35.979167,20.375000,75.979167,0.636719,0.497396,80.000000,-80.000000,0.000000,0.000000,0.000000,0.000000
9,equal,30400,8.000,0,5,0.500,0.100,0.400,Q7s,jam,-40.000000,-21.531250,35.979167,18.468750,75.979167,0.577148,0.497396,80.000000,-80.000000,0.000000,0.000000,0.000000,0.000000
9,equal,30400,8.000,0,5,0.500,0.100,0.400,K6s,jam,-40.000000,-22.281250,35.979167,17.718750,75.979167,0.553711,0.497396,80.000000,-80.000000,0.000000,0.000000,0.000000,0.000000
9,equal,30400,8.000,0,5,0.500,0.100,0.400,97s,jam,-40.000000,-30.500000,35.979167,9.500000,75.979167,0.296875,0.497396,80.000000,-80.000000,0.000000,0.000000,0.000000,0.000000
9,equal,30400,8.000,0,5,0.500,0.100,0.400,T9o,jam,-40.000000,-24.729167,35.960069,15.270833,75.960069,0.477214,0.495009,80.000000,-80.000000,0.000000,0.000000,0.000000,0.000000
9,equal,30400,8.000,0,5,0.500,0.100,0.400,65s,jam,-40.000000,-29.000000,35.953125,11.000000,75.953125,0.343750,0.494141,80.000000,-80.000000,0.000000,0.000000,0.000000,0.000000
9,equal,30400,8.000,0,5,0.500,0.100,0.400,98s,jam,-40.000000,-30.791667,35.953125,9.208333,75.953125,0.287760,0.494141,80.000000,-80.000000,0.000000,0.000000,0.000000,0.000000
9,equal,30400,8.000,0,5,0.500,0.100,0.400,98o,jam,-40.000000,-31.638889,35.942708,8.361111,75.942708,0.261285,0.492839,80.000000,-80.000000,0.000000,0.000000,0.000000,0.000000
9,equal,30400,8.000,0,5,0.500,0.100,0.400,Q9o,jam,-40.000000,-18.444444,35.937500,21.555556,75.937500,0.673611,0.492188,80.000000,-80.000000,0.000000,0.000000,0.000000,0.000000
9,equal,30400,8.000,0,5,0.500,0.100,0.400,95s,jam,-40.000000,-30.708333,35.937500,9.291667,75.937500,0.290365,0.492188,80.000000,-80.000000,0.000000,0.000000,0.000000,0.000000
9,equal,30400,8.000,0,5,0.500,0.100,0.400,J9o,jam,-40.000000,-18.555556,35.928819,21.444444,75.928819,0.670139,0.491102,80.000000,-80.000000,0.000000,0.000000,0.000000,0.000000
9,equal,30400,8.000,0,5,0.500,0.100,0.400,QJo,jam,-40.000000,-20.083333,35.925347,19.916667,75.925347,0.622396,0.490668,80.000000,-80.000000,0.000000,0.000000,0.000000,0.000000
9,equal,30400,8.000,0,5,0.500,0.100,0.400,J5s,jam,-40.000000,-22.406250,35.916667,17.593750,75.916667,0.549805,0.489583,80.000000,-80.000000,0.000000,0.000000,0.000000,0.000000
9,equal,30400,8.000,0,5,0.500,0.100,0.400,A5s,jam,-40.000000,-22.625000,35.911458,17.375000,75.911458,0.542969,0.488932,80.000000,-80.000000,0.000000,0.000000,0.000000,0.000000
9,equal,30400,8.000,0,5,0.500,0.100,0.400,96s,jam,-40.000000,-29.750000,35.911458,10.250000,75.911458,0.320312,0.488932,80.000000,-80.000000,0.000000,0.000000,0.000000,0.000000
9,equal,30400,8.000,0,5,0.500,0.100,0.400,J7o,jam,-40.000000,-23.406250,35.906250,16.593750,75.906250,0.518555,0.488281,80.000000,-80.000000,0.000000,0.000000,0.000000,0.000000
9,equal,30400,8.000,0,5,0.500,0.100,0.400,J7s,jam,-40.000000,-21.812500,35.890625,18.187500,75.890625,0.568359,0.486328,80.000000,-80.000000,0.000000,0.000000,0.000000,0.000000
9,equal,30400,8.000,0,5,0.500,0.100,0.400,97o,jam,-40.000000,-31.750000,35.888889,8.250000,75.888889,0.257812,0.486111,80.000000,-80.000000,0.000000,0.000000,0.000000,0.000000
9,equal,30400,8.000,0,5,0.500,0.100,0.400,A7s,jam,-40.000000,-22.375000,35.880208,17.625000,75.880208,0.550781,0.485026,80.000000,-80.000000,0.000000,0.000000,0.000000,0.000000
9,equal,30400,8.000,0,5,0.500,0.100,0.400,T7o,jam,-40.000000,-30.916667,35.880208,9.083333,75.880208,0.283854,0.485026,80.000000,-80.000000,0.000000,0.000000,0.000000,0.000000
9,equal,30400,8.000,0,5,0.500,0.100,0.400,J8o,jam,-40.000000,-22.500000,35.859375,17.500000,75.859375,0.546875,0.482422,80.000000,-80.000000,0.000000,0.000000,0.000000,0.000000
9,equal,30400,8.000,0,5,0.500,0.100,0.400,QTo,jam,-40.000000,-18.638889,35.855903,21.361111,75.855903,0.667535,0.481988,80.000000,-80.000000,0.000000,0.000000,0.000000,0.000000
9,equal,30400,8.000,0,5,0.500,0.100,0.400,75o,jam,-40.000000,-29.760417,35.843750,10.239583,75.843750,0.319987,0.480469,80.000000,-80.000000,0.000000,0.000000,0.000000,0.000000
9,equal,30400,8.000,0,5,0.500,0.100,0.400,95o,jam,-40.000000,-32.736111,35.842014,7.263889,75.842014,0.226997,0.480252,80.000000,-80.000000,0.000000,0.000000,0.000000,0.000000
9,equal,30400,8.000,0,5,0.500,0.100,0.400,87o,jam,-40.000000,-28.875000,35.838542,11.125000,75.838542,0.347656,0.479818,80.000000,-80.000000,0.000000,0.000000,0.000000,0.000000
9,equal,30400,8.000,0,5,0.500,0.100,0.400,76o,jam,-40.000000,-28.510417,35.835069,11.489583,75.835069,0.359049,0.479384,80.000000,-80.000000,0.000000,0.000000,0.000000,0.000000
9,equal,30400,8.000,0,5,0.500,0.100,0.400,KTo,jam,-40.000000,-18.125000,35.824653,21.875000,75.824653,0.683594,0.478082,80.000000,-80.000000,0.000000,0.000000,0.000000,0.000000
9,equal,30400,8.000,0,5,0.500,0.100,0.400,K8s,jam,-40.000000,-22.687500,35.822917,17.312500,75.822917,0.541016,0.477865,80.000000,-80.000000,0.000000,0.000000,0.000000,0.000000
9,equal,30400,8.000,0,5,0.500,0.100,0.400,T6o,jam,-40.000000,-30.722222,35.822917,9.277778,75.822917,0.289931,0.477865,80.000000,-80.000000,0.000000,0.000000,0.000000,0.000000
9,equal,30400,8.000,0,5,0.500,0.100,0.400,A8s,jam,-40.000000,-21.281250,35.817708,18.718750,75.817708,0.584961,0.477214,80.000000,-80.000000,0.000000,0.000000,0.000000,0.000000
9,equal,30400,8.000,0,5,0.500,0.100,0.400,A9s,jam,-40.000000,-18.083333,35.802083,21.916667,75.802083,0.684896,0.475260,80.000000,-80.000000,0.000000,0.000000,0.000000,0.000000
9,equal,30400,8.000,0,5,0.500,0.100,0.400,65o,jam,-40.000000,-29.250000,35.802083,10.750000,75.802083,0.335938,0.475260,80.000000,-80.000000,0.000000,0.000000,0.000000,0.000000
9,equal,30400,8.000,0,5,0.500,0.100,0.400,AJo,jam,-40.000000,-20.583333,35.798611,19.416667,75.798611,0.606771,0.474826,80.000000,-80.000000,0.000000,0.000000,0.000000,0.000000
9,equal,30400,8.000,0,5,0.500,0.100,0.400,KQo,jam,-40.000000,-20.812500,35.788194,19.187500,75.788194,0.599609,0.473524,80.000000,-80.000000,0.000000,0.000000,0.000000,0.000000
9,equal,30400,8.000,0,5,0.500,0.100,0.400,K9o,jam,-40.000000,-18.555556,35.784722,21.444444,75.784722,0.670139,0.473090,80.000000,-80.000000,0.000000,0.000000,0.000000,0.000000
9,equal,30400,8.000,0,5,0.500,0.100,0.400,A9o,jam,-40.000000,-18.930556,35.784722,21.069444,75.784722,0.658420,0.473090,80.000000,-80.000000,0.000000,0.000000,0.000000,0.000000
9,equal,30400,8.000,0,5,0.500,0.100,0.400,96o,jam,-40.000000,-31.736111,35.782986,8.263889,75.782986,0.258247,0.472873,80.000000,-80.000000,0.000000,0.000000,0.000000,0.000000
9,equal,30400,8.000,0,5,0.500,0.100,0.400,A7o,jam,-40.000000,-23.552083,35.781250,16.447917,75.781250,0.513997,0.472656,80.000000,-80.000000,0.000000,0.000000,0.000000,0.000000
9,equal,30400,8.000,0,5,0.500,0.100,0.400,A8o,jam,-40.000000,-22.500000,35.755208,17.500000,75.755208,0.546875,0.469401,80.000000,-80.000000,0.000000,0.000000,0.000000,0.000000
9,equal,30400,8.000,0,5,0.500,0.100,0.400,J5o,jam,-40.000000,-23.125000,35.739583,16.875000,75.739583,0.527344,0.467448,80.000000,-80.000000,0.000000,0.000000,0.000000,0.000000
9,equal,30400,8.000,0,5,0.500,0.100,0.400,86o,jam,-40.000000,-29.854167,35.734375,10.145833,75.734375,0.317057,0.466797,80.000000,-80.000000,0.000000,0.000000,0.000000,0.000000
9,equal,30400,8.000,0,5,0.500,0.100,0.400,Q8o,jam,-40.000000,-22.791667,35.723958,17.208333,75.723958,0.537760,0.465495,80.000000,-80.000000,0.000000,0.000000,0.000000,0.000000
9,equal,30400,8.000,0,5,0.500,0.100,0.400,J6s,jam,-40.000000,-20.968750,35.713542,19.031250,75.713542,0.594727,0.464193,80.000000,-80.000000,0.000000,0.000000,0.000000,0.000000
9,equal,30400,8.000,0,5,0.500,0.100,0.400,KJo,jam,-40.000000,-20.947917,35.696181,19.052083,75.696181,0.595378,0.462023,80.000000,-80.000000,0.000000,0.000000,0.000000,0.000000
9,equal,30400,8.000,0,5,0.500,0.100,0.400,K5s,jam,-40.000000,-21.500000,35.687500,18.500000,75.687500,0.578125,0.460938,80.000000,-80.000000,0.000000,0.000000,0.000000,0.000000
9,equal,30400,8.000,0,5,0.500,0.100,0.400,AQo,jam,-40.000000,-21.510417,35.677083,18.489583,75.677083,0.577799,0.459635,80.000000,-80.000000,0.000000,0.000000,0.000000,0.000000
9,equal,30400,8.000,0,5,0.500,0.100,0.400,Q6o,jam,-40.000000,-22.843750,35.677083,17.156250,75.677083,0.536133,0.459635,80.000000,-80.000000,0.000000,0.000000,0.000000,0.000000
9,equal,30400,8.000,0,5,0.500,0.100,0.400,76s,jam,-40.000000,-27.875000,35.677083,12.125000,75.677083,0.378906,0.459635,80.000000,-80.000000,0.000000,0.000000,0.000000,0.000000
9,equal,30400,8.000,0,5,0.500,0.100,0.400,ATo,jam,-40.000000,-17.652778,35.666667,22.347222,75.666667,0.698351,0.458333,80.000000,-80.000000,0.000000,0.000000,0.000000,0.000000
9,equal,30400,8.000,0,5,0.500,0.100,0.400,K7o,jam,-40.000000,-23.083333,35.652778,16.916667,75.652778,0.528646,0.456597,80.000000,-80.000000,0.000000,0.000000,0.000000,0.000000
9,equal,30400,8.000,0,5,0.500,0.100,0.400,K7s,jam,-40.000000,-22.406250,35.645833,17.593750,75.645833,0.549805,0.455729,80.000000,-80.000000,0.000000,0.000000,0.000000,0.000000
9,equal,30400,8.000,0,5,0.500,0.100,0.400,K6o,jam,-40.000000,-23.802083,35.638889,16.197917,75.638889,0.506185,0.454861,80.000000,-80.000000,0.000000,0.000000,0.000000,0.000000
9,equal,30400,8.000,0,5,0.500,0.100,0.400,85o,jam,-40.000000,-30.302083,35.635417,9.697917,75.635417,0.303060,0.454427,80.000000,-80.000000,0.000000,0.000000,0.000000,0.000000
9,equal,30400,8.000,0,5,0.500,0.100,0.400,T5o,jam,-40.000000,-30.750000,35.616319,9.250000,75.616319,0.289062,0.452040,80.000000,-80.000000,0.000000,0.000000,0.000000,0.000000
9,equal,30400,8.000,0,5,0.500,0.100,0.400,A6s,jam,-40.000000,-21.937500,35.604167,18.062500,75.604167,0.564453,0.450521,80.000000,-80.000000,0.000000,0.000000,0.000000,0.000000
9,equal,30400,8.000,0,5,0.500,0.100,0.400,Q5o,jam,-40.000000,-23.822917,35.593750,16.177083,75.593750,0.505534,0.449219,80.000000,-80.000000,0.000000,0.000000,0.000000,0.000000
9,equal,30400,8.000,0,5,0.500,0.100,0.400,AKo,jam,-40.000000,-21.656250,35.585069,18.343750,75.585069,0.573242,0.448134,80.000000,-80.000000,0.000000,0.000000,0.000000,0.000000
9,equal,30400,8.000,0,5,0.500,0.100,0.400,K5o,jam,-40.000000,-24.343750,35.581597,15.656250,75.581597,0.489258,0.447700,80.000000,-80.000000,0.000000,0.000000,0.000000,0.000000
9,equal,30400,8.000,0,5,0.500,0.100,0.400,K9s,jam,-40.000000,-18.916667,35.572917,21.083333,75.572917,0.658854,0.446615,80.000000,-80.000000,0.000000,0.000000,0.000000,0.000000
9,equal,30400,8.000,0,5,0.500,0.100,0.400,K8o,jam,-40.000000,-23.104167,35.567708,16.895833,75.567708,0.527995,0.445964,80.000000,-80.000000,0.000000,0.000000,0.000000,0.000000
9,equal,30400,8.000,0,5,0.500,0.100,0.400,Q5s,jam,-40.000000,-22.250000,35.531250,17.750000,75.531250,0.554688,0.441406,80.000000,-80.000000,0.000000,0.000000,0.000000,0.000000
9,equal,30400,8.000,0,5,0.500,0.100,0.400,A5o,jam,-40.000000,-23.145833,35.527778,16.854167,75.527778,0.526693,0.440972,80.000000,-80.000000,0.000000,0.000000,0.000000,0.000000
9,equal,30400,8.000,0,5,0.500,0.100,0.400,Q7o,jam,-40.000000,-24.000000,35.517361,16.000000,75.517361,0.500000,0.439670,80.000000,-80.000000,0.000000,0.000000,0.000000,0.000000
9,equal,30400,8.000,0,5,0.500,0.100,0.400,A6o,jam,-40.000000,-23.052083,35.487847,16.947917,75.487847,0.529622,0.435981,80.000000,-80.000000,0.000000,0.000000,0.000000,0.000000
9,equal,30400,8.000,0,5,0.500,0.100,0.400,J6o,jam,-40.000000,-23.843750,35.472222,16.156250,75.472222,0.504883,0.434028,80.000000,-80.000000,0.000000,0.000000,0.000000,0.000000
9,equal,30400,8.000,0,5,0.500,0.100,0.400,54s,jam,-40.000000,-29.656250,35.291667,10.343750,75.291667,0.323242,0.411458,80.000000,-80.000000,0.000000,0.000000,0.000000,0.000000
9,equal,30400,8.000,0,5,0.500,0.100,0.400,64s,jam,-40.000000,-30.812500,35.260417,9.187500,75.260417,0.287109,0.407552,80.000000,-80.000000,0.000000,0.000000,0.000000,0.000000
9,equal,30400,8.000,0,5,0.500,0.100,0.400,A4s,jam,-40.000000,-22.718750,35.166667,17.281250,75.166667,0.540039,0.395833,80.000000,-80.000000,0.000000,0.000000,0.000000,0.000000
9,equal,30400,8.000,0,5,0.500,0.100,0.400,94s,jam,-40.000000,-30.541667,35.156250,9.458333,75.156250,0.295573,0.394531,80.000000,-80.000000,0.000000,0.000000,0.000000,0.000000
9,equal,30400,8.000,0,5,0.500,0.100,0.400,Q4s,jam,-40.000000,-22.437500,35.031250,17.562500,75.031250,0.548828,0.378906,80.000000,-80.000000,0.000000,0.000000,0.000000,0.000000
9,equal,30400,8.000,0,5,0.500,0.100,0.400,54o,jam,-40.000000,-28.489583,35.006944,11.510417,75.006944,0.359701,0.375868,80.000000,-80.000000,0.000000,0.000000,0.000000,0.000000
9,equal,30400,8.000,0,5,0.500,0.100,0.400,A4o,jam,-40.000000,-23.250000,34.958333,16.750000,74.958333,0.523438,0.369792,80.000000,-80.000000,0.000000,0.000000,0.000000,0.000000
9,equal,30400,8.000,0,5,0.500,0.100,0.400,64o,jam,-40.000000,-29.510417,34.892361,10.489583,74.892361,0.327799,0.361545,80.000000,-80.000000,0.000000,0.000000,0.000000,0.000000
9,equal,30400,8.000,0,5,0.500,0.100,0.400,74s,jam,-40.000000,-28.937500,34.875000,11.062500,74.875000,0.345703,0.359375,80.000000,-80.000000,0.000000,0.000000,0.000000,0.000000
9,equal,30400,8.000,0,5,0.500,0.100,0.400,T2s,jam,-40.000000,-29.875000,34.869792,10.125000,74.869792,0.316406,0.358724,80.000000,-80.000000,0.000000,0.000000,0.000000,0.000000
9,equal,30400,8.000,0,5,0.500,0.100,0.400,93s,jam,-40.000000,-30.333333,34.817708,9.666667,74.817708,0.302083,0.352214,80.000000,-80.000000,0.000000,0.000000,0.000000,0.000000
9,equal,30400,8.000,0,5,0.500,0.100,0.400,K3s,jam,-40.000000,-23.156250,34.807292,16.843750,74.807292,0.526367,0.350911,80.000000,-80.000000,0.000000,0.000000,0.000000,0.000000
9,equal,30400,8.000,0,5,0.500,0.100,0.400,84s,jam,-40.000000,-29.531250,34.802083,10.468750,74.802083,0.327148,0.350260,80.000000,-80.000000,0.000000,0.000000,0.000000,0.000000
9,equal,30400,8.000,0,5,0.500,0.100,0.400,Q2s,jam,-40.000000,-22.812500,34.776042,17.187500,74.776042,0.537109,0.347005,80.000000,-80.000000,0.000000,0.000000,0.000000,0.000000
9,equal,30400,8.000,0,5,0.500,0.100,0.400,92s,jam,-40.000000,-29.666667,34.755208,10.333333,74.755208,0.322917,0.344401,80.000000,-80.000000,0.000000,0.000000,0.000000,0.000000
9,equal,30400,8.000,0,5,0.500,0.100,0.400,63s,jam,-40.000000,-28.937500,34.750000,11.062500,74.750000,0.345703,0.343750,80.000000,-80.000000,0.000000,0.000000,0.000000,0.000000
9,equal,30400,8.000,0,5,0.500,0.100,0.400,K4s,jam,-40.000000,-22.968750,34.708333,17.031250,74.708333,0.532227,0.338542,80.000000,-80.000000,0.000000,0.000000,0.000000,0.000000
9,equal,30400,8.000,0,5,0.500,0.100,0.400,83s,jam,-40.000000,-29.968750,34.703125,10.031250,74.703125,0.313477,0.337891,80.000000,-80.000000,0.000000,0.000000,0.000000,0.000000
9,equal,30400,8.000,0,5,0.500,0.100,0.400,K2s,jam,-40.000000,-22.562500,34.697917,17.437500,74.697917,0.544922,0.337240,80.000000,-80.000000,0.000000,0.000000,0.000000,0.000000
9,equal,30400,8.000,0,5,0.500,0.100,0.400,T4s,jam,-40.000000,-30.333333,34.697917,9.666667,74.697917,0.302083,0.337240,80.000000,-80.000000,0.000000,0.000000,0.000000,0.000000
9,equal,30400,8.000,0,5,0.500,0.100,0.400,A3s,jam,-40.000000,-21.375000,34.677083,18.625000,74.677083,0.582031,0.334635,80.000000,-80.000000,0.000000,0.000000,0.000000,0.000000
9,equal,30400,8.000,0,5,0.500,0.100,0.400,82s,jam,-40.000000,-29.937500,34.677083,10.062500,74.677083,0.314453,0.334635,80.000000,-80.000000,0.000000,0.000000,0.000000,0.000000
9,equal,30400,8.000,0,5,0.500,0.100,0.400,J3s,jam,-40.000000,-23.718750,34.671875,16.281250,74.671875,0.508789,0.333984,80.000000,-80.000000,0.000000,0.000000,0.000000,0.000000
9,equal,30400,8.000,0,5,0.500,0.100,0.400,53s,jam,-40.000000,-29.093750,34.640625,10.906250,74.640625,0.340820,0.330078,80.000000,-80.000000,0.000000,0.000000,0.000000,0.000000
9,equal,30400,8.000,0,5,0.500,0.100,0.400,J4s,jam,-40.000000,-20.875000,34.635417,19.125000,74.635417,0.597656,0.329427,80.000000,-80.000000,0.000000,0.000000,0.000000,0.000000
9,equal,30400,8.000,0,5,0.500,0.100,0.400,T3s,jam,-40.000000,-28.791667,34.635417,11.208333,74.635417,0.350260,0.329427,80.000000,-80.000000,0.000000,0.000000,0.000000,0.000000
9,equal,30400,8.000,0,5,0.500,0.100,0.400,A2s,jam,-40.000000,-21.875000,34.630208,18.125000,74.630208,0.566406,0.328776,80.000000,-80.000000,0.000000,0.000000,0.000000,0.000000
9,equal,30400,8.000,0,5,0.500,0.100,0.400,J3o,jam,-40.000000,-24.000000,34.621528,16.000000,74.621528,0.500000,0.327691,80.000000,-80.000000,0.000000,0.000000,0.000000,0.000000
9,equal,30400,8.000,0,5,0.500,0.100,0.400,94o,jam,-40.000000,-31.944444,34.593750,8.055556,74.593750,0.251736,0.324219,80.000000,-80.000000,0.000000,0.000000,0.000000,0.000000
9,equal,30400,8.000,0,5,0.500,0.100,0.400,J4o,jam,-40.000000,-23.447917,34.583333,16.552083,74.583333,0.517253,0.322917,80.000000,-80.000000,0.000000,0.000000,0.000000,0.000000
9,equal,30400,8.000,0,5,0.500,0.100,0.400,K4o,jam,-40.000000,-23.354167,34.572917,16.645833,74.572917,0.520182,0.321615,80.000000,-80.000000,0.000000,0.000000,0.000000,0.000000
9,equal,30400,8.000,0,5,0.500,0.100,0.400,Q3o,jam,-40.000000,-23.895833,34.559028,16.104167,74.559028,0.503255,0.319878,80.000000,-80.000000,0.000000,0.000000,0.000000,0.000000
9,equal,30400,8.000,0,5,0.500,0.100,0.400,J2s,jam,-40.000000,-23.187500,34.557292,16.812500,74.557292,0.525391,0.319661,80.000000,-80.000000,0.000000,0.000000,0.000000,0.000000
9,equal,30400,8.000,0,5,0.500,0.100,0.400,52s,jam,-40.000000,-28.718750,34.557292,11.281250,74.557292,0.352539,0.319661,80.000000,-80.000000,0.000000,0.000000,0.000000,0.000000
9,equal,30400,8.000,0,5,0.500,0.100,0.400,T3o,jam,-40.000000,-31.291667,34.545139,8.708333,74.545139,0.272135,0.318142,80.000000,-80.000000,0.000000,0.000000,0.000000,0.000000
9,equal,30400,8.000,0,5,0.500,0.100,0.400,73s,jam,-40.000000,-28.812500,34.536458,11.187500,74.536458,0.349609,0.317057,80.000000,-80.000000,0.000000,0.000000,0.000000,0.000000
9,equal,30400,8.000,0,5,0.500,0.100,0.400,53o,jam,-40.000000,-29.229167,34.522569,10.770833,74.522569,0.336589,0.315321,80.000000,-80.000000,0.000000,0.000000,0.000000,0.000000
9,equal,30400,8.000,0,5,0.500,0.100,0.400,83o,jam,-40.000000,-31.093750,34.512153,8.906250,74.512153,0.278320,0.314019,80.000000,-80.000000,0.000000,0.000000,0.000000,0.000000
9,equal,30400,8.000,0,5,0.500,0.100,0.400,52o,jam,-40.000000,-29.395833,34.508681,10.604167,74.508681,0.331380,0.313585,80.000000,-80.000000,0.000000,0.000000,0.000000,0.000000
9,equal,30400,8.000,0,5,0.500,0.100,0.400,Q3s,jam,-40.000000,-23.656250,34.484375,16.343750,74.484375,0.510742,0.310547,80.000000,-80.000000,0.000000,0.000000,0.000000,0.000000
9,equal,30400,8.000,0,5,0.500,0.100,0.400,63o,jam,-40.000000,-29.583333,34.484375,10.416667,74.484375,0.325521,0.310547,80.000000,-80.000000,0.000000,0.000000,0.000000,0.000000
9,equal,30400,8.000,0,5,0.500,0.100,0.400,84o,jam,-40.000000,-30.322917,34.482639,9.677083,74.482639,0.302409,0.310330,80.000000,-80.000000,0.000000,0.000000,0.000000,0.000000
9,equal,30400,8.000,0,5,0.500,0.100,0.400,T4o,jam,-40.000000,-31.236111,34.482639,8.763889,74.482639,0.273872,0.310330,80.000000,-80.000000,0.000000,0.000000,0.000000,0.000000
9,equal,30400,8.000,0,5,0.500,0.100,0.400,73o,jam,-40.000000,-30.385417,34.480903,9.614583,74.480903,0.300456,0.310113,80.000000,-80.000000,0.000000,0.000000,0.000000,0.000000
9,equal,30400,8.000,0,5,0.500,0.100,0.400,93o,jam,-40.000000,-31.375000,34.477431,8.625000,74.477431,0.269531,0.309679,80.000000,-80.000000,0.000000,0.000000,0.000000,0.000000
9,equal,30400,8.000,0,5,0.500,0.100,0.400,T2o,jam,-40.000000,-30.722222,34.470486,9.277778,74.470486,0.289931,0.308811,80.000000,-80.000000,0.000000,0.000000,0.000000,0.000000
9,equal,30400,8.000,0,5,0.500,0.100,0.400,92o,jam,-40.000000,-32.277778,34.467014,7.722222,74.467014,0.241319,0.308377,80.000000,-80.000000,0.000000,0.000000,0.000000,0.000000
9,equal,30400,8.000,0,5,0.500,0.100,0.400,72s,jam,-40.000000,-28.250000,34.458333,11.750000,74.458333,0.367188,0.307292,80.000000,-80.000000,0.000000,0.000000,0.000000,0.000000
9,equal,30400,8.000,0,5,0.500,0.100,0.400,62s,jam,-40.000000,-29.562500,34.453125,10.437500,74.453125,0.326172,0.306641,80.000000,-80.000000,0.000000,0.000000,0.000000,0.000000
9,equal,30400,8.000,0,5,0.500,0.100,0.400,74o,jam,-40.000000,-30.468750,34.451389,9.531250,74.451389,0.297852,0.306424,80.000000,-80.000000,0.000000,0.000000,0.000000,0.000000
9,equal,30400,8.000,0,5,0.500,0.100,0.400,Q4o,jam,-40.000000,-23.989583,34.447917,16.010417,74.447917,0.500326,0.305990,80.000000,-80.000000,0.000000,0.000000,0.000000,0.000000
9,equal,30400,8.000,0,5,0.500,0.100,0.400,62o,jam,-40.000000,-29.729167,34.434028,10.270833,74.434028,0.320964,0.304253,80.000000,-80.000000,0.000000,0.000000,0.000000,0.000000
9,equal,30400,8.000,0,5,0.500,0.100,0.400,A3o,jam,-40.000000,-22.822917,34.428819,17.177083,74.428819,0.536784,0.303602,80.000000,-80.000000,0.000000,0.000000,0.000000,0.000000
9,equal,30400,8.000,0,5,0.500,0.100,0.400,J2o,jam,-40.000000,-22.635417,34.395833,17.364583,74.395833,0.542643,0.299479,80.000000,-80.000000,0.000000,0.000000,0.000000,0.000000
9,equal,30400,8.000,0,5,0.500,0.100,0.400,82o,jam,-40.000000,-31.000000,34.368056,9.000000,74.368056,0.281250,0.296007,80.000000,-80.000000,0.000000,0.000000,0.000000,0.000000
9,equal,30400,8.000,0,5,0.500,0.100,0.400,K3o,jam,-40.000000,-23.437500,34.366319,16.562500,74.366319,0.517578,0.295790,80.000000,-80.000000,0.000000,0.000000,0.000000,0.000000
9,equal,30400,8.000,0,5,0.500,0.100,0.400,Q2o,jam,-40.000000,-22.989583,34.350694,17.010417,74.350694,0.531576,0.293837,80.000000,-80.000000,0.000000,0.000000,0.000000,0.000000
9,equal,30400,8.000,0,5,0.500,0.100,0.400,A2o,jam,-40.000000,-23.958333,34.338542,16.041667,74.338542,0.501302,0.292318,80.000000,-80.000000,0.000000,0.000000,0.000000,0.000000
9,equal,30400,8.000,0,5,0.500,0.100,0.400,K2o,jam,-40.000000,-24.291667,34.329861,15.708333,74.329861,0.490885,0.291233,80.000000,-80.000000,0.000000,0.000000,0.000000,0.000000
9,equal,30400,8.000,0,5,0.500,0.100,0.400,72o,jam,-40.000000,-30.770833,34.319444,9.229167,74.319444,0.288411,0.289931,80.000000,-80.000000,0.000000,0.000000,0.000000,0.000000
9,equal,30400,8.000,0,5,0.500,0.100,0.400,22,jam,-40.000000,-25.145833,33.520833,14.854167,73.520833,0.464193,0.190104,80.000000,-80.000000,0.000000,0.000000,0.000000,0.000000
9,equal,30400,8.000,0,5,0.500,0.100,0.400,32s,jam,-40.000000,-31.218750,33.484375,8.781250,73.484375,0.274414,0.185547,80.000000,-80.000000,0.000000,0.000000,0.000000,0.000000
9,equal,30400,8.000,0,5,0.500,0.100,0.400,33,jam,-40.000000,-24.625000,33.482639,15.375000,73.482639,0.480469,0.185330,80.000000,-80.000000,0.000000,0.000000,0.000000,0.000000
9,equal,30400,8.000,0,5,0.500,0.100,0.400,43s,jam,-40.000000,-28.625000,33.447917,11.375000,73.447917,0.355469,0.180990,80.000000,-80.000000,0.000000,0.000000,0.000000,0.000000
9,equal,30400,8.000,0,5,0.500,0.100,0.400,42s,jam,-40.000000,-28.468750,33.072917,11.531250,73.072917,0.360352,0.134115,80.000000,-80.000000,0.000000,0.000000,0.000000,0.000000
9,equal,30400,8.000,0,5,0.500,0.100,0.400,32o,jam,-40.000000,-29.427083,32.947917,10.572917,72.947917,0.330404,0.118490,80.000000,-80.000000,0.000000,0.000000,0.000000,0.000000
9,equal,30400,8.000,0,5,0.500,0.100,0.400,43o,jam,-40.000000,-29.645833,32.895833,10.354167,72.895833,0.323568,0.111979,80.000000,-80.000000,0.000000,0.000000,0.000000,0.000000
9,equal,30400,8.000,0,5,0.500,0.100,0.400,42o,jam,-40.000000,-29.625000,32.798611,10.375000,72.798611,0.324219,0.099826,80.000000,-80.000000,0.000000,0.000000,0.000000,0.000000
9,equal,30400,8.000,0,5,0.500,0.200,0.400,KK,jam,-40.000000,-15.020833,38.520833,24.979167,78.520833,0.780599,0.907552,80.000000,-80.000000,0.000000,0.000000,0.000000,0.000000
9,equal,30400,8.000,0,5,0.500,0.200,0.400,AA,jam,-40.000000,-14.791667,37.822917,25.208333,77.822917,0.787760,0.863932,80.000000,-80.000000,0.000000,0.000000,0.000000,0.000000
9,equal,30400,8.000,0,5,0.500,0.200,0.400,AQs,jam,-40.000000,-19.468750,36.250000,20.531250,76.250000,0.641602,0.765625,80.000000,-80.000000,0.000000,0.000000,0.000000,0.000000
9,equal,30400,8.000,0,5,0.500,0.200,0.400,AKs,jam,-40.000000,-19.625000,36.173611,20.375000,76.173611,0.636719,0.760851,80.000000,-80.000000,0.000000,0.000000,0.000000,0.000000
9,equal,30400,8.000,0,5,0.500,0.200,0.400,AKo,jam,-40.000000,-21.656250,35.893519,18.343750,75.893519,0.573242,0.743345,80.000000,-80.000000,0.000000,0.000000,0.000000,0.000000
9,equal,30400,8.000,0,5,0.500,0.200,0.400,AQo,jam,-40.000000,-21.510417,35.793981,18.489583,75.793981,0.577799,0.737124,80.000000,-80.000000,0.000000,0.000000,0.000000,0.000000
9,equal,30400,8.000,0,5,0.500,0.200,0.400,QQ,jam,-40.000000,-13.854167,34.513889,26.145833,74.513889,0.817057,0.657118,80.000000,-80.000000,0.000000,0.000000,0.000000,0.000000
9,equal,30400,8.000,0,5,0.500,0.200,0.400,ATs,jam,-40.000000,-18.166667,34.213542,21.833333,74.213542,0.682292,0.638346,80.000000,-80.000000,0.000000,0.000000,0.000000,0.000000
9,equal,30400,8.000,0,5,0.500,0.200,0.400,A4s,jam,-40.000000,-22.718750,33.942708,17.281250,73.942708,0.540039,0.621419,80.000000,-80.000000,0.000000,0.000000,0.000000,0.000000
9,equal,30400,8.000,0,5,0.500,0.200,0.400,AJs,jam,-40.000000,-19.500000,33.901042,20.500000,73.901042,0.640625,0.618815,80.000000,-80.000000,0.000000,0.000000,0.000000,0.000000
9,equal,30400,8.000,0,5,0.500,0.200,0.400,A7s,jam,-40.000000,-22.375000,33.760417,17.625000,73.760417,0.550781,0.610026,80.000000,-80.000000,0.000000,0.000000,0.000000,0.000000
9,equal,30400,8.000,0,5,0.500,0.200,0.400,A5s,jam,-40.000000,-22.625000,33.744792,17.375000,73.744792,0.542969,0.609049,80.000000,-80.000000,0.000000,0.000000,0.000000,0.000000
9,equal,30400,8.000,0,5,0.500,0.200,0.400,ATo,jam,-40.000000,-17.652778,33.718750,22.347222,73.718750,0.698351,0.607422,80.000000,-80.000000,0.000000,0.000000,0.000000,0.000000
9,equal,30400,8.000,0,5,0.500,0.200,0.400,A6s,jam,-40.000000,-21.937500,33.562500,18.062500,73.562500,0.564453,0.597656,80.000000,-80.000000,0.000000,0.000000,0.000000,0.000000
9,equal,30400,8.000,0,5,0.500,0.200,0.400,A9s,jam,-40.000000,-18.083333,33.541667,21.916667,73.541667,0.684896,0.596354,80.000000,-80.000000,0.000000,0.000000,0.000000,0.000000
9,equal,30400,8.000,0,5,0.500,0.200,0.400,A5o,jam,-40.000000,-23.145833,33.475694,16.854167,73.475694,0.526693,0.592231,80.000000,-80.000000,0.000000,0.000000,0.000000,0.000000
9,equal,30400,8.000,0,5,0.500,0.200,0.400,AJo,jam,-40.000000,-20.583333,33.468750,19.416667,73.468750,0.606771,0.591797,80.000000,-80.000000,0.000000,0.000000,0.000000,0.000000
9,equal,30400,8.000,0,5,0.500,0.200,0.400,A3s,jam,-40.000000,-21.375000,33.468750,18.625000,73.468750,0.582031,0.591797,80.000000,-80.000000,0.000000,0.000000,0.000000,0.000000
9,equal,30400,8.000,0,5,0.500,0.200,0.400,A8s,jam,-40.000000,-21.281250,33.447917,18.718750,73.447917,0.584961,0.590495,80.000000,-80.000000,0.000000,0.000000,0.000000,0.000000
9,equal,30400,8.000,0,5,0.500,0.200,0.400,A3o,jam,-40.000000,-22.822917,33.366319,17.177083,73.366319,0.536784,0.585395,80.000000,-80.000000,0.000000,0.000000,0.000000,0.000000
9,equal,30400,8.000,0,5,0.500,0.200,0.400,A2o,jam,-40.000000,-23.958333,33.364583,16.041667,73.364583,0.501302,0.585286,80.000000,-80.000000,0.000000,0.000000,0.000000,0.000000
9,equal,30400,8.000,0,5,0.500,0.200,0.400,A9o,jam,-40.000000,-18.930556,33.328125,21.069444,73.328125,0.658420,0.583008,80.000000,-80.000000,0.000000,0.000000,0.000000,0.000000
9,equal,30400,8.000,0,5,0.500,0.200,0.400,A7o,jam,-40.000000,-23.552083,33.303819,16.447917,73.303819,0.513997,0.581489,80.000000,-80.000000,0.000000,0.000000,0.000000,0.000000
9,equal,30400,8.000,0,5,0.500,0.200,0.400,A2s,jam,-40.000000,-21.875000,33.296875,18.125000,73.296875,0.566406,0.581055,80.000000,-80.000000,0.000000,0.000000,0.000000,0.000000
9,equal,30400,8.000,0,5,0.500,0.200,0.400,A8o,jam,-40.000000,-22.500000,33.289931,17.500000,73.289931,0.546875,0.580621,80.000000,-80.000000,0.000000,0.000000,0.000000,0.000000
9,equal,30400,8.000,0,5,0.500,0.200,0.400,A6o,jam,-40.000000,-23.052083,33.241319,16.947917,73.241319,0.529622,0.577582,80.000000,-80.000000,0.000000,0.000000,0.000000,0.000000
9,equal,30400,8.000,0,5,0.500,0.200,0.400,A4o,jam,-40.000000,-23.250000,33.206597,16.750000,73.206597,0.523438,0.575412,80.000000,-80.000000,0.000000,0.000000,0.000000,0.000000
9,equal,30400,8.000,0,5,0.500,0.200,0.400,99,jam,-40.000000,-20.125000,33.100694,19.875000,73.100694,0.621094,0.568793,80.000000,-80.000000,0.000000,0.000000,0.000000,0.000000
9,equal,30400,8.000,0,5,0.500,0.200,0.400,TT,jam,-40.000000,-13.875000,32.951389,26.125000,72.951389,0.816406,0.559462,80.000000,-80.000000,0.000000,0.000000,0.000000,0.000000
9,equal,30400,8.000,0,5,0.500,0.200,0.400,JJ,jam,-40.000000,-13.562500,32.923611,26.437500,72.923611,0.826172,0.557726,80.000000,-80.000000,0.000000,0.000000,0.000000,0.000000
9,equal,30400,8.000,0,5,0.500,0.200,0.400,77,jam,-40.000000,-25.229167,32.631944,14.770833,72.631944,0.461589,0.539497,80.000000,-80.000000,0.000000,0.000000,0.000000,0.000000
9,equal,30400,8.000,0,5,0.500,0.200,0.400,55,jam,-40.000000,-24.354167,32.625000,15.645833,72.625000,0.488932,0.539062,80.000000,-80.000000,0.000000,0.000000,0.000000,0.000000
9,equal,30400,8.000,0,5,0.500,0.200,0.400,66,jam,-40.000000,-24.062500,32.590278,15.937500,72.590278,0.498047,0.536892,80.000000,-80.000000,0.000000,0.000000,0.000000,0.000000
9,equal,30400,8.000,0,5,0.500,0.200,0.400,88,jam,-40.000000,-23.458333,32.565972,16.541667,72.565972,0.516927,0.535373,80.000000,-80.000000,0.000000,0.000000,0.000000,0.000000
9,equal,30400,8.000,0,5,0.500,0.200,0.400,KQs,jam,-40.000000,-18.968750,32.489583,21.031250,72.489583,0.657227,0.530599,80.000000,-80.000000,0.000000,0.000000,0.000000,0.000000
9,equal,30400,8.000,0,5,0.500,0.200,0.400,44,jam,-40.000000,-25.958333,32.423611,14.041667,72.423611,0.438802,0.526476,80.000000,-80.000000,0.000000,0.000000,0.000000,0.000000
9,equal,30400,8.000,0,5,0.500,0.200,0.400,33,jam,-40.000000,-24.625000,32.298611,15.375000,72.298611,0.480469,0.518663,80.000000,-80.000000,0.000000,0.000000,0.000000,0.000000
9,equal,30400,8.000,0,5,0.500,0.200,0.400,22,jam,-40.000000,-25.145833,32.208333,14.854167,72.208333,0.464193,0.513021,80.000000,-80.000000,0.000000,0.000000,0.000000,0.000000
9,equal,30400,8.000,0,5,0.500,0.200,0.400,KQo,jam,-40.000000,-20.812500,32.000000,19.187500,72.000000,0.599609,0.500000,80.000000,-80.000000,0.000000,0.000000,0.000000,0.000000
9,equal,30400,8.000,0,5,0.500,0.200,0.400,65s,jam,-40.000000,-29.000000,30.614583,11.000000,70.614583,0.343750,0.413411,80.000000,-80.000000,0.000000,0.000000,0.000000,0.000000
9,equal,30400,8.000,0,5,0.500,0.200,0.400,76s,jam,-40.000000,-27.875000,30.598958,12.125000,70.598958,0.378906,0.412435,80.000000,-80.000000,0.000000,0.000000,0.000000,0.000000
9,equal,30400,8.000,0,5,0.500,0.200,0.400,97s,jam,-40.000000,-30.500000,30.598958,9.500000,70.598958,0.296875,0.412435,80.000000,-80.000000,0.000000,0.000000,0.000000,0.000000
9,equal,30400,8.000,0,5,0.500,0.200,0.400,64s,jam,-40.000000,-30.812500,30.567708,9.187500,70.567708,0.287109,0.410482,80.000000,-80.000000,0.000000,0.000000,0.000000,0.000000
9,equal,30400,8.000,0,5,0.500,0.200,0.400,98s,jam,-40.000000,-30.791667,30.515625,9.208333,70.515625,0.287760,0.407227,80.000000,-80.000000,0.000000,0.000000,0.000000,0.000000
9,equal,30400,8.000,0,5,0.500,0.200,0.400,86s,jam,-40.000000,-28.812500,30.447917,11.187500,70.447917,0.349609,0.402995,80.000000,-80.000000,0.000000,0.000000,0.000000,0.000000
9,equal,30400,8.000,0,5,0.500,0.200,0.400,54s,jam,-40.000000,-29.656250,30.421875,10.343750,70.421875,0.323242,0.401367,80.000000,-80.000000,0.000000,0.000000,0.000000,0.000000
9,equal,30400,8.000,0,5,0.500,0.200,0.400,87s,jam,-40.000000,-29.218750,30.411458,10.781250,70.411458,0.336914,0.400716,80.000000,-80.000000,0.000000,0.000000,0.000000,0.000000
9,equal,30400,8.000,0,5,0.500,0.200,0.400,T9s,jam,-40.000000,-24.000000,30.406250,16.000000,70.406250,0.500000,0.400391,80.000000,-80.000000,0.000000,0.000000,0.000000,0.000000
9,equal,30400,8.000,0,5,0.500,0.200,0.400,JTs,jam,-40.000000,-17.500000,30.369792,22.500000,70.369792,0.703125,0.398112,80.000000,-80.000000,0.000000,0.000000,0.000000,0.000000
9,equal,30400,8.000,0,5,0.500,0.200,0.400,63s,jam,-40.000000,-28.937500,30.333333,11.062500,70.333333,0.345703,0.395833,80.000000,-80.000000,0.000000,0.000000,0.000000,0.000000
9,equal,30400,8.000,0,5,0.500,0.200,0.400,53s,jam,-40.000000,-29.093750,30.322917,10.906250,70.322917,0.340820,0.395182,80.000000,-80.000000,0.000000,0.000000,0.000000,0.000000
9,equal,30400,8.000,0,5,0.500,0.200,0.400,43s,jam,-40.000000,-28.625000,30.307292,11.375000,70.307292,0.355469,0.394206,80.000000,-80.000000,0.000000,0.000000,0.000000,0.000000
9,equal,30400,8.000,0,5,0.500,0.200,0.400,73s,jam,-40.000000,-28.812500,30.203125,11.187500,70.203125,0.349609,0.387695,80.000000,-80.000000,0.000000,0.000000,0.000000,0.000000
9,equal,30400,8.000,0,5,0.500,0.200,0.400,83s,jam,-40.000000,-29.968750,30.161458,10.031250,70.161458,0.313477,0.385091,80.000000,-80.000000,0.000000,0.000000,0.000000,0.000000
9,equal,30400,8.000,0,5,0.500,0.200,0.400,75s,jam,-40.000000,-28.437500,30.156250,11.562500,70.156250,0.361328,0.384766,80.000000,-80.000000,0.000000,0.000000,0.000000,0.000000
9,equal,30400,8.000,0,5,0.500,0.200,0.400,84s,jam,-40.000000,-29.531250,30.130208,10.468750,70.130208,0.327148,0.383138,80.000000,-80.000000,0.000000,0.000000,0.000000,0.000000
9,equal,30400,8.000,0,5,0.500,0.200,0.400,85s,jam,-40.000000,-28.875000,30.072917,11.125000,70.072917,0.347656,0.379557,80.000000,-80.000000,0.000000,0.000000,0.000000,0.000000
9,equal,30400,8.000,0,5,0.500,0.200,0.400,32s,jam,-40.000000,-31.218750,30.072917,8.781250,70.072917,0.274414,0.379557,80.000000,-80.000000,0.000000,0.000000,0.000000,0.000000
9,equal,30400,8.000,0,5,0.500,0.200,0.400,54o,jam,-40.000000,-28.489583,30.060764,11.510417,70.060764,0.359701,0.378798,80.000000,-80.000000,0.000000,0.000000,0.000000,0.000000
9,equal,30400,8.000,0,5,0.500,0.200,0.400,J9s,jam,-40.000000,-16.125000,30.046875,23.875000,70.046875,0.746094,0.377930,80.000000,-80.000000,0.000000,0.000000,0.000000,0.000000
9,equal,30400,8.000,0,5,0.500,0.200,0.400,T8s,jam,-40.000000,-28.958333,30.031250,11.041667,70.031250,0.345052,0.376953,80.000000,-80.000000,0.000000,0.000000,0.000000,0.000000
9,equal,30400,8.000,0,5,0.500,0.200,0.400,T5s,jam,-40.000000,-30.208333,30.020833,9.791667,70.020833,0.305990,0.376302,80.000000,-80.000000,0.000000,0.000000,0.000000,0.000000
9,equal,30400,8.000,0,5,0.500,0.200,0.400,76o,jam,-40.000000,-28.510417,30.000000,11.489583,70.000000,0.359049,0.375000,80.000000,-80.000000,0.000000,0.000000,0.000000,0.000000
9,equal,30400,8.000,0,5,0.500,0.200,0.400,42s,jam,-40.000000,-28.468750,29.994792,11.531250,69.994792,0.360352,0.374674,80.000000,-80.000000,0.000000,0.000000,0.000000,0.000000
9,equal,30400,8.000,0,5,0.500,0.200,0.400,52s,jam,-40.000000,-28.718750,29.994792,11.281250,69.994792,0.352539,0.374674,80.000000,-80.000000,0.000000,0.000000,0.000000,0.000000
9,equal,30400,8.000,0,5,0.500,0.200,0.400,74s,jam,-40.000000,-28.937500,29.973958,11.062500,69.973958,0.345703,0.373372,80.000000,-80.000000,0.000000,0.000000,0.000000,0.000000
9,equal,30400,8.000,0,5,0.500,0.200,0.400,92s,jam,-40.000000,-29.666667,29.911458,10.333333,69.911458,0.322917,0.369466,80.000000,-80.000000,0.000000,0.000000,0.000000,0.000000
9,equal,30400,8.000,0,5,0.500,0.200,0.400,T6s,jam,-40.000000,-29.666667,29.895833,10.333333,69.895833,0.322917,0.368490,80.000000,-80.000000,0.000000,0.000000,0.000000,0.000000
9,equal,30400,8.000,0,5,0.500,0.200,0.400,93s,jam,-40.000000,-30.333333,29.895833,9.666667,69.895833,0.302083,0.368490,80.000000,-80.000000,0.000000,0.000000,0.000000,0.000000
9,equal,30400,8.000,0,5,0.500,0.200,0.400,J4s,jam,-40.000000,-20.875000,29.859375,19.125000,69.859375,0.597656,0.366211,80.000000,-80.000000,0.000000,0.000000,0.000000,0.000000
9,equal,30400,8.000,0,5,0.500,0.200,0.400,95s,jam,-40.000000,-30.708333,29.854167,9.291667,69.854167,0.290365,0.365885,80.000000,-80.000000,0.000000,0.000000,0.000000,0.000000
9,equal,30400,8.000,0,5,0.500,0.200,0.400,65o,jam,-40.000000,-29.250000,29.848958,10.750000,69.848958,0.335938,0.365560,80.000000,-80.000000,0.000000,0.000000,0.000000,0.000000
9,equal,30400,8.000,0,5,0.500,0.200,0.400,T3s,jam,-40.000000,-28.791667,29.843750,11.208333,69.843750,0.350260,0.365234,80.000000,-80.000000,0.000000,0.000000,0.000000,0.000000
9,equal,30400,8.000,0,5,0.500,0.200,0.400,64o,jam,-40.000000,-29.510417,29.821181,10.489583,69.821181,0.327799,0.363824,80.000000,-80.000000,0.000000,0.000000,0.000000,0.000000
9,equal,30400,8.000,0,5,0.500,0.200,0.400,96s,jam,-40.000000,-29.750000,29.796875,10.250000,69.796875,0.320312,0.362305,80.000000,-80.000000,0.000000,0.000000,0.000000,0.000000
9,equal,30400,8.000,0,5,0.500,0.200,0.400,JTo,jam,-40.000000,-17.819444,29.786458,22.180556,69.786458,0.693142,0.361654,80.000000,-80.000000,0.000000,0.000000,0.000000,0.000000
9,equal,30400,8.000,0,5,0.500,0.200,0.400,94s,jam,-40.000000,-30.541667,29.770833,9.458333,69.770833,0.295573,0.360677,80.000000,-80.000000,0.000000,0.000000,0.000000,0.000000
9,equal,30400,8.000,0,5,0.500,0.200,0.400,62s,jam,-40.000000,-29.562500,29.760417,10.437500,69.760417,0.326172,0.360026,80.000000,-80.000000,0.000000,0.000000,0.000000,0.000000
9,equal,30400,8.000,0,5,0.500,0.200,0.400,J2s,jam,-40.000000,-23.187500,29.755208,16.812500,69.755208,0.525391,0.359701,80.000000,-80.000000,0.000000,0.000000,0.000000,0.000000
9,equal,30400,8.000,0,5,0.500,0.200,0.400,72s,jam,-40.000000,-28.250000,29.734375,11.750000,69.734375,0.367188,0.358398,80.000000,-80.000000,0.000000,0.000000,0.000000,0.000000
9,equal,30400,8.000,0,5,0.500,0.200,0.400,98o,jam,-40.000000,-31.638889,29.722222,8.361111,69.722222,0.261285,0.357639,80.000000,-80.000000,0.000000,0.000000,0.000000,0.000000
9,equal,30400,8.000,0,5,0.500,0.200,0.400,J3s,jam,-40.000000,-23.718750,29.718750,16.281250,69.718750,0.508789,0.357422,80.000000,-80.000000,0.000000,0.000000,0.000000,0.000000
9,equal,30400,8.000,0,5,0.500,0.200,0.400,53o,jam,-40.000000,-29.229167,29.713542,10.770833,69.713542,0.336589,0.357096,80.000000,-80.000000,0.000000,0.000000,0.000000,0.000000
9,equal,30400,8.000,0,5,0.500,0.200,0.400,T9o,jam,-40.000000,-24.729167,29.703125,15.270833,69.703125,0.477214,0.356445,80.000000,-80.000000,0.000000,0.000000,0.000000,0.000000
9,equal,30400,8.000,0,5,0.500,0.200,0.400,75o,jam,-40.000000,-29.760417,29.692708,10.239583,69.692708,0.319987,0.355794,80.000000,-80.000000,0.000000,0.000000,0.000000,0.000000
9,equal,30400,8.000,0,5,0.500,0.200,0.400,43o,jam,-40.000000,-29.645833,29.687500,10.354167,69.687500,0.323568,0.355469,80.000000,-80.000000,0.000000,0.000000,0.000000,0.000000
9,equal,30400,8.000,0,5,0.500,0.200,0.400,T8o,jam,-40.000000,-30.777778,29.678819,9.222222,69.678819,0.288194,0.354926,80.000000,-80.000000,0.000000,0.000000,0.000000,0.000000
9,equal,30400,8.000,0,5,0.500,0.200,0.400,96o,jam,-40.000000,-31.736111,29.668403,8.263889,69.668403,0.258247,0.354275,80.000000,-80.000000,0.000000,0.000000,0.000000,0.000000
9,equal,30400,8.000,0,5,0.500,0.200,0.400,J8s,jam,-40.000000,-21.156250,29.666667,18.843750,69.666667,0.588867,0.354167,80.000000,-80.000000,0.000000,0.000000,0.000000,0.000000
9,equal,30400,8.000,0,5,0.500,0.200,0.400,J5s,jam,-40.000000,-22.406250,29.661458,17.593750,69.661458,0.549805,0.353841,80.000000,-80.000000,0.000000,0.000000,0.000000,0.000000
9,equal,30400,8.000,0,5,0.500,0.200,0.400,87o,jam,-40.000000,-28.875000,29.651042,11.125000,69.651042,0.347656,0.353190,80.000000,-80.000000,0.000000,0.000000,0.000000,0.000000
9,equal,30400,8.000,0,5,0.500,0.200,0.400,97o,jam,-40.000000,-31.750000,29.633681,8.250000,69.633681,0.257812,0.352105,80.000000,-80.000000,0.000000,0.000000,0.000000,0.000000
9,equal,30400,8.000,0,5,0.500,0.200,0.400,J6s,jam,-40.000000,-20.968750,29.630208,19.031250,69.630208,0.594727,0.351888,80.000000,-80.000000,0.000000,0.000000,0.000000,0.000000
9,equal,30400,8.000,0,5,0.500,0.200,0.400,T4s,jam,-40.000000,-30.333333,29.630208,9.666667,69.630208,0.302083,0.351888,80.000000,-80.000000,0.000000,0.000000,0.000000,0.000000
9,equal,30400,8.000,0,5,0.500,0.200,0.400,63o,jam,-40.000000,-29.583333,29.593750,10.416667,69.593750,0.325521,0.349609,80.000000,-80.000000,0.000000,0.000000,0.000000,0.000000
9,equal,30400,8.000,0,5,0.500,0.200,0.400,T7s,jam,-40.000000,-30.041667,29.583333,9.958333,69.583333,0.311198,0.348958,80.000000,-80.000000,0.000000,0.000000,0.000000,0.000000
9,equal,30400,8.000,0,5,0.500,0.200,0.400,73o,jam,-40.000000,-30.385417,29.541667,9.614583,69.541667,0.300456,0.346354,80.000000,-80.000000,0.000000,0.000000,0.000000,0.000000
9,equal,30400,8.000,0,5,0.500,0.200,0.400,J7s,jam,-40.000000,-21.812500,29.531250,18.187500,69.531250,0.568359,0.345703,80.000000,-80.000000,0.000000,0.000000,0.000000,0.000000
9,equal,30400,8.000,0,5,0.500,0.200,0.400,85o,jam,-40.000000,-30.302083,29.513889,9.697917,69.513889,0.303060,0.344618,80.000000,-80.000000,0.000000,0.000000,0.000000,0.000000
9,equal,30400,8.000,0,5,0.500,0.200,0.400,42o,jam,-40.000000,-29.625000,29.498264,10.375000,69.498264,0.324219,0.343641,80.000000,-80.000000,0.000000,0.000000,0.000000,0.000000
9,equal,30400,8.000,0,5,0.500,0.200,0.400,84o,jam,-40.000000,-30.322917,29.470486,9.677083,69.470486,0.302409,0.341905,80.000000,-80.000000,0.000000,0.000000,0.000000,0.000000
9,equal,30400,8.000,0,5,0.500,0.200,0.400,74o,jam,-40.000000,-30.468750,29.446181,9.531250,69.446181,0.297852,0.340386,80.000000,-80.000000,0.000000,0.000000,0.000000,0.000000
9,equal,30400,8.000,0,5,0.500,0.200,0.400,86o,jam,-40.000000,-29.854167,29.444444,10.145833,69.444444,0.317057,0.340278,80.000000,-80.000000,0.000000,0.000000,0.000000,0.000000
9,equal,30400,8.000,0,5,0.500,0.200,0.400,J9o,jam,-40.000000,-18.555556,29.425347,21.444444,69.425347,0.670139,0.339084,80.000000,-80.000000,0.000000,0.000000,0.000000,0.000000
9,equal,30400,8.000,0,5,0.500,0.200,0.400,95o,jam,-40.000000,-32.736111,29.413194,7.263889,69.413194,0.226997,0.338325,80.000000,-80.000000,0.000000,0.000000,0.000000,0.000000
9,equal,30400,8.000,0,5,0.500,0.200,0.400,62o,jam,-40.000000,-29.729167,29.328125,10.270833,69.328125,0.320964,0.333008,80.000000,-80.000000,0.000000,0.000000,0.000000,0.000000
9,equal,30400,8.000,0,5,0.500,0.200,0.400,32o,jam,-40.000000,-29.427083,29.303819,10.572917,69.303819,0.330404,0.331489,80.000000,-80.000000,0.000000,0.000000,0.000000,0.000000
9,equal,30400,8.000,0,5,0.500,0.200,0.400,82s,jam,-40.000000,-29.937500,29.296875,10.062500,69.296875,0.314453,0.331055,80.000000,-80.000000,0.000000,0.000000,0.000000,0.000000
9,equal,30400,8.000,0,5,0.500,0.200,0.400,72o,jam,-40.000000,-30.770833,29.295139,9.229167,69.295139,0.288411,0.330946,80.000000,-80.000000,0.000000,0.000000,0.000000,0.000000
9,equal,30400,8.000,0,5,0.500,0.200,0.400,J8o,jam,-40.000000,-22.500000,29.293403,17.500000,69.293403,0.546875,0.330838,80.000000,-80.000000,0.000000,0.000000,0.000000,0.000000
9,equal,30400,8.000,0,5,0.500,0.200,0.400,T7o,jam,-40.000000,-30.916667,29.286458,9.083333,69.286458,0.283854,0.330404,80.000000,-80.000000,0.000000,0.000000,0.000000,0.000000
9,equal,30400,8.000,0,5,0.500,0.200,0.400,52o,jam,-40.000000,-29.395833,29.281250,10.604167,69.281250,0.331380,0.330078,80.000000,-80.000000,0.000000,0.000000,0.000000,0.000000
9,equal,30400,8.000,0,5,0.500,0.200,0.400,T5o,jam,-40.000000,-30.750000,29.256944,9.250000,69.256944,0.289062,0.328559,80.000000,-80.000000,0.000000,0.000000,0.000000,0.000000
9,equal,30400,8.000,0,5,0.500,0.200,0.400,K4s,jam,-40.000000,-22.968750,29.229167,17.031250,69.229167,0.532227,0.326823,80.000000,-80.000000,0.000000,0.000000,0.000000,0.000000
9,equal,30400,8.000,0,5,0.500,0.200,0.400,T6o,jam,-40.000000,-30.722222,29.218750,9.277778,69.218750,0.289931,0.326172,80.000000,-80.000000,0.000000,0.000000,0.000000,0.000000
9,equal,30400,8.000,0,5,0.500,0.200,0.400,J7o,jam,-40.000000,-23.406250,29.180556,16.593750,69.180556,0.518555,0.323785,80.000000,-80.000000,0.000000,0.000000,0.000000,0.000000
9,equal,30400,8.000,0,5,0.500,0.200,0.400,J5o,jam,-40.000000,-23.125000,29.159722,16.875000,69.159722,0.527344,0.322483,80.000000,-80.000000,0.000000,0.000000,0.000000,0.000000
9,equal,30400,8.000,0,5,0.500,0.200,0.400,92o,jam,-40.000000,-32.277778,29.126736,7.722222,69.126736,0.241319,0.320421,80.000000,-80.000000,0.000000,0.000000,0.000000,0.000000
9,equal,30400,8.000,0,5,0.500,0.200,0.400,QTs,jam,-40.000000,-17.708333,29.125000,22.291667,69.125000,0.696615,0.320312,80.000000,-80.000000,0.000000,0.000000,0.000000,0.000000
9,equal,30400,8.000,0,5,0.500,0.200,0.400,94o,jam,-40.000000,-31.944444,29.118056,8.055556,69.118056,0.251736,0.319878,80.000000,-80.000000,0.000000,0.000000,0.000000,0.000000
9,equal,30400,8.000,0,5,0.500,0.200,0.400,T3o,jam,-40.000000,-31.291667,29.112847,8.708333,69.112847,0.272135,0.319553,80.000000,-80.000000,0.000000,0.000000,0.000000,0.000000
9,equal,30400,8.000,0,5,0.500,0.200,0.400,T2s,jam,-40.000000,-29.875000,29.078125,10.125000,69.078125,0.316406,0.317383,80.000000,-80.000000,0.000000,0.000000,0.000000,0.000000
9,equal,30400,8.000,0,5,0.500,0.200,0.400,T4o,jam,-40.000000,-31.236111,29.072917,8.763889,69.072917,0.273872,0.317057,80.000000,-80.000000,0.000000,0.000000,0.000000,0.000000
9,equal,30400,8.000,0,5,0.500,0.200,0.400,Q6s,jam,-40.000000,-22.125000,29.041667,17.875000,69.041667,0.558594,0.315104,80.000000,-80.000000,0.000000,0.000000,0.000000,0.000000
9,equal,30400,8.000,0,5,0.500,0.200,0.400,82o,jam,-40.000000,-31.000000,29.039931,9.000000,69.039931,0.281250,0.314996,80.000000,-80.000000,0.000000,0.000000,0.000000,0.000000
9,equal,30400,8.000,0,5,0.500,0.200,0.400,Q4s,jam,-40.000000,-22.437500,29.020833,17.562500,69.020833,0.548828,0.313802,80.000000,-80.000000,0.000000,0.000000,0.000000,0.000000
9,equal,30400,8.000,0,5,0.500,0.200,0.400,KTs,jam,-40.000000,-18.500000,29.013889,21.500000,69.013889,0.671875,0.313368,80.000000,-80.000000,0.000000,0.000000,0.000000,0.000000
9,equal,30400,8.000,0,5,0.500,0.200,0.400,Q5s,jam,-40.000000,-22.250000,28.993056,17.750000,68.993056,0.554688,0.312066,80.000000,-80.000000,0.000000,0.000000,0.000000,0.000000
9,equal,30400,8.000,0,5,0.500,0.200,0.400,J3o,jam,-40.000000,-24.000000,28.980903,16.000000,68.980903,0.500000,0.311306,80.000000,-80.000000,0.000000,0.000000,0.000000,0.000000
9,equal,30400,8.000,0,5,0.500,0.200,0.400,93o,jam,-40.000000,-31.375000,28.968750,8.625000,68.968750,0.269531,0.310547,80.000000,-80.000000,0.000000,0.000000,0.000000,0.000000
9,equal,30400,8.000,0,5,0.500,0.200,0.400,83o,jam,-40.000000,-31.093750,28.946181,8.906250,68.946181,0.278320,0.309136,80.000000,-80.000000,0.000000,0.000000,0.000000,0.000000
9,equal,30400,8.000,0,5,0.500,0.200,0.400,K6s,jam,-40.000000,-22.281250,28.944444,17.718750,68.944444,0.553711,0.309028,80.000000,-80.000000,0.000000,0.000000,0.000000,0.000000
9,equal,30400,8.000,0,5,0.500,0.200,0.400,K8s,jam,-40.000000,-22.687500,28.923611,17.312500,68.923611,0.541016,0.307726,80.000000,-80.000000,0.000000,0.000000,0.000000,0.000000
9,equal,30400,8.000,0,5,0.500,0.200,0.400,J6o,jam,-40.000000,-23.843750,28.923611,16.156250,68.923611,0.504883,0.307726,80.000000,-80.000000,0.000000,0.000000,0.000000,0.000000
9,equal,30400,8.000,0,5,0.500,0.200,0.400,T2o,jam,-40.000000,-30.722222,28.906250,9.277778,68.906250,0.289931,0.306641,80.000000,-80.000000,0.000000,0.000000,0.000000,0.000000
9,equal,30400,8.000,0,5,0.500,0.200,0.400,J2o,jam,-40.000000,-22.635417,28.902778,17.364583,68.902778,0.542643,0.306424,80.000000,-80.000000,0.000000,0.000000,0.000000,0.000000
9,equal,30400,8.000,0,5,0.500,0.200,0.400,J4o,jam,-40.000000,-23.447917,28.894097,16.552083,68.894097,0.517253,0.305881,80.000000,-80.000000,0.000000,0.000000,0.000000,0.000000
9,equal,30400,8.000,0,5,0.500,0.200,0.400,K9s,jam,-40.000000,-18.916667,28.861111,21.083333,68.861111,0.658854,0.303819,80.000000,-80.000000,0.000000,0.000000,0.000000,0.000000
9,equal,30400,8.000,0,5,0.500,0.200,0.400,KJs,jam,-40.000000,-19.218750,28.854167,20.781250,68.854167,0.649414,0.303385,80.000000,-80.000000,0.000000,0.000000,0.000000,0.000000
9,equal,30400,8.000,0,5,0.500,0.200,0.400,Q2s,jam,-40.000000,-22.812500,28.750000,17.187500,68.750000,0.537109,0.296875,80.000000,-80.000000,0.000000,0.000000,0.000000,0.000000
9,equal,30400,8.000,0,5,0.500,0.200,0.400,K7s,jam,-40.000000,-22.406250,28.715278,17.593750,68.715278,0.549805,0.294705,80.000000,-80.000000,0.000000,0.000000,0.000000,0.000000
9,equal,30400,8.000,0,5,0.500,0.200,0.400,K2s,jam,-40.000000,-22.562500,28.715278,17.437500,68.715278,0.544922,0.294705,80.000000,-80.000000,0.000000,0.000000,0.000000,0.000000
9,equal,30400,8.000,0,5,0.500,0.200,0.400,K5s,jam,-40.000000,-21.500000,28.680556,18.500000,68.680556,0.578125,0.292535,80.000000,-80.000000,0.000000,0.000000,0.000000,0.000000
9,equal,30400,8.000,0,5,0.500,0.200,0.400,QJs,jam,-40.000000,-19.000000,28.673611,21.000000,68.673611,0.656250,0.292101,80.000000,-80.000000,0.000000,0.000000,0.000000,0.000000
9,equal,30400,8.000,0,5,0.500,0.200,0.400,Q7s,jam,-40.000000,-21.531250,28.604167,18.468750,68.604167,0.577148,0.287760,80.000000,-80.000000,0.000000,0.000000,0.000000,0.000000
9,equal,30400,8.000,0,5,0.500,0.200,0.400,Q3s,jam,-40.000000,-23.656250,28.562500,16.343750,68.562500,0.510742,0.285156,80.000000,-80.000000,0.000000,0.000000,0.000000,0.000000
9,equal,30400,8.000,0,5,0.500,0.200,0.400,K3s,jam,-40.000000,-23.156250,28.555556,16.843750,68.555556,0.526367,0.284722,80.000000,-80.000000,0.000000,0.000000,0.000000,0.000000
9,equal,30400,8.000,0,5,0.500,0.200,0.400,Q8s,jam,-40.000000,-21.156250,28.437500,18.843750,68.437500,0.588867,0.277344,80.000000,-80.000000,0.000000,0.000000,0.000000,0.000000
9,equal,30400,8.000,0,5,0.500,0.200,0.400,KTo,jam,-40.000000,-18.125000,28.326389,21.875000,68.326389,0.683594,0.270399,80.000000,-80.000000,0.000000,0.000000,0.000000,0.000000
9,equal,30400,8.000,0,5,0.500,0.200,0.400,K9o,jam,-40.000000,-18.555556,28.277778,21.444444,68.277778,0.670139,0.267361,80.000000,-80.000000,0.000000,0.000000,0.000000,0.000000
9,equal,30400,8.000,0,5,0.500,0.200,0.400,Q9s,jam,-40.000000,-18.750000,28.263889,21.250000,68.263889,0.664062,0.266493,80.000000,-80.000000,0.000000,0.000000,0.000000,0.000000
9,equal,30400,8.000,0,5,0.500,0.200,0.400,K8o,jam,-40.000000,-23.104167,28.263889,16.895833,68.263889,0.527995,0.266493,80.000000,-80.000000,0.000000,0.000000,0.000000,0.000000
9,equal,30400,8.000,0,5,0.500,0.200,0.400,QTo,jam,-40.000000,-18.638889,28.250000,21.361111,68.250000,0.667535,0.265625,80.000000,-80.000000,0.000000,0.000000,0.000000,0.000000
9,equal,30400,8.000,0,5,0.500,0.200,0.400,K4o,jam,-40.000000,-23.354167,28.233796,16.645833,68.233796,0.520182,0.264612,80.000000,-80.000000,0.000000,0.000000,0.000000,0.000000
9,equal,30400,8.000,0,5,0.500,0.200,0.400,K5o,jam,-40.000000,-24.343750,28.206019,15.656250,68.206019,0.489258,0.262876,80.000000,-80.000000,0.000000,0.000000,0.000000,0.000000
9,equal,30400,8.000,0,5,0.500,0.200,0.400,K6o,jam,-40.000000,-23.802083,28.189815,16.197917,68.189815,0.506185,0.261863,80.000000,-80.000000,0.000000,0.000000,0.000000,0.000000
9,equal,30400,8.000,0,5,0.500,0.200,0.400,K7o,jam,-40.000000,-23.083333,28.185185,16.916667,68.185185,0.528646,0.261574,80.000000,-80.000000,0.000000,0.000000,0.000000,0.000000
9,equal,30400,8.000,0,5,0.500,0.200,0.400,Q6o,jam,-40.000000,-22.843750,28.118056,17.156250,68.118056,0.536133,0.257378,80.000000,-80.000000,0.000000,0.000000,0.000000,0.000000
9,equal,30400,8.000,0,5,0.500,0.200,0.400,K2o,jam,-40.000000,-24.291667,28.115741,15.708333,68.115741,0.490885,0.257234,80.000000,-80.000000,0.000000,0.000000,0.000000,0.000000
9,equal,30400,8.000,0,5,0.500,0.200,0.400,QJo,jam,-40.000000,-20.083333,28.050926,19.916667,68.050926,0.622396,0.253183,80.000000,-80.000000,0.000000,0.000000,0.000000,0.000000
9,equal,30400,8.000,0,5,0.500,0.200,0.400,Q9o,jam,-40.000000,-18.444444,28.018519,21.555556,68.018519,0.673611,0.251157,80.000000,-80.000000,0.000000,0.000000,0.000000,0.000000
9,equal,30400,8.000,0,5,0.500,0.200,0.400,Q5o,jam,-40.000000,-23.822917,27.960648,16.177083,67.960648,0.505534,0.247541,80.000000,-80.000000,0.000000,0.000000,0.000000,0.000000
9,equal,30400,8.000,0,5,0.500,0.200,0.400,KJo,jam,-40.000000,-20.947917,27.909722,19.052083,67.909722,0.595378,0.244358,80.000000,-80.000000,0.000000,0.000000,0.000000,0.000000
9,equal,30400,8.000,0,5,0.500,0.200,0.400,Q3o,jam,-40.000000,-23.895833,27.907407,16.104167,67.907407,0.503255,0.244213,80.000000,-80.000000,0.000000,0.000000,0.000000,0.000000
9,equal,30400,8.000,0,5,0.500,0.200,0.400,K3o,jam,-40.000000,-23.437500,27.872685,16.562500,67.872685,0.517578,0.242043,80.000000,-80.000000,0.000000,0.000000,0.000000,0.000000
9,equal,30400,8.000,0,5,0.500,0.200,0.400,Q4o,jam,-40.000000,-23.989583,27.844907,16.010417,67.844907,0.500326,0.240307,80.000000,-80.000000,0.000000,0.000000,0.000000,0.000000
9,equal,30400,8.000,0,5,0.500,0.200,0.400,Q8o,jam,-40.000000,-22.791667,27.775463,17.208333,67.775463,0.537760,0.235966,80.000000,-80.000000,0.000000,0.000000,0.000000,0.000000
9,equal,30400,8.000,0,5,0.500,0.200,0.400,Q2o,jam,-40.000000,-22.989583,27.719907,17.010417,67.719907,0.531576,0.232494,80.000000,-80.000000,0.000000,0.000000,0.000000,0.000000
9,equal,30400,8.000,0,5,0.500,0.200,0.400,Q7o,jam,-40.000000,-24.000000,27.636574,16.000000,67.636574,0.500000,0.227286,80.000000,-80.000000,0.000000,0.000000,0.000000,0.000000
9,equal,30400,8.000,0,5,0.500,0.500,0.400,JJ,jam,-40.000000,-13.562500,33.046875,26.437500,73.046875,0.826172,0.826172,80.000000,-80.000000,0.000000,0.000000,0.000000,0.000000
9,equal,30400,8.000,0,5,0.500,0.500,0.400,QQ,jam,-40.000000,-13.854167,32.682292,26.145833,72.682292,0.817057,0.817057,80.000000,-80.000000,0.000000,0.000000,0.000000,0.000000
9,equal,30400,8.000,0,5,0.500,0.500,0.400,TT,jam,-40.000000,-13.875000,32.656250,26.125000,72.656250,0.816406,0.816406,80.000000,-80.000000,0.000000,0.000000,0.000000,0.000000
9,equal,30400,8.000,0,5,0.500,0.500,0.400,AA,jam,-40.000000,-14.791667,31.510417,25.208333,71.510417,0.787760,0.787760,80.000000,-80.000000,0.000000,0.000000,0.000000,0.000000
9,equal,30400,8.000,0,5,0.500,0.500,0.400,KK,jam,-40.000000,-15.020833,31.223958,24.979167,71.223958,0.780599,0.780599,80.000000,-80.000000,0.000000,0.000000,0.000000,0.000000
9,equal,30400,8.000,0,5,0.500,0.500,0.400,J9s,jam,-40.000000,-16.125000,29.843750,23.875000,69.843750,0.746094,0.746094,80.000000,-80.000000,0.000000,0.000000,0.000000,0.000000
9,equal,30400,8.000,0,5,0.500,0.500,0.400,JTs,jam,-40.000000,-17.500000,28.125000,22.500000,68.125000,0.703125,0.703125,80.000000,-80.000000,0.000000,0.000000,0.000000,0.000000
9,equal,30400,8.000,0,5,0.500,0.500,0.400,ATo,jam,-40.000000,-17.652778,27.934028,22.347222,67.934028,0.698351,0.698351,80.000000,-80.000000,0.000000,0.000000,0.000000,0.000000
9,equal,30400,8.000,0,5,0.500,0.500,0.400,QTs,jam,-40.000000,-17.708333,27.864583,22.291667,67.864583,0.696615,0.696615,80.000000,-80.000000,0.000000,0.000000,0.000000,0.000000
9,equal,30400,8.000,0,5,0.500,0.500,0.400,JTo,jam,-40.000000,-17.819444,27.725694,22.180556,67.725694,0.693142,0.693142,80.000000,-80.000000,0.000000,0.000000,0.000000,0.000000
9,equal,30400,8.000,0,5,0.500,0.500,0.400,A9s,jam,-40.000000,-18.083333,27.395833,21.916667,67.395833,0.684896,0.684896,80.000000,-80.000000,0.000000,0.000000,0.000000,0.000000
9,equal,30400,8.000,0,5,0.500,0.500,0.400,KTo,jam,-40.000000,-18.125000,27.343750,21.875000,67.343750,0.683594,0.683594,80.000000,-80.000000,0.000000,0.000000,0.000000,0.000000
9,equal,30400,8.000,0,5,0.500,0.500,0.400,ATs,jam,-40.000000,-18.166667,27.291667,21.833333,67.291667,0.682292,0.682292,80.000000,-80.000000,0.000000,0.000000,0.000000,0.000000
9,equal,30400,8.000,0,5,0.500,0.500,0.400,Q9o,jam,-40.000000,-18.444444,26.944444,21.555556,66.944444,0.673611,0.673611,80.000000,-80.000000,0.000000,0.000000,0.000000,0.000000
9,equal,30400,8.000,0,5,0.500,0.500,0.400,KTs,jam,-40.000000,-18.500000,26.875000,21.500000,66.875000,0.671875,0.671875,80.000000,-80.000000,0.000000,0.000000,0.000000,0.000000
9,equal,30400,8.000,0,5,0.500,0.500,0.400,K9o,jam,-40.000000,-18.555556,26.805556,21.444444,66.805556,0.670139,0.670139,80.000000,-80.000000,0.000000,0.000000,0.000000,0.000000
9,equal,30400,8.000,0,5,0.500,0.500,0.400,J9o,jam,-40.000000,-18.555556,26.805556,21.444444,66.805556,0.670139,0.670139,80.000000,-80.000000,0.000000,0.000000,0.000000,0.000000
9,equal,30400,8.000,0,5,0.500,0.500,0.400,QTo,jam,-40.000000,-18.638889,26.701389,21.361111,66.701389,0.667535,0.667535,80.000000,-80.000000,0.000000,0.000000,0.000000,0.000000
9,equal,30400,8.000,0,5,0.500,0.500,0.400,Q9s,jam,-40.000000,-18.750000,26.562500,21.250000,66.562500,0.664062,0.664062,80.000000,-80.000000,0.000000,0.000000,0.000000,0.000000
9,equal,30400,8.000,0,5,0.500,0.500,0.400,K9s,jam,-40.000000,-18.916667,26.354167,21.083333,66.354167,0.658854,0.658854,80.000000,-80.000000,0.000000,0.000000,0.000000,0.000000
9,equal,30400,8.000,0,5,0.500,0.500,0.400,A9o,jam,-40.000000,-18.930556,26.336806,21.069444,66.336806,0.658420,0.658420,80.000000,-80.000000,0.000000,0.000000,0.000000,0.000000
9,equal,30400,8.000,0,5,0.500,0.500,0.400,KQs,jam,-40.000000,-18.968750,26.289062,21.031250,66.289062,0.657227,0.657227,80.000000,-80.000000,0.000000,0.000000,0.000000,0.000000
9,equal,30400,8.000,0,5,0.500,0.500,0.400,QJs,jam,-40.000000,-19.000000,26.250000,21.000000,66.250000,0.656250,0.656250,80.000000,-80.000000,0.000000,0.000000,0.000000,0.000000
9,equal,30400,8.000,0,5,0.500,0.500,0.400,KJs,jam,-40.000000,-19.218750,25.976562,20.781250,65.976562,0.649414,0.649414,80.000000,-80.000000,0.000000,0.000000,0.000000,0.000000
9,equal,30400,8.000,0,5,0.500,0.500,0.400,AQs,jam,-40.000000,-19.468750,25.664062,20.531250,65.664062,0.641602,0.641602,80.000000,-80.000000,0.000000,0.000000,0.000000,0.000000
9,equal,30400,8.000,0,5,0.500,0.500,0.400,AJs,jam,-40.000000,-19.500000,25.625000,20.500000,65.625000,0.640625,0.640625,80.000000,-80.000000,0.000000,0.000000,0.000000,0.000000
9,equal,30400,8.000,0,5,0.500,0.500,0.400,AKs,jam,-40.000000,-19.625000,25.468750,20.375000,65.468750,0.636719,0.636719,80.000000,-80.000000,0.000000,0.000000,0.000000,0.000000
9,equal,30400,8.000,0,5,0.500,0.500,0.400,QJo,jam,-40.000000,-20.083333,24.895833,19.916667,64.895833,0.622396,0.622396,80.000000,-80.000000,0.000000,0.000000,0.000000,0.000000
9,equal,30400,8.000,0,5,0.500,0.500,0.400,99,jam,-40.000000,-20.125000,24.843750,19.875000,64.843750,0.621094,0.621094,80.000000,-80.000000,0.000000,0.000000,0.000000,0.000000
9,equal,30400,8.000,0,5,0.500,0.500,0.400,AJo,jam,-40.000000,-20.583333,24.270833,19.416667,64.270833,0.606771,0.606771,80.000000,-80.000000,0.000000,0.000000,0.000000,0.000000
9,equal,30400,8.000,0,5,0.500,0.500,0.400,KQo,jam,-40.000000,-20.812500,23.984375,19.187500,63.984375,0.599609,0.599609,80.000000,-80.000000,0.000000,0.000000,0.000000,0.000000
9,equal,30400,8.000,0,5,0.500,0.500,0.400,J4s,jam,-40.000000,-20.875000,23.906250,19.125000,63.906250,0.597656,0.597656,80.000000,-80.000000,0.000000,0.000000,0.000000,0.000000
9,equal,30400,8.000,0,5,0.500,0.500,0.400,KJo,jam,-40.000000,-20.947917,23.815104,19.052083,63.815104,0.595378,0.595378,80.000000,-80.000000,0.000000,0.000000,0.000000,0.000000
9,equal,30400,8.000,0,5,0.500,0.500,0.400,J6s,jam,-40.000000,-20.968750,23.789062,19.031250,63.789062,0.594727,0.594727,80.000000,-80.000000,0.000000,0.000000,0.000000,0.000000
9,equal,30400,8.000,0,5,0.500,0.500,0.400,Q8s,jam,-40.000000,-21.156250,23.554688,18.843750,63.554688,0.588867,0.588867,80.000000,-80.000000,0.000000,0.000000,0.000000,0.000000
9,equal,30400,8.000,0,5,0.500,0.500,0.400,J8s,jam,-40.000000,-21.156250,23.554688,18.843750,63.554688,0.588867,0.588867,80.000000,-80.000000,0.000000,0.000000,0.000000,0.000000
9,equal,30400,8.000,0,5,0.500,0.500,0.400,A8s,jam,-40.000000,-21.281250,23.398438,18.718750,63.398438,0.584961,0.584961,80.000000,-80.000000,0.000000,0.000000,0.000000,0.000000
9,equal,30400,8.000,0,5,0.500,0.500,0.400,A3s,jam,-40.000000,-21.375000,23.281250,18.625000,63.281250,0.582031,0.582031,80.000000,-80.000000,0.000000,0.000000,0.000000,0.000000
9,equal,30400,8.000,0,5,0.500,0.500,0.400,K5s,jam,-40.000000,-21.500000,23.125000,18.500000,63.125000,0.578125,0.578125,80.000000,-80.000000,0.000000,0.000000,0.000000,0.000000
9,equal,30400,8.000,0,5,0.500,0.500,0.400,AQo,jam,-40.000000,-21.510417,23.111979,18.489583,63.111979,0.577799,0.577799,80.000000,-80.000000,0.000000,0.000000,0.000000,0.000000
9,equal,30400,8.000,0,5,0.500,0.500,0.400,Q7s,jam,-40.000000,-21.531250,23.085938,18.468750,63.085938,0.577148,0.577148,80.000000,-80.000000,0.000000,0.000000,0.000000,0.000000
9,equal,30400,8.000,0,5,0.500,0.500,0.400,AKo,jam,-40.000000,-21.656250,22.929688,18.343750,62.929688,0.573242,0.573242,80.000000,-80.000000,0.000000,0.000000,0.000000,0.000000
9,equal,30400,8.000,0,5,0.500,0.500,0.400,J7s,jam,-40.000000,-21.812500,22.734375,18.187500,62.734375,0.568359,0.568359,80.000000,-80.000000,0.000000,0.000000,0.000000,0.000000
9,equal,30400,8.000,0,5,0.500,0.500,0.400,A2s,jam,-40.000000,-21.875000,22.656250,18.125000,62.656250,0.566406,0.566406,80.000000,-80.000000,0.000000,0.000000,0.000000,0.000000
9,equal,30400,8.000,0,5,0.500,0.500,0.400,A6s,jam,-40.000000,-21.937500,22.578125,18.062500,62.578125,0.564453,0.564453,80.000000,-80.000000,0.000000,0.000000,0.000000,0.000000
9,equal,30400,8.000,0,5,0.500,0.500,0.400,Q6s,jam,-40.000000,-22.125000,22.343750,17.875000,62.343750,0.558594,0.558594,80.000000,-80.000000,0.000000,0.000000,0.000000,0.000000
9,equal,30400,8.000,0,5,0.500,0.500,0.400,Q5s,jam,-40.000000,-22.250000,22.187500,17.750000,62.187500,0.554688,0.554688,80.000000,-80.000000,0.000000,0.000000,0.000000,0.000000
9,equal,30400,8.000,0,5,0.500,0.500,0.400,K6s,jam,-40.000000,-22.281250,22.148438,17.718750,62.148438,0.553711,0.553711,80.000000,-80.000000,0.000000,0.000000,0.000000,0.000000
9,equal,30400,8.000,0,5,0.500,0.500,0.400,A7s,jam,-40.000000,-22.375000,22.031250,17.625000,62.031250,0.550781,0.550781,80.000000,-80.000000,0.000000,0.000000,0.000000,0.000000
9,equal,30400,8.000,0,5,0.500,0.500,0.400,K7s,jam,-40.000000,-22.406250,21.992188,17.593750,61.992188,0.549805,0.549805,80.000000,-80.000000,0.000000,0.000000,0.000000,0.000000
9,equal,30400,8.000,0,5,0.500,0.500,0.400,J5s,jam,-40.000000,-22.406250,21.992188,17.593750,61.992188,0.549805,0.549805,80.000000,-80.000000,0.000000,0.000000,0.000000,0.000000
9,equal,30400,8.000,0,5,0.500,0.500,0.400,Q4s,jam,-40.000000,-22.437500,21.953125,17.562500,61.953125,0.548828,0.548828,80.000000,-80.000000,0.000000,0.000000,0.000000,0.000000
9,equal,30400,8.000,0,5,0.500,0.500,0.400,A8o,jam,-40.000000,-22.500000,21.875000,17.500000,61.875000,0.546875,0.546875,80.000000,-80.000000,0.000000,0.000000,0.000000,0.000000
9,equal,30400,8.000,0,5,0.500,0.500,0.400,J8o,jam,-40.000000,-22.500000,21.875000,17.500000,61.875000,0.546875,0.546875,80.000000,-80.000000,0.000000,0.000000,0.000000,0.000000
9,equal,30400,8.000,0,5,0.500,0.500,0.400,K2s,jam,-40.000000,-22.562500,21.796875,17.437500,61.796875,0.544922,0.544922,80.000000,-80.000000,0.000000,0.000000,0.000000,0.000000
9,equal,30400,8.000,0,5,0.500,0.500,0.400,A5s,jam,-40.000000,-22.625000,21.718750,17.375000,61.718750,0.542969,0.542969,80.000000,-80.000000,0.000000,0.000000,0.000000,0.000000
9,equal,30400,8.000,0,5,0.500,0.500,0.400,J2o,jam,-40.000000,-22.635417,21.705729,17.364583,61.705729,0.542643,0.542643,80.000000,-80.000000,0.000000,0.000000,0.000000,0.000000
9,equal,30400,8.000,0,5,0.500,0.500,0.400,K8s,jam,-40.000000,-22.687500,21.640625,17.312500,61.640625,0.541016,0.541016,80.000000,-80.000000,0.000000,0.000000,0.000000,0.000000
9,equal,30400,8.000,0,5,0.500,0.500,0.400,A4s,jam,-40.000000,-22.718750,21.601562,17.281250,61.601562,0.540039,0.540039,80.000000,-80.000000,0.000000,0.000000,0.000000,0.000000
9,equal,30400,8.000,0,5,0.500,0.500,0.400,Q8o,jam,-40.000000,-22.791667,21.510417,17.208333,61.510417,0.537760,0.537760,80.000000,-80.000000,0.000000,0.000000,0.000000,0.000000
9,equal,30400,8.000,0,5,0.500,0.500,0.400,Q2s,jam,-40.000000,-22.812500,21.484375,17.187500,61.484375,0.537109,0.537109,80.000000,-80.000000,0.000000,0.000000,0.000000,0.000000
9,equal,30400,8.000,0,5,0.500,0.500,0.400,A3o,jam,-40.000000,-22.822917,21.471354,17.177083,61.471354,0.536784,0.536784,80.000000,-80.000000,0.000000,0.000000,0.000000,0.000000
9,equal,30400,8.000,0,5,0.500,0.500,0.400,Q6o,jam,-40.000000,-22.843750,21.445312,17.156250,61.445312,0.536133,0.536133,80.000000,-80.000000,0.000000,0.000000,0.000000,0.000000
9,equal,30400,8.000,0,5,0.500,0.500,0.400,K4s,jam,-40.000000,-22.968750,21.289062,17.031250,61.289062,0.532227,0.532227,80.000000,-80.000000,0.000000,0.000000,0.000000,0.000000
9,equal,30400,8.000,0,5,0.500,0.500,0.400,Q2o,jam,-40.000000,-22.989583,21.263021,17.010417,61.263021,0.531576,0.531576,80.000000,-80.000000,0.000000,0.000000,0.000000,0.000000
9,equal,30400,8.000,0,5,0.500,0.500,0.400,A6o,jam,-40.000000,-23.052083,21.184896,16.947917,61.184896,0.529622,0.529622,80.000000,-80.000000,0.000000,0.000000,0.000000,0.000000
9,equal,30400,8.000,0,5,0.500,0.500,0.400,K7o,jam,-40.000000,-23.083333,21.145833,16.916667,61.145833,0.528646,0.528646,80.000000,-80.000000,0.000000,0.000000,0.000000,0.000000
9,equal,30400,8.000,0,5,0.500,0.500,0.400,K8o,jam,-40.000000,-23.104167,21.119792,16.895833,61.119792,0.527995,0.527995,80.000000,-80.000000,0.000000,0.000000,0.000000,0.000000
9,equal,30400,8.000,0,5,0.500,0.500,0.400,J5o,jam,-40.000000,-23.125000,21.093750,16.875000,61.093750,0.527344,0.527344,80.000000,-80.000000,0.000000,0.000000,0.000000,0.000000
9,equal,30400,8.000,0,5,0.500,0.500,0.400,A5o,jam,-40.000000,-23.145833,21.067708,16.854167,61.067708,0.526693,0.526693,80.000000,-80.000000,0.000000,0.000000,0.000000,0.000000
9,equal,30400,8.000,0,5,0.500,0.500,0.400,K3s,jam,-40.000000,-23.156250,21.054688,16.843750,61.054688,0.526367,0.526367,80.000000,-80.000000,0.000000,0.000000,0.000000,0.000000
9,equal,30400,8.000,0,5,0.500,0.500,0.400,J2s,jam,-40.000000,-23.187500,21.015625,16.812500,61.015625,0.525391,0.525391,80.000000,-80.000000,0.000000,0.000000,0.000000,0.000000
9,equal,30400,8.000,0,5,0.500,0.500,0.400,A4o,jam,-40.000000,-23.250000,20.937500,16.750000,60.937500,0.523438,0.523438,80.000000,-80.000000,0.000000,0.000000,0.000000,0.000000
9,equal,30400,8.000,0,5,0.500,0.500,0.400,K4o,jam,-40.000000,-23.354167,20.807292,16.645833,60.807292,0.520182,0.520182,80.000000,-80.000000,0.000000,0.000000,0.000000,0.000000
9,equal,30400,8.000,0,5,0.500,0.500,0.400,J7o,jam,-40.000000,-23.406250,20.742188,16.593750,60.742188,0.518555,0.518555,80.000000,-80.000000,0.000000,0.000000,0.000000,0.000000
9,equal,30400,8.000,0,5,0.500,0.500,0.400,K3o,jam,-40.000000,-23.437500,20.703125,16.562500,60.703125,0.517578,0.517578,80.000000,-80.000000,0.000000,0.000000,0.000000,0.000000
9,equal,30400,8.000,0,5,0.500,0.500,0.400,J4o,jam,-40.000000,-23.447917,20.690104,16.552083,60.690104,0.517253,0.517253,80.000000,-80.000000,0.000000,0.000000,0.000000,0.000000
9,equal,30400,8.000,0,5,0.500,0.500,0.400,88,jam,-40.000000,-23.458333,20.677083,16.541667,60.677083,0.516927,0.516927,80.000000,-80.000000,0.000000,0.000000,0.000000,0.000000
9,equal,30400,8.000,0,5,0.500,0.500,0.400,A7o,jam,-40.000000,-23.552083,20.559896,16.447917,60.559896,0.513997,0.513997,80.000000,-80.000000,0.000000,0.000000,0.000000,0.000000
9,equal,30400,8.000,0,5,0.500,0.500,0.400,Q3s,jam,-40.000000,-23.656250,20.429688,16.343750,60.429688,0.510742,0.510742,80.000000,-80.000000,0.000000,0.000000,0.000000,0.000000
9,equal,30400,8.000,0,5,0.500,0.500,0.400,J3s,jam,-40.000000,-23.718750,20.351562,16.281250,60.351562,0.508789,0.508789,80.000000,-80.000000,0.000000,0.000000,0.000000,0.000000
9,equal,30400,8.000,0,5,0.500,0.500,0.400,K6o,jam,-40.000000,-23.802083,20.247396,16.197917,60.247396,0.506185,0.506185,80.000000,-80.000000,0.000000,0.000000,0.000000,0.000000
9,equal,30400,8.000,0,5,0.500,0.500,0.400,Q5o,jam,-40.000000,-23.822917,20.221354,16.177083,60.221354,0.505534,0.505534,80.000000,-80.000000,0.000000,0.000000,0.000000,0.000000
9,equal,30400,8.000,0,5,0.500,0.500,0.400,J6o,jam,-40.000000,-23.843750,20.195312,16.156250,60.195312,0.504883,0.504883,80.000000,-80.000000,0.000000,0.000000,0.000000,0.000000
9,equal,30400,8.000,0,5,0.500,0.500,0.400,Q3o,jam,-40.000000,-23.895833,20.130208,16.104167,60.130208,0.503255,0.503255,80.000000,-80.000000,0.000000,0.000000,0.000000,0.000000
9,equal,30400,8.000,0,5,0.500,0.500,0.400,A2o,jam,-40.000000,-23.958333,20.052083,16.041667,60.052083,0.501302,0.501302,80.000000,-80.000000,0.000000,0.000000,0.000000,0.000000
9,equal,30400,8.000,0,5,0.500,0.500,0.400,Q4o,jam,-40.000000,-23.989583,20.013021,16.010417,60.013021,0.500326,0.500326,80.000000,-80.000000,0.000000,0.000000,0.000000,0.000000
9,equal,30400,8.000,0,5,0.500,0.500,0.400,Q7o,jam,-40.000000,-24.000000,20.000000,16.000000,60.000000,0.500000,0.500000,80.000000,-80.000000,0.000000,0.000000,0.000000,0.000000
9,equal,30400,8.000,0,5,0.500,0.500,0.400,J3o,jam,-40.000000,-24.000000,20.000000,16.000000,60.000000,0.500000,0.500000,80.000000,-80.000000,0.000000,0.000000,0.000000,0.000000
9,equal,30400,8.000,0,5,0.500,0.500,0.400,T9s,jam,-40.000000,-24.000000,20.000000,16.000000,60.000000,0.500000,0.500000,80.000000,-80.000000,0.000000,0.000000,0.000000,0.000000
9,equal,30400,8.000,0,5,0.500,0.500,0.400,66,jam,-40.000000,-24.062500,19.921875,15.937500,59.921875,0.498047,0.498047,80.000000,-80.000000,0.000000,0.000000,0.000000,0.000000
9,equal,30400,8.000,0,5,0.500,0.500,0.400,K2o,jam,-40.000000,-24.291667,19.635417,15.708333,59.635417,0.490885,0.490885,80.000000,-80.000000,0.000000,0.000000,0.000000,0.000000
9,equal,30400,8.000,0,5,0.500,0.500,0.400,K5o,jam,-40.000000,-24.343750,19.570312,15.656250,59.570312,0.489258,0.489258,80.000000,-80.000000,0.000000,0.000000,0.000000,0.000000
9,equal,30400,8.000,0,5,0.500,0.500,0.400,55,jam,-40.000000,-24.354167,19.557292,15.645833,59.557292,0.488932,0.488932,80.000000,-80.000000,0.000000,0.000000,0.000000,0.000000
9,equal,30400,8.000,0,5,0.500,0.500,0.400,33,jam,-40.000000,-24.625000,19.218750,15.375000,59.218750,0.480469,0.480469,80.000000,-80.000000,0.000000,0.000000,0.000000,0.000000
9,equal,30400,8.000,0,5,0.500,0.500,0.400,T9o,jam,-40.000000,-24.729167,19.088542,15.270833,59.088542,0.477214,0.477214,80.000000,-80.000000,0.000000,0.000000,0.000000,0.000000
9,equal,30400,8.000,0,5,0.500,0.500,0.400,22,jam,-40.000000,-25.145833,18.567708,14.854167,58.567708,0.464193,0.464193,80.000000,-80.000000,0.000000,0.000000,0.000000,0.000000
9,equal,30400,8.000,0,5,0.500,0.500,0.400,77,jam,-40.000000,-25.229167,18.463542,14.770833,58.463542,0.461589,0.461589,80.000000,-80.000000,0.000000,0.000000,0.000000,0.000000
9,equal,30400,8.000,0,5,0.500,0.500,0.400,44,jam,-40.000000,-25.958333,17.552083,14.041667,57.552083,0.438802,0.438802,80.000000,-80.000000,0.000000,0.000000,0.000000,0.000000
9,equal,30400,8.000,0,5,0.500,0.500,0.400,76s,jam,-40.000000,-27.875000,15.156250,12.125000,55.156250,0.378906,0.378906,80.000000,-80.000000,0.000000,0.000000,0.000000,0.000000
9,equal,30400,8.000,0,5,0.500,0.500,0.400,72s,jam,-40.000000,-28.250000,14.687500,11.750000,54.687500,0.367188,0.367188,80.000000,-80.000000,0.000000,0.000000,0.000000,0.000000
9,equal,30400,8.000,0,5,0.500,0.500,0.400,75s,jam,-40.000000,-28.437500,14.453125,11.562500,54.453125,0.361328,0.361328,80.000000,-80.000000,0.000000,0.000000,0.000000,0.000000
9,equal,30400,8.000,0,5,0.500,0.500,0.400,42s,jam,-40.000000,-28.468750,14.414062,11.531250,54.414062,0.360352,0.360352,80.000000,-80.000000,0.000000,0.000000,0.000000,0.000000
9,equal,30400,8.000,0,5,0.500,0.500,0.400,54o,jam,-40.000000,-28.489583,14.388021,11.510417,54.388021,0.359701,0.359701,80.000000,-80.000000,0.000000,0.000000,0.000000,0.000000
9,equal,30400,8.000,0,5,0.500,0.500,0.400,76o,jam,-40.000000,-28.510417,14.361979,11.489583,54.361979,0.359049,0.359049,80.000000,-80.000000,0.000000,0.000000,0.000000,0.000000
9,equal,30400,8.000,0,5,0.500,0.500,0.400,43s,jam,-40.000000,-28.625000,14.218750,11.375000,54.218750,0.355469,0.355469,80.000000,-80.000000,0.000000,0.000000,0.000000,0.000000
9,equal,30400,8.000,0,5,0.500,0.500,0.400,52s,jam,-40.000000,-28.718750,14.101562,11.281250,54.101562,0.352539,0.352539,80.000000,-80.000000,0.000000,0.000000,0.000000,0.000000
9,equal,30400,8.000,0,5,0.500,0.500,0.400,T3s,jam,-40.000000,-28.791667,14.010417,11.208333,54.010417,0.350260,0.350260,80.000000,-80.000000,0.000000,0.000000,0.000000,0.000000
9,equal,30400,8.000,0,5,0.500,0.500,0.400,86s,jam,-40.000000,-28.812500,13.984375,11.187500,53.984375,0.349609,0.349609,80.000000,-80.000000,0.000000,0.000000,0.000000,0.000000
9,equal,30400,8.000,0,5,0.500,0.500,0.400,73s,jam,-40.000000,-28.812500,13.984375,11.187500,53.984375,0.349609,0.349609,80.000000,-80.000000,0.000000,0.000000,0.000000,0.000000
9,equal,30400,8.000,0,5,0.500,0.500,0.400,87o,jam,-40.000000,-28.875000,13.906250,11.125000,53.906250,0.347656,0.347656,80.000000,-80.000000,0.000000,0.000000,0.000000,0.000000
9,equal,30400,8.000,0,5,0.500,0.500,0.400,85s,jam,-40.000000,-28.875000,13.906250,11.125000,53.906250,0.347656,0.347656,80.000000,-80.000000,0.000000,0.000000,0.000000,0.000000
9,equal,30400,8.000,0,5,0.500,0.500,0.400,74s,jam,-40.000000,-28.937500,13.828125,11.062500,53.828125,0.345703,0.345703,80.000000,-80.000000,0.000000,0.000000,0.000000,0.000000
9,equal,30400,8.000,0,5,0.500,0.500,0.400,63s,jam,-40.000000,-28.937500,13.828125,11.062500,53.828125,0.345703,0.345703,80.000000,-80.000000,0.000000,0.000000,0.000000,0.000000
9,equal,30400,8.000,0,5,0.500,0.500,0.400,T8s,jam,-40.000000,-28.958333,13.802083,11.041667,53.802083,0.345052,0.345052,80.000000,-80.000000,0.000000,0.000000,0.000000,0.000000
9,equal,30400,8.000,0,5,0.500,0.500,0.400,65s,jam,-40.000000,-29.000000,13.750000,11.000000,53.750000,0.343750,0.343750,80.000000,-80.000000,0.000000,0.000000,0.000000,0.000000
9,equal,30400,8.000,0,5,0.500,0.500,0.400,53s,jam,-40.000000,-29.093750,13.632812,10.906250,53.632812,0.340820,0.340820,80.000000,-80.000000,0.000000,0.000000,0.000000,0.000000
9,equal,30400,8.000,0,5,0.500,0.500,0.400,87s,jam,-40.000000,-29.218750,13.476562,10.781250,53.476562,0.336914,0.336914,80.000000,-80.000000,0.000000,0.000000,0.000000,0.000000
9,equal,30400,8.000,0,5,0.500,0.500,0.400,53o,jam,-40.000000,-29.229167,13.463542,10.770833,53.463542,0.336589,0.336589,80.000000,-80.000000,0.000000,0.000000,0.000000,0.000000
9,equal,30400,8.000,0,5,0.500,0.500,0.400,65o,jam,-40.000000,-29.250000,13.437500,10.750000,53.437500,0.335938,0.335938,80.000000,-80.000000,0.000000,0.000000,0.000000,0.000000
9,equal,30400,8.000,0,5,0.500,0.500,0.400,52o,jam,-40.000000,-29.395833,13.255208,10.604167,53.255208,0.331380,0.331380,80.000000,-80.000000,0.000000,0.000000,0.000000,0.000000
9,equal,30400,8.000,0,5,0.500,0.500,0.400,32o,jam,-40.000000,-29.427083,13.216146,10.572917,53.216146,0.330404,0.330404,80.000000,-80.000000,0.000000,0.000000,0.000000,0.000000
9,equal,30400,8.000,0,5,0.500,0.500,0.400,64o,jam,-40.000000,-29.510417,13.111979,10.489583,53.111979,0.327799,0.327799,80.000000,-80.000000,0.000000,0.000000,0.000000,0.000000
9,equal,30400,8.000,0,5,0.500,0.500,0.400,84s,jam,-40.000000,-29.531250,13.085938,10.468750,53.085938,0.327148,0.327148,80.000000,-80.000000,0.000000,0.000000,0.000000,0.000000
9,equal,30400,8.000,0,5,0.500,0.500,0.400,62s,jam,-40.000000,-29.562500,13.046875,10.437500,53.046875,0.326172,0.326172,80.000000,-80.000000,0.000000,0.000000,0.000000,0.000000
9,equal,30400,8.000,0,5,0.500,0.500,0.400,63o,jam,-40.000000,-29.583333,13.020833,10.416667,53.020833,0.325521,0.325521,80.000000,-80.000000,0.000000,0.000000,0.000000,0.000000
9,equal,30400,8.000,0,5,0.500,0.500,0.400,42o,jam,-40.000000,-29.625000,12.968750,10.375000,52.968750,0.324219,0.324219,80.000000,-80.000000,0.000000,0.000000,0.000000,0.000000
9,equal,30400,8.000,0,5,0.500,0.500,0.400,43o,jam,-40.000000,-29.645833,12.942708,10.354167,52.942708,0.323568,0.323568,80.000000,-80.000000,0.000000,0.000000,0.000000,0.000000
9,equal,30400,8.000,0,5,0.500,0.500,0.400,54s,jam,-40.000000,-29.656250,12.929688,10.343750,52.929688,0.323242,0.323242,80.000000,-80.000000,0.000000,0.000000,0.000000,0.000000
9,equal,30400,8.000,0,5,0.500,0.500,0.400,T6s,jam,-40.000000,-29.666667,12.916667,10.333333,52.916667,0.322917,0.322917,80.000000,-80.000000,0.000000,0.000000,0.000000,0.000000
9,equal,30400,8.000,0,5,0.500,0.500,0.400,92s,jam,-40.000000,-29.666667,12.916667,10.333333,52.916667,0.322917,0.322917,80.000000,-80.000000,0.000000,0.000000,0.000000,0.000000
9,equal,30400,8.000,0,5,0.500,0.500,0.400,62o,jam,-40.000000,-29.729167,12.838542,10.270833,52.838542,0.320964,0.320964,80.000000,-80.000000,0.000000,0.000000,0.000000,0.000000
9,equal,30400,8.000,0,5,0.500,0.500,0.400,96s,jam,-40.000000,-29.750000,12.812500,10.250000,52.812500,0.320312,0.320312,80.000000,-80.000000,0.000000,0.000000,0.000000,0.000000
9,equal,30400,8.000,0,5,0.500,0.500,0.400,75o,jam,-40.000000,-29.760417,12.799479,10.239583,52.799479,0.319987,0.319987,80.000000,-80.000000,0.000000,0.000000,0.000000,0.000000
9,equal,30400,8.000,0,5,0.500,0.500,0.400,86o,jam,-40.000000,-29.854167,12.682292,10.145833,52.682292,0.317057,0.317057,80.000000,-80.000000,0.000000,0.000000,0.000000,0.000000
9,equal,30400,8.000,0,5,0.500,0.500,0.400,T2s,jam,-40.000000,-29.875000,12.656250,10.125000,52.656250,0.316406,0.316406,80.000000,-80.000000,0.000000,0.000000,0.000000,0.000000
9,equal,30400,8.000,0,5,0.500,0.500,0.400,82s,jam,-40.000000,-29.937500,12.578125,10.062500,52.578125,0.314453,0.314453,80.000000,-80.000000,0.000000,0.000000,0.000000,0.000000
9,equal,30400,8.000,0,5,0.500,0.500,0.400,83s,jam,-40.000000,-29.968750,12.539062,10.031250,52.539062,0.313477,0.313477,80.000000,-80.000000,0.000000,0.000000,0.000000,0.000000
9,equal,30400,8.000,0,5,0.500,0.500,0.400,T7s,jam,-40.000000,-30.041667,12.447917,9.958333,52.447917,0.311198,0.311198,80.000000,-80.000000,0.000000,0.000000,0.000000,0.000000
9,equal,30400,8.000,0,5,0.500,0.500,0.400,T5s,jam,-40.000000,-30.208333,12.239583,9.791667,52.239583,0.305990,0.305990,80.000000,-80.000000,0.000000,0.000000,0.000000,0.000000
9,equal,30400,8.000,0,5,0.500,0.500,0.400,85o,jam,-40.000000,-30.302083,12.122396,9.697917,52.122396,0.303060,0.303060,80.000000,-80.000000,0.000000,0.000000,0.000000,0.000000
9,equal,30400,8.000,0,5,0.500,0.500,0.400,84o,jam,-40.000000,-30.322917,12.096354,9.677083,52.096354,0.302409,0.302409,80.000000,-80.000000,0.000000,0.000000,0.000000,0.000000
9,equal,30400,8.000,0,5,0.500,0.500,0.400,T4s,jam,-40.000000,-30.333333,12.083333,9.666667,52.083333,0.302083,0.302083,80.000000,-80.000000,0.000000,0.000000,0.000000,0.000000
9,equal,30400,8.000,0,5,0.500,0.500,0.400,93s,jam,-40.000000,-30.333333,12.083333,9.666667,52.083333,0.302083,0.302083,80.000000,-80.000000,0.000000,0.000000,0.000000,0.000000
9,equal,30400,8.000,0,5,0.500,0.500,0.400,73o,jam,-40.000000,-30.385417,12.018229,9.614583,52.018229,0.300456,0.300456,80.000000,-80.000000,0.000000,0.000000,0.000000,0.000000
9,equal,30400,8.000,0,5,0.500,0.500,0.400,74o,jam,-40.000000,-30.468750,11.914062,9.531250,51.914062,0.297852,0.297852,80.000000,-80.000000,0.000000,0.000000,0.000000,0.000000
9,equal,30400,8.000,0,5,0.500,0.500,0.400,97s,jam,-40.000000,-30.500000,11.875000,9.500000,51.875000,0.296875,0.296875,80.000000,-80.000000,0.000000,0.000000,0.000000,0.000000
9,equal,30400,8.000,0,5,0.500,0.500,0.400,94s,jam,-40.000000,-30.541667,11.822917,9.458333,51.822917,0.295573,0.295573,80.000000,-80.000000,0.000000,0.000000,0.000000,0.000000
9,equal,30400,8.000,0,5,0.500,0.500,0.400,95s,jam,-40.000000,-30.708333,11.614583,9.291667,51.614583,0.290365,0.290365,80.000000,-80.000000,0.000000,0.000000,0.000000,0.000000
9,equal,30400,8.000,0,5,0.500,0.500,0.400,T6o,jam,-40.000000,-30.722222,11.597222,9.277778,51.597222,0.289931,0.289931,80.000000,-80.000000,0.000000,0.000000,0.000000,0.000000
9,equal,30400,8.000,0,5,0.500,0.500,0.400,T2o,jam,-40.000000,-30.722222,11.597222,9.277778,51.597222,0.289931,0.289931,80.000000,-80.000000,0.000000,0.000000,0.000000,0.000000
9,equal,30400,8.000,0,5,0.500,0.500,0.400,T5o,jam,-40.000000,-30.750000,11.562500,9.250000,51.562500,0.289062,0.289062,80.000000,-80.000000,0.000000,0.000000,0.000000,0.000000
9,equal,30400,8.000,0,5,0.500,0.500,0.400,72o,jam,-40.000000,-30.770833,11.536458,9.229167,51.536458,0.288411,0.288411,80.000000,-80.000000,0.000000,0.000000,0.000000,0.000000
9,equal,30400,8.000,0,5,0.500,0.500,0.400,T8o,jam,-40.000000,-30.777778,11.527778,9.222222,51.527778,0.288194,0.288194,80.000000,-80.000000,0.000000,0.000000,0.000000,0.000000
9,equal,30400,8.000,0,5,0.500,0.500,0.400,98s,jam,-40.000000,-30.791667,11.510417,9.208333,51.510417,0.287760,0.287760,80.000000,-80.000000,0.000000,0.000000,0.000000,0.000000
9,equal,30400,8.000,0,5,0.500,0.500,0.400,64s,jam,-40.000000,-30.812500,11.484375,9.187500,51.484375,0.287109,0.287109,80.000000,-80.000000,0.000000,0.000000,0.000000,0.000000
9,equal,30400,8.000,0,5,0.500,0.500,0.400,T7o,jam,-40.000000,-30.916667,11.354167,9.083333,51.354167,0.283854,0.283854,80.000000,-80.000000,0.000000,0.000000,0.000000,0.000000
9,equal,30400,8.000,0,5,0.500,0.500,0.400,82o,jam,-40.000000,-31.000000,11.250000,9.000000,51.250000,0.281250,0.281250,80.000000,-80.000000,0.000000,0.000000,0.000000,0.000000
9,equal,30400,8.000,0,5,0.500,0.500,0.400,83o,jam,-40.000000,-31.093750,11.132812,8.906250,51.132812,0.278320,0.278320,80.000000,-80.000000,0.000000,0.000000,0.000000,0.000000
9,equal,30400,8.000,0,5,0.500,0.500,0.400,32s,jam,-40.000000,-31.218750,10.976562,8.781250,50.976562,0.274414,0.274414,80.000000,-80.000000,0.000000,0.000000,0.000000,0.000000
9,equal,30400,8.000,0,5,0.500,0.500,0.400,T4o,jam,-40.000000,-31.236111,10.954861,8.763889,50.954861,0.273872,0.273872,80.000000,-80.000000,0.000000,0.000000,0.000000,0.000000
9,equal,30400,8.000,0,5,0.500,0.500,0.400,T3o,jam,-40.000000,-31.291667,10.885417,8.708333,50.885417,0.272135,0.272135,80.000000,-80.000000,0.000000,0.000000,0.000000,0.000000
9,equal,30400,8.000,0,5,0.500,0.500,0.400,93o,jam,-40.000000,-31.375000,10.781250,8.625000,50.781250,0.269531,0.269531,80.000000,-80.000000,0.000000,0.000000,0.000000,0.000000
9,equal,30400,8.000,0,5,0.500,0.500,0.400,98o,jam,-40.000000,-31.638889,10.451389,8.361111,50.451389,0.261285,0.261285,80.000000,-80.000000,0.000000,0.000000,0.000000,0.000000
9,equal,30400,8.000,0,5,0.500,0.500,0.400,96o,jam,-40.000000,-31.736111,10.329861,8.263889,50.329861,0.258247,0.258247,80.000000,-80.000000,0.000000,0.000000,0.000000,0.000000
9,equal,30400,8.000,0,5,0.500,0.500,0.400,97o,jam,-40.000000,-31.750000,10.312500,8.250000,50.312500,0.257812,0.257812,80.000000,-80.000000,0.000000,0.000000,0.000000,0.000000
9,equal,30400,8.000,0,5,0.500,0.500,0.400,94o,jam,-40.000000,-31.944444,10.069444,8.055556,50.069444,0.251736,0.251736,80.000000,-80.000000,0.000000,0.000000,0.000000,0.000000
9,equal,30400,8.000,0,5,0.500,0.500,0.400,92o,jam,-40.000000,-32.277778,9.652778,7.722222,49.652778,0.241319,0.241319,80.000000,-80.000000,0.000000,0.000000,0.000000,0.000000
9,equal,30400,8.000,0,5,0.500,0.500,0.400,95o,jam,-40.000000,-32.736111,9.079861,7.263889,49.079861,0.226997,0.226997,80.000000,-80.000000,0.000000,0.000000,0.000000,0.000000
9,equal,30400,8.000,0,5,0.500,1.000,0.400,99,jam,-40.000000,-20.125000,30.729167,19.875000,70.729167,0.621094,0.884115,80.000000,-80.000000,0.000000,0.000000,0.000000,0.000000
9,equal,30400,8.000,0,5,0.500,1.000,0.400,TT,jam,-40.000000,-13.875000,28.871528,26.125000,68.871528,0.816406,0.860894,80.000000,-80.000000,0.000000,0.000000,0.000000,0.000000
9,equal,30400,8.000,0,5,0.500,1.000,0.400,JJ,jam,-40.000000,-13.562500,27.274306,26.437500,67.274306,0.826172,0.840929,80.000000,-80.000000,0.000000,0.000000,0.000000,0.000000
9,equal,30400,8.000,0,5,0.500,1.000,0.400,KK,jam,-40.000000,-15.020833,26.788194,24.979167,66.788194,0.780599,0.834852,80.000000,-80.000000,0.000000,0.000000,0.000000,0.000000
9,equal,30400,8.000,0,5,0.500,1.000,0.400,AA,jam,-40.000000,-14.791667,25.746528,25.208333,65.746528,0.787760,0.821832,80.000000,-80.000000,0.000000,0.000000,0.000000,0.000000
9,equal,30400,8.000,0,5,0.500,1.000,0.400,QQ,jam,-40.000000,-13.854167,25.364583,26.145833,65.364583,0.817057,0.817057,80.000000,-80.000000,0.000000,0.000000,0.000000,0.000000
9,equal,30400,8.000,0,5,0.500,1.000,0.400,T9s,jam,-40.000000,-24.000000,19.375000,16.000000,59.375000,0.500000,0.742188,80.000000,-80.000000,0.000000,0.000000,0.000000,0.000000
9,equal,30400,8.000,0,5,0.500,1.000,0.400,J9o,jam,-40.000000,-18.555556,19.189815,21.444444,59.189815,0.670139,0.739873,80.000000,-80.000000,0.000000,0.000000,0.000000,0.000000
9,equal,30400,8.000,0,5,0.500,1.000,0.400,Q9s,jam,-40.000000,-18.750000,18.958333,21.250000,58.958333,0.664062,0.736979,80.000000,-80.000000,0.000000,0.000000,0.000000,0.000000
9,equal,30400,8.000,0,5,0.500,1.000,0.400,J7s,jam,-40.000000,-21.812500,18.402778,18.187500,58.402778,0.568359,0.730035,80.000000,-80.000000,0.000000,0.000000,0.000000,0.000000
9,equal,30400,8.000,0,5,0.500,1.000,0.400,T9o,jam,-40.000000,-24.729167,18.368056,15.270833,58.368056,0.477214,0.729601,80.000000,-80.000000,0.000000,0.000000,0.000000,0.000000
9,equal,30400,8.000,0,5,0.500,1.000,0.400,A9s,jam,-40.000000,-18.083333,18.194444,21.916667,58.194444,0.684896,0.727431,80.000000,-80.000000,0.000000,0.000000,0.000000,0.000000
9,equal,30400,8.000,0,5,0.500,1.000,0.400,J9s,jam,-40.000000,-16.125000,18.055556,23.875000,58.055556,0.746094,0.725694,80.000000,-80.000000,0.000000,0.000000,0.000000,0.000000
9,equal,30400,8.000,0,5,0.500,1.000,0.400,Q9o,jam,-40.000000,-18.444444,17.881944,21.555556,57.881944,0.673611,0.723524,80.000000,-80.000000,0.000000,0.000000,0.000000,0.000000
9,equal,30400,8.000,0,5,0.500,1.000,0.400,A7s,jam,-40.000000,-22.375000,17.534722,17.625000,57.534722,0.550781,0.719184,80.000000,-80.000000,0.000000,0.000000,0.000000,0.000000
9,equal,30400,8.000,0,5,0.500,1.000,0.400,K7s,jam,-40.000000,-22.406250,17.534722,17.593750,57.534722,0.549805,0.719184,80.000000,-80.000000,0.000000,0.000000,0.000000,0.000000
9,equal,30400,8.000,0,5,0.500,1.000,0.400,Q7s,jam,-40.000000,-21.531250,17.326389,18.468750,57.326389,0.577148,0.716580,80.000000,-80.000000,0.000000,0.000000,0.000000,0.000000
9,equal,30400,8.000,0,5,0.500,1.000,0.400,K9s,jam,-40.000000,-18.916667,17.083333,21.083333,57.083333,0.658854,0.713542,80.000000,-80.000000,0.000000,0.000000,0.000000,0.000000
9,equal,30400,8.000,0,5,0.500,1.000,0.400,A9o,jam,-40.000000,-18.930556,17.083333,21.069444,57.083333,0.658420,0.713542,80.000000,-80.000000,0.000000,0.000000,0.000000,0.000000
9,equal,30400,8.000,0,5,0.500,1.000,0.400,T7s,jam,-40.000000,-30.041667,17.048611,9.958333,57.048611,0.311198,0.713108,80.000000,-80.000000,0.000000,0.000000,0.000000,0.000000
9,equal,30400,8.000,0,5,0.500,1.000,0.400,J7o,jam,-40.000000,-23.406250,16.956019,16.593750,56.956019,0.518555,0.711950,80.000000,-80.000000,0.000000,0.000000,0.000000,0.000000
9,equal,30400,8.000,0,5,0.500,1.000,0.400,A7o,jam,-40.000000,-23.552083,16.944444,16.447917,56.944444,0.513997,0.711806,80.000000,-80.000000,0.000000,0.000000,0.000000,0.000000
9,equal,30400,8.000,0,5,0.500,1.000,0.400,K7o,jam,-40.000000,-23.083333,16.747685,16.916667,56.747685,0.528646,0.709346,80.000000,-80.000000,0.000000,0.000000,0.000000,0.000000
9,equal,30400,8.000,0,5,0.500,1.000,0.400,K9o,jam,-40.000000,-18.555556,16.215278,21.444444,56.215278,0.670139,0.702691,80.000000,-80.000000,0.000000,0.000000,0.000000,0.000000
9,equal,30400,8.000,0,5,0.500,1.000,0.400,Q7o,jam,-40.000000,-24.000000,16.215278,16.000000,56.215278,0.500000,0.702691,80.000000,-80.000000,0.000000,0.000000,0.000000,0.000000
9,equal,30400,8.000,0,5,0.500,1.000,0.400,98s,jam,-40.000000,-30.791667,15.833333,9.208333,55.833333,0.287760,0.697917,80.000000,-80.000000,0.000000,0.000000,0.000000,0.000000
9,equal,30400,8.000,0,5,0.500,1.000,0.400,T7o,jam,-40.000000,-30.916667,15.729167,9.083333,55.729167,0.283854,0.696615,80.000000,-80.000000,0.000000,0.000000,0.000000,0.000000
9,equal,30400,8.000,0,5,0.500,1.000,0.400,JTs,jam,-40.000000,-17.500000,15.651042,22.500000,55.651042,0.703125,0.695638,80.000000,-80.000000,0.000000,0.000000,0.000000,0.000000
9,equal,30400,8.000,0,5,0.500,1.000,0.400,88,jam,-40.000000,-23.458333,14.930556,16.541667,54.930556,0.516927,0.686632,80.000000,-80.000000,0.000000,0.000000,0.000000,0.000000
9,equal,30400,8.000,0,5,0.500,1.000,0.400,QJs,jam,-40.000000,-19.000000,14.453125,21.000000,54.453125,0.656250,0.680664,80.000000,-80.000000,0.000000,0.000000,0.000000,0.000000
9,equal,30400,8.000,0,5,0.500,1.000,0.400,JTo,jam,-40.000000,-17.819444,14.418403,22.180556,54.418403,0.693142,0.680230,80.000000,-80.000000,0.000000,0.000000,0.000000,0.000000
9,equal,30400,8.000,0,5,0.500,1.000,0.400,QTs,jam,-40.000000,-17.708333,14.036458,22.291667,54.036458,0.696615,0.675456,80.000000,-80.000000,0.000000,0.000000,0.000000,0.000000
9,equal,30400,8.000,0,5,0.500,1.000,0.400,AJs,jam,-40.000000,-19.500000,13.697917,20.500000,53.697917,0.640625,0.671224,80.000000,-80.000000,0.000000,0.000000,0.000000,0.000000
9,equal,30400,8.000,0,5,0.500,1.000,0.400,77,jam,-40.000000,-25.229167,13.611111,14.770833,53.611111,0.461589,0.670139,80.000000,-80.000000,0.000000,0.000000,0.000000,0.000000
9,equal,30400,8.000,0,5,0.500,1.000,0.400,98o,jam,-40.000000,-31.638889,13.368056,8.361111,53.368056,0.261285,0.667101,80.000000,-80.000000,0.000000,0.000000,0.000000,0.000000
9,equal,30400,8.000,0,5,0.500,1.000,0.400,KTs,jam,-40.000000,-18.500000,13.255208,21.500000,53.255208,0.671875,0.665690,80.000000,-80.000000,0.000000,0.000000,0.000000,0.000000
9,equal,30400,8.000,0,5,0.500,1.000,0.400,T8s,jam,-40.000000,-28.958333,12.916667,11.041667,52.916667,0.345052,0.661458,80.000000,-80.000000,0.000000,0.000000,0.000000,0.000000
9,equal,30400,8.000,0,5,0.500,1.000,0.400,ATs,jam,-40.000000,-18.166667,12.890625,21.833333,52.890625,0.682292,0.661133,80.000000,-80.000000,0.000000,0.000000,0.000000,0.000000
9,equal,30400,8.000,0,5,0.500,1.000,0.400,AQs,jam,-40.000000,-19.468750,12.578125,20.531250,52.578125,0.641602,0.657227,80.000000,-80.000000,0.000000,0.000000,0.000000,0.000000
9,equal,30400,8.000,0,5,0.500,1.000,0.400,J8s,jam,-40.000000,-21.156250,12.552083,18.843750,52.552083,0.588867,0.656901,80.000000,-80.000000,0.000000,0.000000,0.000000,0.000000
9,equal,30400,8.000,0,5,0.500,1.000,0.400,QTo,jam,-40.000000,-18.638889,12.526042,21.361111,52.526042,0.667535,0.656576,80.000000,-80.000000,0.000000,0.000000,0.000000,0.000000
9,equal,30400,8.000,0,5,0.500,1.000,0.400,KQs,jam,-40.000000,-18.968750,12.500000,21.031250,52.500000,0.657227,0.656250,80.000000,-80.000000,0.000000,0.000000,0.000000,0.000000
9,equal,30400,8.000,0,5,0.500,1.000,0.400,KJo,jam,-40.000000,-20.947917,12.239583,19.052083,52.239583,0.595378,0.652995,80.000000,-80.000000,0.000000,0.000000,0.000000,0.000000
9,equal,30400,8.000,0,5,0.500,1.000,0.400,QJo,jam,-40.000000,-20.083333,12.013889,19.916667,52.013889,0.622396,0.650174,80.000000,-80.000000,0.000000,0.000000,0.000000,0.000000
9,equal,30400,8.000,0,5,0.500,1.000,0.400,AQo,jam,-40.000000,-21.510417,11.892361,18.489583,51.892361,0.577799,0.648655,80.000000,-80.000000,0.000000,0.000000,0.000000,0.000000
9,equal,30400,8.000,0,5,0.500,1.000,0.400,KQo,jam,-40.000000,-20.812500,11.831597,19.187500,51.831597,0.599609,0.647895,80.000000,-80.000000,0.000000,0.000000,0.000000,0.000000
9,equal,30400,8.000,0,5,0.500,1.000,0.400,KTo,jam,-40.000000,-18.125000,11.762153,21.875000,51.762153,0.683594,0.647027,80.000000,-80.000000,0.000000,0.000000,0.000000,0.000000
9,equal,30400,8.000,0,5,0.500,1.000,0.400,T8o,jam,-40.000000,-30.777778,11.701389,9.222222,51.701389,0.288194,0.646267,80.000000,-80.000000,0.000000,0.000000,0.000000,0.000000
9,equal,30400,8.000,0,5,0.500,1.000,0.400,AKo,jam,-40.000000,-21.656250,11.614583,18.343750,51.614583,0.573242,0.645182,80.000000,-80.000000,0.000000,0.000000,0.000000,0.000000
9,equal,30400,8.000,0,5,0.500,1.000,0.400,KJs,jam,-40.000000,-19.218750,11.510417,20.781250,51.510417,0.649414,0.643880,80.000000,-80.000000,0.000000,0.000000,0.000000,0.000000
9,equal,30400,8.000,0,5,0.500,1.000,0.400,AJo,jam,-40.000000,-20.583333,11.501736,19.416667,51.501736,0.606771,0.643772,80.000000,-80.000000,0.000000,0.000000,0.000000,0.000000
9,equal,30400,8.000,0,5,0.500,1.000,0.400,AKs,jam,-40.000000,-19.625000,11.171875,20.375000,51.171875,0.636719,0.639648,80.000000,-80.000000,0.000000,0.000000,0.000000,0.000000
9,equal,30400,8.000,0,5,0.500,1.000,0.400,ATo,jam,-40.000000,-17.652778,10.859375,22.347222,50.859375,0.698351,0.635742,80.000000,-80.000000,0.000000,0.000000,0.000000,0.000000
9,equal,30400,8.000,0,5,0.500,1.000,0.400,K8s,jam,-40.000000,-22.687500,10.390625,17.312500,50.390625,0.541016,0.629883,80.000000,-80.000000,0.000000,0.000000,0.000000,0.000000
9,equal,30400,8.000,0,5,0.500,1.000,0.400,Q8s,jam,-40.000000,-21.156250,9.843750,18.843750,49.843750,0.588867,0.623047,80.000000,-80.000000,0.000000,0.000000,0.000000,0.000000
9,equal,30400,8.000,0,5,0.500,1.000,0.400,A8s,jam,-40.000000,-21.281250,9.557292,18.718750,49.557292,0.584961,0.619466,80.000000,-80.000000,0.000000,0.000000,0.000000,0.000000
9,equal,30400,8.000,0,5,0.500,1.000,0.400,J8o,jam,-40.000000,-22.500000,9.149306,17.500000,49.149306,0.546875,0.614366,80.000000,-80.000000,0.000000,0.000000,0.000000,0.000000
9,equal,30400,8.000,0,5,0.500,1.000,0.400,A6s,jam,-40.000000,-21.937500,9.140625,18.062500,49.140625,0.564453,0.614258,80.000000,-80.000000,0.000000,0.000000,0.000000,0.000000
9,equal,30400,8.000,0,5,0.500,1.000,0.400,Q8o,jam,-40.000000,-22.791667,8.854167,17.208333,48.854167,0.537760,0.610677,80.000000,-80.000000,0.000000,0.000000,0.000000,0.000000
9,equal,30400,8.000,0,5,0.500,1.000,0.400,A4s,jam,-40.000000,-22.718750,8.333333,17.281250,48.333333,0.540039,0.604167,80.000000,-80.000000,0.000000,0.000000,0.000000,0.000000
9,equal,30400,8.000,0,5,0.500,1.000,0.400,Q3s,jam,-40.000000,-23.656250,8.333333,16.343750,48.333333,0.510742,0.604167,80.000000,-80.000000,0.000000,0.000000,0.000000,0.000000
9,equal,30400,8.000,0,5,0.500,1.000,0.400,A8o,jam,-40.000000,-22.500000,8.220486,17.500000,48.220486,0.546875,0.602756,80.000000,-80.000000,0.000000,0.000000,0.000000,0.000000
9,equal,30400,8.000,0,5,0.500,1.000,0.400,K4s,jam,-40.000000,-22.968750,7.968750,17.031250,47.968750,0.532227,0.599609,80.000000,-80.000000,0.000000,0.000000,0.000000,0.000000
9,equal,30400,8.000,0,5,0.500,1.000,0.400,K5s,jam,-40.000000,-21.500000,7.812500,18.500000,47.812500,0.578125,0.597656,80.000000,-80.000000,0.000000,0.000000,0.000000,0.000000
9,equal,30400,8.000,0,5,0.500,1.000,0.400,A5s,jam,-40.000000,-22.625000,7.734375,17.375000,47.734375,0.542969,0.596680,80.000000,-80.000000,0.000000,0.000000,0.000000,0.000000
9,equal,30400,8.000,0,5,0.500,1.000,0.400,T4s,jam,-40.000000,-30.333333,7.578125,9.666667,47.578125,0.302083,0.594727,80.000000,-80.000000,0.000000,0.000000,0.000000,0.000000
9,equal,30400,8.000,0,5,0.500,1.000,0.400,Q5s,jam,-40.000000,-22.250000,7.421875,17.750000,47.421875,0.554688,0.592773,80.000000,-80.000000,0.000000,0.000000,0.000000,0.000000
9,equal,30400,8.000,0,5,0.500,1.000,0.400,K6s,jam,-40.000000,-22.281250,7.421875,17.718750,47.421875,0.553711,0.592773,80.000000,-80.000000,0.000000,0.000000,0.000000,0.000000
9,equal,30400,8.000,0,5,0.500,1.000,0.400,J3s,jam,-40.000000,-23.718750,7.265625,16.281250,47.265625,0.508789,0.590820,80.000000,-80.000000,0.000000,0.000000,0.000000,0.000000
9,equal,30400,8.000,0,5,0.500,1.000,0.400,Q6s,jam,-40.000000,-22.125000,7.083333,17.875000,47.083333,0.558594,0.588542,80.000000,-80.000000,0.000000,0.000000,0.000000,0.000000
9,equal,30400,8.000,0,5,0.500,1.000,0.400,T5s,jam,-40.000000,-30.208333,6.953125,9.791667,46.953125,0.305990,0.586914,80.000000,-80.000000,0.000000,0.000000,0.000000,0.000000
9,equal,30400,8.000,0,5,0.500,1.000,0.400,T3s,jam,-40.000000,-28.791667,6.848958,11.208333,46.848958,0.350260,0.585612,80.000000,-80.000000,0.000000,0.000000,0.000000,0.000000
9,equal,30400,8.000,0,5,0.500,1.000,0.400,T6s,jam,-40.000000,-29.666667,6.796875,10.333333,46.796875,0.322917,0.584961,80.000000,-80.000000,0.000000,0.000000,0.000000,0.000000
9,equal,30400,8.000,0,5,0.500,1.000,0.400,K8o,jam,-40.000000,-23.104167,6.727431,16.895833,46.727431,0.527995,0.584093,80.000000,-80.000000,0.000000,0.000000,0.000000,0.000000
9,equal,30400,8.000,0,5,0.500,1.000,0.400,K3s,jam,-40.000000,-23.156250,6.588542,16.843750,46.588542,0.526367,0.582357,80.000000,-80.000000,0.000000,0.000000,0.000000,0.000000
9,equal,30400,8.000,0,5,0.500,1.000,0.400,Q4s,jam,-40.000000,-22.437500,6.484375,17.562500,46.484375,0.548828,0.581055,80.000000,-80.000000,0.000000,0.000000,0.000000,0.000000
9,equal,30400,8.000,0,5,0.500,1.000,0.400,A5o,jam,-40.000000,-23.145833,6.458333,16.854167,46.458333,0.526693,0.580729,80.000000,-80.000000,0.000000,0.000000,0.000000,0.000000
9,equal,30400,8.000,0,5,0.500,1.000,0.400,J6s,jam,-40.000000,-20.968750,6.406250,19.031250,46.406250,0.594727,0.580078,80.000000,-80.000000,0.000000,0.000000,0.000000,0.000000
9,equal,30400,8.000,0,5,0.500,1.000,0.400,J5s,jam,-40.000000,-22.406250,6.328125,17.593750,46.328125,0.549805,0.579102,80.000000,-80.000000,0.000000,0.000000,0.000000,0.000000
9,equal,30400,8.000,0,5,0.500,1.000,0.400,A3s,jam,-40.000000,-21.375000,6.276042,18.625000,46.276042,0.582031,0.578451,80.000000,-80.000000,0.000000,0.000000,0.000000,0.000000
9,equal,30400,8.000,0,5,0.500,1.000,0.400,J2s,jam,-40.000000,-23.187500,6.015625,16.812500,46.015625,0.525391,0.575195,80.000000,-80.000000,0.000000,0.000000,0.000000,0.000000
9,equal,30400,8.000,0,5,0.500,1.000,0.400,K2s,jam,-40.000000,-22.562500,5.989583,17.437500,45.989583,0.544922,0.574870,80.000000,-80.000000,0.000000,0.000000,0.000000,0.000000
9,equal,30400,8.000,0,5,0.500,1.000,0.400,J4s,jam,-40.000000,-20.875000,5.963542,19.125000,45.963542,0.597656,0.574544,80.000000,-80.000000,0.000000,0.000000,0.000000,0.000000
9,equal,30400,8.000,0,5,0.500,1.000,0.400,Q6o,jam,-40.000000,-22.843750,5.954861,17.156250,45.954861,0.536133,0.574436,80.000000,-80.000000,0.000000,0.000000,0.000000,0.000000
9,equal,30400,8.000,0,5,0.500,1.000,0.400,T2s,jam,-40.000000,-29.875000,5.859375,10.125000,45.859375,0.316406,0.573242,80.000000,-80.000000,0.000000,0.000000,0.000000,0.000000
9,equal,30400,8.000,0,5,0.500,1.000,0.400,K5o,jam,-40.000000,-24.343750,5.833333,15.656250,45.833333,0.489258,0.572917,80.000000,-80.000000,0.000000,0.000000,0.000000,0.000000
9,equal,30400,8.000,0,5,0.500,1.000,0.400,T6o,jam,-40.000000,-30.722222,5.789931,9.277778,45.789931,0.289931,0.572374,80.000000,-80.000000,0.000000,0.000000,0.000000,0.000000
9,equal,30400,8.000,0,5,0.500,1.000,0.400,A6o,jam,-40.000000,-23.052083,5.659722,16.947917,45.659722,0.529622,0.570747,80.000000,-80.000000,0.000000,0.000000,0.000000,0.000000
9,equal,30400,8.000,0,5,0.500,1.000,0.400,A2s,jam,-40.000000,-21.875000,5.625000,18.125000,45.625000,0.566406,0.570312,80.000000,-80.000000,0.000000,0.000000,0.000000,0.000000
9,equal,30400,8.000,0,5,0.500,1.000,0.400,Q2s,jam,-40.000000,-22.812500,5.598958,17.187500,45.598958,0.537109,0.569987,80.000000,-80.000000,0.000000,0.000000,0.000000,0.000000
9,equal,30400,8.000,0,5,0.500,1.000,0.400,A3o,jam,-40.000000,-22.822917,5.546875,17.177083,45.546875,0.536784,0.569336,80.000000,-80.000000,0.000000,0.000000,0.000000,0.000000
9,equal,30400,8.000,0,5,0.500,1.000,0.400,J6o,jam,-40.000000,-23.843750,5.434028,16.156250,45.434028,0.504883,0.567925,80.000000,-80.000000,0.000000,0.000000,0.000000,0.000000
9,equal,30400,8.000,0,5,0.500,1.000,0.400,Q5o,jam,-40.000000,-23.822917,5.251736,16.177083,45.251736,0.505534,0.565647,80.000000,-80.000000,0.000000,0.000000,0.000000,0.000000
9,equal,30400,8.000,0,5,0.500,1.000,0.400,T3o,jam,-40.000000,-31.291667,5.251736,8.708333,45.251736,0.272135,0.565647,80.000000,-80.000000,0.000000,0.000000,0.000000,0.000000
9,equal,30400,8.000,0,5,0.500,1.000,0.400,Q3o,jam,-40.000000,-23.895833,5.121528,16.104167,45.121528,0.503255,0.564019,80.000000,-80.000000,0.000000,0.000000,0.000000,0.000000
9,equal,30400,8.000,0,5,0.500,1.000,0.400,K6o,jam,-40.000000,-23.802083,5.078125,16.197917,45.078125,0.506185,0.563477,80.000000,-80.000000,0.000000,0.000000,0.000000,0.000000
9,equal,30400,8.000,0,5,0.500,1.000,0.400,A2o,jam,-40.000000,-23.958333,5.052083,16.041667,45.052083,0.501302,0.563151,80.000000,-80.000000,0.000000,0.000000,0.000000,0.000000
9,equal,30400,8.000,0,5,0.500,1.000,0.400,J3o,jam,-40.000000,-24.000000,5.052083,16.000000,45.052083,0.500000,0.563151,80.000000,-80.000000,0.000000,0.000000,0.000000,0.000000
9,equal,30400,8.000,0,5,0.500,1.000,0.400,T5o,jam,-40.000000,-30.750000,4.956597,9.250000,44.956597,0.289062,0.561957,80.000000,-80.000000,0.000000,0.000000,0.000000,0.000000
9,equal,30400,8.000,0,5,0.500,1.000,0.400,A4o,jam,-40.000000,-23.250000,4.947917,16.750000,44.947917,0.523438,0.561849,80.000000,-80.000000,0.000000,0.000000,0.000000,0.000000
9,equal,30400,8.000,0,5,0.500,1.000,0.400,T4o,jam,-40.000000,-31.236111,4.869792,8.763889,44.869792,0.273872,0.560872,80.000000,-80.000000,0.000000,0.000000,0.000000,0.000000
9,equal,30400,8.000,0,5,0.500,1.000,0.400,K3o,jam,-40.000000,-23.437500,4.739583,16.562500,44.739583,0.517578,0.559245,80.000000,-80.000000,0.000000,0.000000,0.000000,0.000000
9,equal,30400,8.000,0,5,0.500,1.000,0.400,J5o,jam,-40.000000,-23.125000,4.557292,16.875000,44.557292,0.527344,0.556966,80.000000,-80.000000,0.000000,0.000000,0.000000,0.000000
9,equal,30400,8.000,0,5,0.500,1.000,0.400,J4o,jam,-40.000000,-23.447917,4.496528,16.552083,44.496528,0.517253,0.556207,80.000000,-80.000000,0.000000,0.000000,0.000000,0.000000
9,equal,30400,8.000,0,5,0.500,1.000,0.400,J2o,jam,-40.000000,-22.635417,4.322917,17.364583,44.322917,0.542643,0.554036,80.000000,-80.000000,0.000000,0.000000,0.000000,0.000000
9,equal,30400,8.000,0,5,0.500,1.000,0.400,Q2o,jam,-40.000000,-22.989583,4.236111,17.010417,44.236111,0.531576,0.552951,80.000000,-80.000000,0.000000,0.000000,0.000000,0.000000
9,equal,30400,8.000,0,5,0.500,1.000,0.400,K2o,jam,-40.000000,-24.291667,4.036458,15.708333,44.036458,0.490885,0.550456,80.000000,-80.000000,0.000000,0.000000,0.000000,0.000000
9,equal,30400,8.000,0,5,0.500,1.000,0.400,Q4o,jam,-40.000000,-23.989583,3.940972,16.010417,43.940972,0.500326,0.549262,80.000000,-80.000000,0.000000,0.000000,0.000000,0.000000
9,equal,30400,8.000,0,5,0.500,1.000,0.400,K4o,jam,-40.000000,-23.354167,3.680556,16.645833,43.680556,0.520182,0.546007,80.000000,-80.000000,0.000000,0.000000,0.000000,0.000000
9,equal,30400,8.000,0,5,0.500,1.000,0.400,66,jam,-40.000000,-24.062500,3.003472,15.937500,43.003472,0.498047,0.537543,80.000000,-80.000000,0.000000,0.000000,0.000000,0.000000
9,equal,30400,8.000,0,5,0.500,1.000,0.400,T2o,jam,-40.000000,-30.722222,2.734375,9.277778,42.734375,0.289931,0.534180,80.000000,-80.000000,0.000000,0.000000,0.000000,0.000000
9,equal,30400,8.000,0,5,0.500,1.000,0.400,97s,jam,-40.000000,-30.500000,2.135417,9.500000,42.135417,0.296875,0.526693,80.000000,-80.000000,0.000000,0.000000,0.000000,0.000000
9,equal,30400,8.000,0,5,0.500,1.000,0.400,44,jam,-40.000000,-25.958333,1.111111,14.041667,41.111111,0.438802,0.513889,80.000000,-80.000000,0.000000,0.000000,0.000000,0.000000
9,equal,30400,8.000,0,5,0.500,1.000,0.400,33,jam,-40.000000,-24.625000,0.590278,15.375000,40.590278,0.480469,0.507378,80.000000,-80.000000,0.000000,0.000000,0.000000,0.000000
9,equal,30400,8.000,0,5,0.500,1.000,0.400,22,jam,-40.000000,-25.145833,0.381944,14.854167,40.381944,0.464193,0.504774,80.000000,-80.000000,0.000000,0.000000,0.000000,0.000000
9,equal,30400,8.000,0,5,0.500,1.000,0.400,55,jam,-40.000000,-24.354167,0.017361,15.645833,40.017361,0.488932,0.500217,80.000000,-80.000000,0.000000,0.000000,0.000000,0.000000
9,equal,30400,8.000,0,5,0.500,1.000,0.400,97o,jam,-40.000000,-31.750000,0.000000,8.250000,40.000000,0.257812,0.500000,80.000000,-80.000000,0.000000,0.000000,0.000000,0.000000
9,equal,30400,8.000,0,5,0.500,1.000,0.400,65s,jam,-40.000000,-29.000000,-7.916667,11.000000,32.083333,0.343750,0.401042,80.000000,-80.000000,0.000000,0.000000,0.000000,0.000000
9,equal,30400,8.000,0,5,0.500,1.000,0.400,92s,jam,-40.000000,-29.666667,-7.986111,10.333333,32.013889,0.322917,0.400174,80.000000,-80.000000,0.000000,0.000000,0.000000,0.000000
9,equal,30400,8.000,0,5,0.500,1.000,0.400,53s,jam,-40.000000,-29.093750,-8.307292,10.906250,31.692708,0.340820,0.396159,80.000000,-80.000000,0.000000,0.000000,0.000000,0.000000
9,equal,30400,8.000,0,5,0.500,1.000,0.400,54s,jam,-40.000000,-29.656250,-8.359375,10.343750,31.640625,0.323242,0.395508,80.000000,-80.000000,0.000000,0.000000,0.000000,0.000000
9,equal,30400,8.000,0,5,0.500,1.000,0.400,85s,jam,-40.000000,-28.875000,-8.489583,11.125000,31.510417,0.347656,0.393880,80.000000,-80.000000,0.000000,0.000000,0.000000,0.000000
9,equal,30400,8.000,0,5,0.500,1.000,0.400,94s,jam,-40.000000,-30.541667,-8.645833,9.458333,31.354167,0.295573,0.391927,80.000000,-80.000000,0.000000,0.000000,0.000000,0.000000
9,equal,30400,8.000,0,5,0.500,1.000,0.400,95s,jam,-40.000000,-30.708333,-8.819444,9.291667,31.180556,0.290365,0.389757,80.000000,-80.000000,0.000000,0.000000,0.000000,0.000000
9,equal,30400,8.000,0,5,0.500,1.000,0.400,96s,jam,-40.000000,-29.750000,-8.854167,10.250000,31.145833,0.320312,0.389323,80.000000,-80.000000,0.000000,0.000000,0.000000,0.000000
9,equal,30400,8.000,0,5,0.500,1.000,0.400,93s,jam,-40.000000,-30.333333,-9.097222,9.666667,30.902778,0.302083,0.386285,80.000000,-80.000000,0.000000,0.000000,0.000000,0.000000
9,equal,30400,8.000,0,5,0.500,1.000,0.400,64s,jam,-40.000000,-30.812500,-9.140625,9.187500,30.859375,0.287109,0.385742,80.000000,-80.000000,0.000000,0.000000,0.000000,0.000000
9,equal,30400,8.000,0,5,0.500,1.000,0.400,52s,jam,-40.000000,-28.718750,-9.296875,11.281250,30.703125,0.352539,0.383789,80.000000,-80.000000,0.000000,0.000000,0.000000,0.000000
9,equal,30400,8.000,0,5,0.500,1.000,0.400,43s,jam,-40.000000,-28.625000,-9.453125,11.375000,30.546875,0.355469,0.381836,80.000000,-80.000000,0.000000,0.000000,0.000000,0.000000
9,equal,30400,8.000,0,5,0.500,1.000,0.400,86s,jam,-40.000000,-28.812500,-9.635417,11.187500,30.364583,0.349609,0.379557,80.000000,-80.000000,0.000000,0.000000,0.000000,0.000000
9,equal,30400,8.000,0,5,0.500,1.000,0.400,32s,jam,-40.000000,-31.218750,-9.687500,8.781250,30.312500,0.274414,0.378906,80.000000,-80.000000,0.000000,0.000000,0.000000,0.000000
9,equal,30400,8.000,0,5,0.500,1.000,0.400,86o,jam,-40.000000,-29.854167,-9.782986,10.145833,30.217014,0.317057,0.377713,80.000000,-80.000000,0.000000,0.000000,0.000000,0.000000
9,equal,30400,8.000,0,5,0.500,1.000,0.400,83s,jam,-40.000000,-29.968750,-9.791667,10.031250,30.208333,0.313477,0.377604,80.000000,-80.000000,0.000000,0.000000,0.000000,0.000000
9,equal,30400,8.000,0,5,0.500,1.000,0.400,85o,jam,-40.000000,-30.302083,-10.312500,9.697917,29.687500,0.303060,0.371094,80.000000,-80.000000,0.000000,0.000000,0.000000,0.000000
9,equal,30400,8.000,0,5,0.500,1.000,0.400,65o,jam,-40.000000,-29.250000,-10.407986,10.750000,29.592014,0.335938,0.369900,80.000000,-80.000000,0.000000,0.000000,0.000000,0.000000
9,equal,30400,8.000,0,5,0.500,1.000,0.400,95o,jam,-40.000000,-32.736111,-10.578704,7.263889,29.421296,0.226997,0.367766,80.000000,-80.000000,0.000000,0.000000,0.000000,0.000000
9,equal,30400,8.000,0,5,0.500,1.000,0.400,96o,jam,-40.000000,-31.736111,-10.729167,8.263889,29.270833,0.258247,0.365885,80.000000,-80.000000,0.000000,0.000000,0.000000,0.000000
9,equal,30400,8.000,0,5,0.500,1.000,0.400,84s,jam,-40.000000,-29.531250,-11.015625,10.468750,28.984375,0.327148,0.362305,80.000000,-80.000000,0.000000,0.000000,0.000000,0.000000
9,equal,30400,8.000,0,5,0.500,1.000,0.400,63s,jam,-40.000000,-28.937500,-11.119792,11.062500,28.880208,0.345703,0.361003,80.000000,-80.000000,0.000000,0.000000,0.000000,0.000000
9,equal,30400,8.000,0,5,0.500,1.000,0.400,94o,jam,-40.000000,-31.944444,-11.192130,8.055556,28.807870,0.251736,0.360098,80.000000,-80.000000,0.000000,0.000000,0.000000,0.000000
9,equal,30400,8.000,0,5,0.500,1.000,0.400,54o,jam,-40.000000,-28.489583,-11.232639,11.510417,28.767361,0.359701,0.359592,80.000000,-80.000000,0.000000,0.000000,0.000000,0.000000
9,equal,30400,8.000,0,5,0.500,1.000,0.400,42s,jam,-40.000000,-28.468750,-11.328125,11.531250,28.671875,0.360352,0.358398,80.000000,-80.000000,0.000000,0.000000,0.000000,0.000000
9,equal,30400,8.000,0,5,0.500,1.000,0.400,82s,jam,-40.000000,-29.937500,-11.354167,10.062500,28.645833,0.314453,0.358073,80.000000,-80.000000,0.000000,0.000000,0.000000,0.000000
9,equal,30400,8.000,0,5,0.500,1.000,0.400,53o,jam,-40.000000,-29.229167,-11.449653,10.770833,28.550347,0.336589,0.356879,80.000000,-80.000000,0.000000,0.000000,0.000000,0.000000
9,equal,30400,8.000,0,5,0.500,1.000,0.400,93o,jam,-40.000000,-31.375000,-11.840278,8.625000,28.159722,0.269531,0.351997,80.000000,-80.000000,0.000000,0.000000,0.000000,0.000000
9,equal,30400,8.000,0,5,0.500,1.000,0.400,87s,jam,-40.000000,-29.218750,-11.875000,10.781250,28.125000,0.336914,0.351562,80.000000,-80.000000,0.000000,0.000000,0.000000,0.000000
9,equal,30400,8.000,0,5,0.500,1.000,0.400,75s,jam,-40.000000,-28.437500,-12.152778,11.562500,27.847222,0.361328,0.348090,80.000000,-80.000000,0.000000,0.000000,0.000000,0.000000
9,equal,30400,8.000,0,5,0.500,1.000,0.400,62s,jam,-40.000000,-29.562500,-12.161458,10.437500,27.838542,0.326172,0.347982,80.000000,-80.000000,0.000000,0.000000,0.000000,0.000000
9,equal,30400,8.000,0,5,0.500,1.000,0.400,76s,jam,-40.000000,-27.875000,-12.187500,12.125000,27.812500,0.378906,0.347656,80.000000,-80.000000,0.000000,0.000000,0.000000,0.000000
9,equal,30400,8.000,0,5,0.500,1.000,0.400,43o,jam,-40.000000,-29.645833,-12.291667,10.354167,27.708333,0.323568,0.346354,80.000000,-80.000000,0.000000,0.000000,0.000000,0.000000
9,equal,30400,8.000,0,5,0.500,1.000,0.400,92o,jam,-40.000000,-32.277778,-12.731481,7.722222,27.268519,0.241319,0.340856,80.000000,-80.000000,0.000000,0.000000,0.000000,0.000000
9,equal,30400,8.000,0,5,0.500,1.000,0.400,42o,jam,-40.000000,-29.625000,-12.760417,10.375000,27.239583,0.324219,0.340495,80.000000,-80.000000,0.000000,0.000000,0.000000,0.000000
9,equal,30400,8.000,0,5,0.500,1.000,0.400,84o,jam,-40.000000,-30.322917,-12.873264,9.677083,27.126736,0.302409,0.339084,80.000000,-80.000000,0.000000,0.000000,0.000000,0.000000
9,equal,30400,8.000,0,5,0.500,1.000,0.400,52o,jam,-40.000000,-29.395833,-13.107639,10.604167,26.892361,0.331380,0.336155,80.000000,-80.000000,0.000000,0.000000,0.000000,0.000000
9,equal,30400,8.000,0,5,0.500,1.000,0.400,64o,jam,-40.000000,-29.510417,-13.177083,10.489583,26.822917,0.327799,0.335286,80.000000,-80.000000,0.000000,0.000000,0.000000,0.000000
9,equal,30400,8.000,0,5,0.500,1.000,0.400,32o,jam,-40.000000,-29.427083,-13.263889,10.572917,26.736111,0.330404,0.334201,80.000000,-80.000000,0.000000,0.000000,0.000000,0.000000
9,equal,30400,8.000,0,5,0.500,1.000,0.400,73s,jam,-40.000000,-28.812500,-13.472222,11.187500,26.527778,0.349609,0.331597,80.000000,-80.000000,0.000000,0.000000,0.000000,0.000000
9,equal,30400,8.000,0,5,0.500,1.000,0.400,83o,jam,-40.000000,-31.093750,-13.515625,8.906250,26.484375,0.278320,0.331055,80.000000,-80.000000,0.000000,0.000000,0.000000,0.000000
9,equal,30400,8.000,0,5,0.500,1.000,0.400,82o,jam,-40.000000,-31.000000,-13.567708,9.000000,26.432292,0.281250,0.330404,80.000000,-80.000000,0.000000,0.000000,0.000000,0.000000
9,equal,30400,8.000,0,5,0.500,1.000,0.400,62o,jam,-40.000000,-29.729167,-13.602431,10.270833,26.397569,0.320964,0.329970,80.000000,-80.000000,0.000000,0.000000,0.000000,0.000000
9,equal,30400,8.000,0,5,0.500,1.000,0.400,74s,jam,-40.000000,-28.937500,-13.645833,11.062500,26.354167,0.345703,0.329427,80.000000,-80.000000,0.000000,0.000000,0.000000,0.000000
9,equal,30400,8.000,0,5,0.500,1.000,0.400,63o,jam,-40.000000,-29.583333,-13.741319,10.416667,26.258681,0.325521,0.328234,80.000000,-80.000000,0.000000,0.000000,0.000000,0.000000
9,equal,30400,8.000,0,5,0.500,1.000,0.400,72s,jam,-40.000000,-28.250000,-14.756944,11.750000,25.243056,0.367188,0.315538,80.000000,-80.000000,0.000000,0.000000,0.000000,0.000000
9,equal,30400,8.000,0,5,0.500,1.000,0.400,76o,jam,-40.000000,-28.510417,-16.006944,11.489583,23.993056,0.359049,0.299913,80.000000,-80.000000,0.000000,0.000000,0.000000,0.000000
9,equal,30400,8.000,0,5,0.500,1.000,0.400,75o,jam,-40.000000,-29.760417,-16.192130,10.239583,23.807870,0.319987,0.297598,80.000000,-80.000000,0.000000,0.000000,0.000000,0.000000
9,equal,30400,8.000,0,5,0.500,1.000,0.400,87o,jam,-40.000000,-28.875000,-16.967593,11.125000,23.032407,0.347656,0.287905,80.000000,-80.000000,0.000000,0.000000,0.000000,0.000000
9,equal,30400,8.000,0,5,0.500,1.000,0.400,73o,jam,-40.000000,-30.385417,-17.361111,9.614583,22.638889,0.300456,0.282986,80.000000,-80.000000,0.000000,0.000000,0.000000,0.000000
9,equal,30400,8.000,0,5,0.500,1.000,0.400,74o,jam,-40.000000,-30.468750,-17.673611,9.531250,22.326389,0.297852,0.279080,80.000000,-80.000000,0.000000,0.000000,0.000000,0.000000
9,equal,30400,8.000,0,5,0.500,1.000,0.400,72o,jam,-40.000000,-30.770833,-18.553241,9.229167,21.446759,0.288411,0.268084,80.000000,-80.000000,0.000000,0.000000,0.000000,0.000000
9,equal,38000,10.000,0,5,0.500,0.000,0.400,JJ,jam,-40.000000,-13.562500,40.000000,26.437500,80.000000,0.826172,0.000000,80.000000,-80.000000,0.000000,0.000000,0.000000,0.000000
9,equal,38000,10.000,0,5,0.500,0.000,0.400,QQ,jam,-40.000000,-13.854167,40.000000,26.145833,80.000000,0.817057,0.000000,80.000000,-80.000000,0.000000,0.000000,0.000000,0.000000
9,equal,38000,10.000,0,5,0.500,0.000,0.400,TT,jam,-40.000000,-13.875000,40.000000,26.125000,80.000000,0.816406,0.000000,80.000000,-80.000000,0.000000,0.000000,0.000000,0.000000
9,equal,38000,10.000,0,5,0.500,0.000,0.400,AA,jam,-40.000000,-14.791667,40.000000,25.208333,80.000000,0.787760,0.000000,80.000000,-80.000000,0.000000,0.000000,0.000000,0.000000
9,equal,38000,10.000,0,5,0.500,0.000,0.400,KK,jam,-40.000000,-15.020833,40.000000,24.979167,80.000000,0.780599,0.000000,80.000000,-80.000000,0.000000,0.000000,0.000000,0.000000
9,equal,38000,10.000,0,5,0.500,0.000,0.400,J9s,jam,-40.000000,-16.125000,40.000000,23.875000,80.000000,0.746094,0.000000,80.000000,-80.000000,0.000000,0.000000,0.000000,0.000000
9,equal,38000,10.000,0,5,0.500,0.000,0.400,JTs,jam,-40.000000,-17.500000,40.000000,22.500000,80.000000,0.703125,0.000000,80.000000,-80.000000,0.000000,0.000000,0.000000,0.000000
9,equal,38000,10.000,0,5,0.500,0.000,0.400,ATo,jam,-40.000000,-17.652778,40.000000,22.347222,80.000000,0.698351,0.000000,80.000000,-80.000000,0.000000,0.000000,0.000000,0.000000
9,equal,38000,10.000,0,5,0.500,0.000,0.400,QTs,jam,-40.000000,-17.708333,40.000000,22.291667,80.000000,0.696615,0.000000,80.000000,-80.000000,0.000000,0.000000,0.000000,0.000000
9,equal,38000,10.000,0,5,0.500,0.000,0.400,JTo,jam,-40.000000,-17.819444,40.000000,22.180556,80.000000,0.693142,0.000000,80.000000,-80.000000,0.000000,0.000000,0.000000,0.000000
9,equal,38000,10.000,0,5,0.500,0.000,0.400,A9s,jam,-40.000000,-18.083333,40.000000,21.916667,80.000000,0.684896,0.000000,80.000000,-80.000000,0.000000,0.000000,0.000000,0.000000
9,equal,38000,10.000,0,5,0.500,0.000,0.400,KTo,jam,-40.000000,-18.125000,40.000000,21.875000,80.000000,0.683594,0.000000,80.000000,-80.000000,0.000000,0.000000,0.000000,0.000000
9,equal,38000,10.000,0,5,0.500,0.000,0.400,ATs,jam,-40.000000,-18.166667,40.000000,21.833333,80.000000,0.682292,0.000000,80.000000,-80.000000,0.000000,0.000000,0.000000,0.000000
9,equal,38000,10.000,0,5,0.500,0.000,0.400,Q9o,jam,-40.000000,-18.444444,40.000000,21.555556,80.000000,0.673611,0.000000,80.000000,-80.000000,0.000000,0.000000,0.000000,0.000000
9,equal,38000,10.000,0,5,0.500,0.000,0.400,KTs,jam,-40.000000,-18.500000,40.000000,21.500000,80.000000,0.671875,0.000000,80.000000,-80.000000,0.000000,0.000000,0.000000,0.000000
9,equal,38000,10.000,0,5,0.500,0.000,0.400,K9o,jam,-40.000000,-18.555556,40.000000,21.444444,80.000000,0.670139,0.000000,80.000000,-80.000000,0.000000,0.000000,0.000000,0.000000
9,equal,38000,10.000,0,5,0.500,0.000,0.400,J9o,jam,-40.000000,-18.555556,40.000000,21.444444,80.000000,0.670139,0.000000,80.000000,-80.000000,0.000000,0.000000,0.000000,0.000000
9,equal,38000,10.000,0,5,0.500,0.000,0.400,QTo,jam,-40.000000,-18.638889,40.000000,21.361111,80.000000,0.667535,0.000000,80.000000,-80.000000,0.000000,0.000000,0.000000,0.000000
9,equal,38000,10.000,0,5,0.500,0.000,0.400,Q9s,jam,-40.000000,-18.750000,40.000000,21.250000,80.000000,0.664062,0.000000,80.000000,-80.000000,0.000000,0.000000,0.000000,0.000000
9,equal,38000,10.000,0,5,0.500,0.000,0.400,K9s,jam,-40.000000,-18.916667,40.000000,21.083333,80.000000,0.658854,0.000000,80.000000,-80.000000,0.000000,0.000000,0.000000,0.000000
9,equal,38000,10.000,0,5,0.500,0.000,0.400,A9o,jam,-40.000000,-18.930556,40.000000,21.069444,80.000000,0.658420,0.000000,80.000000,-80.000000,0.000000,0.000000,0.000000,0.000000
9,equal,38000,10.000,0,5,0.500,0.000,0.400,KQs,jam,-40.000000,-18.968750,40.000000,21.031250,80.000000,0.657227,0.000000,80.000000,-80.000000,0.000000,0.000000,0.000000,0.000000
9,equal,38000,10.000,0,5,0.500,0.000,0.400,QJs,jam,-40.000000,-19.000000,40.000000,21.000000,80.000000,0.656250,0.000000,80.000000,-80.000000,0.000000,0.000000,0.000000,0.000000
9,equal,38000,10.000,0,5,0.500,0.000,0.400,KJs,jam,-40.000000,-19.218750,40.000000,20.781250,80.000000,0.649414,0.000000,80.000000,-80.000000,0.000000,0.000000,0.000000,0.000000
9,equal,38000,10.000,0,5,0.500,0.000,0.400,AQs,jam,-40.000000,-19.468750,40.000000,20.531250,80.000000,0.641602,0.000000,80.000000,-80.000000,0.000000,0.000000,0.000000,0.000000
9,equal,38000,10.000,0,5,0.500,0.000,0.400,AJs,jam,-40.000000,-19.500000,40.000000,20.500000,80.000000,0.640625,0.000000,80.000000,-80.000000,0.000000,0.000000,0.000000,0.000000
9,equal,38000,10.000,0,5,0.500,0.000,0.400,AKs,jam,-40.000000,-19.625000,40.000000,20.375000,80.000000,0.636719,0.000000,80.000000,-80.000000,0.000000,0.000000,0.000000,0.000000
9,equal,38000,10.000,0,5,0.500,0.000,0.400,QJo,jam,-40.000000,-20.083333,40.000000,19.916667,80.000000,0.622396,0.000000,80.000000,-80.000000,0.000000,0.000000,0.000000,0.000000
9,equal,38000,10.000,0,5,0.500,0.000,0.400,99,jam,-40.000000,-20.125000,40.000000,19.875000,80.000000,0.621094,0.000000,80.000000,-80.000000,0.000000,0.000000,0.000000,0.000000
9,equal,38000,10.000,0,5,0.500,0.000,0.400,AJo,jam,-40.000000,-20.583333,40.000000,19.416667,80.000000,0.606771,0.000000,80.000000,-80.000000,0.000000,0.000000,0.000000,0.000000
9,equal,38000,10.000,0,5,0.500,0.000,0.400,KQo,jam,-40.000000,-20.812500,40.000000,19.187500,80.000000,0.599609,0.000000,80.000000,-80.000000,0.000000,0.000000,0.000000,0.000000
9,equal,38000,10.000,0,5,0.500,0.000,0.400,J4s,jam,-40.000000,-20.875000,40.000000,19.125000,80.000000,0.597656,0.000000,80.000000,-80.000000,0.000000,0.000000,0.000000,0.000000
9,equal,38000,10.000,0,5,0.500,0.000,0.400,KJo,jam,-40.000000,-20.947917,40.000000,19.052083,80.000000,0.595378,0.000000,80.000000,-80.000000,0.000000,0.000000,0.000000,0.000000
9,equal,38000,10.000,0,5,0.500,0.000,0.400,J6s,jam,-40.000000,-20.968750,40.000000,19.031250,80.000000,0.594727,0.000000,80.000000,-80.000000,0.000000,0.000000,0.000000,0.000000
9,equal,38000,10.000,0,5,0.500,0.000,0.400,Q8s,jam,-40.000000,-21.156250,40.000000,18.843750,80.000000,0.588867,0.000000,80.000000,-80.000000,0.000000,0.000000,0.000000,0.000000
9,equal,38000,10.000,0,5,0.500,0.000,0.400,J8s,jam,-40.000000,-21.156250,40.000000,18.843750,80.000000,0.588867,0.000000,80.000000,-80.000000,0.000000,0.000000,0.000000,0.000000
9,equal,38000,10.000,0,5,0.500,0.000,0.400,A8s,jam,-40.000000,-21.281250,40.000000,18.718750,80.000000,0.584961,0.000000,80.000000,-80.000000,0.000000,0.000000,0.000000,0.000000
9,equal,38000,10.000,0,5,0.500,0.000,0.400,A3s,jam,-40.000000,-21.375000,40.000000,18.625000,80.000000,0.582031,0.000000,80.000000,-80.000000,0.000000,0.000000,0.000000,0.000000
9,equal,38000,10.000,0,5,0.500,0.000,0.400,K5s,jam,-40.000000,-21.500000,40.000000,18.500000,80.000000,0.578125,0.000000,80.000000,-80.000000,0.000000,0.000000,0.000000,0.000000
9,equal,38000,10.000,0,5,0.500,0.000,0.400,AQo,jam,-40.000000,-21.510417,40.000000,18.489583,80.000000,0.577799,0.000000,80.000000,-80.000000,0.000000,0.000000,0.000000,0.000000
9,equal,38000,10.000,0,5,0.500,0.000,0.400,Q7s,jam,-40.000000,-21.531250,40.000000,18.468750,80.000000,0.577148,0.000000,80.000000,-80.000000,0.000000,0.000000,0.000000,0.000000
9,equal,38000,10.000,0,5,0.500,0.000,0.400,AKo,jam,-40.000000,-21.656250,40.000000,18.343750,80.000000,0.573242,0.000000,80.000000,-80.000000,0.000000,0.000000,0.000000,0.000000
9,equal,38000,10.000,0,5,0.500,0.000,0.400,J7s,jam,-40.000000,-21.812500,40.000000,18.187500,80.000000,0.568359,0.000000,80.000000,-80.000000,0.000000,0.000000,0.000000,0.000000
9,equal,38000,10.000,0,5,0.500,0.000,0.400,A2s,jam,-40.000000,-21.875000,40.000000,18.125000,80.000000,0.566406,0.000000,80.000000,-80.000000,0.000000,0.000000,0.000000,0.000000
9,equal,38000,10.000,0,5,0.500,0.000,0.400,A6s,jam,-40.000000,-21.937500,40.000000,18.062500,80.000000,0.564453,0.000000,80.000000,-80.000000,0.000000,0.000000,0.000000,0.000000
9,equal,38000,10.000,0,5,0.500,0.000,0.400,Q6s,jam,-40.000000,-22.125000,40.000000,17.875000,80.000000,0.558594,0.000000,80.000000,-80.000000,0.000000,0.000000,0.000000,0.000000
9,equal,38000,10.000,0,5,0.500,0.000,0.400,Q5s,jam,-40.000000,-22.250000,40.000000,17.750000,80.000000,0.554688,0.000000,80.000000,-80.000000,0.000000,0.000000,0.000000,0.000000
9,equal,38000,10.000,0,5,0.500,0.000,0.400,K6s,jam,-40.000000,-22.281250,40.000000,17.718750,80.000000,0.553711,0.000000,80.000000,-80.000000,0.000000,0.000000,0.000000,0.000000
9,equal,38000,10.000,0,5,0.500,0.000,0.400,A7s,jam,-40.000000,-22.375000,40.000000,17.625000,80.000000,0.550781,0.000000,80.000000,-80.000000,0.000000,0.000000,0.000000,0.000000
9,equal,38000,10.000,0,5,0.500,0.000,0.400,K7s,jam,-40.000000,-22.406250,40.000000,17.593750,80.000000,0.549805,0.000000,80.000000,-80.000000,0.000000,0.000000,0.000000,0.000000
9,equal,38000,10.000,0,5,0.500,0.000,0.400,J5s,jam,-40.000000,-22.406250,40.000000,17.593750,80.000000,0.549805,0.000000,80.000000,-80.000000,0.000000,0.000000,0.000000,0.000000
9,equal,38000,10.000,0,5,0.500,0.000,0.400,Q4s,jam,-40.000000,-22.437500,40.000000,17.562500,80.000000,0.548828,0.000000,80.000000,-80.000000,0.000000,0.000000,0.000000,0.000000
9,equal,38000,10.000,0,5,0.500,0.000,0.400,A8o,jam,-40.000000,-22.500000,40.000000,17.500000,80.000000,0.546875,0.000000,80.000000,-80.000000,0.000000,0.000000,0.000000,0.000000
9,equal,38000,10.000,0,5,0.500,0.000,0.400,J8o,jam,-40.000000,-22.500000,40.000000,17.500000,80.000000,0.546875,0.000000,80.000000,-80.000000,0.000000,0.000000,0.000000,0.000000
9,equal,38000,10.000,0,5,0.500,0.000,0.400,K2s,jam,-40.000000,-22.562500,40.000000,17.437500,80.000000,0.544922,0.000000,80.000000,-80.000000,0.000000,0.000000,0.000000,0.000000
9,equal,38000,10.000,0,5,0.500,0.000,0.400,A5s,jam,-40.000000,-22.625000,40.000000,17.375000,80.000000,0.542969,0.000000,80.000000,-80.000000,0.000000,0.000000,0.000000,0.000000
9,equal,38000,10.000,0,5,0.500,0.000,0.400,J2o,jam,-40.000000,-22.635417,40.000000,17.364583,80.000000,0.542643,0.000000,80.000000,-80.000000,0.000000,0.000000,0.000000,0.000000
9,equal,38000,10.000,0,5,0.500,0.000,0.400,K8s,jam,-40.000000,-22.687500,40.000000,17.312500,80.000000,0.541016,0.000000,80.000000,-80.000000,0.000000,0.000000,0.000000,0.000000
9,equal,38000,10.000,0,5,0.500,0.000,0.400,A4s,jam,-40.000000,-22.718750,40.000000,17.281250,80.000000,0.540039,0.000000,80.000000,-80.000000,0.000000,0.000000,0.000000,0.000000
9,equal,38000,10.000,0,5,0.500,0.000,0.400,Q8o,jam,-40.000000,-22.791667,40.000000,17.208333,80.000000,0.537760,0.000000,80.000000,-80.000000,0.000000,0.000000,0.000000,0.000000
9,equal,38000,10.000,0,5,0.500,0.000,0.400,Q2s,jam,-40.000000,-22.812500,40.000000,17.187500,80.000000,0.537109,0.000000,80.000000,-80.000000,0.000000,0.000000,0.000000,0.000000
9,equal,38000,10.000,0,5,0.500,0.000,0.400,A3o,jam,-40.000000,-22.822917,40.000000,17.177083,80.000000,0.536784,0.000000,80.000000,-80.000000,0.000000,0.000000,0.000000,0.000000
9,equal,38000,10.000,0,5,0.500,0.000,0.400,Q6o,jam,-40.000000,-22.843750,40.000000,17.156250,80.000000,0.536133,0.000000,80.000000,-80.000000,0.000000,0.000000,0.000000,0.000000
9,equal,38000,10.000,0,5,0.500,0.000,0.400,K4s,jam,-40.000000,-22.968750,40.000000,17.031250,80.000000,0.532227,0.000000,80.000000,-80.000000,0.000000,0.000000,0.000000,0.000000
9,equal,38000,10.000,0,5,0.500,0.000,0.400,Q2o,jam,-40.000000,-22.989583,40.000000,17.010417,80.000000,0.531576,0.000000,80.000000,-80.000000,0.000000,0.000000,0.000000,0.000000
9,equal,38000,10.000,0,5,0.500,0.000,0.400,A6o,jam,-40.000000,-23.052083,40.000000,16.947917,80.000000,0.529622,0.000000,80.000000,-80.000000,0.000000,0.000000,0.000000,0.000000
9,equal,38000,10.000,0,5,0.500,0.000,0.400,K7o,jam,-40.000000,-23.083333,40.000000,16.916667,80.000000,0.528646,0.000000,80.000000,-80.000000,0.000000,0.000000,0.000000,0.000000
9,equal,38000,10.000,0,5,0.500,0.000,0.400,K8o,jam,-40.000000,-23.104167,40.000000,16.895833,80.000000,0.527995,0.000000,80.000000,-80.000000,0.000000,0.000000,0.000000,0.000000
9,equal,38000,10.000,0,5,0.500,0.000,0.400,J5o,jam,-40.000000,-23.125000,40.000000,16.875000,80.000000,0.527344,0.000000,80.000000,-80.000000,0.000000,0.000000,0.000000,0.000000
9,equal,38000,10.000,0,5,0.500,0.000,0.400,A5o,jam,-40.000000,-23.145833,40.000000,16.854167,80.000000,0.526693,0.000000,80.000000,-80.000000,0.000000,0.000000,0.000000,0.000000
9,equal,38000,10.000,0,5,0.500,0.000,0.400,K3s,jam,-40.000000,-23.156250,40.000000,16.843750,80.000000,0.526367,0.000000,80.000000,-80.000000,0.000000,0.000000,0.000000,0.000000
9,equal,38000,10.000,0,5,0.500,0.000,0.400,J2s,jam,-40.000000,-23.187500,40.000000,16.812500,80.000000,0.525391,0.000000,80.000000,-80.000000,0.000000,0.000000,0.000000,0.000000
9,equal,38000,10.000,0,5,0.500,0.000,0.400,A4o,jam,-40.000000,-23.250000,40.000000,16.750000,80.000000,0.523438,0.000000,80.000000,-80.000000,0.000000,0.000000,0.000000,0.000000
9,equal,38000,10.000,0,5,0.500,0.000,0.400,K4o,jam,-40.000000,-23.354167,40.000000,16.645833,80.000000,0.520182,0.000000,80.000000,-80.000000,0.000000,0.000000,0.000000,0.000000
9,equal,38000,10.000,0,5,0.500,0.000,0.400,J7o,jam,-40.000000,-23.406250,40.000000,16.593750,80.000000,0.518555,0.000000,80.000000,-80.000000,0.000000,0.000000,0.000000,0.000000
9,equal,38000,10.000,0,5,0.500,0.000,0.400,K3o,jam,-40.000000,-23.437500,40.000000,16.562500,80.000000,0.517578,0.000000,80.000000,-80.000000,0.000000,0.000000,0.000000,0.000000
9,equal,38000,10.000,0,5,0.500,0.000,0.400,J4o,jam,-40.000000,-23.447917,40.000000,16.552083,80.000000,0.517253,0.000000,80.000000,-80.000000,0.000000,0.000000,0.000000,0.000000
9,equal,38000,10.000,0,5,0.500,0.000,0.400,88,jam,-40.000000,-23.458333,40.000000,16.541667,80.000000,0.516927,0.000000,80.000000,-80.000000,0.000000,0.000000,0.000000,0.000000
9,equal,38000,10.000,0,5,0.500,0.000,0.400,A7o,jam,-40.000000,-23.552083,40.000000,16.447917,80.000000,0.513997,0.000000,80.000000,-80.000000,0.000000,0.000000,0.000000,0.000000
9,equal,38000,10.000,0,5,0.500,0.000,0.400,Q3s,jam,-40.000000,-23.656250,40.000000,16.343750,80.000000,0.510742,0.000000,80.000000,-80.000000,0.000000,0.000000,0.000000,0.000000
9,equal,38000,10.000,0,5,0.500,0.000,0.400,J3s,jam,-40.000000,-23.718750,40.000000,16.281250,80.000000,0.508789,0.000000,80.000000,-80.000000,0.000000,0.000000,0.000000,0.000000
9,equal,38000,10.000,0,5,0.500,0.000,0.400,K6o,jam,-40.000000,-23.802083,40.000000,16.197917,80.000000,0.506185,0.000000,80.000000,-80.000000,0.000000,0.000000,0.000000,0.000000
9,equal,38000,10.000,0,5,0.500,0.000,0.400,Q5o,jam,-40.000000,-23.822917,40.000000,16.177083,80.000000,0.505534,0.000000,80.000000,-80.000000,0.000000,0.000000,0.000000,0.000000
9,equal,38000,10.000,0,5,0.500,0.000,0.400,J6o,jam,-40.000000,-23.843750,40.000000,16.156250,80.000000,0.504883,0.000000,80.000000,-80.000000,0.000000,0.000000,0.000000,0.000000
9,equal,38000,10.000,0,5,0.500,0.000,0.400,Q3o,jam,-40.000000,-23.895833,40.000000,16.104167,80.000000,0.503255,0.000000,80.000000,-80.000000,0.000000,0.000000,0.000000,0.000000
9,equal,38000,10.000,0,5,0.500,0.000,0.400,A2o,jam,-40.000000,-23.958333,40.000000,16.041667,80.000000,0.501302,0.000000,80.000000,-80.000000,0.000000,0.000000,0.000000,0.000000
9,equal,38000,10.000,0,5,0.500,0.000,0.400,Q4o,jam,-40.000000,-23.989583,40.000000,16.010417,80.000000,0.500326,0.000000,80.000000,-80.000000,0.000000,0.000000,0.000000,0.000000
9,equal,38000,10.000,0,5,0.500,0.000,0.400,Q7o,jam,-40.000000,-24.000000,40.000000,16.000000,80.000000,0.500000,0.000000,80.000000,-80.000000,0.000000,0.000000,0.000000,0.000000
9,equal,38000,10.000,0,5,0.500,0.000,0.400,J3o,jam,-40.000000,-24.000000,40.000000,16.000000,80.000000,0.500000,0.000000,80.000000,-80.000000,0.000000,0.000000,0.000000,0.000000
9,equal,38000,10.000,0,5,0.500,0.000,0.400,T9s,jam,-40.000000,-24.000000,40.000000,16.000000,80.000000,0.500000,0.000000,80.000000,-80.000000,0.000000,0.000000,0.000000,0.000000
9,equal,38000,10.000,0,5,0.500,0.000,0.400,66,jam,-40.000000,-24.062500,40.000000,15.937500,80.000000,0.498047,0.000000,80.000000,-80.000000,0.000000,0.000000,0.000000,0.000000
9,equal,38000,10.000,0,5,0.500,0.000,0.400,K2o,jam,-40.000000,-24.291667,40.000000,15.708333,80.000000,0.490885,0.000000,80.000000,-80.000000,0.000000,0.000000,0.000000,0.000000
9,equal,38000,10.000,0,5,0.500,0.000,0.400,K5o,jam,-40.000000,-24.343750,40.000000,15.656250,80.000000,0.489258,0.000000,80.000000,-80.000000,0.000000,0.000000,0.000000,0.000000
9,equal,38000,10.000,0,5,0.500,0.000,0.400,55,jam,-40.000000,-24.354167,40.000000,15.645833,80.000000,0.488932,0.000000,80.000000,-80.000000,0.000000,0.000000,0.000000,0.000000
9,equal,38000,10.000,0,5,0.500,0.000,0.400,33,jam,-40.000000,-24.625000,40.000000,15.375000,80.000000,0.480469,0.000000,80.000000,-80.000000,0.000000,0.000000,0.000000,0.000000
9,equal,38000,10.000,0,5,0.500,0.000,0.400,T9o,jam,-40.000000,-24.729167,40.000000,15.270833,80.000000,0.477214,0.000000,80.000000,-80.000000,0.000000,0.000000,0.000000,0.000000
9,equal,38000,10.000,0,5,0.500,0.000,0.400,22,jam,-40.000000,-25.145833,40.000000,14.854167,80.000000,0.464193,0.000000,80.000000,-80.000000,0.000000,0.000000,0.000000,0.000000
9,equal,38000,10.000,0,5,0.500,0.000,0.400,77,jam,-40.000000,-25.229167,40.000000,14.770833,80.000000,0.461589,0.000000,80.000000,-80.000000,0.000000,0.000000,0.000000,0.000000
9,equal,38000,10.000,0,5,0.500,0.000,0.400,44,jam,-40.000000,-25.958333,40.000000,14.041667,80.000000,0.438802,0.000000,80.000000,-80.000000,0.000000,0.000000,0.000000,0.000000
9,equal,38000,10.000,0,5,0.500,0.000,0.400,76s,jam,-40.000000,-27.875000,40.000000,12.125000,80.000000,0.378906,0.000000,80.000000,-80.000000,0.000000,0.000000,0.000000,0.000000
9,equal,38000,10.000,0,5,0.500,0.000,0.400,72s,jam,-40.000000,-28.250000,40.000000,11.750000,80.000000,0.367188,0.000000,80.000000,-80.000000,0.000000,0.000000,0.000000,0.000000
9,equal,38000,10.000,0,5,0.500,0.000,0.400,75s,jam,-40.000000,-28.437500,40.000000,11.562500,80.000000,0.361328,0.000000,80.000000,-80.000000,0.000000,0.000000,0.000000,0.000000
9,equal,38000,10.000,0,5,0.500,0.000,0.400,42s,jam,-40.000000,-28.468750,40.000000,11.531250,80.000000,0.360352,0.000000,80.000000,-80.000000,0.000000,0.000000,0.000000,0.000000
9,equal,38000,10.000,0,5,0.500,0.000,0.400,54o,jam,-40.000000,-28.489583,40.000000,11.510417,80.000000,0.359701,0.000000,80.000000,-80.000000,0.000000,0.000000,0.000000,0.000000
9,equal,38000,10.000,0,5,0.500,0.000,0.400,76o,jam,-40.000000,-28.510417,40.000000,11.489583,80.000000,0.359049,0.000000,80.000000,-80.000000,0.000000,0.000000,0.000000,0.000000
9,equal,38000,10.000,0,5,0.500,0.000,0.400,43s,jam,-40.000000,-28.625000,40.000000,11.375000,80.000000,0.355469,0.000000,80.000000,-80.000000,0.000000,0.000000,0.000000,0.000000
9,equal,38000,10.000,0,5,0.500,0.000,0.400,52s,jam,-40.000000,-28.718750,40.000000,11.281250,80.000000,0.352539,0.000000,80.000000,-80.000000,0.000000,0.000000,0.000000,0.000000
9,equal,38000,10.000,0,5,0.500,0.000,0.400,T3s,jam,-40.000000,-28.791667,40.000000,11.208333,80.000000,0.350260,0.000000,80.000000,-80.000000,0.000000,0.000000,0.000000,0.000000
9,equal,38000,10.000,0,5,0.500,0.000,0.400,86s,jam,-40.000000,-28.812500,40.000000,11.187500,80.000000,0.349609,0.000000,80.000000,-80.000000,0.000000,0.000000,0.000000,0.000000
9,equal,38000,10.000,0,5,0.500,0.000,0.400,73s,jam,-40.000000,-28.812500,40.000000,11.187500,80.000000,0.349609,0.000000,80.000000,-80.000000,0.000000,0.000000,0.000000,0.000000
9,equal,38000,10.000,0,5,0.500,0.000,0.400,87o,jam,-40.000000,-28.875000,40.000000,11.125000,80.000000,0.347656,0.000000,80.000000,-80.000000,0.000000,0.000000,0.000000,0.000000
9,equal,38000,10.000,0,5,0.500,0.000,0.400,85s,jam,-40.000000,-28.875000,40.000000,11.125000,80.000000,0.347656,0.000000,80.000000,-80.000000,0.000000,0.000000,0.000000,0.000000
9,equal,38000,10.000,0,5,0.500,0.000,0.400,74s,jam,-40.000000,-28.937500,40.000000,11.062500,80.000000,0.345703,0.000000,80.000000,-80.000000,0.000000,0.000000,0.000000,0.000000
9,equal,38000,10.000,0,5,0.500,0.000,0.400,63s,jam,-40.000000,-28.937500,40.000000,11.062500,80.000000,0.345703,0.000000,80.000000,-80.000000,0.000000,0.000000,0.000000,0.000000
9,equal,38000,10.000,0,5,0.500,0.000,0.400,T8s,jam,-40.000000,-28.958333,40.000000,11.041667,80.000000,0.345052,0.000000,80.000000,-80.000000,0.000000,0.000000,0.000000,0.000000
9,equal,38000,10.000,0,5,0.500,0.000,0.400,65s,jam,-40.000000,-29.000000,40.000000,11.000000,80.000000,0.343750,0.000000,80.000000,-80.000000,0.000000,0.000000,0.000000,0.000000
9,equal,38000,10.000,0,5,0.500,0.000,0.400,53s,jam,-40.000000,-29.093750,40.000000,10.906250,80.000000,0.340820,0.000000,80.000000,-80.000000,0.000000,0.000000,0.000000,0.000000
9,equal,38000,10.000,0,5,0.500,0.000,0.400,87s,jam,-40.000000,-29.218750,40.000000,10.781250,80.000000,0.336914,0.000000,80.000000,-80.000000,0.000000,0.000000,0.000000,0.000000
9,equal,38000,10.000,0,5,0.500,0.000,0.400,53o,jam,-40.000000,-29.229167,40.000000,10.770833,80.000000,0.336589,0.000000,80.000000,-80.000000,0.000000,0.000000,0.000000,0.000000
9,equal,38000,10.000,0,5,0.500,0.000,0.400,65o,jam,-40.000000,-29.250000,40.000000,10.750000,80.000000,0.335938,0.000000,80.000000,-80.000000,0.000000,0.000000,0.000000,0.000000
9,equal,38000,10.000,0,5,0.500,0.000,0.400,52o,jam,-40.000000,-29.395833,40.000000,10.604167,80.000000,0.331380,0.000000,80.000000,-80.000000,0.000000,0.000000,0.000000,0.000000
9,equal,38000,10.000,0,5,0.500,0.000,0.400,32o,jam,-40.000000,-29.427083,40.000000,10.572917,80.000000,0.330404,0.000000,80.000000,-80.000000,0.000000,0.000000,0.000000,0.000000
9,equal,38000,10.000,0,5,0.500,0.000,0.400,64o,jam,-40.000000,-29.510417,40.000000,10.489583,80.000000,0.327799,0.000000,80.000000,-80.000000,0.000000,0.000000,0.000000,0.000000
9,equal,38000,10.000,0,5,0.500,0.000,0.400,84s,jam,-40.000000,-29.531250,40.000000,10.468750,80.000000,0.327148,0.000000,80.000000,-80.000000,0.000000,0.000000,0.000000,0.000000
9,equal,38000,10.000,0,5,0.500,0.000,0.400,62s,jam,-40.000000,-29.562500,40.000000,10.437500,80.000000,0.326172,0.000000,80.000000,-80.000000,0.000000,0.000000,0.000000,0.000000
9,equal,38000,10.000,0,5,0.500,0.000,0.400,63o,jam,-40.000000,-29.583333,40.000000,10.416667,80.000000,0.325521,0.000000,80.000000,-80.000000,0.000000,0.000000,0.000000,0.000000
9,equal,38000,10.000,0,5,0.500,0.000,0.400,42o,jam,-40.000000,-29.625000,40.000000,10.375000,80.000000,0.324219,0.000000,80.000000,-80.000000,0.000000,0.000000,0.000000,0.000000
9,equal,38000,10.000,0,5,0.500,0.000,0.400,43o,jam,-40.000000,-29.645833,40.000000,10.354167,80.000000,0.323568,0.000000,80.000000,-80.000000,0.000000,0.000000,0.000000,0.000000
9,equal,38000,10.000,0,5,0.500,0.000,0.400,54s,jam,-40.000000,-29.656250,40.000000,10.343750,80.000000,0.323242,0.000000,80.000000,-80.000000,0.000000,0.000000,0.000000,0.000000
9,equal,38000,10.000,0,5,0.500,0.000,0.400,T6s,jam,-40.000000,-29.666667,40.000000,10.333333,80.000000,0.322917,0.000000,80.000000,-80.000000,0.000000,0.000000,0.000000,0.000000
9,equal,38000,10.000,0,5,0.500,0.000,0.400,92s,jam,-40.000000,-29.666667,40.000000,10.333333,80.000000,0.322917,0.000000,80.000000,-80.000000,0.000000,0.000000,0.000000,0.000000
9,equal,38000,10.000,0,5,0.500,0.000,0.400,62o,jam,-40.000000,-29.729167,40.000000,10.270833,80.000000,0.320964,0.000000,80.000000,-80.000000,0.000000,0.000000,0.000000,0.000000
9,equal,38000,10.000,0,5,0.500,0.000,0.400,96s,jam,-40.000000,-29.750000,40.000000,10.250000,80.000000,0.320312,0.000000,80.000000,-80.000000,0.000000,0.000000,0.000000,0.000000
9,equal,38000,10.000,0,5,0.500,0.000,0.400,75o,jam,-40.000000,-29.760417,40.000000,10.239583,80.000000,0.319987,0.000000,80.000000,-80.000000,0.000000,0.000000,0.000000,0.000000
9,equal,38000,10.000,0,5,0.500,0.000,0.400,86o,jam,-40.000000,-29.854167,40.000000,10.145833,80.000000,0.317057,0.000000,80.000000,-80.000000,0.000000,0.000000,0.000000,0.000000
9,equal,38000,10.000,0,5,0.500,0.000,0.400,T2s,jam,-40.000000,-29.875000,40.000000,10.125000,80.000000,0.316406,0.000000,80.000000,-80.000000,0.000000,0.000000,0.000000,0.000000
9,equal,38000,10.000,0,5,0.500,0.000,0.400,82s,jam,-40.000000,-29.937500,40.000000,10.062500,80.000000,0.314453,0.000000,80.000000,-80.000000,0.000000,0.000000,0.000000,0.000000
9,equal,38000,10.000,0,5,0.500,0.000,0.400,83s,jam,-40.000000,-29.968750,40.000000,10.031250,80.000000,0.313477,0.000000,80.000000,-80.000000,0.000000,0.000000,0.000000,0.000000
9,equal,38000,10.000,0,5,0.500,0.000,0.400,T7s,jam,-40.000000,-30.041667,40.000000,9.958333,80.000000,0.311198,0.000000,80.000000,-80.000000,0.000000,0.000000,0.000000,0.000000
9,equal,38000,10.000,0,5,0.500,0.000,0.400,T5s,jam,-40.000000,-30.208333,40.000000,9.791667,80.000000,0.305990,0.000000,80.000000,-80.000000,0.000000,0.000000,0.000000,0.000000
9,equal,38000,10.000,0,5,0.500,0.000,0.400,85o,jam,-40.000000,-30.302083,40.000000,9.697917,80.000000,0.303060,0.000000,80.000000,-80.000000,0.000000,0.000000,0.000000,0.000000
9,equal,38000,10.000,0,5,0.500,0.000,0.400,84o,jam,-40.000000,-30.322917,40.000000,9.677083,80.000000,0.302409,0.000000,80.000000,-80.000000,0.000000,0.000000,0.000000,0.000000
9,equal,38000,10.000,0,5,0.500,0.000,0.400,T4s,jam,-40.000000,-30.333333,40.000000,9.666667,80.000000,0.302083,0.000000,80.000000,-80.000000,0.000000,0.000000,0.000000,0.000000
9,equal,38000,10.000,0,5,0.500,0.000,0.400,93s,jam,-40.000000,-30.333333,40.000000,9.666667,80.000000,0.302083,0.000000,80.000000,-80.000000,0.000000,0.000000,0.000000,0.000000
9,equal,38000,10.000,0,5,0.500,0.000,0.400,73o,jam,-40.000000,-30.385417,40.000000,9.614583,80.000000,0.300456,0.000000,80.000000,-80.000000,0.000000,0.000000,0.000000,0.000000
9,equal,38000,10.000,0,5,0.500,0.000,0.400,74o,jam,-40.000000,-30.468750,40.000000,9.531250,80.000000,0.297852,0.000000,80.000000,-80.000000,0.000000,0.000000,0.000000,0.000000
9,equal,38000,10.000,0,5,0.500,0.000,0.400,97s,jam,-40.000000,-30.500000,40.000000,9.500000,80.000000,0.296875,0.000000,80.000000,-80.000000,0.000000,0.000000,0.000000,0.000000
9,equal,38000,10.000,0,5,0.500,0.000,0.400,94s,jam,-40.000000,-30.541667,40.000000,9.458333,80.000000,0.295573,0.000000,80.000000,-80.000000,0.000000,0.000000,0.000000,0.000000
9,equal,38000,10.000,0,5,0.500,0.000,0.400,95s,jam,-40.000000,-30.708333,40.000000,9.291667,80.000000,0.290365,0.000000,80.000000,-80.000000,0.000000,0.000000,0.000000,0.000000
9,equal,38000,10.000,0,5,0.500,0.000,0.400,T6o,jam,-40.000000,-30.722222,40.000000,9.277778,80.000000,0.289931,0.000000,80.000000,-80.000000,0.000000,0.000000,0.000000,0.000000
9,equal,38000,10.000,0,5,0.500,0.000,0.400,T2o,jam,-40.000000,-30.722222,40.000000,9.277778,80.000000,0.289931,0.000000,80.000000,-80.000000,0.000000,0.000000,0.000000,0.000000
9,equal,38000,10.000,0,5,0.500,0.000,0.400,T5o,jam,-40.000000,-30.750000,40.000000,9.250000,80.000000,0.289062,0.000000,80.000000,-80.000000,0.000000,0.000000,0.000000,0.000000
9,equal,38000,10.000,0,5,0.500,0.000,0.400,72o,jam,-40.000000,-30.770833,40.000000,9.229167,80.000000,0.288411,0.000000,80.000000,-80.000000,0.000000,0.000000,0.000000,0.000000
9,equal,38000,10.000,0,5,0.500,0.000,0.400,T8o,jam,-40.000000,-30.777778,40.000000,9.222222,80.000000,0.288194,0.000000,80.000000,-80.000000,0.000000,0.000000,0.000000,0.000000
9,equal,38000,10.000,0,5,0.500,0.000,0.400,98s,jam,-40.000000,-30.791667,40.000000,9.208333,80.000000,0.287760,0.000000,80.000000,-80.000000,0.000000,0.000000,0.000000,0.000000
9,equal,38000,10.000,0,5,0.500,0.000,0.400,64s,jam,-40.000000,-30.812500,40.000000,9.187500,80.000000,0.287109,0.000000,80.000000,-80.000000,0.000000,0.000000,0.000000,0.000000
9,equal,38000,10.000,0,5,0.500,0.000,0.400,T7o,jam,-40.000000,-30.916667,40.000000,9.083333,80.000000,0.283854,0.000000,80.000000,-80.000000,0.000000,0.000000,0.000000,0.000000
9,equal,38000,10.000,0,5,0.500,0.000,0.400,82o,jam,-40.000000,-31.000000,40.000000,9.000000,80.000000,0.281250,0.000000,80.000000,-80.000000,0.000000,0.000000,0.000000,0.000000
9,equal,38000,10.000,0,5,0.500,0.000,0.400,83o,jam,-40.000000,-31.093750,40.000000,8.906250,80.000000,0.278320,0.000000,80.000000,-80.000000,0.000000,0.000000,0.000000,0.000000
9,equal,38000,10.000,0,5,0.500,0.000,0.400,32s,jam,-40.000000,-31.218750,40.000000,8.781250,80.000000,0.274414,0.000000,80.000000,-80.000000,0.000000,0.000000,0.000000,0.000000
9,equal,38000,10.000,0,5,0.500,0.000,0.400,T4o,jam,-40.000000,-31.236111,40.000000,8.763889,80.000000,0.273872,0.000000,80.000000,-80.000000,0.000000,0.000000,0.000000,0.000000
9,equal,38000,10.000,0,5,0.500,0.000,0.400,T3o,jam,-40.000000,-31.291667,40.000000,8.708333,80.000000,0.272135,0.000000,80.000000,-80.000000,0.000000,0.000000,0.000000,0.000000
9,equal,38000,10.000,0,5,0.500,0.000,0.400,93o,jam,-40.000000,-31.375000,40.000000,8.625000,80.000000,0.269531,0.000000,80.000000,-80.000000,0.000000,0.000000,0.000000,0.000000
9,equal,38000,10.000,0,5,0.500,0.000,0.400,98o,jam,-40.000000,-31.638889,40.000000,8.361111,80.000000,0.261285,0.000000,80.000000,-80.000000,0.000000,0.000000,0.000000,0.000000
9,equal,38000,10.000,0,5,0.500,0.000,0.400,96o,jam,-40.000000,-31.736111,40.000000,8.263889,80.000000,0.258247,0.000000,80.000000,-80.000000,0.000000,0.000000,0.000000,0.000000
9,equal,38000,10.000,0,5,0.500,0.000,0.400,97o,jam,-40.000000,-31.750000,40.000000,8.250000,80.000000,0.257812,0.000000,80.000000,-80.000000,0.000000,0.000000,0.000000,0.000000
9,equal,38000,10.000,0,5,0.500,0.000,0.400,94o,jam,-40.000000,-31.944444,40.000000,8.055556,80.000000,0.251736,0.000000,80.000000,-80.000000,0.000000,0.000000,0.000000,0.000000
9,equal,38000,10.000,0,5,0.500,0.000,0.400,92o,jam,-40.000000,-32.277778,40.000000,7.722222,80.000000,0.241319,0.000000,80.000000,-80.000000,0.000000,0.000000,0.000000,0.000000
9,equal,38000,10.000,0,5,0.500,0.000,0.400,95o,jam,-40.000000,-32.736111,40.000000,7.263889,80.000000,0.226997,0.000000,80.000000,-80.000000,0.000000,0.000000,0.000000,0.000000
9,equal,38000,10.000,0,5,0.500,0.050,0.400,QQ,jam,-40.000000,-13.854167,39.350694,26.145833,79.350694,0.817057,0.837674,80.000000,-80.000000,0.000000,0.000000,0.000000,0.000000
9,equal,38000,10.000,0,5,0.500,0.050,0.400,JJ,jam,-40.000000,-13.562500,39.284722,26.437500,79.284722,0.826172,0.821181,80.000000,-80.000000,0.000000,0.000000,0.000000,0.000000
9,equal,38000,10.000,0,5,0.500,0.050,0.400,TT,jam,-40.000000,-13.875000,39.276042,26.125000,79.276042,0.816406,0.819010,80.000000,-80.000000,0.000000,0.000000,0.000000,0.000000
9,equal,38000,10.000,0,5,0.500,0.050,0.400,KK,jam,-40.000000,-15.020833,39.270833,24.979167,79.270833,0.780599,0.817708,80.000000,-80.000000,0.000000,0.000000,0.000000,0.000000
9,equal,38000,10.000,0,5,0.500,0.050,0.400,AA,jam,-40.000000,-14.791667,39.258681,25.208333,79.258681,0.787760,0.814670,80.000000,-80.000000,0.000000,0.000000,0.000000,0.000000
9,equal,38000,10.000,0,5,0.500,0.050,0.400,AQs,jam,-40.000000,-19.468750,38.007812,20.531250,78.007812,0.641602,0.501953,80.000000,-80.000000,0.000000,0.000000,0.000000,0.000000
9,equal,38000,10.000,0,5,0.500,0.050,0.400,99,jam,-40.000000,-20.125000,38.000000,19.875000,78.000000,0.621094,0.500000,80.000000,-80.000000,0.000000,0.000000,0.000000,0.000000
9,equal,38000,10.000,0,5,0.500,0.050,0.400,KQs,jam,-40.000000,-18.968750,37.968750,21.031250,77.968750,0.657227,0.492188,80.000000,-80.000000,0.000000,0.000000,0.000000,0.000000
9,equal,38000,10.000,0,5,0.500,0.050,0.400,JTs,jam,-40.000000,-17.500000,37.963542,22.500000,77.963542,0.703125,0.490885,80.000000,-80.000000,0.000000,0.000000,0.000000,0.000000
9,equal,38000,10.000,0,5,0.500,0.050,0.400,QJs,jam,-40.000000,-19.000000,37.906250,21.000000,77.906250,0.656250,0.476562,80.000000,-80.000000,0.000000,0.000000,0.000000,0.000000
9,equal,38000,10.000,0,5,0.500,0.050,0.400,QTs,jam,-40.000000,-17.708333,37.893229,22.291667,77.893229,0.696615,0.473307,80.000000,-80.000000,0.000000,0.000000,0.000000,0.000000
9,equal,38000,10.000,0,5,0.500,0.050,0.400,ATs,jam,-40.000000,-18.166667,37.882812,21.833333,77.882812,0.682292,0.470703,80.000000,-80.000000,0.000000,0.000000,0.000000,0.000000
9,equal,38000,10.000,0,5,0.500,0.050,0.400,AJs,jam,-40.000000,-19.500000,37.872396,20.500000,77.872396,0.640625,0.468099,80.000000,-80.000000,0.000000,0.000000,0.000000,0.000000
9,equal,38000,10.000,0,5,0.500,0.050,0.400,KTs,jam,-40.000000,-18.500000,37.867188,21.500000,77.867188,0.671875,0.466797,80.000000,-80.000000,0.000000,0.000000,0.000000,0.000000
9,equal,38000,10.000,0,5,0.500,0.050,0.400,AJo,jam,-40.000000,-20.583333,37.862847,19.416667,77.862847,0.606771,0.465712,80.000000,-80.000000,0.000000,0.000000,0.000000,0.000000
9,equal,38000,10.000,0,5,0.500,0.050,0.400,AKs,jam,-40.000000,-19.625000,37.828125,20.375000,77.828125,0.636719,0.457031,80.000000,-80.000000,0.000000,0.000000,0.000000,0.000000
9,equal,38000,10.000,0,5,0.500,0.050,0.400,QJo,jam,-40.000000,-20.083333,37.818576,19.916667,77.818576,0.622396,0.454644,80.000000,-80.000000,0.000000,0.000000,0.000000,0.000000
9,equal,38000,10.000,0,5,0.500,0.050,0.400,QTo,jam,-40.000000,-18.638889,37.811632,21.361111,77.811632,0.667535,0.452908,80.000000,-80.000000,0.000000,0.000000,0.000000,0.000000
9,equal,38000,10.000,0,5,0.500,0.050,0.400,JTo,jam,-40.000000,-17.819444,37.803819,22.180556,77.803819,0.693142,0.450955,80.000000,-80.000000,0.000000,0.000000,0.000000,0.000000
9,equal,38000,10.000,0,5,0.500,0.050,0.400,KJs,jam,-40.000000,-19.218750,37.802083,20.781250,77.802083,0.649414,0.450521,80.000000,-80.000000,0.000000,0.000000,0.000000,0.000000
9,equal,38000,10.000,0,5,0.500,0.050,0.400,AQo,jam,-40.000000,-21.510417,37.772569,18.489583,77.772569,0.577799,0.443142,80.000000,-80.000000,0.000000,0.000000,0.000000,0.000000
9,equal,38000,10.000,0,5,0.500,0.050,0.400,ATo,jam,-40.000000,-17.652778,37.762153,22.347222,77.762153,0.698351,0.440538,80.000000,-80.000000,0.000000,0.000000,0.000000,0.000000
9,equal,38000,10.000,0,5,0.500,0.050,0.400,KJo,jam,-40.000000,-20.947917,37.753472,19.052083,77.753472,0.595378,0.438368,80.000000,-80.000000,0.000000,0.000000,0.000000,0.000000
9,equal,38000,10.000,0,5,0.500,0.050,0.400,KTo,jam,-40.000000,-18.125000,37.747396,21.875000,77.747396,0.683594,0.436849,80.000000,-80.000000,0.000000,0.000000,0.000000,0.000000
9,equal,38000,10.000,0,5,0.500,0.050,0.400,AKo,jam,-40.000000,-21.656250,37.738715,18.343750,77.738715,0.573242,0.434679,80.000000,-80.000000,0.000000,0.000000,0.000000,0.000000
9,equal,38000,10.000,0,5,0.500,0.050,0.400,KQo,jam,-40.000000,-20.812500,37.724826,19.187500,77.724826,0.599609,0.431207,80.000000,-80.000000,0.000000,0.000000,0.000000,0.000000
9,equal,38000,10.000,0,5,0.500,0.050,0.400,T9o,jam,-40.000000,-24.729167,37.526042,15.270833,77.526042,0.477214,0.381510,80.000000,-80.000000,0.000000,0.000000,0.000000,0.000000
9,equal,38000,10.000,0,5,0.500,0.050,0.400,T9s,jam,-40.000000,-24.000000,37.515625,16.000000,77.515625,0.500000,0.378906,80.000000,-80.000000,0.000000,0.000000,0.000000,0.000000
9,equal,38000,10.000,0,5,0.500,0.050,0.400,A4s,jam,-40.000000,-22.718750,37.471354,17.281250,77.471354,0.540039,0.367839,80.000000,-80.000000,0.000000,0.000000,0.000000,0.000000
9,equal,38000,10.000,0,5,0.500,0.050,0.400,A5s,jam,-40.000000,-22.625000,37.450521,17.375000,77.450521,0.542969,0.362630,80.000000,-80.000000,0.000000,0.000000,0.000000,0.000000
9,equal,38000,10.000,0,5,0.500,0.050,0.400,Q9s,jam,-40.000000,-18.750000,37.437500,21.250000,77.437500,0.664062,0.359375,80.000000,-80.000000,0.000000,0.000000,0.000000,0.000000
9,equal,38000,10.000,0,5,0.500,0.050,0.400,J9s,jam,-40.000000,-16.125000,37.411458,23.875000,77.411458,0.746094,0.352865,80.000000,-80.000000,0.000000,0.000000,0.000000,0.000000
9,equal,38000,10.000,0,5,0.500,0.050,0.400,Q3s,jam,-40.000000,-23.656250,37.395833,16.343750,77.395833,0.510742,0.348958,80.000000,-80.000000,0.000000,0.000000,0.000000,0.000000
9,equal,38000,10.000,0,5,0.500,0.050,0.400,J8s,jam,-40.000000,-21.156250,37.390625,18.843750,77.390625,0.588867,0.347656,80.000000,-80.000000,0.000000,0.000000,0.000000,0.000000
9,equal,38000,10.000,0,5,0.500,0.050,0.400,T6s,jam,-40.000000,-29.666667,37.390625,10.333333,77.390625,0.322917,0.347656,80.000000,-80.000000,0.000000,0.000000,0.000000,0.000000
9,equal,38000,10.000,0,5,0.500,0.050,0.400,T8s,jam,-40.000000,-28.958333,37.388021,11.041667,77.388021,0.345052,0.347005,80.000000,-80.000000,0.000000,0.000000,0.000000,0.000000
9,equal,38000,10.000,0,5,0.500,0.050,0.400,K7s,jam,-40.000000,-22.406250,37.369792,17.593750,77.369792,0.549805,0.342448,80.000000,-80.000000,0.000000,0.000000,0.000000,0.000000
9,equal,38000,10.000,0,5,0.500,0.050,0.400,K9s,jam,-40.000000,-18.916667,37.364583,21.083333,77.364583,0.658854,0.341146,80.000000,-80.000000,0.000000,0.000000,0.000000,0.000000
9,equal,38000,10.000,0,5,0.500,0.050,0.400,J6s,jam,-40.000000,-20.968750,37.364583,19.031250,77.364583,0.594727,0.341146,80.000000,-80.000000,0.000000,0.000000,0.000000,0.000000
9,equal,38000,10.000,0,5,0.500,0.050,0.400,Q9o,jam,-40.000000,-18.444444,37.355903,21.555556,77.355903,0.673611,0.338976,80.000000,-80.000000,0.000000,0.000000,0.000000,0.000000
9,equal,38000,10.000,0,5,0.500,0.050,0.400,A9s,jam,-40.000000,-18.083333,37.348958,21.916667,77.348958,0.684896,0.337240,80.000000,-80.000000,0.000000,0.000000,0.000000,0.000000
9,equal,38000,10.000,0,5,0.500,0.050,0.400,K5s,jam,-40.000000,-21.500000,37.341146,18.500000,77.341146,0.578125,0.335286,80.000000,-80.000000,0.000000,0.000000,0.000000,0.000000
9,equal,38000,10.000,0,5,0.500,0.050,0.400,J5s,jam,-40.000000,-22.406250,37.335938,17.593750,77.335938,0.549805,0.333984,80.000000,-80.000000,0.000000,0.000000,0.000000,0.000000
9,equal,38000,10.000,0,5,0.500,0.050,0.400,Q8s,jam,-40.000000,-21.156250,37.317708,18.843750,77.317708,0.588867,0.329427,80.000000,-80.000000,0.000000,0.000000,0.000000,0.000000
9,equal,38000,10.000,0,5,0.500,0.050,0.400,Q7s,jam,-40.000000,-21.531250,37.312500,18.468750,77.312500,0.577148,0.328125,80.000000,-80.000000,0.000000,0.000000,0.000000,0.000000
9,equal,38000,10.000,0,5,0.500,0.050,0.400,T5s,jam,-40.000000,-30.208333,37.312500,9.791667,77.312500,0.305990,0.328125,80.000000,-80.000000,0.000000,0.000000,0.000000,0.000000
9,equal,38000,10.000,0,5,0.500,0.050,0.400,A6s,jam,-40.000000,-21.937500,37.299479,18.062500,77.299479,0.564453,0.324870,80.000000,-80.000000,0.000000,0.000000,0.000000,0.000000
9,equal,38000,10.000,0,5,0.500,0.050,0.400,K3s,jam,-40.000000,-23.156250,37.299479,16.843750,77.299479,0.526367,0.324870,80.000000,-80.000000,0.000000,0.000000,0.000000,0.000000
9,equal,38000,10.000,0,5,0.500,0.050,0.400,A3s,jam,-40.000000,-21.375000,37.296875,18.625000,77.296875,0.582031,0.324219,80.000000,-80.000000,0.000000,0.000000,0.000000,0.000000
9,equal,38000,10.000,0,5,0.500,0.050,0.400,A2s,jam,-40.000000,-21.875000,37.296875,18.125000,77.296875,0.566406,0.324219,80.000000,-80.000000,0.000000,0.000000,0.000000,0.000000
9,equal,38000,10.000,0,5,0.500,0.050,0.400,K8s,jam,-40.000000,-22.687500,37.291667,17.312500,77.291667,0.541016,0.322917,80.000000,-80.000000,0.000000,0.000000,0.000000,0.000000
9,equal,38000,10.000,0,5,0.500,0.050,0.400,A8s,jam,-40.000000,-21.281250,37.283854,18.718750,77.283854,0.584961,0.320964,80.000000,-80.000000,0.000000,0.000000,0.000000,0.000000
9,equal,38000,10.000,0,5,0.500,0.050,0.400,J2s,jam,-40.000000,-23.187500,37.273438,16.812500,77.273438,0.525391,0.318359,80.000000,-80.000000,0.000000,0.000000,0.000000,0.000000
9,equal,38000,10.000,0,5,0.500,0.050,0.400,K2s,jam,-40.000000,-22.562500,37.257812,17.437500,77.257812,0.544922,0.314453,80.000000,-80.000000,0.000000,0.000000,0.000000,0.000000
9,equal,38000,10.000,0,5,0.500,0.050,0.400,T7s,jam,-40.000000,-30.041667,37.252604,9.958333,77.252604,0.311198,0.313151,80.000000,-80.000000,0.000000,0.000000,0.000000,0.000000
9,equal,38000,10.000,0,5,0.500,0.050,0.400,A5o,jam,-40.000000,-23.145833,37.245660,16.854167,77.245660,0.526693,0.311415,80.000000,-80.000000,0.000000,0.000000,0.000000,0.000000
9,equal,38000,10.000,0,5,0.500,0.050,0.400,T5o,jam,-40.000000,-30.750000,37.245660,9.250000,77.245660,0.289062,0.311415,80.000000,-80.000000,0.000000,0.000000,0.000000,0.000000
9,equal,38000,10.000,0,5,0.500,0.050,0.400,T3s,jam,-40.000000,-28.791667,37.244792,11.208333,77.244792,0.350260,0.311198,80.000000,-80.000000,0.000000,0.000000,0.000000,0.000000
9,equal,38000,10.000,0,5,0.500,0.050,0.400,A7s,jam,-40.000000,-22.375000,37.236979,17.625000,77.236979,0.550781,0.309245,80.000000,-80.000000,0.000000,0.000000,0.000000,0.000000
9,equal,38000,10.000,0,5,0.500,0.050,0.400,Q5s,jam,-40.000000,-22.250000,37.234375,17.750000,77.234375,0.554688,0.308594,80.000000,-80.000000,0.000000,0.000000,0.000000,0.000000
9,equal,38000,10.000,0,5,0.500,0.050,0.400,K4s,jam,-40.000000,-22.968750,37.234375,17.031250,77.234375,0.532227,0.308594,80.000000,-80.000000,0.000000,0.000000,0.000000,0.000000
9,equal,38000,10.000,0,5,0.500,0.050,0.400,A9o,jam,-40.000000,-18.930556,37.232639,21.069444,77.232639,0.658420,0.308160,80.000000,-80.000000,0.000000,0.000000,0.000000,0.000000
9,equal,38000,10.000,0,5,0.500,0.050,0.400,A7o,jam,-40.000000,-23.552083,37.230903,16.447917,77.230903,0.513997,0.307726,80.000000,-80.000000,0.000000,0.000000,0.000000,0.000000
9,equal,38000,10.000,0,5,0.500,0.050,0.400,Q2s,jam,-40.000000,-22.812500,37.226562,17.187500,77.226562,0.537109,0.306641,80.000000,-80.000000,0.000000,0.000000,0.000000,0.000000
9,equal,38000,10.000,0,5,0.500,0.050,0.400,K6s,jam,-40.000000,-22.281250,37.223958,17.718750,77.223958,0.553711,0.305990,80.000000,-80.000000,0.000000,0.000000,0.000000,0.000000
9,equal,38000,10.000,0,5,0.500,0.050,0.400,J4s,jam,-40.000000,-20.875000,37.221354,19.125000,77.221354,0.597656,0.305339,80.000000,-80.000000,0.000000,0.000000,0.000000,0.000000
9,equal,38000,10.000,0,5,0.500,0.050,0.400,J9o,jam,-40.000000,-18.555556,37.218750,21.444444,77.218750,0.670139,0.304688,80.000000,-80.000000,0.000000,0.000000,0.000000,0.000000
9,equal,38000,10.000,0,5,0.500,0.050,0.400,T4s,jam,-40.000000,-30.333333,37.216146,9.666667,77.216146,0.302083,0.304036,80.000000,-80.000000,0.000000,0.000000,0.000000,0.000000
9,equal,38000,10.000,0,5,0.500,0.050,0.400,J7o,jam,-40.000000,-23.406250,37.214410,16.593750,77.214410,0.518555,0.303602,80.000000,-80.000000,0.000000,0.000000,0.000000,0.000000
9,equal,38000,10.000,0,5,0.500,0.050,0.400,Q6s,jam,-40.000000,-22.125000,37.213542,17.875000,77.213542,0.558594,0.303385,80.000000,-80.000000,0.000000,0.000000,0.000000,0.000000
9,equal,38000,10.000,0,5,0.500,0.050,0.400,Q4s,jam,-40.000000,-22.437500,37.213542,17.562500,77.213542,0.548828,0.303385,80.000000,-80.000000,0.000000,0.000000,0.000000,0.000000
9,equal,38000,10.000,0,5,0.500,0.050,0.400,Q4o,jam,-40.000000,-23.989583,37.211806,16.010417,77.211806,0.500326,0.302951,80.000000,-80.000000,0.000000,0.000000,0.000000,0.000000
9,equal,38000,10.000,0,5,0.500,0.050,0.400,A2o,jam,-40.000000,-23.958333,37.205729,16.041667,77.205729,0.501302,0.301432,80.000000,-80.000000,0.000000,0.000000,0.000000,0.000000
9,equal,38000,10.000,0,5,0.500,0.050,0.400,A4o,jam,-40.000000,-23.250000,37.196181,16.750000,77.196181,0.523438,0.299045,80.000000,-80.000000,0.000000,0.000000,0.000000,0.000000
9,equal,38000,10.000,0,5,0.500,0.050,0.400,T7o,jam,-40.000000,-30.916667,37.194444,9.083333,77.194444,0.283854,0.298611,80.000000,-80.000000,0.000000,0.000000,0.000000,0.000000
9,equal,38000,10.000,0,5,0.500,0.050,0.400,Q8o,jam,-40.000000,-22.791667,37.193576,17.208333,77.193576,0.537760,0.298394,80.000000,-80.000000,0.000000,0.000000,0.000000,0.000000
9,equal,38000,10.000,0,5,0.500,0.050,0.400,J7s,jam,-40.000000,-21.812500,37.187500,18.187500,77.187500,0.568359,0.296875,80.000000,-80.000000,0.000000,0.000000,0.000000,0.000000
9,equal,38000,10.000,0,5,0.500,0.050,0.400,T8o,jam,-40.000000,-30.777778,37.185764,9.222222,77.185764,0.288194,0.296441,80.000000,-80.000000,0.000000,0.000000,0.000000,0.000000
9,equal,38000,10.000,0,5,0.500,0.050,0.400,J3s,jam,-40.000000,-23.718750,37.179688,16.281250,77.179688,0.508789,0.294922,80.000000,-80.000000,0.000000,0.000000,0.000000,0.000000
9,equal,38000,10.000,0,5,0.500,0.050,0.400,T2s,jam,-40.000000,-29.875000,37.179688,10.125000,77.179688,0.316406,0.294922,80.000000,-80.000000,0.000000,0.000000,0.000000,0.000000
9,equal,38000,10.000,0,5,0.500,0.050,0.400,K5o,jam,-40.000000,-24.343750,37.173611,15.656250,77.173611,0.489258,0.293403,80.000000,-80.000000,0.000000,0.000000,0.000000,0.000000
9,equal,38000,10.000,0,5,0.500,0.050,0.400,A3o,jam,-40.000000,-22.822917,37.166667,17.177083,77.166667,0.536784,0.291667,80.000000,-80.000000,0.000000,0.000000,0.000000,0.000000
9,equal,38000,10.000,0,5,0.500,0.050,0.400,A8o,jam,-40.000000,-22.500000,37.161458,17.500000,77.161458,0.546875,0.290365,80.000000,-80.000000,0.000000,0.000000,0.000000,0.000000
9,equal,38000,10.000,0,5,0.500,0.050,0.400,J8o,jam,-40.000000,-22.500000,37.148438,17.500000,77.148438,0.546875,0.287109,80.000000,-80.000000,0.000000,0.000000,0.000000,0.000000
9,equal,38000,10.000,0,5,0.500,0.050,0.400,A6o,jam,-40.000000,-23.052083,37.147569,16.947917,77.147569,0.529622,0.286892,80.000000,-80.000000,0.000000,0.000000,0.000000,0.000000
9,equal,38000,10.000,0,5,0.500,0.050,0.400,J3o,jam,-40.000000,-24.000000,37.146701,16.000000,77.146701,0.500000,0.286675,80.000000,-80.000000,0.000000,0.000000,0.000000,0.000000
9,equal,38000,10.000,0,5,0.500,0.050,0.400,Q7o,jam,-40.000000,-24.000000,37.144965,16.000000,77.144965,0.500000,0.286241,80.000000,-80.000000,0.000000,0.000000,0.000000,0.000000
9,equal,38000,10.000,0,5,0.500,0.050,0.400,K7o,jam,-40.000000,-23.083333,37.139757,16.916667,77.139757,0.528646,0.284939,80.000000,-80.000000,0.000000,0.000000,0.000000,0.000000
9,equal,38000,10.000,0,5,0.500,0.050,0.400,K9o,jam,-40.000000,-18.555556,37.138889,21.444444,77.138889,0.670139,0.284722,80.000000,-80.000000,0.000000,0.000000,0.000000,0.000000
9,equal,38000,10.000,0,5,0.500,0.050,0.400,Q5o,jam,-40.000000,-23.822917,37.138889,16.177083,77.138889,0.505534,0.284722,80.000000,-80.000000,0.000000,0.000000,0.000000,0.000000
9,equal,38000,10.000,0,5,0.500,0.050,0.400,T6o,jam,-40.000000,-30.722222,37.138021,9.277778,77.138021,0.289931,0.284505,80.000000,-80.000000,0.000000,0.000000,0.000000,0.000000
9,equal,38000,10.000,0,5,0.500,0.050,0.400,K4o,jam,-40.000000,-23.354167,37.135417,16.645833,77.135417,0.520182,0.283854,80.000000,-80.000000,0.000000,0.000000,0.000000,0.000000
9,equal,38000,10.000,0,5,0.500,0.050,0.400,K6o,jam,-40.000000,-23.802083,37.127604,16.197917,77.127604,0.506185,0.281901,80.000000,-80.000000,0.000000,0.000000,0.000000,0.000000
9,equal,38000,10.000,0,5,0.500,0.050,0.400,K2o,jam,-40.000000,-24.291667,37.125868,15.708333,77.125868,0.490885,0.281467,80.000000,-80.000000,0.000000,0.000000,0.000000,0.000000
9,equal,38000,10.000,0,5,0.500,0.050,0.400,J6o,jam,-40.000000,-23.843750,37.121528,16.156250,77.121528,0.504883,0.280382,80.000000,-80.000000,0.000000,0.000000,0.000000,0.000000
9,equal,38000,10.000,0,5,0.500,0.050,0.400,J5o,jam,-40.000000,-23.125000,37.114583,16.875000,77.114583,0.527344,0.278646,80.000000,-80.000000,0.000000,0.000000,0.000000,0.000000
9,equal,38000,10.000,0,5,0.500,0.050,0.400,Q2o,jam,-40.000000,-22.989583,37.106771,17.010417,77.106771,0.531576,0.276693,80.000000,-80.000000,0.000000,0.000000,0.000000,0.000000
9,equal,38000,10.000,0,5,0.500,0.050,0.400,J4o,jam,-40.000000,-23.447917,37.106771,16.552083,77.106771,0.517253,0.276693,80.000000,-80.000000,0.000000,0.000000,0.000000,0.000000
9,equal,38000,10.000,0,5,0.500,0.050,0.400,T2o,jam,-40.000000,-30.722222,37.105035,9.277778,77.105035,0.289931,0.276259,80.000000,-80.000000,0.000000,0.000000,0.000000,0.000000
9,equal,38000,10.000,0,5,0.500,0.050,0.400,T4o,jam,-40.000000,-31.236111,37.105035,8.763889,77.105035,0.273872,0.276259,80.000000,-80.000000,0.000000,0.000000,0.000000,0.000000
9,equal,38000,10.000,0,5,0.500,0.050,0.400,J2o,jam,-40.000000,-22.635417,37.095486,17.364583,77.095486,0.542643,0.273872,80.000000,-80.000000,0.000000,0.000000,0.000000,0.000000
9,equal,38000,10.000,0,5,0.500,0.050,0.400,Q6o,jam,-40.000000,-22.843750,37.095486,17.156250,77.095486,0.536133,0.273872,80.000000,-80.000000,0.000000,0.000000,0.000000,0.000000
9,equal,38000,10.000,0,5,0.500,0.050,0.400,Q3o,jam,-40.000000,-23.895833,37.095486,16.104167,77.095486,0.503255,0.273872,80.000000,-80.000000,0.000000,0.000000,0.000000,0.000000
9,equal,38000,10.000,0,5,0.500,0.050,0.400,T3o,jam,-40.000000,-31.291667,37.088542,8.708333,77.088542,0.272135,0.272135,80.000000,-80.000000,0.000000,0.000000,0.000000,0.000000
9,equal,38000,10.000,0,5,0.500,0.050,0.400,K8o,jam,-40.000000,-23.104167,37.078125,16.895833,77.078125,0.527995,0.269531,80.000000,-80.000000,0.000000,0.000000,0.000000,0.000000
9,equal,38000,10.000,0,5,0.500,0.050,0.400,K3o,jam,-40.000000,-23.437500,37.073785,16.562500,77.073785,0.517578,0.268446,80.000000,-80.000000,0.000000,0.000000,0.000000,0.000000
9,equal,38000,10.000,0,5,0.500,0.050,0.400,54s,jam,-40.000000,-29.656250,36.971354,10.343750,76.971354,0.323242,0.242839,80.000000,-80.000000,0.000000,0.000000,0.000000,0.000000
9,equal,38000,10.000,0,5,0.500,0.050,0.400,43s,jam,-40.000000,-28.625000,36.893229,11.375000,76.893229,0.355469,0.223307,80.000000,-80.000000,0.000000,0.000000,0.000000,0.000000
9,equal,38000,10.000,0,5,0.500,0.050,0.400,75s,jam,-40.000000,-28.437500,36.872396,11.562500,76.872396,0.361328,0.218099,80.000000,-80.000000,0.000000,0.000000,0.000000,0.000000
9,equal,38000,10.000,0,5,0.500,0.050,0.400,42s,jam,-40.000000,-28.468750,36.851562,11.531250,76.851562,0.360352,0.212891,80.000000,-80.000000,0.000000,0.000000,0.000000,0.000000
9,equal,38000,10.000,0,5,0.500,0.050,0.400,64s,jam,-40.000000,-30.812500,36.846354,9.187500,76.846354,0.287109,0.211589,80.000000,-80.000000,0.000000,0.000000,0.000000,0.000000
9,equal,38000,10.000,0,5,0.500,0.050,0.400,52s,jam,-40.000000,-28.718750,36.841146,11.281250,76.841146,0.352539,0.210286,80.000000,-80.000000,0.000000,0.000000,0.000000,0.000000
9,equal,38000,10.000,0,5,0.500,0.050,0.400,65s,jam,-40.000000,-29.000000,36.838542,11.000000,76.838542,0.343750,0.209635,80.000000,-80.000000,0.000000,0.000000,0.000000,0.000000
9,equal,38000,10.000,0,5,0.500,0.050,0.400,87s,jam,-40.000000,-29.218750,36.835938,10.781250,76.835938,0.336914,0.208984,80.000000,-80.000000,0.000000,0.000000,0.000000,0.000000
9,equal,38000,10.000,0,5,0.500,0.050,0.400,53s,jam,-40.000000,-29.093750,36.820312,10.906250,76.820312,0.340820,0.205078,80.000000,-80.000000,0.000000,0.000000,0.000000,0.000000
9,equal,38000,10.000,0,5,0.500,0.050,0.400,33,jam,-40.000000,-24.625000,36.812500,15.375000,76.812500,0.480469,0.203125,80.000000,-80.000000,0.000000,0.000000,0.000000,0.000000
9,equal,38000,10.000,0,5,0.500,0.050,0.400,76s,jam,-40.000000,-27.875000,36.812500,12.125000,76.812500,0.378906,0.203125,80.000000,-80.000000,0.000000,0.000000,0.000000,0.000000
9,equal,38000,10.000,0,5,0.500,0.050,0.400,85s,jam,-40.000000,-28.875000,36.799479,11.125000,76.799479,0.347656,0.199870,80.000000,-80.000000,0.000000,0.000000,0.000000,0.000000
9,equal,38000,10.000,0,5,0.500,0.050,0.400,98s,jam,-40.000000,-30.791667,36.796875,9.208333,76.796875,0.287760,0.199219,80.000000,-80.000000,0.000000,0.000000,0.000000,0.000000
9,equal,38000,10.000,0,5,0.500,0.050,0.400,84s,jam,-40.000000,-29.531250,36.778646,10.468750,76.778646,0.327148,0.194661,80.000000,-80.000000,0.000000,0.000000,0.000000,0.000000
9,equal,38000,10.000,0,5,0.500,0.050,0.400,77,jam,-40.000000,-25.229167,36.755208,14.770833,76.755208,0.461589,0.188802,80.000000,-80.000000,0.000000,0.000000,0.000000,0.000000
9,equal,38000,10.000,0,5,0.500,0.050,0.400,74s,jam,-40.000000,-28.937500,36.744792,11.062500,76.744792,0.345703,0.186198,80.000000,-80.000000,0.000000,0.000000,0.000000,0.000000
9,equal,38000,10.000,0,5,0.500,0.050,0.400,86s,jam,-40.000000,-28.812500,36.742188,11.187500,76.742188,0.349609,0.185547,80.000000,-80.000000,0.000000,0.000000,0.000000,0.000000
9,equal,38000,10.000,0,5,0.500,0.050,0.400,44,jam,-40.000000,-25.958333,36.739583,14.041667,76.739583,0.438802,0.184896,80.000000,-80.000000,0.000000,0.000000,0.000000,0.000000
9,equal,38000,10.000,0,5,0.500,0.050,0.400,32s,jam,-40.000000,-31.218750,36.731771,8.781250,76.731771,0.274414,0.182943,80.000000,-80.000000,0.000000,0.000000,0.000000,0.000000
9,equal,38000,10.000,0,5,0.500,0.050,0.400,65o,jam,-40.000000,-29.250000,36.724826,10.750000,76.724826,0.335938,0.181207,80.000000,-80.000000,0.000000,0.000000,0.000000,0.000000
9,equal,38000,10.000,0,5,0.500,0.050,0.400,66,jam,-40.000000,-24.062500,36.722222,15.937500,76.722222,0.498047,0.180556,80.000000,-80.000000,0.000000,0.000000,0.000000,0.000000
9,equal,38000,10.000,0,5,0.500,0.050,0.400,72s,jam,-40.000000,-28.250000,36.708333,11.750000,76.708333,0.367188,0.177083,80.000000,-80.000000,0.000000,0.000000,0.000000,0.000000
9,equal,38000,10.000,0,5,0.500,0.050,0.400,54o,jam,-40.000000,-28.489583,36.708333,11.510417,76.708333,0.359701,0.177083,80.000000,-80.000000,0.000000,0.000000,0.000000,0.000000
9,equal,38000,10.000,0,5,0.500,0.050,0.400,63s,jam,-40.000000,-28.937500,36.705729,11.062500,76.705729,0.345703,0.176432,80.000000,-80.000000,0.000000,0.000000,0.000000,0.000000
9,equal,38000,10.000,0,5,0.500,0.050,0.400,88,jam,-40.000000,-23.458333,36.704861,16.541667,76.704861,0.516927,0.176215,80.000000,-80.000000,0.000000,0.000000,0.000000,0.000000
9,equal,38000,10.000,0,5,0.500,0.050,0.400,22,jam,-40.000000,-25.145833,36.701389,14.854167,76.701389,0.464193,0.175347,80.000000,-80.000000,0.000000,0.000000,0.000000,0.000000
9,equal,38000,10.000,0,5,0.500,0.050,0.400,83s,jam,-40.000000,-29.968750,36.697917,10.031250,76.697917,0.313477,0.174479,80.000000,-80.000000,0.000000,0.000000,0.000000,0.000000
9,equal,38000,10.000,0,5,0.500,0.050,0.400,55,jam,-40.000000,-24.354167,36.694444,15.645833,76.694444,0.488932,0.173611,80.000000,-80.000000,0.000000,0.000000,0.000000,0.000000
9,equal,38000,10.000,0,5,0.500,0.050,0.400,64o,jam,-40.000000,-29.510417,36.692708,10.489583,76.692708,0.327799,0.173177,80.000000,-80.000000,0.000000,0.000000,0.000000,0.000000
9,equal,38000,10.000,0,5,0.500,0.050,0.400,97s,jam,-40.000000,-30.500000,36.682292,9.500000,76.682292,0.296875,0.170573,80.000000,-80.000000,0.000000,0.000000,0.000000,0.000000
9,equal,38000,10.000,0,5,0.500,0.050,0.400,73s,jam,-40.000000,-28.812500,36.666667,11.187500,76.666667,0.349609,0.166667,80.000000,-80.000000,0.000000,0.000000,0.000000,0.000000
9,equal,38000,10.000,0,5,0.500,0.050,0.400,62s,jam,-40.000000,-29.562500,36.666667,10.437500,76.666667,0.326172,0.166667,80.000000,-80.000000,0.000000,0.000000,0.000000,0.000000
9,equal,38000,10.000,0,5,0.500,0.050,0.400,76o,jam,-40.000000,-28.510417,36.658854,11.489583,76.658854,0.359049,0.164714,80.000000,-80.000000,0.000000,0.000000,0.000000,0.000000
9,equal,38000,10.000,0,5,0.500,0.050,0.400,52o,jam,-40.000000,-29.395833,36.657118,10.604167,76.657118,0.331380,0.164280,80.000000,-80.000000,0.000000,0.000000,0.000000,0.000000
9,equal,38000,10.000,0,5,0.500,0.050,0.400,75o,jam,-40.000000,-29.760417,36.639757,10.239583,76.639757,0.319987,0.159939,80.000000,-80.000000,0.000000,0.000000,0.000000,0.000000
9,equal,38000,10.000,0,5,0.500,0.050,0.400,43o,jam,-40.000000,-29.645833,36.627604,10.354167,76.627604,0.323568,0.156901,80.000000,-80.000000,0.000000,0.000000,0.000000,0.000000
9,equal,38000,10.000,0,5,0.500,0.050,0.400,82s,jam,-40.000000,-29.937500,36.625000,10.062500,76.625000,0.314453,0.156250,80.000000,-80.000000,0.000000,0.000000,0.000000,0.000000
9,equal,38000,10.000,0,5,0.500,0.050,0.400,53o,jam,-40.000000,-29.229167,36.620660,10.770833,76.620660,0.336589,0.155165,80.000000,-80.000000,0.000000,0.000000,0.000000,0.000000
9,equal,38000,10.000,0,5,0.500,0.050,0.400,93s,jam,-40.000000,-30.333333,36.614583,9.666667,76.614583,0.302083,0.153646,80.000000,-80.000000,0.000000,0.000000,0.000000,0.000000
9,equal,38000,10.000,0,5,0.500,0.050,0.400,74o,jam,-40.000000,-30.468750,36.601562,9.531250,76.601562,0.297852,0.150391,80.000000,-80.000000,0.000000,0.000000,0.000000,0.000000
9,equal,38000,10.000,0,5,0.500,0.050,0.400,87o,jam,-40.000000,-28.875000,36.592014,11.125000,76.592014,0.347656,0.148003,80.000000,-80.000000,0.000000,0.000000,0.000000,0.000000
9,equal,38000,10.000,0,5,0.500,0.050,0.400,42o,jam,-40.000000,-29.625000,36.589410,10.375000,76.589410,0.324219,0.147352,80.000000,-80.000000,0.000000,0.000000,0.000000,0.000000
9,equal,38000,10.000,0,5,0.500,0.050,0.400,32o,jam,-40.000000,-29.427083,36.579861,10.572917,76.579861,0.330404,0.144965,80.000000,-80.000000,0.000000,0.000000,0.000000,0.000000
9,equal,38000,10.000,0,5,0.500,0.050,0.400,98o,jam,-40.000000,-31.638889,36.564236,8.361111,76.564236,0.261285,0.141059,80.000000,-80.000000,0.000000,0.000000,0.000000,0.000000
9,equal,38000,10.000,0,5,0.500,0.050,0.400,63o,jam,-40.000000,-29.583333,36.559896,10.416667,76.559896,0.325521,0.139974,80.000000,-80.000000,0.000000,0.000000,0.000000,0.000000
9,equal,38000,10.000,0,5,0.500,0.050,0.400,73o,jam,-40.000000,-30.385417,36.552083,9.614583,76.552083,0.300456,0.138021,80.000000,-80.000000,0.000000,0.000000,0.000000,0.000000
9,equal,38000,10.000,0,5,0.500,0.050,0.400,95s,jam,-40.000000,-30.708333,36.546875,9.291667,76.546875,0.290365,0.136719,80.000000,-80.000000,0.000000,0.000000,0.000000,0.000000
9,equal,38000,10.000,0,5,0.500,0.050,0.400,86o,jam,-40.000000,-29.854167,36.546007,10.145833,76.546007,0.317057,0.136502,80.000000,-80.000000,0.000000,0.000000,0.000000,0.000000
9,equal,38000,10.000,0,5,0.500,0.050,0.400,85o,jam,-40.000000,-30.302083,36.546007,9.697917,76.546007,0.303060,0.136502,80.000000,-80.000000,0.000000,0.000000,0.000000,0.000000
9,equal,38000,10.000,0,5,0.500,0.050,0.400,96s,jam,-40.000000,-29.750000,36.541667,10.250000,76.541667,0.320312,0.135417,80.000000,-80.000000,0.000000,0.000000,0.000000,0.000000
9,equal,38000,10.000,0,5,0.500,0.050,0.400,62o,jam,-40.000000,-29.729167,36.536458,10.270833,76.536458,0.320964,0.134115,80.000000,-80.000000,0.000000,0.000000,0.000000,0.000000
9,equal,38000,10.000,0,5,0.500,0.050,0.400,84o,jam,-40.000000,-30.322917,36.509549,9.677083,76.509549,0.302409,0.127387,80.000000,-80.000000,0.000000,0.000000,0.000000,0.000000
9,equal,38000,10.000,0,5,0.500,0.050,0.400,83o,jam,-40.000000,-31.093750,36.496528,8.906250,76.496528,0.278320,0.124132,80.000000,-80.000000,0.000000,0.000000,0.000000,0.000000
9,equal,38000,10.000,0,5,0.500,0.050,0.400,82o,jam,-40.000000,-31.000000,36.472222,9.000000,76.472222,0.281250,0.118056,80.000000,-80.000000,0.000000,0.000000,0.000000,0.000000
9,equal,38000,10.000,0,5,0.500,0.050,0.400,97o,jam,-40.000000,-31.750000,36.463542,8.250000,76.463542,0.257812,0.115885,80.000000,-80.000000,0.000000,0.000000,0.000000,0.000000
9,equal,38000,10.000,0,5,0.500,0.050,0.400,92s,jam,-40.000000,-29.666667,36.458333,10.333333,76.458333,0.322917,0.114583,80.000000,-80.000000,0.000000,0.000000,0.000000,0.000000
9,equal,38000,10.000,0,5,0.500,0.050,0.400,72o,jam,-40.000000,-30.770833,36.438368,9.229167,76.438368,0.288411,0.109592,80.000000,-80.000000,0.000000,0.000000,0.000000,0.000000
9,equal,38000,10.000,0,5,0.500,0.050,0.400,94s,jam,-40.000000,-30.541667,36.437500,9.458333,76.437500,0.295573,0.109375,80.000000,-80.000000,0.000000,0.000000,0.000000,0.000000
9,equal,38000,10.000,0,5,0.500,0.050,0.400,96o,jam,-40.000000,-31.736111,36.387153,8.263889,76.387153,0.258247,0.096788,80.000000,-80.000000,0.000000,0.000000,0.000000,0.000000
9,equal,38000,10.000,0,5,0.500,0.050,0.400,92o,jam,-40.000000,-32.277778,36.310764,7.722222,76.310764,0.241319,0.077691,80.000000,-80.000000,0.000000,0.000000,0.000000,0.000000
9,equal,38000,10.000,0,5,0.500,0.050,0.400,93o,jam,-40.000000,-31.375000,36.305556,8.625000,76.305556,0.269531,0.076389,80.000000,-80.000000,0.000000,0.000000,0.000000,0.000000
9,equal,38000,10.000,0,5,0.500,0.050,0.400,95o,jam,-40.000000,-32.736111,36.305556,7.263889,76.305556,0.226997,0.076389,80.000000,-80.000000,0.000000,0.000000,0.000000,0.000000
9,equal,38000,10.000,0,5,0.500,0.050,0.400,94o,jam,-40.000000,-31.944444,36.243056,8.055556,76.243056,0.251736,0.060764,80.000000,-80.000000,0.000000,0.000000,0.000000,0.000000
9,equal,38000,10.000,0,5,0.500,0.100,0.400,88,jam,-40.000000,-23.458333,38.590278,16.541667,78.590278,0.516927,0.823785,80.000000,-80.000000,0.000000,0.000000,0.000000,0.000000
9,equal,38000,10.000,0,5,0.500,0.100,0.400,66,jam,-40.000000,-24.062500,38.579861,15.937500,78.579861,0.498047,0.822483,80.000000,-80.000000,0.000000,0.000000,0.000000,0.000000
9,equal,38000,10.000,0,5,0.500,0.100,0.400,55,jam,-40.000000,-24.354167,38.531250,15.645833,78.531250,0.488932,0.816406,80.000000,-80.000000,0.000000,0.000000,0.000000,0.000000
9,equal,38000,10.000,0,5,0.500,0.100,0.400,99,jam,-40.000000,-20.125000,38.520833,19.875000,78.520833,0.621094,0.815104,80.000000,-80.000000,0.000000,0.000000,0.000000,0.000000
9,equal,38000,10.000,0,5,0.500,0.100,0.400,KK,jam,-40.000000,-15.020833,38.517361,24.979167,78.517361,0.780599,0.814670,80.000000,-80.000000,0.000000,0.000000,0.000000,0.000000
9,equal,38000,10.000,0,5,0.500,0.100,0.400,JJ,jam,-40.000000,-13.562500,38.475694,26.437500,78.475694,0.826172,0.809462,80.000000,-80.000000,0.000000,0.000000,0.000000,0.000000
9,equal,38000,10.000,0,5,0.500,0.100,0.400,QQ,jam,-40.000000,-13.854167,38.472222,26.145833,78.472222,0.817057,0.809028,80.000000,-80.000000,0.000000,0.000000,0.000000,0.000000
9,equal,38000,10.000,0,5,0.500,0.100,0.400,TT,jam,-40.000000,-13.875000,38.451389,26.125000,78.451389,0.816406,0.806424,80.000000,-80.000000,0.000000,0.000000,0.000000,0.000000
9,equal,38000,10.000,0,5,0.500,0.100,0.400,77,jam,-40.000000,-25.229167,38.427083,14.770833,78.427083,0.461589,0.803385,80.000000,-80.000000,0.000000,0.000000,0.000000,0.000000
9,equal,38000,10.000,0,5,0.500,0.100,0.400,AA,jam,-40.000000,-14.791667,38.309028,25.208333,78.309028,0.787760,0.788628,80.000000,-80.000000,0.000000,0.000000,0.000000,0.000000
9,equal,38000,10.000,0,5,0.500,0.100,0.400,T9s,jam,-40.000000,-24.000000,36.489583,16.000000,76.489583,0.500000,0.561198,80.000000,-80.000000,0.000000,0.000000,0.000000,0.000000
9,equal,38000,10.000,0,5,0.500,0.100,0.400,J9s,jam,-40.000000,-16.125000,36.328125,23.875000,76.328125,0.746094,0.541016,80.000000,-80.000000,0.000000,0.000000,0.000000,0.000000
9,equal,38000,10.000,0,5,0.500,0.100,0.400,QTs,jam,-40.000000,-17.708333,36.302083,22.291667,76.302083,0.696615,0.537760,80.000000,-80.000000,0.000000,0.000000,0.000000,0.000000
9,equal,38000,10.000,0,5,0.500,0.100,0.400,QJs,jam,-40.000000,-19.000000,36.197917,21.000000,76.197917,0.656250,0.524740,80.000000,-80.000000,0.000000,0.000000,0.000000,0.000000
9,equal,38000,10.000,0,5,0.500,0.100,0.400,87s,jam,-40.000000,-29.218750,36.171875,10.781250,76.171875,0.336914,0.521484,80.000000,-80.000000,0.000000,0.000000,0.000000,0.000000
9,equal,38000,10.000,0,5,0.500,0.100,0.400,T5s,jam,-40.000000,-30.208333,36.166667,9.791667,76.166667,0.305990,0.520833,80.000000,-80.000000,0.000000,0.000000,0.000000,0.000000
9,equal,38000,10.000,0,5,0.500,0.100,0.400,JTo,jam,-40.000000,-17.819444,36.142361,22.180556,76.142361,0.693142,0.517795,80.000000,-80.000000,0.000000,0.000000,0.000000,0.000000
9,equal,38000,10.000,0,5,0.500,0.100,0.400,75s,jam,-40.000000,-28.437500,36.140625,11.562500,76.140625,0.361328,0.517578,80.000000,-80.000000,0.000000,0.000000,0.000000,0.000000
9,equal,38000,10.000,0,5,0.500,0.100,0.400,AQs,jam,-40.000000,-19.468750,36.125000,20.531250,76.125000,0.641602,0.515625,80.000000,-80.000000,0.000000,0.000000,0.000000,0.000000
9,equal,38000,10.000,0,5,0.500,0.100,0.400,KQs,jam,-40.000000,-18.968750,36.109375,21.031250,76.109375,0.657227,0.513672,80.000000,-80.000000,0.000000,0.000000,0.000000,0.000000
9,equal,38000,10.000,0,5,0.500,0.100,0.400,J8s,jam,-40.000000,-21.156250,36.098958,18.843750,76.098958,0.588867,0.512370,80.000000,-80.000000,0.000000,0.000000,0.000000,0.000000
9,equal,38000,10.000,0,5,0.500,0.100,0.400,T6s,jam,-40.000000,-29.666667,36.093750,10.333333,76.093750,0.322917,0.511719,80.000000,-80.000000,0.000000,0.000000,0.000000,0.000000
9,equal,38000,10.000,0,5,0.500,0.100,0.400,AJs,jam,-40.000000,-19.500000,36.083333,20.500000,76.083333,0.640625,0.510417,80.000000,-80.000000,0.000000,0.000000,0.000000,0.000000
9,equal,38000,10.000,0,5,0.500,0.100,0.400,Q8s,jam,-40.000000,-21.156250,36.078125,18.843750,76.078125,0.588867,0.509766,80.000000,-80.000000,0.000000,0.000000,0.000000,0.000000
9,equal,38000,10.000,0,5,0.500,0.100,0.400,Q6s,jam,-40.000000,-22.125000,36.052083,17.875000,76.052083,0.558594,0.506510,80.000000,-80.000000,0.000000,0.000000,0.000000,0.000000
9,equal,38000,10.000,0,5,0.500,0.100,0.400,86s,jam,-40.000000,-28.812500,36.052083,11.187500,76.052083,0.349609,0.506510,80.000000,-80.000000,0.000000,0.000000,0.000000,0.000000
9,equal,38000,10.000,0,5,0.500,0.100,0.400,Q9s,jam,-40.000000,-18.750000,36.046875,21.250000,76.046875,0.664062,0.505859,80.000000,-80.000000,0.000000,0.000000,0.000000,0.000000
9,equal,38000,10.000,0,5,0.500,0.100,0.400,T7s,jam,-40.000000,-30.041667,36.041667,9.958333,76.041667,0.311198,0.505208,80.000000,-80.000000,0.000000,0.000000,0.000000,0.000000
9,equal,38000,10.000,0,5,0.500,0.100,0.400,ATs,jam,-40.000000,-18.166667,36.015625,21.833333,76.015625,0.682292,0.501953,80.000000,-80.000000,0.000000,0.000000,0.000000,0.000000
9,equal,38000,10.000,0,5,0.500,0.100,0.400,JTs,jam,-40.000000,-17.500000,36.010417,22.500000,76.010417,0.703125,0.501302,80.000000,-80.000000,0.000000,0.000000,0.000000,0.000000
9,equal,38000,10.000,0,5,0.500,0.100,0.400,KJs,jam,-40.000000,-19.218750,36.010417,20.781250,76.010417,0.649414,0.501302,80.000000,-80.000000,0.000000,0.000000,0.000000,0.000000
9,equal,38000,10.000,0,5,0.500,0.100,0.400,44,jam,-40.000000,-25.958333,36.000000,14.041667,76.000000,0.438802,0.500000,80.000000,-80.000000,0.000000,0.000000,0.000000,0.000000
9,equal,38000,10.000,0,5,0.500,0.100,0.400,KTs,jam,-40.000000,-18.500000,35.994792,21.500000,75.994792,0.671875,0.499349,80.000000,-80.000000,0.000000,0.000000,0.000000,0.000000
9,equal,38000,10.000,0,5,0.500,0.100,0.400,85s,jam,-40.000000,-28.875000,35.994792,11.125000,75.994792,0.347656,0.499349,80.000000,-80.000000,0.000000,0.000000,0.000000,0.000000
9,equal,38000,10.000,0,5,0.500,0.100,0.400,T8o,jam,-40.000000,-30.777778,35.994792,9.222222,75.994792,0.288194,0.499349,80.000000,-80.000000,0.000000,0.000000,0.000000,0.000000
9,equal,38000,10.000,0,5,0.500,0.100,0.400,T8s,jam,-40.000000,-28.958333,35.984375,11.041667,75.984375,0.345052,0.498047,80.000000,-80.000000,0.000000,0.000000,0.000000,0.000000
9,equal,38000,10.000,0,5,0.500,0.100,0.400,AKs,jam,-40.000000,-19.625000,35.979167,20.375000,75.979167,0.636719,0.497396,80.000000,-80.000000,0.000000,0.000000,0.000000,0.000000
9,equal,38000,10.000,0,5,0.500,0.100,0.400,Q7s,jam,-40.000000,-21.531250,35.979167,18.468750,75.979167,0.577148,0.497396,80.000000,-80.000000,0.000000,0.000000,0.000000,0.000000
9,equal,38000,10.000,0,5,0.500,0.100,0.400,K6s,jam,-40.000000,-22.281250,35.979167,17.718750,75.979167,0.553711,0.497396,80.000000,-80.000000,0.000000,0.000000,0.000000,0.000000
9,equal,38000,10.000,0,5,0.500,0.100,0.400,97s,jam,-40.000000,-30.500000,35.979167,9.500000,75.979167,0.296875,0.497396,80.000000,-80.000000,0.000000,0.000000,0.000000,0.000000
9,equal,38000,10.000,0,5,0.500,0.100,0.400,T9o,jam,-40.000000,-24.729167,35.960069,15.270833,75.960069,0.477214,0.495009,80.000000,-80.000000,0.000000,0.000000,0.000000,0.000000
9,equal,38000,10.000,0,5,0.500,0.100,0.400,65s,jam,-40.000000,-29.000000,35.953125,11.000000,75.953125,0.343750,0.494141,80.000000,-80.000000,0.000000,0.000000,0.000000,0.000000
9,equal,38000,10.000,0,5,0.500,0.100,0.400,98s,jam,-40.000000,-30.791667,35.953125,9.208333,75.953125,0.287760,0.494141,80.000000,-80.000000,0.000000,0.000000,0.000000,0.000000
9,equal,38000,10.000,0,5,0.500,0.100,0.400,98o,jam,-40.000000,-31.638889,35.942708,8.361111,75.942708,0.261285,0.492839,80.000000,-80.000000,0.000000,0.000000,0.000000,0.000000
9,equal,38000,10.000,0,5,0.500,0.100,0.400,Q9o,jam,-40.000000,-18.444444,35.937500,21.555556,75.937500,0.673611,0.492188,80.000000,-80.000000,0.000000,0.000000,0.000000,0.000000
9,equal,38000,10.000,0,5,0.500,0.100,0.400,95s,jam,-40.000000,-30.708333,35.937500,9.291667,75.937500,0.290365,0.492188,80.000000,-80.000000,0.000000,0.000000,0.000000,0.000000
9,equal,38000,10.000,0,5,0.500,0.100,0.400,J9o,jam,-40.000000,-18.555556,35.928819,21.444444,75.928819,0.670139,0.491102,80.000000,-80.000000,0.000000,0.000000,0.000000,0.000000
9,equal,38000,10.000,0,5,0.500,0.100,0.400,QJo,jam,-40.000000,-20.083333,35.925347,19.916667,75.925347,0.622396,0.490668,80.000000,-80.000000,0.000000,0.000000,0.000000,0.000000
9,equal,38000,10.000,0,5,0.500,0.100,0.400,J5s,jam,-40.000000,-22.406250,35.916667,17.593750,75.916667,0.549805,0.489583,80.000000,-80.000000,0.000000,0.000000,0.000000,0.000000
9,equal,38000,10.000,0,5,0.500,0.100,0.400,A5s,jam,-40.000000,-22.625000,35.911458,17.375000,75.911458,0.542969,0.488932,80.000000,-80.000000,0.000000,0.000000,0.000000,0.000000
9,equal,38000,10.000,0,5,0.500,0.100,0.400,96s,jam,-40.000000,-29.750000,35.911458,10.250000,75.911458,0.320312,0.488932,80.000000,-80.000000,0.000000,0.000000,0.000000,0.000000
9,equal,38000,10.000,0,5,0.500,0.100,0.400,J7o,jam,-40.000000,-23.406250,35.906250,16.593750,75.906250,0.518555,0.488281,80.000000,-80.000000,0.000000,0.000000,0.000000,0.000000
9,equal,38000,10.000,0,5,0.500,0.100,0.400,J7s,jam,-40.000000,-21.812500,35.890625,18.187500,75.890625,0.568359,0.486328,80.000000,-80.000000,0.000000,0.000000,0.000000,0.000000
9,equal,38000,10.000,0,5,0.500,0.100,0.400,97o,jam,-40.000000,-31.750000,35.888889,8.250000,75.888889,0.257812,0.486111,80.000000,-80.000000,0.000000,0.000000,0.000000,0.000000
9,equal,38000,10.000,0,5,0.500,0.100,0.400,A7s,jam,-40.000000,-22.375000,35.880208,17.625000,75.880208,0.550781,0.485026,80.000000,-80.000000,0.000000,0.000000,0.000000,0.000000
9,equal,38000,10.000,0,5,0.500,0.100,0.400,T7o,jam,-40.000000,-30.916667,35.880208,9.083333,75.880208,0.283854,0.485026,80.000000,-80.000000,0.000000,0.000000,0.000000,0.000000
9,equal,38000,10.000,0,5,0.500,0.100,0.400,J8o,jam,-40.000000,-22.500000,35.859375,17.500000,75.859375,0.546875,0.482422,80.000000,-80.000000,0.000000,0.000000,0.000000,0.000000
9,equal,38000,10.000,0,5,0.500,0.100,0.400,QTo,jam,-40.000000,-18.638889,35.855903,21.361111,75.855903,0.667535,0.481988,80.000000,-80.000000,0.000000,0.000000,0.000000,0.000000
9,equal,38000,10.000,0,5,0.500,0.100,0.400,75o,jam,-40.000000,-29.760417,35.843750,10.239583,75.843750,0.319987,0.480469,80.000000,-80.000000,0.000000,0.000000,0.000000,0.000000
9,equal,38000,10.000,0,5,0.500,0.100,0.400,95o,jam,-40.000000,-32.736111,35.842014,7.263889,75.842014,0.226997,0.480252,80.000000,-80.000000,0.000000,0.000000,0.000000,0.000000
9,equal,38000,10.000,0,5,0.500,0.100,0.400,87o,jam,-40.000000,-28.875000,35.838542,11.125000,75.838542,0.347656,0.479818,80.000000,-80.000000,0.000000,0.000000,0.000000,0.000000
9,equal,38000,10.000,0,5,0.500,0.100,0.400,76o,jam,-40.000000,-28.510417,35.835069,11.489583,75.835069,0.359049,0.479384,80.000000,-80.000000,0.000000,0.000000,0.000000,0.000000
9,equal,38000,10.000,0,5,0.500,0.100,0.400,KTo,jam,-40.000000,-18.125000,35.824653,21.875000,75.824653,0.683594,0.478082,80.000000,-80.000000,0.000000,0.000000,0.000000,0.000000
9,equal,38000,10.000,0,5,0.500,0.100,0.400,K8s,jam,-40.000000,-22.687500,35.822917,17.312500,75.822917,0.541016,0.477865,80.000000,-80.000000,0.000000,0.000000,0.000000,0.000000
9,equal,38000,10.000,0,5,0.500,0.100,0.400,T6o,jam,-40.000000,-30.722222,35.822917,9.277778,75.822917,0.289931,0.477865,80.000000,-80.000000,0.000000,0.000000,0.000000,0.000000
9,equal,38000,10.000,0,5,0.500,0.100,0.400,A8s,jam,-40.000000,-21.281250,35.817708,18.718750,75.817708,0.584961,0.477214,80.000000,-80.000000,0.000000,0.000000,0.000000,0.000000
9,equal,38000,10.000,0,5,0.500,0.100,0.400,A9s,jam,-40.000000,-18.083333,35.802083,21.916667,75.802083,0.684896,0.475260,80.000000,-80.000000,0.000000,0.000000,0.000000,0.000000
9,equal,38000,10.000,0,5,0.500,0.100,0.400,65o,jam,-40.000000,-29.250000,35.802083,10.750000,75.802083,0.335938,0.475260,80.000000,-80.000000,0.000000,0.000000,0.000000,0.000000
9,equal,38000,10.000,0,5,0.500,0.100,0.400,AJo,jam,-40.000000,-20.583333,35.798611,19.416667,75.798611,0.606771,0.474826,80.000000,-80.000000,0.000000,0.000000,0.000000,0.000000
9,equal,38000,10.000,0,5,0.500,0.100,0.400,KQo,jam,-40.000000,-20.812500,35.788194,19.187500,75.788194,0.599609,0.473524,80.000000,-80.000000,0.000000,0.000000,0.000000,0.000000
9,equal,38000,10.000,0,5,0.500,0.100,0.400,K9o,jam,-40.000000,-18.555556,35.784722,21.444444,75.784722,0.670139,0.473090,80.000000,-80.000000,0.000000,0.000000,0.000000,0.000000
9,equal,38000,10.000,0,5,0.500,0.100,0.400,A9o,jam,-40.000000,-18.930556,35.784722,21.069444,75.784722,0.658420,0.473090,80.000000,-80.000000,0.000000,0.000000,0.000000,0.000000
9,equal,38000,10.000,0,5,0.500,0.100,0.400,96o,jam,-40.000000,-31.736111,35.782986,8.263889,75.782986,0.258247,0.472873,80.000000,-80.000000,0.000000,0.000000,0.000000,0.000000
9,equal,38000,10.000,0,5,0.500,0.100,0.400,A7o,jam,-40.000000,-23.552083,35.781250,16.447917,75.781250,0.513997,0.472656,80.000000,-80.000000,0.000000,0.000000,0.000000,0.000000
9,equal,38000,10.000,0,5,0.500,0.100,0.400,A8o,jam,-40.000000,-22.500000,35.755208,17.500000,75.755208,0.546875,0.469401,80.000000,-80.000000,0.000000,0.000000,0.000000,0.000000
9,equal,38000,10.000,0,5,0.500,0.100,0.400,J5o,jam,-40.000000,-23.125000,35.739583,16.875000,75.739583,0.527344,0.467448,80.000000,-80.000000,0.000000,0.000000,0.000000,0.000000
9,equal,38000,10.000,0,5,0.500,0.100,0.400,86o,jam,-40.000000,-29.854167,35.734375,10.145833,75.734375,0.317057,0.466797,80.000000,-80.000000,0.000000,0.000000,0.000000,0.000000
9,equal,38000,10.000,0,5,0.500,0.100,0.400,Q8o,jam,-40.000000,-22.791667,35.723958,17.208333,75.723958,0.537760,0.465495,80.000000,-80.000000,0.000000,0.000000,0.000000,0.000000
9,equal,38000,10.000,0,5,0.500,0.100,0.400,J6s,jam,-40.000000,-20.968750,35.713542,19.031250,75.713542,0.594727,0.464193,80.000000,-80.000000,0.000000,0.000000,0.000000,0.000000
9,equal,38000,10.000,0,5,0.500,0.100,0.400,KJo,jam,-40.000000,-20.947917,35.696181,19.052083,75.696181,0.595378,0.462023,80.000000,-80.000000,0.000000,0.000000,0.000000,0.000000
9,equal,38000,10.000,0,5,0.500,0.100,0.400,K5s,jam,-40.000000,-21.500000,35.687500,18.500000,75.687500,0.578125,0.460938,80.000000,-80.000000,0.000000,0.000000,0.000000,0.000000
9,equal,38000,10.000,0,5,0.500,0.100,0.400,AQo,jam,-40.000000,-21.510417,35.677083,18.489583,75.677083,0.577799,0.459635,80.000000,-80.000000,0.000000,0.000000,0.000000,0.000000
9,equal,38000,10.000,0,5,0.500,0.100,0.400,Q6o,jam,-40.000000,-22.843750,35.677083,17.156250,75.677083,0.536133,0.459635,80.000000,-80.000000,0.000000,0.000000,0.000000,0.000000
9,equal,38000,10.000,0,5,0.500,0.100,0.400,76s,jam,-40.000000,-27.875000,35.677083,12.125000,75.677083,0.378906,0.459635,80.000000,-80.000000,0.000000,0.000000,0.000000,0.000000
9,equal,38000,10.000,0,5,0.500,0.100,0.400,ATo,jam,-40.000000,-17.652778,35.666667,22.347222,75.666667,0.698351,0.458333,80.000000,-80.000000,0.000000,0.000000,0.000000,0.000000
9,equal,38000,10.000,0,5,0.500,0.100,0.400,K7o,jam,-40.000000,-23.083333,35.652778,16.916667,75.652778,0.528646,0.456597,80.000000,-80.000000,0.000000,0.000000,0.000000,0.000000
9,equal,38000,10.000,0,5,0.500,0.100,0.400,K7s,jam,-40.000000,-22.406250,35.645833,17.593750,75.645833,0.549805,0.455729,80.000000,-80.000000,0.000000,0.000000,0.000000,0.000000
9,equal,38000,10.000,0,5,0.500,0.100,0.400,K6o,jam,-40.000000,-23.802083,35.638889,16.197917,75.638889,0.506185,0.454861,80.000000,-80.000000,0.000000,0.000000,0.000000,0.000000
9,equal,38000,10.000,0,5,0.500,0.100,0.400,85o,jam,-40.000000,-30.302083,35.635417,9.697917,75.635417,0.303060,0.454427,80.000000,-80.000000,0.000000,0.000000,0.000000,0.000000
9,equal,38000,10.000,0,5,0.500,0.100,0.400,T5o,jam,-40.000000,-30.750000,35.616319,9.250000,75.616319,0.289062,0.452040,80.000000,-80.000000,0.000000,0.000000,0.000000,0.000000
9,equal,38000,10.000,0,5,0.500,0.100,0.400,A6s,jam,-40.000000,-21.937500,35.604167,18.062500,75.604167,0.564453,0.450521,80.000000,-80.000000,0.000000,0.000000,0.000000,0.000000
9,equal,38000,10.000,0,5,0.500,0.100,0.400,Q5o,jam,-40.000000,-23.822917,35.593750,16.177083,75.593750,0.505534,0.449219,80.000000,-80.000000,0.000000,0.000000,0.000000,0.000000
9,equal,38000,10.000,0,5,0.500,0.100,0.400,AKo,jam,-40.000000,-21.656250,35.585069,18.343750,75.585069,0.573242,0.448134,80.000000,-80.000000,0.000000,0.000000,0.000000,0.000000
9,equal,38000,10.000,0,5,0.500,0.100,0.400,K5o,jam,-40.000000,-24.343750,35.581597,15.656250,75.581597,0.489258,0.447700,80.000000,-80.000000,0.000000,0.000000,0.000000,0.000000
9,equal,38000,10.000,0,5,0.500,0.100,0.400,K9s,jam,-40.000000,-18.916667,35.572917,21.083333,75.572917,0.658854,0.446615,80.000000,-80.000000,0.000000,0.000000,0.000000,0.000000
9,equal,38000,10.000,0,5,0.500,0.100,0.400,K8o,jam,-40.000000,-23.104167,35.567708,16.895833,75.567708,0.527995,0.445964,80.000000,-80.000000,0.000000,0.000000,0.000000,0.000000
9,equal,38000,10.000,0,5,0.500,0.100,0.400,Q5s,jam,-40.000000,-22.250000,35.531250,17.750000,75.531250,0.554688,0.441406,80.000000,-80.000000,0.000000,0.000000,0.000000,0.000000
9,equal,38000,10.000,0,5,0.500,0.100,0.400,A5o,jam,-40.000000,-23.145833,35.527778,16.854167,75.527778,0.526693,0.440972,80.000000,-80.000000,0.000000,0.000000,0.000000,0.000000
9,equal,38000,10.000,0,5,0.500,0.100,0.400,Q7o,jam,-40.000000,-24.000000,35.517361,16.000000,75.517361,0.500000,0.439670,80.000000,-80.000000,0.000000,0.000000,0.000000,0.000000
9,equal,38000,10.000,0,5,0.500,0.100,0.400,A6o,jam,-40.000000,-23.052083,35.487847,16.947917,75.487847,0.529622,0.435981,80.000000,-80.000000,0.000000,0.000000,0.000000,0.000000
9,equal,38000,10.000,0,5,0.500,0.100,0.400,J6o,jam,-40.000000,-23.843750,35.472222,16.156250,75.472222,0.504883,0.434028,80.000000,-80.000000,0.000000,0.000000,0.000000,0.000000
9,equal,38000,10.000,0,5,0.500,0.100,0.400,54s,jam,-40.000000,-29.656250,35.291667,10.343750,75.291667,0.323242,0.411458,80.000000,-80.000000,0.000000,0.000000,0.000000,0.000000
9,equal,38000,10.000,0,5,0.500,0.100,0.400,64s,jam,-40.000000,-30.812500,35.260417,9.187500,75.260417,0.287109,0.407552,80.000000,-80.000000,0.000000,0.000000,0.000000,0.000000
9,equal,38000,10.000,0,5,0.500,0.100,0.400,A4s,jam,-40.000000,-22.718750,35.166667,17.281250,75.166667,0.540039,0.395833,80.000000,-80.000000,0.000000,0.000000,0.000000,0.000000
9,equal,38000,10.000,0,5,0.500,0.100,0.400,94s,jam,-40.000000,-30.541667,35.156250,9.458333,75.156250,0.295573,0.394531,80.000000,-80.000000,0.000000,0.000000,0.000000,0.000000
9,equal,38000,10.000,0,5,0.500,0.100,0.400,Q4s,jam,-40.000000,-22.437500,35.031250,17.562500,75.031250,0.548828,0.378906,80.000000,-80.000000,0.000000,0.000000,0.000000,0.000000
9,equal,38000,10.000,0,5,0.500,0.100,0.400,54o,jam,-40.000000,-28.489583,35.006944,11.510417,75.006944,0.359701,0.375868,80.000000,-80.000000,0.000000,0.000000,0.000000,0.000000
9,equal,38000,10.000,0,5,0.500,0.100,0.400,A4o,jam,-40.000000,-23.250000,34.958333,16.750000,74.958333,0.523438,0.369792,80.000000,-80.000000,0.000000,0.000000,0.000000,0.000000
9,equal,38000,10.000,0,5,0.500,0.100,0.400,64o,jam,-40.000000,-29.510417,34.892361,10.489583,74.892361,0.327799,0.361545,80.000000,-80.000000,0.000000,0.000000,0.000000,0.000000
9,equal,38000,10.000,0,5,0.500,0.100,0.400,74s,jam,-40.000000,-28.937500,34.875000,11.062500,74.875000,0.345703,0.359375,80.000000,-80.000000,0.000000,0.000000,0.000000,0.000000
9,equal,38000,10.000,0,5,0.500,0.100,0.400,T2s,jam,-40.000000,-29.875000,34.869792,10.125000,74.869792,0.316406,0.358724,80.000000,-80.000000,0.000000,0.000000,0.000000,0.000000
9,equal,38000,10.000,0,5,0.500,0.100,0.400,93s,jam,-40.000000,-30.333333,34.817708,9.666667,74.817708,0.302083,0.352214,80.000000,-80.000000,0.000000,0.000000,0.000000,0.000000
9,equal,38000,10.000,0,5,0.500,0.100,0.400,K3s,jam,-40.000000,-23.156250,34.807292,16.843750,74.807292,0.526367,0.350911,80.000000,-80.000000,0.000000,0.000000,0.000000,0.000000
9,equal,38000,10.000,0,5,0.500,0.100,0.400,84s,jam,-40.000000,-29.531250,34.802083,10.468750,74.802083,0.327148,0.350260,80.000000,-80.000000,0.000000,0.000000,0.000000,0.000000
9,equal,38000,10.000,0,5,0.500,0.100,0.400,Q2s,jam,-40.000000,-22.812500,34.776042,17.187500,74.776042,0.537109,0.347005,80.000000,-80.000000,0.000000,0.000000,0.000000,0.000000
9,equal,38000,10.000,0,5,0.500,0.100,0.400,92s,jam,-40.000000,-29.666667,34.755208,10.333333,74.755208,0.322917,0.344401,80.000000,-80.000000,0.000000,0.000000,0.000000,0.000000
9,equal,38000,10.000,0,5,0.500,0.100,0.400,63s,jam,-40.000000,-28.937500,34.750000,11.062500,74.750000,0.345703,0.343750,80.000000,-80.000000,0.000000,0.000000,0.000000,0.000000
9,equal,38000,10.000,0,5,0.500,0.100,0.400,K4s,jam,-40.000000,-22.968750,34.708333,17.031250,74.708333,0.532227,0.338542,80.000000,-80.000000,0.000000,0.000000,0.000000,0.000000
9,equal,38000,10.000,0,5,0.500,0.100,0.400,83s,jam,-40.000000,-29.968750,34.703125,10.031250,74.703125,0.313477,0.337891,80.000000,-80.000000,0.000000,0.000000,0.000000,0.000000
9,equal,38000,10.000,0,5,0.500,0.100,0.400,K2s,jam,-40.000000,-22.562500,34.697917,17.437500,74.697917,0.544922,0.337240,80.000000,-80.000000,0.000000,0.000000,0.000000,0.000000
9,equal,38000,10.000,0,5,0.500,0.100,0.400,T4s,jam,-40.000000,-30.333333,34.697917,9.666667,74.697917,0.302083,0.337240,80.000000,-80.000000,0.000000,0.000000,0.000000,0.000000
9,equal,38000,10.000,0,5,0.500,0.100,0.400,A3s,jam,-40.000000,-21.375000,34.677083,18.625000,74.677083,0.582031,0.334635,80.000000,-80.000000,0.000000,0.000000,0.000000,0.000000
9,equal,38000,10.000,0,5,0.500,0.100,0.400,82s,jam,-40.000000,-29.937500,34.677083,10.062500,74.677083,0.314453,0.334635,80.000000,-80.000000,0.000000,0.000000,0.000000,0.000000
9,equal,38000,10.000,0,5,0.500,0.100,0.400,J3s,jam,-40.000000,-23.718750,34.671875,16.281250,74.671875,0.508789,0.333984,80.000000,-80.000000,0.000000,0.000000,0.000000,0.000000
9,equal,38000,10.000,0,5,0.500,0.100,0.400,53s,jam,-40.000000,-29.093750,34.640625,10.906250,74.640625,0.340820,0.330078,80.000000,-80.000000,0.000000,0.000000,0.000000,0.000000
9,equal,38000,10.000,0,5,0.500,0.100,0.400,J4s,jam,-40.000000,-20.875000,34.635417,19.125000,74.635417,0.597656,0.329427,80.000000,-80.000000,0.000000,0.000000,0.000000,0.000000
9,equal,38000,10.000,0,5,0.500,0.100,0.400,T3s,jam,-40.000000,-28.791667,34.635417,11.208333,74.635417,0.350260,0.329427,80.000000,-80.000000,0.000000,0.000000,0.000000,0.000000
9,equal,38000,10.000,0,5,0.500,0.100,0.400,A2s,jam,-40.000000,-21.875000,34.630208,18.125000,74.630208,0.566406,0.328776,80.000000,-80.000000,0.000000,0.000000,0.000000,0.000000
9,equal,38000,10.000,0,5,0.500,0.100,0.400,J3o,jam,-40.000000,-24.000000,34.621528,16.000000,74.621528,0.500000,0.327691,80.000000,-80.000000,0.000000,0.000000,0.000000,0.000000
9,equal,38000,10.000,0,5,0.500,0.100,0.400,94o,jam,-40.000000,-31.944444,34.593750,8.055556,74.593750,0.251736,0.324219,80.000000,-80.000000,0.000000,0.000000,0.000000,0.000000
9,equal,38000,10.000,0,5,0.500,0.100,0.400,J4o,jam,-40.000000,-23.447917,34.583333,16.552083,74.583333,0.517253,0.322917,80.000000,-80.000000,0.000000,0.000000,0.000000,0.000000
9,equal,38000,10.000,0,5,0.500,0.100,0.400,K4o,jam,-40.000000,-23.354167,34.572917,16.645833,74.572917,0.520182,0.321615,80.000000,-80.000000,0.000000,0.000000,0.000000,0.000000
9,equal,38000,10.000,0,5,0.500,0.100,0.400,Q3o,jam,-40.000000,-23.895833,34.559028,16.104167,74.559028,0.503255,0.319878,80.000000,-80.000000,0.000000,0.000000,0.000000,0.000000
9,equal,38000,10.000,0,5,0.500,0.100,0.400,J2s,jam,-40.000000,-23.187500,34.557292,16.812500,74.557292,0.525391,0.319661,80.000000,-80.000000,0.000000,0.000000,0.000000,0.000000
9,equal,38000,10.000,0,5,0.500,0.100,0.400,52s,jam,-40.000000,-28.718750,34.557292,11.281250,74.557292,0.352539,0.319661,80.000000,-80.000000,0.000000,0.000000,0.000000,0.000000
9,equal,38000,10.000,0,5,0.500,0.100,0.400,T3o,jam,-40.000000,-31.291667,34.545139,8.708333,74.545139,0.272135,0.318142,80.000000,-80.000000,0.000000,0.000000,0.000000,0.000000
9,equal,38000,10.000,0,5,0.500,0.100,0.400,73s,jam,-40.000000,-28.812500,34.536458,11.187500,74.536458,0.349609,0.317057,80.000000,-80.000000,0.000000,0.000000,0.000000,0.000000
9,equal,38000,10.000,0,5,0.500,0.100,0.400,53o,jam,-40.000000,-29.229167,34.522569,10.770833,74.522569,0.336589,0.315321,80.000000,-80.000000,0.000000,0.000000,0.000000,0.000000
9,equal,38000,10.000,0,5,0.500,0.100,0.400,83o,jam,-40.000000,-31.093750,34.512153,8.906250,74.512153,0.278320,0.314019,80.000000,-80.000000,0.000000,0.000000,0.000000,0.000000
9,equal,38000,10.000,0,5,0.500,0.100,0.400,52o,jam,-40.000000,-29.395833,34.508681,10.604167,74.508681,0.331380,0.313585,80.000000,-80.000000,0.000000,0.000000,0.000000,0.000000
9,equal,38000,10.000,0,5,0.500,0.100,0.400,Q3s,jam,-40.000000,-23.656250,34.484375,16.343750,74.484375,0.510742,0.310547,80.000000,-80.000000,0.000000,0.000000,0.000000,0.000000
9,equal,38000,10.000,0,5,0.500,0.100,0.400,63o,jam,-40.000000,-29.583333,34.484375,10.416667,74.484375,0.325521,0.310547,80.000000,-80.000000,0.000000,0.000000,0.000000,0.000000
9,equal,38000,10.000,0,5,0.500,0.100,0.400,84o,jam,-40.000000,-30.322917,34.482639,9.677083,74.482639,0.302409,0.310330,80.000000,-80.000000,0.000000,0.000000,0.000000,0.000000
9,equal,38000,10.000,0,5,0.500,0.100,0.400,T4o,jam,-40.000000,-31.236111,34.482639,8.763889,74.482639,0.273872,0.310330,80.000000,-80.000000,0.000000,0.000000,0.000000,0.000000
9,equal,38000,10.000,0,5,0.500,0.100,0.400,73o,jam,-40.000000,-30.385417,34.480903,9.614583,74.480903,0.300456,0.310113,80.000000,-80.000000,0.000000,0.000000,0.000000,0.000000
9,equal,38000,10.000,0,5,0.500,0.100,0.400,93o,jam,-40.000000,-31.375000,34.477431,8.625000,74.477431,0.269531,0.309679,80.000000,-80.000000,0.000000,0.000000,0.000000,0.000000
9,equal,38000,10.000,0,5,0.500,0.100,0.400,T2o,jam,-40.000000,-30.722222,34.470486,9.277778,74.470486,0.289931,0.308811,80.000000,-80.000000,0.000000,0.000000,0.000000,0.000000
9,equal,38000,10.000,0,5,0.500,0.100,0.400,92o,jam,-40.000000,-32.277778,34.467014,7.722222,74.467014,0.241319,0.308377,80.000000,-80.000000,0.000000,0.000000,0.000000,0.000000
9,equal,38000,10.000,0,5,0.500,0.100,0.400,72s,jam,-40.000000,-28.250000,34.458333,11.750000,74.458333,0.367188,0.307292,80.000000,-80.000000,0.000000,0.000000,0.000000,0.000000
9,equal,38000,10.000,0,5,0.500,0.100,0.400,62s,jam,-40.000000,-29.562500,34.453125,10.437500,74.453125,0.326172,0.306641,80.000000,-80.000000,0.000000,0.000000,0.000000,0.000000
9,equal,38000,10.000,0,5,0.500,0.100,0.400,74o,jam,-40.000000,-30.468750,34.451389,9.531250,74.451389,0.297852,0.306424,80.000000,-80.000000,0.000000,0.000000,0.000000,0.000000
9,equal,38000,10.000,0,5,0.500,0.100,0.400,Q4o,jam,-40.000000,-23.989583,34.447917,16.010417,74.447917,0.500326,0.305990,80.000000,-80.000000,0.000000,0.000000,0.000000,0.000000
9,equal,38000,10.000,0,5,0.500,0.100,0.400,62o,jam,-40.000000,-29.729167,34.434028,10.270833,74.434028,0.320964,0.304253,80.000000,-80.000000,0.000000,0.000000,0.000000,0.000000
9,equal,38000,10.000,0,5,0.500,0.100,0.400,A3o,jam,-40.000000,-22.822917,34.428819,17.177083,74.428819,0.536784,0.303602,80.000000,-80.000000,0.000000,0.000000,0.000000,0.000000
9,equal,38000,10.000,0,5,0.500,0.100,0.400,J2o,jam,-40.000000,-22.635417,34.395833,17.364583,74.395833,0.542643,0.299479,80.000000,-80.000000,0.000000,0.000000,0.000000,0.000000
9,equal,38000,10.000,0,5,0.500,0.100,0.400,82o,jam,-40.000000,-31.000000,34.368056,9.000000,74.368056,0.281250,0.296007,80.000000,-80.000000,0.000000,0.000000,0.000000,0.000000
9,equal,38000,10.000,0,5,0.500,0.100,0.400,K3o,jam,-40.000000,-23.437500,34.366319,16.562500,74.366319,0.517578,0.295790,80.000000,-80.000000,0.000000,0.000000,0.000000,0.000000
9,equal,38000,10.000,0,5,0.500,0.100,0.400,Q2o,jam,-40.000000,-22.989583,34.350694,17.010417,74.350694,0.531576,0.293837,80.000000,-80.000000,0.000000,0.000000,0.000000,0.000000
9,equal,38000,10.000,0,5,0.500,0.100,0.400,A2o,jam,-40.000000,-23.958333,34.338542,16.041667,74.338542,0.501302,0.292318,80.000000,-80.000000,0.000000,0.000000,0.000000,0.000000
9,equal,38000,10.000,0,5,0.500,0.100,0.400,K2o,jam,-40.000000,-24.291667,34.329861,15.708333,74.329861,0.490885,0.291233,80.000000,-80.000000,0.000000,0.000000,0.000000,0.000000
9,equal,38000,10.000,0,5,0.500,0.100,0.400,72o,jam,-40.000000,-30.770833,34.319444,9.229167,74.319444,0.288411,0.289931,80.000000,-80.000000,0.000000,0.000000,0.000000,0.000000
9,equal,38000,10.000,0,5,0.500,0.100,0.400,22,jam,-40.000000,-25.145833,33.520833,14.854167,73.520833,0.464193,0.190104,80.000000,-80.000000,0.000000,0.000000,0.000000,0.000000
9,equal,38000,10.000,0,5,0.500,0.100,0.400,32s,jam,-40.000000,-31.218750,33.484375,8.781250,73.484375,0.274414,0.185547,80.000000,-80.000000,0.000000,0.000000,0.000000,0.000000
9,equal,38000,10.000,0,5,0.500,0.100,0.400,33,jam,-40.000000,-24.625000,33.482639,15.375000,73.482639,0.480469,0.185330,80.000000,-80.000000,0.000000,0.000000,0.000000,0.000000
9,equal,38000,10.000,0,5,0.500,0.100,0.400,43s,jam,-40.000000,-28.625000,33.447917,11.375000,73.447917,0.355469,0.180990,80.000000,-80.000000,0.000000,0.000000,0.000000,0.000000
9,equal,38000,10.000,0,5,0.500,0.100,0.400,42s,jam,-40.000000,-28.468750,33.072917,11.531250,73.072917,0.360352,0.134115,80.000000,-80.000000,0.000000,0.000000,0.000000,0.000000
9,equal,38000,10.000,0,5,0.500,0.100,0.400,32o,jam,-40.000000,-29.427083,32.947917,10.572917,72.947917,0.330404,0.118490,80.000000,-80.000000,0.000000,0.000000,0.000000,0.000000
9,equal,38000,10.000,0,5,0.500,0.100,0.400,43o,jam,-40.000000,-29.645833,32.895833,10.354167,72.895833,0.323568,0.111979,80.000000,-80.000000,0.000000,0.000000,0.000000,0.000000
9,equal,38000,10.000,0,5,0.500,0.100,0.400,42o,jam,-40.000000,-29.625000,32.798611,10.375000,72.798611,0.324219,0.099826,80.000000,-80.000000,0.000000,0.000000,0.000000,0.000000
9,equal,38000,10.000,0,5,0.500,0.200,0.400,KK,jam,-40.000000,-15.020833,38.520833,24.979167,78.520833,0.780599,0.907552,80.000000,-80.000000,0.000000,0.000000,0.000000,0.000000
9,equal,38000,10.000,0,5,0.500,0.200,0.400,AA,jam,-40.000000,-14.791667,37.822917,25.208333,77.822917,0.787760,0.863932,80.000000,-80.000000,0.000000,0.000000,0.000000,0.000000
9,equal,38000,10.000,0,5,0.500,0.200,0.400,AQs,jam,-40.000000,-19.468750,36.250000,20.531250,76.250000,0.641602,0.765625,80.000000,-80.000000,0.000000,0.000000,0.000000,0.000000
9,equal,38000,10.000,0,5,0.500,0.200,0.400,AKs,jam,-40.000000,-19.625000,36.173611,20.375000,76.173611,0.636719,0.760851,80.000000,-80.000000,0.000000,0.000000,0.000000,0.000000
9,equal,38000,10.000,0,5,0.500,0.200,0.400,AKo,jam,-40.000000,-21.656250,35.893519,18.343750,75.893519,0.573242,0.743345,80.000000,-80.000000,0.000000,0.000000,0.000000,0.000000
9,equal,38000,10.000,0,5,0.500,0.200,0.400,AQo,jam,-40.000000,-21.510417,35.793981,18.489583,75.793981,0.577799,0.737124,80.000000,-80.000000,0.000000,0.000000,0.000000,0.000000
9,equal,38000,10.000,0,5,0.500,0.200,0.400,QQ,jam,-40.000000,-13.854167,34.513889,26.145833,74.513889,0.817057,0.657118,80.000000,-80.000000,0.000000,0.000000,0.000000,0.000000
9,equal,38000,10.000,0,5,0.500,0.200,0.400,ATs,jam,-40.000000,-18.166667,34.213542,21.833333,74.213542,0.682292,0.638346,80.000000,-80.000000,0.000000,0.000000,0.000000,0.000000
9,equal,38000,10.000,0,5,0.500,0.200,0.400,A4s,jam,-40.000000,-22.718750,33.942708,17.281250,73.942708,0.540039,0.621419,80.000000,-80.000000,0.000000,0.000000,0.000000,0.000000
9,equal,38000,10.000,0,5,0.500,0.200,0.400,AJs,jam,-40.000000,-19.500000,33.901042,20.500000,73.901042,0.640625,0.618815,80.000000,-80.000000,0.000000,0.000000,0.000000,0.000000
9,equal,38000,10.000,0,5,0.500,0.200,0.400,A7s,jam,-40.000000,-22.375000,33.760417,17.625000,73.760417,0.550781,0.610026,80.000000,-80.000000,0.000000,0.000000,0.000000,0.000000
9,equal,38000,10.000,0,5,0.500,0.200,0.400,A5s,jam,-40.000000,-22.625000,33.744792,17.375000,73.744792,0.542969,0.609049,80.000000,-80.000000,0.000000,0.000000,0.000000,0.000000
9,equal,38000,10.000,0,5,0.500,0.200,0.400,ATo,jam,-40.000000,-17.652778,33.718750,22.347222,73.718750,0.698351,0.607422,80.000000,-80.000000,0.000000,0.000000,0.000000,0.000000
9,equal,38000,10.000,0,5,0.500,0.200,0.400,A6s,jam,-40.000000,-21.937500,33.562500,18.062500,73.562500,0.564453,0.597656,80.000000,-80.000000,0.000000,0.000000,0.000000,0.000000
9,equal,38000,10.000,0,5,0.500,0.200,0.400,A9s,jam,-40.000000,-18.083333,33.541667,21.916667,73.541667,0.684896,0.596354,80.000000,-80.000000,0.000000,0.000000,0.000000,0.000000
9,equal,38000,10.000,0,5,0.500,0.200,0.400,A5o,jam,-40.000000,-23.145833,33.475694,16.854167,73.475694,0.526693,0.592231,80.000000,-80.000000,0.000000,0.000000,0.000000,0.000000
9,equal,38000,10.000,0,5,0.500,0.200,0.400,AJo,jam,-40.000000,-20.583333,33.468750,19.416667,73.468750,0.606771,0.591797,80.000000,-80.000000,0.000000,0.000000,0.000000,0.000000
9,equal,38000,10.000,0,5,0.500,0.200,0.400,A3s,jam,-40.000000,-21.375000,33.468750,18.625000,73.468750,0.582031,0.591797,80.000000,-80.000000,0.000000,0.000000,0.000000,0.000000
9,equal,38000,10.000,0,5,0.500,0.200,0.400,A8s,jam,-40.000000,-21.281250,33.447917,18.718750,73.447917,0.584961,0.590495,80.000000,-80.000000,0.000000,0.000000,0.000000,0.000000
9,equal,38000,10.000,0,5,0.500,0.200,0.400,A3o,jam,-40.000000,-22.822917,33.366319,17.177083,73.366319,0.536784,0.585395,80.000000,-80.000000,0.000000,0.000000,0.000000,0.000000
9,equal,38000,10.000,0,5,0.500,0.200,0.400,A2o,jam,-40.000000,-23.958333,33.364583,16.041667,73.364583,0.501302,0.585286,80.000000,-80.000000,0.000000,0.000000,0.000000,0.000000
9,equal,38000,10.000,0,5,0.500,0.200,0.400,A9o,jam,-40.000000,-18.930556,33.328125,21.069444,73.328125,0.658420,0.583008,80.000000,-80.000000,0.000000,0.000000,0.000000,0.000000
9,equal,38000,10.000,0,5,0.500,0.200,0.400,A7o,jam,-40.000000,-23.552083,33.303819,16.447917,73.303819,0.513997,0.581489,80.000000,-80.000000,0.000000,0.000000,0.000000,0.000000
9,equal,38000,10.000,0,5,0.500,0.200,0.400,A2s,jam,-40.000000,-21.875000,33.296875,18.125000,73.296875,0.566406,0.581055,80.000000,-80.000000,0.000000,0.000000,0.000000,0.000000
9,equal,38000,10.000,0,5,0.500,0.200,0.400,A8o,jam,-40.000000,-22.500000,33.289931,17.500000,73.289931,0.546875,0.580621,80.000000,-80.000000,0.000000,0.000000,0.000000,0.000000
9,equal,38000,10.000,0,5,0.500,0.200,0.400,A6o,jam,-40.000000,-23.052083,33.241319,16.947917,73.241319,0.529622,0.577582,80.000000,-80.000000,0.000000,0.000000,0.000000,0.000000
9,equal,38000,10.000,0,5,0.500,0.200,0.400,A4o,jam,-40.000000,-23.250000,33.206597,16.750000,73.206597,0.523438,0.575412,80.000000,-80.000000,0.000000,0.000000,0.000000,0.000000
9,equal,38000,10.000,0,5,0.500,0.200,0.400,99,jam,-40.000000,-20.125000,33.100694,19.875000,73.100694,0.621094,0.568793,80.000000,-80.000000,0.000000,0.000000,0.000000,0.000000
9,equal,38000,10.000,0,5,0.500,0.200,0.400,TT,jam,-40.000000,-13.875000,32.951389,26.125000,72.951389,0.816406,0.559462,80.000000,-80.000000,0.000000,0.000000,0.000000,0.000000
9,equal,38000,10.000,0,5,0.500,0.200,0.400,JJ,jam,-40.000000,-13.562500,32.923611,26.437500,72.923611,0.826172,0.557726,80.000000,-80.000000,0.000000,0.000000,0.000000,0.000000
9,equal,38000,10.000,0,5,0.500,0.200,0.400,77,jam,-40.000000,-25.229167,32.631944,14.770833,72.631944,0.461589,0.539497,80.000000,-80.000000,0.000000,0.000000,0.000000,0.000000
9,equal,38000,10.000,0,5,0.500,0.200,0.400,55,jam,-40.000000,-24.354167,32.625000,15.645833,72.625000,0.488932,0.539062,80.000000,-80.000000,0.000000,0.000000,0.000000,0.000000
9,equal,38000,10.000,0,5,0.500,0.200,0.400,66,jam,-40.000000,-24.062500,32.590278,15.937500,72.590278,0.498047,0.536892,80.000000,-80.000000,0.000000,0.000000,0.000000,0.000000
9,equal,38000,10.000,0,5,0.500,0.200,0.400,88,jam,-40.000000,-23.458333,32.565972,16.541667,72.565972,0.516927,0.535373,80.000000,-80.000000,0.000000,0.000000,0.000000,0.000000
9,equal,38000,10.000,0,5,0.500,0.200,0.400,KQs,jam,-40.000000,-18.968750,32.489583,21.031250,72.489583,0.657227,0.530599,80.000000,-80.000000,0.000000,0.000000,0.000000,0.000000
9,equal,38000,10.000,0,5,0.500,0.200,0.400,44,jam,-40.000000,-25.958333,32.423611,14.041667,72.423611,0.438802,0.526476,80.000000,-80.000000,0.000000,0.000000,0.000000,0.000000
9,equal,38000,10.000,0,5,0.500,0.200,0.400,33,jam,-40.000000,-24.625000,32.298611,15.375000,72.298611,0.480469,0.518663,80.000000,-80.000000,0.000000,0.000000,0.000000,0.000000
9,equal,38000,10.000,0,5,0.500,0.200,0.400,22,jam,-40.000000,-25.145833,32.208333,14.854167,72.208333,0.464193,0.513021,80.000000,-80.000000,0.000000,0.000000,0.000000,0.000000
9,equal,38000,10.000,0,5,0.500,0.200,0.400,KQo,jam,-40.000000,-20.812500,32.000000,19.187500,72.000000,0.599609,0.500000,80.000000,-80.000000,0.000000,0.000000,0.000000,0.000000
9,equal,38000,10.000,0,5,0.500,0.200,0.400,65s,jam,-40.000000,-29.000000,30.614583,11.000000,70.614583,0.343750,0.413411,80.000000,-80.000000,0.000000,0.000000,0.000000,0.000000
9,equal,38000,10.000,0,5,0.500,0.200,0.400,76s,jam,-40.000000,-27.875000,30.598958,12.125000,70.598958,0.378906,0.412435,80.000000,-80.000000,0.000000,0.000000,0.000000,0.000000
9,equal,38000,10.000,0,5,0.500,0.200,0.400,97s,jam,-40.000000,-30.500000,30.598958,9.500000,70.598958,0.296875,0.412435,80.000000,-80.000000,0.000000,0.000000,0.000000,0.000000
9,equal,38000,10.000,0,5,0.500,0.200,0.400,64s,jam,-40.000000,-30.812500,30.567708,9.187500,70.567708,0.287109,0.410482,80.000000,-80.000000,0.000000,0.000000,0.000000,0.000000
9,equal,38000,10.000,0,5,0.500,0.200,0.400,98s,jam,-40.000000,-30.791667,30.515625,9.208333,70.515625,0.287760,0.407227,80.000000,-80.000000,0.000000,0.000000,0.000000,0.000000
9,equal,38000,10.000,0,5,0.500,0.200,0.400,86s,jam,-40.000000,-28.812500,30.447917,11.187500,70.447917,0.349609,0.402995,80.000000,-80.000000,0.000000,0.000000,0.000000,0.000000
9,equal,38000,10.000,0,5,0.500,0.200,0.400,54s,jam,-40.000000,-29.656250,30.421875,10.343750,70.421875,0.323242,0.401367,80.000000,-80.000000,0.000000,0.000000,0.000000,0.000000
9,equal,38000,10.000,0,5,0.500,0.200,0.400,87s,jam,-40.000000,-29.218750,30.411458,10.781250,70.411458,0.336914,0.400716,80.000000,-80.000000,0.000000,0.000000,0.000000,0.000000
9,equal,38000,10.000,0,5,0.500,0.200,0.400,T9s,jam,-40.000000,-24.000000,30.406250,16.000000,70.406250,0.500000,0.400391,80.000000,-80.000000,0.000000,0.000000,0.000000,0.000000
9,equal,38000,10.000,0,5,0.500,0.200,0.400,JTs,jam,-40.000000,-17.500000,30.369792,22.500000,70.369792,0.703125,0.398112,80.000000,-80.000000,0.000000,0.000000,0.000000,0.000000
9,equal,38000,10.000,0,5,0.500,0.200,0.400,63s,jam,-40.000000,-28.937500,30.333333,11.062500,70.333333,0.345703,0.395833,80.000000,-80.000000,0.000000,0.000000,0.000000,0.000000
9,equal,38000,10.000,0,5,0.500,0.200,0.400,53s,jam,-40.000000,-29.093750,30.322917,10.906250,70.322917,0.340820,0.395182,80.000000,-80.000000,0.000000,0.000000,0.000000,0.000000
9,equal,38000,10.000,0,5,0.500,0.200,0.400,43s,jam,-40.000000,-28.625000,30.307292,11.375000,70.307292,0.355469,0.394206,80.000000,-80.000000,0.000000,0.000000,0.000000,0.000000
9,equal,38000,10.000,0,5,0.500,0.200,0.400,73s,jam,-40.000000,-28.812500,30.203125,11.187500,70.203125,0.349609,0.387695,80.000000,-80.000000,0.000000,0.000000,0.000000,0.000000
9,equal,38000,10.000,0,5,0.500,0.200,0.400,83s,jam,-40.000000,-29.968750,30.161458,10.031250,70.161458,0.313477,0.385091,80.000000,-80.000000,0.000000,0.000000,0.000000,0.000000
9,equal,38000,10.000,0,5,0.500,0.200,0.400,75s,jam,-40.000000,-28.437500,30.156250,11.562500,70.156250,0.361328,0.384766,80.000000,-80.000000,0.000000,0.000000,0.000000,0.000000
9,equal,38000,10.000,0,5,0.500,0.200,0.400,84s,jam,-40.000000,-29.531250,30.130208,10.468750,70.130208,0.327148,0.383138,80.000000,-80.000000,0.000000,0.000000,0.000000,0.000000
9,equal,38000,10.000,0,5,0.500,0.200,0.400,85s,jam,-40.000000,-28.875000,30.072917,11.125000,70.072917,0.347656,0.379557,80.000000,-80.000000,0.000000,0.000000,0.000000,0.000000
9,equal,38000,10.000,0,5,0.500,0.200,0.400,32s,jam,-40.000000,-31.218750,30.072917,8.781250,70.072917,0.274414,0.379557,80.000000,-80.000000,0.000000,0.000000,0.000000,0.000000
9,equal,38000,10.000,0,5,0.500,0.200,0.400,54o,jam,-40.000000,-28.489583,30.060764,11.510417,70.060764,0.359701,0.378798,80.000000,-80.000000,0.000000,0.000000,0.000000,0.000000
9,equal,38000,10.000,0,5,0.500,0.200,0.400,J9s,jam,-40.000000,-16.125000,30.046875,23.875000,70.046875,0.746094,0.377930,80.000000,-80.000000,0.000000,0.000000,0.000000,0.000000
9,equal,38000,10.000,0,5,0.500,0.200,0.400,T8s,jam,-40.000000,-28.958333,30.031250,11.041667,70.031250,0.345052,0.376953,80.000000,-80.000000,0.000000,0.000000,0.000000,0.000000
9,equal,38000,10.000,0,5,0.500,0.200,0.400,T5s,jam,-40.000000,-30.208333,30.020833,9.791667,70.020833,0.305990,0.376302,80.000000,-80.000000,0.000000,0.000000,0.000000,0.000000
9,equal,38000,10.000,0,5,0.500,0.200,0.400,76o,jam,-40.000000,-28.510417,30.000000,11.489583,70.000000,0.359049,0.375000,80.000000,-80.000000,0.000000,0.000000,0.000000,0.000000
9,equal,38000,10.000,0,5,0.500,0.200,0.400,42s,jam,-40.000000,-28.468750,29.994792,11.531250,69.994792,0.360352,0.374674,80.000000,-80.000000,0.000000,0.000000,0.000000,0.000000
9,equal,38000,10.000,0,5,0.500,0.200,0.400,52s,jam,-40.000000,-28.718750,29.994792,11.281250,69.994792,0.352539,0.374674,80.000000,-80.000000,0.000000,0.000000,0.000000,0.000000
9,equal,38000,10.000,0,5,0.500,0.200,0.400,74s,jam,-40.000000,-28.937500,29.973958,11.062500,69.973958,0.345703,0.373372,80.000000,-80.000000,0.000000,0.000000,0.000000,0.000000
9,equal,38000,10.000,0,5,0.500,0.200,0.400,92s,jam,-40.000000,-29.666667,29.911458,10.333333,69.911458,0.322917,0.369466,80.000000,-80.000000,0.000000,0.000000,0.000000,0.000000
9,equal,38000,10.000,0,5,0.500,0.200,0.400,T6s,jam,-40.000000,-29.666667,29.895833,10.333333,69.895833,0.322917,0.368490,80.000000,-80.000000,0.000000,0.000000,0.000000,0.000000
9,equal,38000,10.000,0,5,0.500,0.200,0.400,93s,jam,-40.000000,-30.333333,29.895833,9.666667,69.895833,0.302083,0.368490,80.000000,-80.000000,0.000000,0.000000,0.000000,0.000000
9,equal,38000,10.000,0,5,0.500,0.200,0.400,J4s,jam,-40.000000,-20.875000,29.859375,19.125000,69.859375,0.597656,0.366211,80.000000,-80.000000,0.000000,0.000000,0.000000,0.000000
9,equal,38000,10.000,0,5,0.500,0.200,0.400,95s,jam,-40.000000,-30.708333,29.854167,9.291667,69.854167,0.290365,0.365885,80.000000,-80.000000,0.000000,0.000000,0.000000,0.000000
9,equal,38000,10.000,0,5,0.500,0.200,0.400,65o,jam,-40.000000,-29.250000,29.848958,10.750000,69.848958,0.335938,0.365560,80.000000,-80.000000,0.000000,0.000000,0.000000,0.000000
9,equal,38000,10.000,0,5,0.500,0.200,0.400,T3s,jam,-40.000000,-28.791667,29.843750,11.208333,69.843750,0.350260,0.365234,80.000000,-80.000000,0.000000,0.000000,0.000000,0.000000
9,equal,38000,10.000,0,5,0.500,0.200,0.400,64o,jam,-40.000000,-29.510417,29.821181,10.489583,69.821181,0.327799,0.363824,80.000000,-80.000000,0.000000,0.000000,0.000000,0.000000
9,equal,38000,10.000,0,5,0.500,0.200,0.400,96s,jam,-40.000000,-29.750000,29.796875,10.250000,69.796875,0.320312,0.362305,80.000000,-80.000000,0.000000,0.000000,0.000000,0.000000
9,equal,38000,10.000,0,5,0.500,0.200,0.400,JTo,jam,-40.000000,-17.819444,29.786458,22.180556,69.786458,0.693142,0.361654,80.000000,-80.000000,0.000000,0.000000,0.000000,0.000000
9,equal,38000,10.000,0,5,0.500,0.200,0.400,94s,jam,-40.000000,-30.541667,29.770833,9.458333,69.770833,0.295573,0.360677,80.000000,-80.000000,0.000000,0.000000,0.000000,0.000000
9,equal,38000,10.000,0,5,0.500,0.200,0.400,62s,jam,-40.000000,-29.562500,29.760417,10.437500,69.760417,0.326172,0.360026,80.000000,-80.000000,0.000000,0.000000,0.000000,0.000000
9,equal,38000,10.000,0,5,0.500,0.200,0.400,J2s,jam,-40.000000,-23.187500,29.755208,16.812500,69.755208,0.525391,0.359701,80.000000,-80.000000,0.000000,0.000000,0.000000,0.000000
9,equal,38000,10.000,0,5,0.500,0.200,0.400,72s,jam,-40.000000,-28.250000,29.734375,11.750000,69.734375,0.367188,0.358398,80.000000,-80.000000,0.000000,0.000000,0.000000,0.000000
9,equal,38000,10.000,0,5,0.500,0.200,0.400,98o,jam,-40.000000,-31.638889,29.722222,8.361111,69.722222,0.261285,0.357639,80.000000,-80.000000,0.000000,0.000000,0.000000,0.000000
9,equal,38000,10.000,0,5,0.500,0.200,0.400,J3s,jam,-40.000000,-23.718750,29.718750,16.281250,69.718750,0.508789,0.357422,80.000000,-80.000000,0.000000,0.000000,0.000000,0.000000
9,equal,38000,10.000,0,5,0.500,0.200,0.400,53o,jam,-40.000000,-29.229167,29.713542,10.770833,69.713542,0.336589,0.357096,80.000000,-80.000000,0.000000,0.000000,0.000000,0.000000
9,equal,38000,10.000,0,5,0.500,0.200,0.400,T9o,jam,-40.000000,-24.729167,29.703125,15.270833,69.703125,0.477214,0.356445,80.000000,-80.000000,0.000000,0.000000,0.000000,0.000000
9,equal,38000,10.000,0,5,0.500,0.200,0.400,75o,jam,-40.000000,-29.760417,29.692708,10.239583,69.692708,0.319987,0.355794,80.000000,-80.000000,0.000000,0.000000,0.000000,0.000000
9,equal,38000,10.000,0,5,0.500,0.200,0.400,43o,jam,-40.000000,-29.645833,29.687500,10.354167,69.687500,0.323568,0.355469,80.000000,-80.000000,0.000000,0.000000,0.000000,0.000000
9,equal,38000,10.000,0,5,0.500,0.200,0.400,T8o,jam,-40.000000,-30.777778,29.678819,9.222222,69.678819,0.288194,0.354926,80.000000,-80.000000,0.000000,0.000000,0.000000,0.000000
9,equal,38000,10.000,0,5,0.500,0.200,0.400,96o,jam,-40.000000,-31.736111,29.668403,8.263889,69.668403,0.258247,0.354275,80.000000,-80.000000,0.000000,0.000000,0.000000,0.000000
9,equal,38000,10.000,0,5,0.500,0.200,0.400,J8s,jam,-40.000000,-21.156250,29.666667,18.843750,69.666667,0.588867,0.354167,80.000000,-80.000000,0.000000,0.000000,0.000000,0.000000
9,equal,38000,10.000,0,5,0.500,0.200,0.400,J5s,jam,-40.000000,-22.406250,29.661458,17.593750,69.661458,0.549805,0.353841,80.000000,-80.000000,0.000000,0.000000,0.000000,0.000000
9,equal,38000,10.000,0,5,0.500,0.200,0.400,87o,jam,-40.000000,-28.875000,29.651042,11.125000,69.651042,0.347656,0.353190,80.000000,-80.000000,0.000000,0.000000,0.000000,0.000000
9,equal,38000,10.000,0,5,0.500,0.200,0.400,97o,jam,-40.000000,-31.750000,29.633681,8.250000,69.633681,0.257812,0.352105,80.000000,-80.000000,0.000000,0.000000,0.000000,0.000000
9,equal,38000,10.000,0,5,0.500,0.200,0.400,J6s,jam,-40.000000,-20.968750,29.630208,19.031250,69.630208,0.594727,0.351888,80.000000,-80.000000,0.000000,0.000000,0.000000,0.000000
9,equal,38000,10.000,0,5,0.500,0.200,0.400,T4s,jam,-40.000000,-30.333333,29.630208,9.666667,69.630208,0.302083,0.351888,80.000000,-80.000000,0.000000,0.000000,0.000000,0.000000
9,equal,38000,10.000,0,5,0.500,0.200,0.400,63o,jam,-40.000000,-29.583333,29.593750,10.416667,69.593750,0.325521,0.349609,80.000000,-80.000000,0.000000,0.000000,0.000000,0.000000
9,equal,38000,10.000,0,5,0.500,0.200,0.400,T7s,jam,-40.000000,-30.041667,29.583333,9.958333,69.583333,0.311198,0.348958,80.000000,-80.000000,0.000000,0.000000,0.000000,0.000000
9,equal,38000,10.000,0,5,0.500,0.200,0.400,73o,jam,-40.000000,-30.385417,29.541667,9.614583,69.541667,0.300456,0.346354,80.000000,-80.000000,0.000000,0.000000,0.000000,0.000000
9,equal,38000,10.000,0,5,0.500,0.200,0.400,J7s,jam,-40.000000,-21.812500,29.531250,18.187500,69.531250,0.568359,0.345703,80.000000,-80.000000,0.000000,0.000000,0.000000,0.000000
9,equal,38000,10.000,0,5,0.500,0.200,0.400,85o,jam,-40.000000,-30.302083,29.513889,9.697917,69.513889,0.303060,0.344618,80.000000,-80.000000,0.000000,0.000000,0.000000,0.000000
9,equal,38000,10.000,0,5,0.500,0.200,0.400,42o,jam,-40.000000,-29.625000,29.498264,10.375000,69.498264,0.324219,0.343641,80.000000,-80.000000,0.000000,0.000000,0.000000,0.000000
9,equal,38000,10.000,0,5,0.500,0.200,0.400,84o,jam,-40.000000,-30.322917,29.470486,9.677083,69.470486,0.302409,0.341905,80.000000,-80.000000,0.000000,0.000000,0.000000,0.000000
9,equal,38000,10.000,0,5,0.500,0.200,0.400,74o,jam,-40.000000,-30.468750,29.446181,9.531250,69.446181,0.297852,0.340386,80.000000,-80.000000,0.000000,0.000000,0.000000,0.000000
9,equal,38000,10.000,0,5,0.500,0.200,0.400,86o,jam,-40.000000,-29.854167,29.444444,10.145833,69.444444,0.317057,0.340278,80.000000,-80.000000,0.000000,0.000000,0.000000,0.000000
9,equal,38000,10.000,0,5,0.500,0.200,0.400,J9o,jam,-40.000000,-18.555556,29.425347,21.444444,69.425347,0.670139,0.339084,80.000000,-80.000000,0.000000,0.000000,0.000000,0.000000
9,equal,38000,10.000,0,5,0.500,0.200,0.400,95o,jam,-40.000000,-32.736111,29.413194,7.263889,69.413194,0.226997,0.338325,80.000000,-80.000000,0.000000,0.000000,0.000000,0.000000
9,equal,38000,10.000,0,5,0.500,0.200,0.400,62o,jam,-40.000000,-29.729167,29.328125,10.270833,69.328125,0.320964,0.333008,80.000000,-80.000000,0.000000,0.000000,0.000000,0.000000
9,equal,38000,10.000,0,5,0.500,0.200,0.400,32o,jam,-40.000000,-29.427083,29.303819,10.572917,69.303819,0.330404,0.331489,80.000000,-80.000000,0.000000,0.000000,0.000000,0.000000
9,equal,38000,10.000,0,5,0.500,0.200,0.400,82s,jam,-40.000000,-29.937500,29.296875,10.062500,69.296875,0.314453,0.331055,80.000000,-80.000000,0.000000,0.000000,0.000000,0.000000
9,equal,38000,10.000,0,5,0.500,0.200,0.400,72o,jam,-40.000000,-30.770833,29.295139,9.229167,69.295139,0.288411,0.330946,80.000000,-80.000000,0.000000,0.000000,0.000000,0.000000
9,equal,38000,10.000,0,5,0.500,0.200,0.400,J8o,jam,-40.000000,-22.500000,29.293403,17.500000,69.293403,0.546875,0.330838,80.000000,-80.000000,0.000000,0.000000,0.000000,0.000000
9,equal,38000,10.000,0,5,0.500,0.200,0.400,T7o,jam,-40.000000,-30.916667,29.286458,9.083333,69.286458,0.283854,0.330404,80.000000,-80.000000,0.000000,0.000000,0.000000,0.000000
9,equal,38000,10.000,0,5,0.500,0.200,0.400,52o,jam,-40.000000,-29.395833,29.281250,10.604167,69.281250,0.331380,0.330078,80.000000,-80.000000,0.000000,0.000000,0.000000,0.000000
9,equal,38000,10.000,0,5,0.500,0.200,0.400,T5o,jam,-40.000000,-30.750000,29.256944,9.250000,69.256944,0.289062,0.328559,80.000000,-80.000000,0.000000,0.000000,0.000000,0.000000
9,equal,38000,10.000,0,5,0.500,0.200,0.400,K4s,jam,-40.000000,-22.968750,29.229167,17.031250,69.229167,0.532227,0.326823,80.000000,-80.000000,0.000000,0.000000,0.000000,0.000000
9,equal,38000,10.000,0,5,0.500,0.200,0.400,T6o,jam,-40.000000,-30.722222,29.218750,9.277778,69.218750,0.289931,0.326172,80.000000,-80.000000,0.000000,0.000000,0.000000,0.000000
9,equal,38000,10.000,0,5,0.500,0.200,0.400,J7o,jam,-40.000000,-23.406250,29.180556,16.593750,69.180556,0.518555,0.323785,80.000000,-80.000000,0.000000,0.000000,0.000000,0.000000
9,equal,38000,10.000,0,5,0.500,0.200,0.400,J5o,jam,-40.000000,-23.125000,29.159722,16.875000,69.159722,0.527344,0.322483,80.000000,-80.000000,0.000000,0.000000,0.000000,0.000000
9,equal,38000,10.000,0,5,0.500,0.200,0.400,92o,jam,-40.000000,-32.277778,29.126736,7.722222,69.126736,0.241319,0.320421,80.000000,-80.000000,0.000000,0.000000,0.000000,0.000000
9,equal,38000,10.000,0,5,0.500,0.200,0.400,QTs,jam,-40.000000,-17.708333,29.125000,22.291667,69.125000,0.696615,0.320312,80.000000,-80.000000,0.000000,0.000000,0.000000,0.000000
9,equal,38000,10.000,0,5,0.500,0.200,0.400,94o,jam,-40.000000,-31.944444,29.118056,8.055556,69.118056,0.251736,0.319878,80.000000,-80.000000,0.000000,0.000000,0.000000,0.000000
9,equal,38000,10.000,0,5,0.500,0.200,0.400,T3o,jam,-40.000000,-31.291667,29.112847,8.708333,69.112847,0.272135,0.319553,80.000000,-80.000000,0.000000,0.000000,0.000000,0.000000
9,equal,38000,10.000,0,5,0.500,0.200,0.400,T2s,jam,-40.000000,-29.875000,29.078125,10.125000,69.078125,0.316406,0.317383,80.000000,-80.000000,0.000000,0.000000,0.000000,0.000000
9,equal,38000,10.000,0,5,0.500,0.200,0.400,T4o,jam,-40.000000,-31.236111,29.072917,8.763889,69.072917,0.273872,0.317057,80.000000,-80.000000,0.000000,0.000000,0.000000,0.000000
9,equal,38000,10.000,0,5,0.500,0.200,0.400,Q6s,jam,-40.000000,-22.125000,29.041667,17.875000,69.041667,0.558594,0.315104,80.000000,-80.000000,0.000000,0.000000,0.000000,0.000000
9,equal,38000,10.000,0,5,0.500,0.200,0.400,82o,jam,-40.000000,-31.000000,29.039931,9.000000,69.039931,0.281250,0.314996,80.000000,-80.000000,0.000000,0.000000,0.000000,0.000000
9,equal,38000,10.000,0,5,0.500,0.200,0.400,Q4s,jam,-40.000000,-22.437500,29.020833,17.562500,69.020833,0.548828,0.313802,80.000000,-80.000000,0.000000,0.000000,0.000000,0.000000
9,equal,38000,10.000,0,5,0.500,0.200,0.400,KTs,jam,-40.000000,-18.500000,29.013889,21.500000,69.013889,0.671875,0.313368,80.000000,-80.000000,0.000000,0.000000,0.000000,0.000000
9,equal,38000,10.000,0,5,0.500,0.200,0.400,Q5s,jam,-40.000000,-22.250000,28.993056,17.750000,68.993056,0.554688,0.312066,80.000000,-80.000000,0.000000,0.000000,0.000000,0.000000
9,equal,38000,10.000,0,5,0.500,0.200,0.400,J3o,jam,-40.000000,-24.000000,28.980903,16.000000,68.980903,0.500000,0.311306,80.000000,-80.000000,0.000000,0.000000,0.000000,0.000000
9,equal,38000,10.000,0,5,0.500,0.200,0.400,93o,jam,-40.000000,-31.375000,28.968750,8.625000,68.968750,0.269531,0.310547,80.000000,-80.000000,0.000000,0.000000,0.000000,0.000000
9,equal,38000,10.000,0,5,0.500,0.200,0.400,83o,jam,-40.000000,-31.093750,28.946181,8.906250,68.946181,0.278320,0.309136,80.000000,-80.000000,0.000000,0.000000,0.000000,0.000000
9,equal,38000,10.000,0,5,0.500,0.200,0.400,K6s,jam,-40.000000,-22.281250,28.944444,17.718750,68.944444,0.553711,0.309028,80.000000,-80.000000,0.000000,0.000000,0.000000,0.000000
9,equal,38000,10.000,0,5,0.500,0.200,0.400,K8s,jam,-40.000000,-22.687500,28.923611,17.312500,68.923611,0.541016,0.307726,80.000000,-80.000000,0.000000,0.000000,0.000000,0.000000
9,equal,38000,10.000,0,5,0.500,0.200,0.400,J6o,jam,-40.000000,-23.843750,28.923611,16.156250,68.923611,0.504883,0.307726,80.000000,-80.000000,0.000000,0.000000,0.000000,0.000000
9,equal,38000,10.000,0,5,0.500,0.200,0.400,T2o,jam,-40.000000,-30.722222,28.906250,9.277778,68.906250,0.289931,0.306641,80.000000,-80.000000,0.000000,0.000000,0.000000,0.000000
9,equal,38000,10.000,0,5,0.500,0.200,0.400,J2o,jam,-40.000000,-22.635417,28.902778,17.364583,68.902778,0.542643,0.306424,80.000000,-80.000000,0.000000,0.000000,0.000000,0.000000
9,equal,38000,10.000,0,5,0.500,0.200,0.400,J4o,jam,-40.000000,-23.447917,28.894097,16.552083,68.894097,0.517253,0.305881,80.000000,-80.000000,0.000000,0.000000,0.000000,0.000000
9,equal,38000,10.000,0,5,0.500,0.200,0.400,K9s,jam,-40.000000,-18.916667,28.861111,21.083333,68.861111,0.658854,0.303819,80.000000,-80.000000,0.000000,0.000000,0.000000,0.000000
9,equal,38000,10.000,0,5,0.500,0.200,0.400,KJs,jam,-40.000000,-19.218750,28.854167,20.781250,68.854167,0.649414,0.303385,80.000000,-80.000000,0.000000,0.000000,0.000000,0.000000
9,equal,38000,10.000,0,5,0.500,0.200,0.400,Q2s,jam,-40.000000,-22.812500,28.750000,17.187500,68.750000,0.537109,0.296875,80.000000,-80.000000,0.000000,0.000000,0.000000,0.000000
9,equal,38000,10.000,0,5,0.500,0.200,0.400,K7s,jam,-40.000000,-22.406250,28.715278,17.593750,68.715278,0.549805,0.294705,80.000000,-80.000000,0.000000,0.000000,0.000000,0.000000
9,equal,38000,10.000,0,5,0.500,0.200,0.400,K2s,jam,-40.000000,-22.562500,28.715278,17.437500,68.715278,0.544922,0.294705,80.000000,-80.000000,0.000000,0.000000,0.000000,0.000000
9,equal,38000,10.000,0,5,0.500,0.200,0.400,K5s,jam,-40.000000,-21.500000,28.680556,18.500000,68.680556,0.578125,0.292535,80.000000,-80.000000,0.000000,0.000000,0.000000,0.000000
9,equal,38000,10.000,0,5,0.500,0.200,0.400,QJs,jam,-40.000000,-19.000000,28.673611,21.000000,68.673611,0.656250,0.292101,80.000000,-80.000000,0.000000,0.000000,0.000000,0.000000
9,equal,38000,10.000,0,5,0.500,0.200,0.400,Q7s,jam,-40.000000,-21.531250,28.604167,18.468750,68.604167,0.577148,0.287760,80.000000,-80.000000,0.000000,0.000000,0.000000,0.000000
9,equal,38000,10.000,0,5,0.500,0.200,0.400,Q3s,jam,-40.000000,-23.656250,28.562500,16.343750,68.562500,0.510742,0.285156,80.000000,-80.000000,0.000000,0.000000,0.000000,0.000000
9,equal,38000,10.000,0,5,0.500,0.200,0.400,K3s,jam,-40.000000,-23.156250,28.555556,16.843750,68.555556,0.526367,0.284722,80.000000,-80.000000,0.000000,0.000000,0.000000,0.000000
9,equal,38000,10.000,0,5,0.500,0.200,0.400,Q8s,jam,-40.000000,-21.156250,28.437500,18.843750,68.437500,0.588867,0.277344,80.000000,-80.000000,0.000000,0.000000,0.000000,0.000000
9,equal,38000,10.000,0,5,0.500,0.200,0.400,KTo,jam,-40.000000,-18.125000,28.326389,21.875000,68.326389,0.683594,0.270399,80.000000,-80.000000,0.000000,0.000000,0.000000,0.000000
9,equal,38000,10.000,0,5,0.500,0.200,0.400,K9o,jam,-40.000000,-18.555556,28.277778,21.444444,68.277778,0.670139,0.267361,80.000000,-80.000000,0.000000,0.000000,0.000000,0.000000
9,equal,38000,10.000,0,5,0.500,0.200,0.400,Q9s,jam,-40.000000,-18.750000,28.263889,21.250000,68.263889,0.664062,0.266493,80.000000,-80.000000,0.000000,0.000000,0.000000,0.000000
9,equal,38000,10.000,0,5,0.500,0.200,0.400,K8o,jam,-40.000000,-23.104167,28.263889,16.895833,68.263889,0.527995,0.266493,80.000000,-80.000000,0.000000,0.000000,0.000000,0.000000
9,equal,38000,10.000,0,5,0.500,0.200,0.400,QTo,jam,-40.000000,-18.638889,28.250000,21.361111,68.250000,0.667535,0.265625,80.000000,-80.000000,0.000000,0.000000,0.000000,0.000000
9,equal,38000,10.000,0,5,0.500,0.200,0.400,K4o,jam,-40.000000,-23.354167,28.233796,16.645833,68.233796,0.520182,0.264612,80.000000,-80.000000,0.000000,0.000000,0.000000,0.000000
9,equal,38000,10.000,0,5,0.500,0.200,0.400,K5o,jam,-40.000000,-24.343750,28.206019,15.656250,68.206019,0.489258,0.262876,80.000000,-80.000000,0.000000,0.000000,0.000000,0.000000
9,equal,38000,10.000,0,5,0.500,0.200,0.400,K6o,jam,-40.000000,-23.802083,28.189815,16.197917,68.189815,0.506185,0.261863,80.000000,-80.000000,0.000000,0.000000,0.000000,0.000000
9,equal,38000,10.000,0,5,0.500,0.200,0.400,K7o,jam,-40.000000,-23.083333,28.185185,16.916667,68.185185,0.528646,0.261574,80.000000,-80.000000,0.000000,0.000000,0.000000,0.000000
9,equal,38000,10.000,0,5,0.500,0.200,0.400,Q6o,jam,-40.000000,-22.843750,28.118056,17.156250,68.118056,0.536133,0.257378,80.000000,-80.000000,0.000000,0.000000,0.000000,0.000000
9,equal,38000,10.000,0,5,0.500,0.200,0.400,K2o,jam,-40.000000,-24.291667,28.115741,15.708333,68.115741,0.490885,0.257234,80.000000,-80.000000,0.000000,0.000000,0.000000,0.000000
9,equal,38000,10.000,0,5,0.500,0.200,0.400,QJo,jam,-40.000000,-20.083333,28.050926,19.916667,68.050926,0.622396,0.253183,80.000000,-80.000000,0.000000,0.000000,0.000000,0.000000
9,equal,38000,10.000,0,5,0.500,0.200,0.400,Q9o,jam,-40.000000,-18.444444,28.018519,21.555556,68.018519,0.673611,0.251157,80.000000,-80.000000,0.000000,0.000000,0.000000,0.000000
9,equal,38000,10.000,0,5,0.500,0.200,0.400,Q5o,jam,-40.000000,-23.822917,27.960648,16.177083,67.960648,0.505534,0.247541,80.000000,-80.000000,0.000000,0.000000,0.000000,0.000000
9,equal,38000,10.000,0,5,0.500,0.200,0.400,KJo,jam,-40.000000,-20.947917,27.909722,19.052083,67.909722,0.595378,0.244358,80.000000,-80.000000,0.000000,0.000000,0.000000,0.000000
9,equal,38000,10.000,0,5,0.500,0.200,0.400,Q3o,jam,-40.000000,-23.895833,27.907407,16.104167,67.907407,0.503255,0.244213,80.000000,-80.000000,0.000000,0.000000,0.000000,0.000000
9,equal,38000,10.000,0,5,0.500,0.200,0.400,K3o,jam,-40.000000,-23.437500,27.872685,16.562500,67.872685,0.517578,0.242043,80.000000,-80.000000,0.000000,0.000000,0.000000,0.000000
9,equal,38000,10.000,0,5,0.500,0.200,0.400,Q4o,jam,-40.000000,-23.989583,27.844907,16.010417,67.844907,0.500326,0.240307,80.000000,-80.000000,0.000000,0.000000,0.000000,0.000000
9,equal,38000,10.000,0,5,0.500,0.200,0.400,Q8o,jam,-40.000000,-22.791667,27.775463,17.208333,67.775463,0.537760,0.235966,80.000000,-80.000000,0.000000,0.000000,0.000000,0.000000
9,equal,38000,10.000,0,5,0.500,0.200,0.400,Q2o,jam,-40.000000,-22.989583,27.719907,17.010417,67.719907,0.531576,0.232494,80.000000,-80.000000,0.000000,0.000000,0.000000,0.000000
9,equal,38000,10.000,0,5,0.500,0.200,0.400,Q7o,jam,-40.000000,-24.000000,27.636574,16.000000,67.636574,0.500000,0.227286,80.000000,-80.000000,0.000000,0.000000,0.000000,0.000000
9,equal,38000,10.000,0,5,0.500,0.500,0.400,JJ,jam,-40.000000,-13.562500,33.046875,26.437500,73.046875,0.826172,0.826172,80.000000,-80.000000,0.000000,0.000000,0.000000,0.000000
9,equal,38000,10.000,0,5,0.500,0.500,0.400,QQ,jam,-40.000000,-13.854167,32.682292,26.145833,72.682292,0.817057,0.817057,80.000000,-80.000000,0.000000,0.000000,0.000000,0.000000
9,equal,38000,10.000,0,5,0.500,0.500,0.400,TT,jam,-40.000000,-13.875000,32.656250,26.125000,72.656250,0.816406,0.816406,80.000000,-80.000000,0.000000,0.000000,0.000000,0.000000
9,equal,38000,10.000,0,5,0.500,0.500,0.400,AA,jam,-40.000000,-14.791667,31.510417,25.208333,71.510417,0.787760,0.787760,80.000000,-80.000000,0.000000,0.000000,0.000000,0.000000
9,equal,38000,10.000,0,5,0.500,0.500,0.400,KK,jam,-40.000000,-15.020833,31.223958,24.979167,71.223958,0.780599,0.780599,80.000000,-80.000000,0.000000,0.000000,0.000000,0.000000
9,equal,38000,10.000,0,5,0.500,0.500,0.400,J9s,jam,-40.000000,-16.125000,29.843750,23.875000,69.843750,0.746094,0.746094,80.000000,-80.000000,0.000000,0.000000,0.000000,0.000000
9,equal,38000,10.000,0,5,0.500,0.500,0.400,JTs,jam,-40.000000,-17.500000,28.125000,22.500000,68.125000,0.703125,0.703125,80.000000,-80.000000,0.000000,0.000000,0.000000,0.000000
9,equal,38000,10.000,0,5,0.500,0.500,0.400,ATo,jam,-40.000000,-17.652778,27.934028,22.347222,67.934028,0.698351,0.698351,80.000000,-80.000000,0.000000,0.000000,0.000000,0.000000
9,equal,38000,10.000,0,5,0.500,0.500,0.400,QTs,jam,-40.000000,-17.708333,27.864583,22.291667,67.864583,0.696615,0.696615,80.000000,-80.000000,0.000000,0.000000,0.000000,0.000000
9,equal,38000,10.000,0,5,0.500,0.500,0.400,JTo,jam,-40.000000,-17.819444,27.725694,22.180556,67.725694,0.693142,0.693142,80.000000,-80.000000,0.000000,0.000000,0.000000,0.000000
9,equal,38000,10.000,0,5,0.500,0.500,0.400,A9s,jam,-40.000000,-18.083333,27.395833,21.916667,67.395833,0.684896,0.684896,80.000000,-80.000000,0.000000,0.000000,0.000000,0.000000
9,equal,38000,10.000,0,5,0.500,0.500,0.400,KTo,jam,-40.000000,-18.125000,27.343750,21.875000,67.343750,0.683594,0.683594,80.000000,-80.000000,0.000000,0.000000,0.000000,0.000000
9,equal,38000,10.000,0,5,0.500,0.500,0.400,ATs,jam,-40.000000,-18.166667,27.291667,21.833333,67.291667,0.682292,0.682292,80.000000,-80.000000,0.000000,0.000000,0.000000,0.000000
9,equal,38000,10.000,0,5,0.500,0.500,0.400,Q9o,jam,-40.000000,-18.444444,26.944444,21.555556,66.944444,0.673611,0.673611,80.000000,-80.000000,0.000000,0.000000,0.000000,0.000000
9,equal,38000,10.000,0,5,0.500,0.500,0.400,KTs,jam,-40.000000,-18.500000,26.875000,21.500000,66.875000,0.671875,0.671875,80.000000,-80.000000,0.000000,0.000000,0.000000,0.000000
9,equal,38000,10.000,0,5,0.500,0.500,0.400,K9o,jam,-40.000000,-18.555556,26.805556,21.444444,66.805556,0.670139,0.670139,80.000000,-80.000000,0.000000,0.000000,0.000000,0.000000
9,equal,38000,10.000,0,5,0.500,0.500,0.400,J9o,jam,-40.000000,-18.555556,26.805556,21.444444,66.805556,0.670139,0.670139,80.000000,-80.000000,0.000000,0.000000,0.000000,0.000000
9,equal,38000,10.000,0,5,0.500,0.500,0.400,QTo,jam,-40.000000,-18.638889,26.701389,21.361111,66.701389,0.667535,0.667535,80.000000,-80.000000,0.000000,0.000000,0.000000,0.000000
9,equal,38000,10.000,0,5,0.500,0.500,0.400,Q9s,jam,-40.000000,-18.750000,26.562500,21.250000,66.562500,0.664062,0.664062,80.000000,-80.000000,0.000000,0.000000,0.000000,0.000000
9,equal,38000,10.000,0,5,0.500,0.500,0.400,K9s,jam,-40.000000,-18.916667,26.354167,21.083333,66.354167,0.658854,0.658854,80.000000,-80.000000,0.000000,0.000000,0.000000,0.000000
9,equal,38000,10.000,0,5,0.500,0.500,0.400,A9o,jam,-40.000000,-18.930556,26.336806,21.069444,66.336806,0.658420,0.658420,80.000000,-80.000000,0.000000,0.000000,0.000000,0.000000
9,equal,38000,10.000,0,5,0.500,0.500,0.400,KQs,jam,-40.000000,-18.968750,26.289062,21.031250,66.289062,0.657227,0.657227,80.000000,-80.000000,0.000000,0.000000,0.000000,0.000000
9,equal,38000,10.000,0,5,0.500,0.500,0.400,QJs,jam,-40.000000,-19.000000,26.250000,21.000000,66.250000,0.656250,0.656250,80.000000,-80.000000,0.000000,0.000000,0.000000,0.000000
9,equal,38000,10.000,0,5,0.500,0.500,0.400,KJs,jam,-40.000000,-19.218750,25.976562,20.781250,65.976562,0.649414,0.649414,80.000000,-80.000000,0.000000,0.000000,0.000000,0.000000
9,equal,38000,10.000,0,5,0.500,0.500,0.400,AQs,jam,-40.000000,-19.468750,25.664062,20.531250,65.664062,0.641602,0.641602,80.000000,-80.000000,0.000000,0.000000,0.000000,0.000000
9,equal,38000,10.000,0,5,0.500,0.500,0.400,AJs,jam,-40.000000,-19.500000,25.625000,20.500000,65.625000,0.640625,0.640625,80.000000,-80.000000,0.000000,0.000000,0.000000,0.000000
9,equal,38000,10.000,0,5,0.500,0.500,0.400,AKs,jam,-40.000000,-19.625000,25.468750,20.375000,65.468750,0.636719,0.636719,80.000000,-80.000000,0.000000,0.000000,0.000000,0.000000
9,equal,38000,10.000,0,5,0.500,0.500,0.400,QJo,jam,-40.000000,-20.083333,24.895833,19.916667,64.895833,0.622396,0.622396,80.000000,-80.000000,0.000000,0.000000,0.000000,0.000000
9,equal,38000,10.000,0,5,0.500,0.500,0.400,99,jam,-40.000000,-20.125000,24.843750,19.875000,64.843750,0.621094,0.621094,80.000000,-80.000000,0.000000,0.000000,0.000000,0.000000
9,equal,38000,10.000,0,5,0.500,0.500,0.400,AJo,jam,-40.000000,-20.583333,24.270833,19.416667,64.270833,0.606771,0.606771,80.000000,-80.000000,0.000000,0.000000,0.000000,0.000000
9,equal,38000,10.000,0,5,0.500,0.500,0.400,KQo,jam,-40.000000,-20.812500,23.984375,19.187500,63.984375,0.599609,0.599609,80.000000,-80.000000,0.000000,0.000000,0.000000,0.000000
9,equal,38000,10.000,0,5,0.500,0.500,0.400,J4s,jam,-40.000000,-20.875000,23.906250,19.125000,63.906250,0.597656,0.597656,80.000000,-80.000000,0.000000,0.000000,0.000000,0.000000
9,equal,38000,10.000,0,5,0.500,0.500,0.400,KJo,jam,-40.000000,-20.947917,23.815104,19.052083,63.815104,0.595378,0.595378,80.000000,-80.000000,0.000000,0.000000,0.000000,0.000000
9,equal,38000,10.000,0,5,0.500,0.500,0.400,J6s,jam,-40.000000,-20.968750,23.789062,19.031250,63.789062,0.594727,0.594727,80.000000,-80.000000,0.000000,0.000000,0.000000,0.000000
9,equal,38000,10.000,0,5,0.500,0.500,0.400,Q8s,jam,-40.000000,-21.156250,23.554688,18.843750,63.554688,0.588867,0.588867,80.000000,-80.000000,0.000000,0.000000,0.000000,0.000000
9,equal,38000,10.000,0,5,0.500,0.500,0.400,J8s,jam,-40.000000,-21.156250,23.554688,18.843750,63.554688,0.588867,0.588867,80.000000,-80.000000,0.000000,0.000000,0.000000,0.000000
9,equal,38000,10.000,0,5,0.500,0.500,0.400,A8s,jam,-40.000000,-21.281250,23.398438,18.718750,63.398438,0.584961,0.584961,80.000000,-80.000000,0.000000,0.000000,0.000000,0.000000
9,equal,38000,10.000,0,5,0.500,0.500,0.400,A3s,jam,-40.000000,-21.375000,23.281250,18.625000,63.281250,0.582031,0.582031,80.000000,-80.000000,0.000000,0.000000,0.000000,0.000000
9,equal,38000,10.000,0,5,0.500,0.500,0.400,K5s,jam,-40.000000,-21.500000,23.125000,18.500000,63.125000,0.578125,0.578125,80.000000,-80.000000,0.000000,0.000000,0.000000,0.000000
9,equal,38000,10.000,0,5,0.500,0.500,0.400,AQo,jam,-40.000000,-21.510417,23.111979,18.489583,63.111979,0.577799,0.577799,80.000000,-80.000000,0.000000,0.000000,0.000000,0.000000
9,equal,38000,10.000,0,5,0.500,0.500,0.400,Q7s,jam,-40.000000,-21.531250,23.085938,18.468750,63.085938,0.577148,0.577148,80.000000,-80.000000,0.000000,0.000000,0.000000,0.000000
9,equal,38000,10.000,0,5,0.500,0.500,0.400,AKo,jam,-40.000000,-21.656250,22.929688,18.343750,62.929688,0.573242,0.573242,80.000000,-80.000000,0.000000,0.000000,0.000000,0.000000
9,equal,38000,10.000,0,5,0.500,0.500,0.400,J7s,jam,-40.000000,-21.812500,22.734375,18.187500,62.734375,0.568359,0.568359,80.000000,-80.000000,0.000000,0.000000,0.000000,0.000000
9,equal,38000,10.000,0,5,0.500,0.500,0.400,A2s,jam,-40.000000,-21.875000,22.656250,18.125000,62.656250,0.566406,0.566406,80.000000,-80.000000,0.000000,0.000000,0.000000,0.000000
9,equal,38000,10.000,0,5,0.500,0.500,0.400,A6s,jam,-40.000000,-21.937500,22.578125,18.062500,62.578125,0.564453,0.564453,80.000000,-80.000000,0.000000,0.000000,0.000000,0.000000
9,equal,38000,10.000,0,5,0.500,0.500,0.400,Q6s,jam,-40.000000,-22.125000,22.343750,17.875000,62.343750,0.558594,0.558594,80.000000,-80.000000,0.000000,0.000000,0.000000,0.000000
9,equal,38000,10.000,0,5,0.500,0.500,0.400,Q5s,jam,-40.000000,-22.250000,22.187500,17.750000,62.187500,0.554688,0.554688,80.000000,-80.000000,0.000000,0.000000,0.000000,0.000000
9,equal,38000,10.000,0,5,0.500,0.500,0.400,K6s,jam,-40.000000,-22.281250,22.148438,17.718750,62.148438,0.553711,0.553711,80.000000,-80.000000,0.000000,0.000000,0.000000,0.000000
9,equal,38000,10.000,0,5,0.500,0.500,0.400,A7s,jam,-40.000000,-22.375000,22.031250,17.625000,62.031250,0.550781,0.550781,80.000000,-80.000000,0.000000,0.000000,0.000000,0.000000
9,equal,38000,10.000,0,5,0.500,0.500,0.400,K7s,jam,-40.000000,-22.406250,21.992188,17.593750,61.992188,0.549805,0.549805,80.000000,-80.000000,0.000000,0.000000,0.000000,0.000000
9,equal,38000,10.000,0,5,0.500,0.500,0.400,J5s,jam,-40.000000,-22.406250,21.992188,17.593750,61.992188,0.549805,0.549805,80.000000,-80.000000,0.000000,0.000000,0.000000,0.000000
9,equal,38000,10.000,0,5,0.500,0.500,0.400,Q4s,jam,-40.000000,-22.437500,21.953125,17.562500,61.953125,0.548828,0.548828,80.000000,-80.000000,0.000000,0.000000,0.000000,0.000000
9,equal,38000,10.000,0,5,0.500,0.500,0.400,A8o,jam,-40.000000,-22.500000,21.875000,17.500000,61.875000,0.546875,0.546875,80.000000,-80.000000,0.000000,0.000000,0.000000,0.000000
9,equal,38000,10.000,0,5,0.500,0.500,0.400,J8o,jam,-40.000000,-22.500000,21.875000,17.500000,61.875000,0.546875,0.546875,80.000000,-80.000000,0.000000,0.000000,0.000000,0.000000
9,equal,38000,10.000,0,5,0.500,0.500,0.400,K2s,jam,-40.000000,-22.562500,21.796875,17.437500,61.796875,0.544922,0.544922,80.000000,-80.000000,0.000000,0.000000,0.000000,0.000000
9,equal,38000,10.000,0,5,0.500,0.500,0.400,A5s,jam,-40.000000,-22.625000,21.718750,17.375000,61.718750,0.542969,0.542969,80.000000,-80.000000,0.000000,0.000000,0.000000,0.000000
9,equal,38000,10.000,0,5,0.500,0.500,0.400,J2o,jam,-40.000000,-22.635417,21.705729,17.364583,61.705729,0.542643,0.542643,80.000000,-80.000000,0.000000,0.000000,0.000000,0.000000
9,equal,38000,10.000,0,5,0.500,0.500,0.400,K8s,jam,-40.000000,-22.687500,21.640625,17.312500,61.640625,0.541016,0.541016,80.000000,-80.000000,0.000000,0.000000,0.000000,0.000000
9,equal,38000,10.000,0,5,0.500,0.500,0.400,A4s,jam,-40.000000,-22.718750,21.601562,17.281250,61.601562,0.540039,0.540039,80.000000,-80.000000,0.000000,0.000000,0.000000,0.000000
9,equal,38000,10.000,0,5,0.500,0.500,0.400,Q8o,jam,-40.000000,-22.791667,21.510417,17.208333,61.510417,0.537760,0.537760,80.000000,-80.000000,0.000000,0.000000,0.000000,0.000000
9,equal,38000,10.000,0,5,0.500,0.500,0.400,Q2s,jam,-40.000000,-22.812500,21.484375,17.187500,61.484375,0.537109,0.537109,80.000000,-80.000000,0.000000,0.000000,0.000000,0.000000
9,equal,38000,10.000,0,5,0.500,0.500,0.400,A3o,jam,-40.000000,-22.822917,21.471354,17.177083,61.471354,0.536784,0.536784,80.000000,-80.000000,0.000000,0.000000,0.000000,0.000000
9,equal,38000,10.000,0,5,0.500,0.500,0.400,Q6o,jam,-40.000000,-22.843750,21.445312,17.156250,61.445312,0.536133,0.536133,80.000000,-80.000000,0.000000,0.000000,0.000000,0.000000
9,equal,38000,10.000,0,5,0.500,0.500,0.400,K4s,jam,-40.000000,-22.968750,21.289062,17.031250,61.289062,0.532227,0.532227,80.000000,-80.000000,0.000000,0.000000,0.000000,0.000000
9,equal,38000,10.000,0,5,0.500,0.500,0.400,Q2o,jam,-40.000000,-22.989583,21.263021,17.010417,61.263021,0.531576,0.531576,80.000000,-80.000000,0.000000,0.000000,0.000000,0.000000
9,equal,38000,10.000,0,5,0.500,0.500,0.400,A6o,jam,-40.000000,-23.052083,21.184896,16.947917,61.184896,0.529622,0.529622,80.000000,-80.000000,0.000000,0.000000,0.000000,0.000000
9,equal,38000,10.000,0,5,0.500,0.500,0.400,K7o,jam,-40.000000,-23.083333,21.145833,16.916667,61.145833,0.528646,0.528646,80.000000,-80.000000,0.000000,0.000000,0.000000,0.000000
9,equal,38000,10.000,0,5,0.500,0.500,0.400,K8o,jam,-40.000000,-23.104167,21.119792,16.895833,61.119792,0.527995,0.527995,80.000000,-80.000000,0.000000,0.000000,0.000000,0.000000
9,equal,38000,10.000,0,5,0.500,0.500,0.400,J5o,jam,-40.000000,-23.125000,21.093750,16.875000,61.093750,0.527344,0.527344,80.000000,-80.000000,0.000000,0.000000,0.000000,0.000000
9,equal,38000,10.000,0,5,0.500,0.500,0.400,A5o,jam,-40.000000,-23.145833,21.067708,16.854167,61.067708,0.526693,0.526693,80.000000,-80.000000,0.000000,0.000000,0.000000,0.000000
9,equal,38000,10.000,0,5,0.500,0.500,0.400,K3s,jam,-40.000000,-23.156250,21.054688,16.843750,61.054688,0.526367,0.526367,80.000000,-80.000000,0.000000,0.000000,0.000000,0.000000
9,equal,38000,10.000,0,5,0.500,0.500,0.400,J2s,jam,-40.000000,-23.187500,21.015625,16.812500,61.015625,0.525391,0.525391,80.000000,-80.000000,0.000000,0.000000,0.000000,0.000000
9,equal,38000,10.000,0,5,0.500,0.500,0.400,A4o,jam,-40.000000,-23.250000,20.937500,16.750000,60.937500,0.523438,0.523438,80.000000,-80.000000,0.000000,0.000000,0.000000,0.000000
9,equal,38000,10.000,0,5,0.500,0.500,0.400,K4o,jam,-40.000000,-23.354167,20.807292,16.645833,60.807292,0.520182,0.520182,80.000000,-80.000000,0.000000,0.000000,0.000000,0.000000
9,equal,38000,10.000,0,5,0.500,0.500,0.400,J7o,jam,-40.000000,-23.406250,20.742188,16.593750,60.742188,0.518555,0.518555,80.000000,-80.000000,0.000000,0.000000,0.000000,0.000000
9,equal,38000,10.000,0,5,0.500,0.500,0.400,K3o,jam,-40.000000,-23.437500,20.703125,16.562500,60.703125,0.517578,0.517578,80.000000,-80.000000,0.000000,0.000000,0.000000,0.000000
9,equal,38000,10.000,0,5,0.500,0.500,0.400,J4o,jam,-40.000000,-23.447917,20.690104,16.552083,60.690104,0.517253,0.517253,80.000000,-80.000000,0.000000,0.000000,0.000000,0.000000
9,equal,38000,10.000,0,5,0.500,0.500,0.400,88,jam,-40.000000,-23.458333,20.677083,16.541667,60.677083,0.516927,0.516927,80.000000,-80.000000,0.000000,0.000000,0.000000,0.000000
9,equal,38000,10.000,0,5,0.500,0.500,0.400,A7o,jam,-40.000000,-23.552083,20.559896,16.447917,60.559896,0.513997,0.513997,80.000000,-80.000000,0.000000,0.000000,0.000000,0.000000
9,equal,38000,10.000,0,5,0.500,0.500,0.400,Q3s,jam,-40.000000,-23.656250,20.429688,16.343750,60.429688,0.510742,0.510742,80.000000,-80.000000,0.000000,0.000000,0.000000,0.000000
9,equal,38000,10.000,0,5,0.500,0.500,0.400,J3s,jam,-40.000000,-23.718750,20.351562,16.281250,60.351562,0.508789,0.508789,80.000000,-80.000000,0.000000,0.000000,0.000000,0.000000
9,equal,38000,10.000,0,5,0.500,0.500,0.400,K6o,jam,-40.000000,-23.802083,20.247396,16.197917,60.247396,0.506185,0.506185,80.000000,-80.000000,0.000000,0.000000,0.000000,0.000000
9,equal,38000,10.000,0,5,0.500,0.500,0.400,Q5o,jam,-40.000000,-23.822917,20.221354,16.177083,60.221354,0.505534,0.505534,80.000000,-80.000000,0.000000,0.000000,0.000000,0.000000
9,equal,38000,10.000,0,5,0.500,0.500,0.400,J6o,jam,-40.000000,-23.843750,20.195312,16.156250,60.195312,0.504883,0.504883,80.000000,-80.000000,0.000000,0.000000,0.000000,0.000000
9,equal,38000,10.000,0,5,0.500,0.500,0.400,Q3o,jam,-40.000000,-23.895833,20.130208,16.104167,60.130208,0.503255,0.503255,80.000000,-80.000000,0.000000,0.000000,0.000000,0.000000
9,equal,38000,10.000,0,5,0.500,0.500,0.400,A2o,jam,-40.000000,-23.958333,20.052083,16.041667,60.052083,0.501302,0.501302,80.000000,-80.000000,0.000000,0.000000,0.000000,0.000000
9,equal,38000,10.000,0,5,0.500,0.500,0.400,Q4o,jam,-40.000000,-23.989583,20.013021,16.010417,60.013021,0.500326,0.500326,80.000000,-80.000000,0.000000,0.000000,0.000000,0.000000
9,equal,38000,10.000,0,5,0.500,0.500,0.400,Q7o,jam,-40.000000,-24.000000,20.000000,16.000000,60.000000,0.500000,0.500000,80.000000,-80.000000,0.000000,0.000000,0.000000,0.000000
9,equal,38000,10.000,0,5,0.500,0.500,0.400,J3o,jam,-40.000000,-24.000000,20.000000,16.000000,60.000000,0.500000,0.500000,80.000000,-80.000000,0.000000,0.000000,0.000000,0.000000
9,equal,38000,10.000,0,5,0.500,0.500,0.400,T9s,jam,-40.000000,-24.000000,20.000000,16.000000,60.000000,0.500000,0.500000,80.000000,-80.000000,0.000000,0.000000,0.000000,0.000000
9,equal,38000,10.000,0,5,0.500,0.500,0.400,66,jam,-40.000000,-24.062500,19.921875,15.937500,59.921875,0.498047,0.498047,80.000000,-80.000000,0.000000,0.000000,0.000000,0.000000
9,equal,38000,10.000,0,5,0.500,0.500,0.400,K2o,jam,-40.000000,-24.291667,19.635417,15.708333,59.635417,0.490885,0.490885,80.000000,-80.000000,0.000000,0.000000,0.000000,0.000000
9,equal,38000,10.000,0,5,0.500,0.500,0.400,K5o,jam,-40.000000,-24.343750,19.570312,15.656250,59.570312,0.489258,0.489258,80.000000,-80.000000,0.000000,0.000000,0.000000,0.000000
9,equal,38000,10.000,0,5,0.500,0.500,0.400,55,jam,-40.000000,-24.354167,19.557292,15.645833,59.557292,0.488932,0.488932,80.000000,-80.000000,0.000000,0.000000,0.000000,0.000000
9,equal,38000,10.000,0,5,0.500,0.500,0.400,33,jam,-40.000000,-24.625000,19.218750,15.375000,59.218750,0.480469,0.480469,80.000000,-80.000000,0.000000,0.000000,0.000000,0.000000
9,equal,38000,10.000,0,5,0.500,0.500,0.400,T9o,jam,-40.000000,-24.729167,19.088542,15.270833,59.088542,0.477214,0.477214,80.000000,-80.000000,0.000000,0.000000,0.000000,0.000000
9,equal,38000,10.000,0,5,0.500,0.500,0.400,22,jam,-40.000000,-25.145833,18.567708,14.854167,58.567708,0.464193,0.464193,80.000000,-80.000000,0.000000,0.000000,0.000000,0.000000
9,equal,38000,10.000,0,5,0.500,0.500,0.400,77,jam,-40.000000,-25.229167,18.463542,14.770833,58.463542,0.461589,0.461589,80.000000,-80.000000,0.000000,0.000000,0.000000,0.000000
9,equal,38000,10.000,0,5,0.500,0.500,0.400,44,jam,-40.000000,-25.958333,17.552083,14.041667,57.552083,0.438802,0.438802,80.000000,-80.000000,0.000000,0.000000,0.000000,0.000000
9,equal,38000,10.000,0,5,0.500,0.500,0.400,76s,jam,-40.000000,-27.875000,15.156250,12.125000,55.156250,0.378906,0.378906,80.000000,-80.000000,0.000000,0.000000,0.000000,0.000000
9,equal,38000,10.000,0,5,0.500,0.500,0.400,72s,jam,-40.000000,-28.250000,14.687500,11.750000,54.687500,0.367188,0.367188,80.000000,-80.000000,0.000000,0.000000,0.000000,0.000000
9,equal,38000,10.000,0,5,0.500,0.500,0.400,75s,jam,-40.000000,-28.437500,14.453125,11.562500,54.453125,0.361328,0.361328,80.000000,-80.000000,0.000000,0.000000,0.000000,0.000000
9,equal,38000,10.000,0,5,0.500,0.500,0.400,42s,jam,-40.000000,-28.468750,14.414062,11.531250,54.414062,0.360352,0.360352,80.000000,-80.000000,0.000000,0.000000,0.000000,0.000000
9,equal,38000,10.000,0,5,0.500,0.500,0.400,54o,jam,-40.000000,-28.489583,14.388021,11.510417,54.388021,0.359701,0.359701,80.000000,-80.000000,0.000000,0.000000,0.000000,0.000000
9,equal,38000,10.000,0,5,0.500,0.500,0.400,76o,jam,-40.000000,-28.510417,14.361979,11.489583,54.361979,0.359049,0.359049,80.000000,-80.000000,0.000000,0.000000,0.000000,0.000000
9,equal,38000,10.000,0,5,0.500,0.500,0.400,43s,jam,-40.000000,-28.625000,14.218750,11.375000,54.218750,0.355469,0.355469,80.000000,-80.000000,0.000000,0.000000,0.000000,0.000000
9,equal,38000,10.000,0,5,0.500,0.500,0.400,52s,jam,-40.000000,-28.718750,14.101562,11.281250,54.101562,0.352539,0.352539,80.000000,-80.000000,0.000000,0.000000,0.000000,0.000000
9,equal,38000,10.000,0,5,0.500,0.500,0.400,T3s,jam,-40.000000,-28.791667,14.010417,11.208333,54.010417,0.350260,0.350260,80.000000,-80.000000,0.000000,0.000000,0.000000,0.000000
9,equal,38000,10.000,0,5,0.500,0.500,0.400,86s,jam,-40.000000,-28.812500,13.984375,11.187500,53.984375,0.349609,0.349609,80.000000,-80.000000,0.000000,0.000000,0.000000,0.000000
9,equal,38000,10.000,0,5,0.500,0.500,0.400,73s,jam,-40.000000,-28.812500,13.984375,11.187500,53.984375,0.349609,0.349609,80.000000,-80.000000,0.000000,0.000000,0.000000,0.000000
9,equal,38000,10.000,0,5,0.500,0.500,0.400,87o,jam,-40.000000,-28.875000,13.906250,11.125000,53.906250,0.347656,0.347656,80.000000,-80.000000,0.000000,0.000000,0.000000,0.000000
9,equal,38000,10.000,0,5,0.500,0.500,0.400,85s,jam,-40.000000,-28.875000,13.906250,11.125000,53.906250,0.347656,0.347656,80.000000,-80.000000,0.000000,0.000000,0.000000,0.000000
9,equal,38000,10.000,0,5,0.500,0.500,0.400,74s,jam,-40.000000,-28.937500,13.828125,11.062500,53.828125,0.345703,0.345703,80.000000,-80.000000,0.000000,0.000000,0.000000,0.000000
9,equal,38000,10.000,0,5,0.500,0.500,0.400,63s,jam,-40.000000,-28.937500,13.828125,11.062500,53.828125,0.345703,0.345703,80.000000,-80.000000,0.000000,0.000000,0.000000,0.000000
9,equal,38000,10.000,0,5,0.500,0.500,0.400,T8s,jam,-40.000000,-28.958333,13.802083,11.041667,53.802083,0.345052,0.345052,80.000000,-80.000000,0.000000,0.000000,0.000000,0.000000
9,equal,38000,10.000,0,5,0.500,0.500,0.400,65s,jam,-40.000000,-29.000000,13.750000,11.000000,53.750000,0.343750,0.343750,80.000000,-80.000000,0.000000,0.000000,0.000000,0.000000
9,equal,38000,10.000,0,5,0.500,0.500,0.400,53s,jam,-40.000000,-29.093750,13.632812,10.906250,53.632812,0.340820,0.340820,80.000000,-80.000000,0.000000,0.000000,0.000000,0.000000
9,equal,38000,10.000,0,5,0.500,0.500,0.400,87s,jam,-40.000000,-29.218750,13.476562,10.781250,53.476562,0.336914,0.336914,80.000000,-80.000000,0.000000,0.000000,0.000000,0.000000
9,equal,38000,10.000,0,5,0.500,0.500,0.400,53o,jam,-40.000000,-29.229167,13.463542,10.770833,53.463542,0.336589,0.336589,80.000000,-80.000000,0.000000,0.000000,0.000000,0.000000
9,equal,38000,10.000,0,5,0.500,0.500,0.400,65o,jam,-40.000000,-29.250000,13.437500,10.750000,53.437500,0.335938,0.335938,80.000000,-80.000000,0.000000,0.000000,0.000000,0.000000
9,equal,38000,10.000,0,5,0.500,0.500,0.400,52o,jam,-40.000000,-29.395833,13.255208,10.604167,53.255208,0.331380,0.331380,80.000000,-80.000000,0.000000,0.000000,0.000000,0.000000
9,equal,38000,10.000,0,5,0.500,0.500,0.400,32o,jam,-40.000000,-29.427083,13.216146,10.572917,53.216146,0.330404,0.330404,80.000000,-80.000000,0.000000,0.000000,0.000000,0.000000
9,equal,38000,10.000,0,5,0.500,0.500,0.400,64o,jam,-40.000000,-29.510417,13.111979,10.489583,53.111979,0.327799,0.327799,80.000000,-80.000000,0.000000,0.000000,0.000000,0.000000
9,equal,38000,10.000,0,5,0.500,0.500,0.400,84s,jam,-40.000000,-29.531250,13.085938,10.468750,53.085938,0.327148,0.327148,80.000000,-80.000000,0.000000,0.000000,0.000000,0.000000
9,equal,38000,10.000,0,5,0.500,0.500,0.400,62s,jam,-40.000000,-29.562500,13.046875,10.437500,53.046875,0.326172,0.326172,80.000000,-80.000000,0.000000,0.000000,0.000000,0.000000
9,equal,38000,10.000,0,5,0.500,0.500,0.400,63o,jam,-40.000000,-29.583333,13.020833,10.416667,53.020833,0.325521,0.325521,80.000000,-80.000000,0.000000,0.000000,0.000000,0.000000
9,equal,38000,10.000,0,5,0.500,0.500,0.400,42o,jam,-40.000000,-29.625000,12.968750,10.375000,52.968750,0.324219,0.324219,80.000000,-80.000000,0.000000,0.000000,0.000000,0.000000
9,equal,38000,10.000,0,5,0.500,0.500,0.400,43o,jam,-40.000000,-29.645833,12.942708,10.354167,52.942708,0.323568,0.323568,80.000000,-80.000000,0.000000,0.000000,0.000000,0.000000
9,equal,38000,10.000,0,5,0.500,0.500,0.400,54s,jam,-40.000000,-29.656250,12.929688,10.343750,52.929688,0.323242,0.323242,80.000000,-80.000000,0.000000,0.000000,0.000000,0.000000
9,equal,38000,10.000,0,5,0.500,0.500,0.400,T6s,jam,-40.000000,-29.666667,12.916667,10.333333,52.916667,0.322917,0.322917,80.000000,-80.000000,0.000000,0.000000,0.000000,0.000000
9,equal,38000,10.000,0,5,0.500,0.500,0.400,92s,jam,-40.000000,-29.666667,12.916667,10.333333,52.916667,0.322917,0.322917,80.000000,-80.000000,0.000000,0.000000,0.000000,0.000000
9,equal,38000,10.000,0,5,0.500,0.500,0.400,62o,jam,-40.000000,-29.729167,12.838542,10.270833,52.838542,0.320964,0.320964,80.000000,-80.000000,0.000000,0.000000,0.000000,0.000000
9,equal,38000,10.000,0,5,0.500,0.500,0.400,96s,jam,-40.000000,-29.750000,12.812500,10.250000,52.812500,0.320312,0.320312,80.000000,-80.000000,0.000000,0.000000,0.000000,0.000000
9,equal,38000,10.000,0,5,0.500,0.500,0.400,75o,jam,-40.000000,-29.760417,12.799479,10.239583,52.799479,0.319987,0.319987,80.000000,-80.000000,0.000000,0.000000,0.000000,0.000000
9,equal,38000,10.000,0,5,0.500,0.500,0.400,86o,jam,-40.000000,-29.854167,12.682292,10.145833,52.682292,0.317057,0.317057,80.000000,-80.000000,0.000000,0.000000,0.000000,0.000000
9,equal,38000,10.000,0,5,0.500,0.500,0.400,T2s,jam,-40.000000,-29.875000,12.656250,10.125000,52.656250,0.316406,0.316406,80.000000,-80.000000,0.000000,0.000000,0.000000,0.000000
9,equal,38000,10.000,0,5,0.500,0.500,0.400,82s,jam,-40.000000,-29.937500,12.578125,10.062500,52.578125,0.314453,0.314453,80.000000,-80.000000,0.000000,0.000000,0.000000,0.000000
9,equal,38000,10.000,0,5,0.500,0.500,0.400,83s,jam,-40.000000,-29.968750,12.539062,10.031250,52.539062,0.313477,0.313477,80.000000,-80.000000,0.000000,0.000000,0.000000,0.000000
9,equal,38000,10.000,0,5,0.500,0.500,0.400,T7s,jam,-40.000000,-30.041667,12.447917,9.958333,52.447917,0.311198,0.311198,80.000000,-80.000000,0.000000,0.000000,0.000000,0.000000
9,equal,38000,10.000,0,5,0.500,0.500,0.400,T5s,jam,-40.000000,-30.208333,12.239583,9.791667,52.239583,0.305990,0.305990,80.000000,-80.000000,0.000000,0.000000,0.000000,0.000000
9,equal,38000,10.000,0,5,0.500,0.500,0.400,85o,jam,-40.000000,-30.302083,12.122396,9.697917,52.122396,0.303060,0.303060,80.000000,-80.000000,0.000000,0.000000,0.000000,0.000000
9,equal,38000,10.000,0,5,0.500,0.500,0.400,84o,jam,-40.000000,-30.322917,12.096354,9.677083,52.096354,0.302409,0.302409,80.000000,-80.000000,0.000000,0.000000,0.000000,0.000000
9,equal,38000,10.000,0,5,0.500,0.500,0.400,T4s,jam,-40.000000,-30.333333,12.083333,9.666667,52.083333,0.302083,0.302083,80.000000,-80.000000,0.000000,0.000000,0.000000,0.000000
9,equal,38000,10.000,0,5,0.500,0.500,0.400,93s,jam,-40.000000,-30.333333,12.083333,9.666667,52.083333,0.302083,0.302083,80.000000,-80.000000,0.000000,0.000000,0.000000,0.000000
9,equal,38000,10.000,0,5,0.500,0.500,0.400,73o,jam,-40.000000,-30.385417,12.018229,9.614583,52.018229,0.300456,0.300456,80.000000,-80.000000,0.000000,0.000000,0.000000,0.000000
9,equal,38000,10.000,0,5,0.500,0.500,0.400,74o,jam,-40.000000,-30.468750,11.914062,9.531250,51.914062,0.297852,0.297852,80.000000,-80.000000,0.000000,0.000000,0.000000,0.000000
9,equal,38000,10.000,0,5,0.500,0.500,0.400,97s,jam,-40.000000,-30.500000,11.875000,9.500000,51.875000,0.296875,0.296875,80.000000,-80.000000,0.000000,0.000000,0.000000,0.000000
9,equal,38000,10.000,0,5,0.500,0.500,0.400,94s,jam,-40.000000,-30.541667,11.822917,9.458333,51.822917,0.295573,0.295573,80.000000,-80.000000,0.000000,0.000000,0.000000,0.000000
9,equal,38000,10.000,0,5,0.500,0.500,0.400,95s,jam,-40.000000,-30.708333,11.614583,9.291667,51.614583,0.290365,0.290365,80.000000,-80.000000,0.000000,0.000000,0.000000,0.000000
9,equal,38000,10.000,0,5,0.500,0.500,0.400,T6o,jam,-40.000000,-30.722222,11.597222,9.277778,51.597222,0.289931,0.289931,80.000000,-80.000000,0.000000,0.000000,0.000000,0.000000
9,equal,38000,10.000,0,5,0.500,0.500,0.400,T2o,jam,-40.000000,-30.722222,11.597222,9.277778,51.597222,0.289931,0.289931,80.000000,-80.000000,0.000000,0.000000,0.000000,0.000000
9,equal,38000,10.000,0,5,0.500,0.500,0.400,T5o,jam,-40.000000,-30.750000,11.562500,9.250000,51.562500,0.289062,0.289062,80.000000,-80.000000,0.000000,0.000000,0.000000,0.000000
9,equal,38000,10.000,0,5,0.500,0.500,0.400,72o,jam,-40.000000,-30.770833,11.536458,9.229167,51.536458,0.288411,0.288411,80.000000,-80.000000,0.000000,0.000000,0.000000,0.000000
9,equal,38000,10.000,0,5,0.500,0.500,0.400,T8o,jam,-40.000000,-30.777778,11.527778,9.222222,51.527778,0.288194,0.288194,80.000000,-80.000000,0.000000,0.000000,0.000000,0.000000
9,equal,38000,10.000,0,5,0.500,0.500,0.400,98s,jam,-40.000000,-30.791667,11.510417,9.208333,51.510417,0.287760,0.287760,80.000000,-80.000000,0.000000,0.000000,0.000000,0.000000
9,equal,38000,10.000,0,5,0.500,0.500,0.400,64s,jam,-40.000000,-30.812500,11.484375,9.187500,51.484375,0.287109,0.287109,80.000000,-80.000000,0.000000,0.000000,0.000000,0.000000
9,equal,38000,10.000,0,5,0.500,0.500,0.400,T7o,jam,-40.000000,-30.916667,11.354167,9.083333,51.354167,0.283854,0.283854,80.000000,-80.000000,0.000000,0.000000,0.000000,0.000000
9,equal,38000,10.000,0,5,0.500,0.500,0.400,82o,jam,-40.000000,-31.000000,11.250000,9.000000,51.250000,0.281250,0.281250,80.000000,-80.000000,0.000000,0.000000,0.000000,0.000000
9,equal,38000,10.000,0,5,0.500,0.500,0.400,83o,jam,-40.000000,-31.093750,11.132812,8.906250,51.132812,0.278320,0.278320,80.000000,-80.000000,0.000000,0.000000,0.000000,0.000000
9,equal,38000,10.000,0,5,0.500,0.500,0.400,32s,jam,-40.000000,-31.218750,10.976562,8.781250,50.976562,0.274414,0.274414,80.000000,-80.000000,0.000000,0.000000,0.000000,0.000000
9,equal,38000,10.000,0,5,0.500,0.500,0.400,T4o,jam,-40.000000,-31.236111,10.954861,8.763889,50.954861,0.273872,0.273872,80.000000,-80.000000,0.000000,0.000000,0.000000,0.000000
9,equal,38000,10.000,0,5,0.500,0.500,0.400,T3o,jam,-40.000000,-31.291667,10.885417,8.708333,50.885417,0.272135,0.272135,80.000000,-80.000000,0.000000,0.000000,0.000000,0.000000
9,equal,38000,10.000,0,5,0.500,0.500,0.400,93o,jam,-40.000000,-31.375000,10.781250,8.625000,50.781250,0.269531,0.269531,80.000000,-80.000000,0.000000,0.000000,0.000000,0.000000
9,equal,38000,10.000,0,5,0.500,0.500,0.400,98o,jam,-40.000000,-31.638889,10.451389,8.361111,50.451389,0.261285,0.261285,80.000000,-80.000000,0.000000,0.000000,0.000000,0.000000
9,equal,38000,10.000,0,5,0.500,0.500,0.400,96o,jam,-40.000000,-31.736111,10.329861,8.263889,50.329861,0.258247,0.258247,80.000000,-80.000000,0.000000,0.000000,0.000000,0.000000
9,equal,38000,10.000,0,5,0.500,0.500,0.400,97o,jam,-40.000000,-31.750000,10.312500,8.250000,50.312500,0.257812,0.257812,80.000000,-80.000000,0.000000,0.000000,0.000000,0.000000
9,equal,38000,10.000,0,5,0.500,0.500,0.400,94o,jam,-40.000000,-31.944444,10.069444,8.055556,50.069444,0.251736,0.251736,80.000000,-80.000000,0.000000,0.000000,0.000000,0.000000
9,equal,38000,10.000,0,5,0.500,0.500,0.400,92o,jam,-40.000000,-32.277778,9.652778,7.722222,49.652778,0.241319,0.241319,80.000000,-80.000000,0.000000,0.000000,0.000000,0.000000
9,equal,38000,10.000,0,5,0.500,0.500,0.400,95o,jam,-40.000000,-32.736111,9.079861,7.263889,49.079861,0.226997,0.226997,80.000000,-80.000000,0.000000,0.000000,0.000000,0.000000
9,equal,38000,10.000,0,5,0.500,1.000,0.400,99,jam,-40.000000,-20.125000,30.729167,19.875000,70.729167,0.621094,0.884115,80.000000,-80.000000,0.000000,0.000000,0.000000,0.000000
9,equal,38000,10.000,0,5,0.500,1.000,0.400,TT,jam,-40.000000,-13.875000,28.871528,26.125000,68.871528,0.816406,0.860894,80.000000,-80.000000,0.000000,0.000000,0.000000,0.000000
9,equal,38000,10.000,0,5,0.500,1.000,0.400,JJ,jam,-40.000000,-13.562500,27.274306,26.437500,67.274306,0.826172,0.840929,80.000000,-80.000000,0.000000,0.000000,0.000000,0.000000
9,equal,38000,10.000,0,5,0.500,1.000,0.400,KK,jam,-40.000000,-15.020833,26.788194,24.979167,66.788194,0.780599,0.834852,80.000000,-80.000000,0.000000,0.000000,0.000000,0.000000
9,equal,38000,10.000,0,5,0.500,1.000,0.400,AA,jam,-40.000000,-14.791667,25.746528,25.208333,65.746528,0.787760,0.821832,80.000000,-80.000000,0.000000,0.000000,0.000000,0.000000
9,equal,38000,10.000,0,5,0.500,1.000,0.400,QQ,jam,-40.000000,-13.854167,25.364583,26.145833,65.364583,0.817057,0.817057,80.000000,-80.000000,0.000000,0.000000,0.000000,0.000000
9,equal,38000,10.000,0,5,0.500,1.000,0.400,T9s,jam,-40.000000,-24.000000,19.375000,16.000000,59.375000,0.500000,0.742188,80.000000,-80.000000,0.000000,0.000000,0.000000,0.000000
9,equal,38000,10.000,0,5,0.500,1.000,0.400,J9o,jam,-40.000000,-18.555556,19.189815,21.444444,59.189815,0.670139,0.739873,80.000000,-80.000000,0.000000,0.000000,0.000000,0.000000
9,equal,38000,10.000,0,5,0.500,1.000,0.400,Q9s,jam,-40.000000,-18.750000,18.958333,21.250000,58.958333,0.664062,0.736979,80.000000,-80.000000,0.000000,0.000000,0.000000,0.000000
9,equal,38000,10.000,0,5,0.500,1.000,0.400,J7s,jam,-40.000000,-21.812500,18.402778,18.187500,58.402778,0.568359,0.730035,80.000000,-80.000000,0.000000,0.000000,0.000000,0.000000
9,equal,38000,10.000,0,5,0.500,1.000,0.400,T9o,jam,-40.000000,-24.729167,18.368056,15.270833,58.368056,0.477214,0.729601,80.000000,-80.000000,0.000000,0.000000,0.000000,0.000000
9,equal,38000,10.000,0,5,0.500,1.000,0.400,A9s,jam,-40.000000,-18.083333,18.194444,21.916667,58.194444,0.684896,0.727431,80.000000,-80.000000,0.000000,0.000000,0.000000,0.000000
9,equal,38000,10.000,0,5,0.500,1.000,0.400,J9s,jam,-40.000000,-16.125000,18.055556,23.875000,58.055556,0.746094,0.725694,80.000000,-80.000000,0.000000,0.000000,0.000000,0.000000
9,equal,38000,10.000,0,5,0.500,1.000,0.400,Q9o,jam,-40.000000,-18.444444,17.881944,21.555556,57.881944,0.673611,0.723524,80.000000,-80.000000,0.000000,0.000000,0.000000,0.000000
9,equal,38000,10.000,0,5,0.500,1.000,0.400,A7s,jam,-40.000000,-22.375000,17.534722,17.625000,57.534722,0.550781,0.719184,80.000000,-80.000000,0.000000,0.000000,0.000000,0.000000
9,equal,38000,10.000,0,5,0.500,1.000,0.400,K7s,jam,-40.000000,-22.406250,17.534722,17.593750,57.534722,0.549805,0.719184,80.000000,-80.000000,0.000000,0.000000,0.000000,0.000000
9,equal,38000,10.000,0,5,0.500,1.000,0.400,Q7s,jam,-40.000000,-21.531250,17.326389,18.468750,57.326389,0.577148,0.716580,80.000000,-80.000000,0.000000,0.000000,0.000000,0.000000
9,equal,38000,10.000,0,5,0.500,1.000,0.400,K9s,jam,-40.000000,-18.916667,17.083333,21.083333,57.083333,0.658854,0.713542,80.000000,-80.000000,0.000000,0.000000,0.000000,0.000000
9,equal,38000,10.000,0,5,0.500,1.000,0.400,A9o,jam,-40.000000,-18.930556,17.083333,21.069444,57.083333,0.658420,0.713542,80.000000,-80.000000,0.000000,0.000000,0.000000,0.000000
9,equal,38000,10.000,0,5,0.500,1.000,0.400,T7s,jam,-40.000000,-30.041667,17.048611,9.958333,57.048611,0.311198,0.713108,80.000000,-80.000000,0.000000,0.000000,0.000000,0.000000
9,equal,38000,10.000,0,5,0.500,1.000,0.400,J7o,jam,-40.000000,-23.406250,16.956019,16.593750,56.956019,0.518555,0.711950,80.000000,-80.000000,0.000000,0.000000,0.000000,0.000000
9,equal,38000,10.000,0,5,0.500,1.000,0.400,A7o,jam,-40.000000,-23.552083,16.944444,16.447917,56.944444,0.513997,0.711806,80.000000,-80.000000,0.000000,0.000000,0.000000,0.000000
9,equal,38000,10.000,0,5,0.500,1.000,0.400,K7o,jam,-40.000000,-23.083333,16.747685,16.916667,56.747685,0.528646,0.709346,80.000000,-80.000000,0.000000,0.000000,0.000000,0.000000
9,equal,38000,10.000,0,5,0.500,1.000,0.400,K9o,jam,-40.000000,-18.555556,16.215278,21.444444,56.215278,0.670139,0.702691,80.000000,-80.000000,0.000000,0.000000,0.000000,0.000000
9,equal,38000,10.000,0,5,0.500,1.000,0.400,Q7o,jam,-40.000000,-24.000000,16.215278,16.000000,56.215278,0.500000,0.702691,80.000000,-80.000000,0.000000,0.000000,0.000000,0.000000
9,equal,38000,10.000,0,5,0.500,1.000,0.400,98s,jam,-40.000000,-30.791667,15.833333,9.208333,55.833333,0.287760,0.697917,80.000000,-80.000000,0.000000,0.000000,0.000000,0.000000
9,equal,38000,10.000,0,5,0.500,1.000,0.400,T7o,jam,-40.000000,-30.916667,15.729167,9.083333,55.729167,0.283854,0.696615,80.000000,-80.000000,0.000000,0.000000,0.000000,0.000000
9,equal,38000,10.000,0,5,0.500,1.000,0.400,JTs,jam,-40.000000,-17.500000,15.651042,22.500000,55.651042,0.703125,0.695638,80.000000,-80.000000,0.000000,0.000000,0.000000,0.000000
9,equal,38000,10.000,0,5,0.500,1.000,0.400,88,jam,-40.000000,-23.458333,14.930556,16.541667,54.930556,0.516927,0.686632,80.000000,-80.000000,0.000000,0.000000,0.000000,0.000000
9,equal,38000,10.000,0,5,0.500,1.000,0.400,QJs,jam,-40.000000,-19.000000,14.453125,21.000000,54.453125,0.656250,0.680664,80.000000,-80.000000,0.000000,0.000000,0.000000,0.000000
9,equal,38000,10.000,0,5,0.500,1.000,0.400,JTo,jam,-40.000000,-17.819444,14.418403,22.180556,54.418403,0.693142,0.680230,80.000000,-80.000000,0.000000,0.000000,0.000000,0.000000
9,equal,38000,10.000,0,5,0.500,1.000,0.400,QTs,jam,-40.000000,-17.708333,14.036458,22.291667,54.036458,0.696615,0.675456,80.000000,-80.000000,0.000000,0.000000,0.000000,0.000000
9,equal,38000,10.000,0,5,0.500,1.000,0.400,AJs,jam,-40.000000,-19.500000,13.697917,20.500000,53.697917,0.640625,0.671224,80.000000,-80.000000,0.000000,0.000000,0.000000,0.000000
9,equal,38000,10.000,0,5,0.500,1.000,0.400,77,jam,-40.000000,-25.229167,13.611111,14.770833,53.611111,0.461589,0.670139,80.000000,-80.000000,0.000000,0.000000,0.000000,0.000000
9,equal,38000,10.000,0,5,0.500,1.000,0.400,98o,jam,-40.000000,-31.638889,13.368056,8.361111,53.368056,0.261285,0.667101,80.000000,-80.000000,0.000000,0.000000,0.000000,0.000000
9,equal,38000,10.000,0,5,0.500,1.000,0.400,KTs,jam,-40.000000,-18.500000,13.255208,21.500000,53.255208,0.671875,0.665690,80.000000,-80.000000,0.000000,0.000000,0.000000,0.000000
9,equal,38000,10.000,0,5,0.500,1.000,0.400,T8s,jam,-40.000000,-28.958333,12.916667,11.041667,52.916667,0.345052,0.661458,80.000000,-80.000000,0.000000,0.000000,0.000000,0.000000
9,equal,38000,10.000,0,5,0.500,1.000,0.400,ATs,jam,-40.000000,-18.166667,12.890625,21.833333,52.890625,0.682292,0.661133,80.000000,-80.000000,0.000000,0.000000,0.000000,0.000000
9,equal,38000,10.000,0,5,0.500,1.000,0.400,AQs,jam,-40.000000,-19.468750,12.578125,20.531250,52.578125,0.641602,0.657227,80.000000,-80.000000,0.000000,0.000000,0.000000,0.000000
9,equal,38000,10.000,0,5,0.500,1.000,0.400,J8s,jam,-40.000000,-21.156250,12.552083,18.843750,52.552083,0.588867,0.656901,80.000000,-80.000000,0.000000,0.000000,0.000000,0.000000
9,equal,38000,10.000,0,5,0.500,1.000,0.400,QTo,jam,-40.000000,-18.638889,12.526042,21.361111,52.526042,0.667535,0.656576,80.000000,-80.000000,0.000000,0.000000,0.000000,0.000000
9,equal,38000,10.000,0,5,0.500,1.000,0.400,KQs,jam,-40.000000,-18.968750,12.500000,21.031250,52.500000,0.657227,0.656250,80.000000,-80.000000,0.000000,0.000000,0.000000,0.000000
9,equal,38000,10.000,0,5,0.500,1.000,0.400,KJo,jam,-40.000000,-20.947917,12.239583,19.052083,52.239583,0.595378,0.652995,80.000000,-80.000000,0.000000,0.000000,0.000000,0.000000
9,equal,38000,10.000,0,5,0.500,1.000,0.400,QJo,jam,-40.000000,-20.083333,12.013889,19.916667,52.013889,0.622396,0.650174,80.000000,-80.000000,0.000000,0.000000,0.000000,0.000000
9,equal,38000,10.000,0,5,0.500,1.000,0.400,AQo,jam,-40.000000,-21.510417,11.892361,18.489583,51.892361,0.577799,0.648655,80.000000,-80.000000,0.000000,0.000000,0.000000,0.000000
9,equal,38000,10.000,0,5,0.500,1.000,0.400,KQo,jam,-40.000000,-20.812500,11.831597,19.187500,51.831597,0.599609,0.647895,80.000000,-80.000000,0.000000,0.000000,0.000000,0.000000
9,equal,38000,10.000,0,5,0.500,1.000,0.400,KTo,jam,-40.000000,-18.125000,11.762153,21.875000,51.762153,0.683594,0.647027,80.000000,-80.000000,0.000000,0.000000,0.000000,0.000000
9,equal,38000,10.000,0,5,0.500,1.000,0.400,T8o,jam,-40.000000,-30.777778,11.701389,9.222222,51.701389,0.288194,0.646267,80.000000,-80.000000,0.000000,0.000000,0.000000,0.000000
9,equal,38000,10.000,0,5,0.500,1.000,0.400,AKo,jam,-40.000000,-21.656250,11.614583,18.343750,51.614583,0.573242,0.645182,80.000000,-80.000000,0.000000,0.000000,0.000000,0.000000
9,equal,38000,10.000,0,5,0.500,1.000,0.400,KJs,jam,-40.000000,-19.218750,11.510417,20.781250,51.510417,0.649414,0.643880,80.000000,-80.000000,0.000000,0.000000,0.000000,0.000000
9,equal,38000,10.000,0,5,0.500,1.000,0.400,AJo,jam,-40.000000,-20.583333,11.501736,19.416667,51.501736,0.606771,0.643772,80.000000,-80.000000,0.000000,0.000000,0.000000,0.000000
9,equal,38000,10.000,0,5,0.500,1.000,0.400,AKs,jam,-40.000000,-19.625000,11.171875,20.375000,51.171875,0.636719,0.639648,80.000000,-80.000000,0.000000,0.000000,0.000000,0.000000
9,equal,38000,10.000,0,5,0.500,1.000,0.400,ATo,jam,-40.000000,-17.652778,10.859375,22.347222,50.859375,0.698351,0.635742,80.000000,-80.000000,0.000000,0.000000,0.000000,0.000000
9,equal,38000,10.000,0,5,0.500,1.000,0.400,K8s,jam,-40.000000,-22.687500,10.390625,17.312500,50.390625,0.541016,0.629883,80.000000,-80.000000,0.000000,0.000000,0.000000,0.000000
9,equal,38000,10.000,0,5,0.500,1.000,0.400,Q8s,jam,-40.000000,-21.156250,9.843750,18.843750,49.843750,0.588867,0.623047,80.000000,-80.000000,0.000000,0.000000,0.000000,0.000000
9,equal,38000,10.000,0,5,0.500,1.000,0.400,A8s,jam,-40.000000,-21.281250,9.557292,18.718750,49.557292,0.584961,0.619466,80.000000,-80.000000,0.000000,0.000000,0.000000,0.000000
9,equal,38000,10.000,0,5,0.500,1.000,0.400,J8o,jam,-40.000000,-22.500000,9.149306,17.500000,49.149306,0.546875,0.614366,80.000000,-80.000000,0.000000,0.000000,0.000000,0.000000
9,equal,38000,10.000,0,5,0.500,1.000,0.400,A6s,jam,-40.000000,-21.937500,9.140625,18.062500,49.140625,0.564453,0.614258,80.000000,-80.000000,0.000000,0.000000,0.000000,0.000000
9,equal,38000,10.000,0,5,0.500,1.000,0.400,Q8o,jam,-40.000000,-22.791667,8.854167,17.208333,48.854167,0.537760,0.610677,80.000000,-80.000000,0.000000,0.000000,0.000000,0.000000
9,equal,38000,10.000,0,5,0.500,1.000,0.400,A4s,jam,-40.000000,-22.718750,8.333333,17.281250,48.333333,0.540039,0.604167,80.000000,-80.000000,0.000000,0.000000,0.000000,0.000000
9,equal,38000,10.000,0,5,0.500,1.000,0.400,Q3s,jam,-40.000000,-23.656250,8.333333,16.343750,48.333333,0.510742,0.604167,80.000000,-80.000000,0.000000,0.000000,0.000000,0.000000
9,equal,38000,10.000,0,5,0.500,1.000,0.400,A8o,jam,-40.000000,-22.500000,8.220486,17.500000,48.220486,0.546875,0.602756,80.000000,-80.000000,0.000000,0.000000,0.000000,0.000000
9,equal,38000,10.000,0,5,0.500,1.000,0.400,K4s,jam,-40.000000,-22.968750,7.968750,17.031250,47.968750,0.532227,0.599609,80.000000,-80.000000,0.000000,0.000000,0.000000,0.000000
9,equal,38000,10.000,0,5,0.500,1.000,0.400,K5s,jam,-40.000000,-21.500000,7.812500,18.500000,47.812500,0.578125,0.597656,80.000000,-80.000000,0.000000,0.000000,0.000000,0.000000
9,equal,38000,10.000,0,5,0.500,1.000,0.400,A5s,jam,-40.000000,-22.625000,7.734375,17.375000,47.734375,0.542969,0.596680,80.000000,-80.000000,0.000000,0.000000,0.000000,0.000000
9,equal,38000,10.000,0,5,0.500,1.000,0.400,T4s,jam,-40.000000,-30.333333,7.578125,9.666667,47.578125,0.302083,0.594727,80.000000,-80.000000,0.000000,0.000000,0.000000,0.000000
9,equal,38000,10.000,0,5,0.500,1.000,0.400,Q5s,jam,-40.000000,-22.250000,7.421875,17.750000,47.421875,0.554688,0.592773,80.000000,-80.000000,0.000000,0.000000,0.000000,0.000000
9,equal,38000,10.000,0,5,0.500,1.000,0.400,K6s,jam,-40.000000,-22.281250,7.421875,17.718750,47.421875,0.553711,0.592773,80.000000,-80.000000,0.000000,0.000000,0.000000,0.000000
9,equal,38000,10.000,0,5,0.500,1.000,0.400,J3s,jam,-40.000000,-23.718750,7.265625,16.281250,47.265625,0.508789,0.590820,80.000000,-80.000000,0.000000,0.000000,0.000000,0.000000
9,equal,38000,10.000,0,5,0.500,1.000,0.400,Q6s,jam,-40.000000,-22.125000,7.083333,17.875000,47.083333,0.558594,0.588542,80.000000,-80.000000,0.000000,0.000000,0.000000,0.000000
9,equal,38000,10.000,0,5,0.500,1.000,0.400,T5s,jam,-40.000000,-30.208333,6.953125,9.791667,46.953125,0.305990,0.586914,80.000000,-80.000000,0.000000,0.000000,0.000000,0.000000
9,equal,38000,10.000,0,5,0.500,1.000,0.400,T3s,jam,-40.000000,-28.791667,6.848958,11.208333,46.848958,0.350260,0.585612,80.000000,-80.000000,0.000000,0.000000,0.000000,0.000000
9,equal,38000,10.000,0,5,0.500,1.000,0.400,T6s,jam,-40.000000,-29.666667,6.796875,10.333333,46.796875,0.322917,0.584961,80.000000,-80.000000,0.000000,0.000000,0.000000,0.000000
9,equal,38000,10.000,0,5,0.500,1.000,0.400,K8o,jam,-40.000000,-23.104167,6.727431,16.895833,46.727431,0.527995,0.584093,80.000000,-80.000000,0.000000,0.000000,0.000000,0.000000
9,equal,38000,10.000,0,5,0.500,1.000,0.400,K3s,jam,-40.000000,-23.156250,6.588542,16.843750,46.588542,0.526367,0.582357,80.000000,-80.000000,0.000000,0.000000,0.000000,0.000000
9,equal,38000,10.000,0,5,0.500,1.000,0.400,Q4s,jam,-40.000000,-22.437500,6.484375,17.562500,46.484375,0.548828,0.581055,80.000000,-80.000000,0.000000,0.000000,0.000000,0.000000
9,equal,38000,10.000,0,5,0.500,1.000,0.400,A5o,jam,-40.000000,-23.145833,6.458333,16.854167,46.458333,0.526693,0.580729,80.000000,-80.000000,0.000000,0.000000,0.000000,0.000000
9,equal,38000,10.000,0,5,0.500,1.000,0.400,J6s,jam,-40.000000,-20.968750,6.406250,19.031250,46.406250,0.594727,0.580078,80.000000,-80.000000,0.000000,0.000000,0.000000,0.000000
9,equal,38000,10.000,0,5,0.500,1.000,0.400,J5s,jam,-40.000000,-22.406250,6.328125,17.593750,46.328125,0.549805,0.579102,80.000000,-80.000000,0.000000,0.000000,0.000000,0.000000
9,equal,38000,10.000,0,5,0.500,1.000,0.400,A3s,jam,-40.000000,-21.375000,6.276042,18.625000,46.276042,0.582031,0.578451,80.000000,-80.000000,0.000000,0.000000,0.000000,0.000000
9,equal,38000,10.000,0,5,0.500,1.000,0.400,J2s,jam,-40.000000,-23.187500,6.015625,16.812500,46.015625,0.525391,0.575195,80.000000,-80.000000,0.000000,0.000000,0.000000,0.000000
9,equal,38000,10.000,0,5,0.500,1.000,0.400,K2s,jam,-40.000000,-22.562500,5.989583,17.437500,45.989583,0.544922,0.574870,80.000000,-80.000000,0.000000,0.000000,0.000000,0.000000
9,equal,38000,10.000,0,5,0.500,1.000,0.400,J4s,jam,-40.000000,-20.875000,5.963542,19.125000,45.963542,0.597656,0.574544,80.000000,-80.000000,0.000000,0.000000,0.000000,0.000000
9,equal,38000,10.000,0,5,0.500,1.000,0.400,Q6o,jam,-40.000000,-22.843750,5.954861,17.156250,45.954861,0.536133,0.574436,80.000000,-80.000000,0.000000,0.000000,0.000000,0.000000
9,equal,38000,10.000,0,5,0.500,1.000,0.400,T2s,jam,-40.000000,-29.875000,5.859375,10.125000,45.859375,0.316406,0.573242,80.000000,-80.000000,0.000000,0.000000,0.000000,0.000000
9,equal,38000,10.000,0,5,0.500,1.000,0.400,K5o,jam,-40.000000,-24.343750,5.833333,15.656250,45.833333,0.489258,0.572917,80.000000,-80.000000,0.000000,0.000000,0.000000,0.000000
9,equal,38000,10.000,0,5,0.500,1.000,0.400,T6o,jam,-40.000000,-30.722222,5.789931,9.277778,45.789931,0.289931,0.572374,80.000000,-80.000000,0.000000,0.000000,0.000000,0.000000
9,equal,38000,10.000,0,5,0.500,1.000,0.400,A6o,jam,-40.000000,-23.052083,5.659722,16.947917,45.659722,0.529622,0.570747,80.000000,-80.000000,0.000000,0.000000,0.000000,0.000000
9,equal,38000,10.000,0,5,0.500,1.000,0.400,A2s,jam,-40.000000,-21.875000,5.625000,18.125000,45.625000,0.566406,0.570312,80.000000,-80.000000,0.000000,0.000000,0.000000,0.000000
9,equal,38000,10.000,0,5,0.500,1.000,0.400,Q2s,jam,-40.000000,-22.812500,5.598958,17.187500,45.598958,0.537109,0.569987,80.000000,-80.000000,0.000000,0.000000,0.000000,0.000000
9,equal,38000,10.000,0,5,0.500,1.000,0.400,A3o,jam,-40.000000,-22.822917,5.546875,17.177083,45.546875,0.536784,0.569336,80.000000,-80.000000,0.000000,0.000000,0.000000,0.000000
9,equal,38000,10.000,0,5,0.500,1.000,0.400,J6o,jam,-40.000000,-23.843750,5.434028,16.156250,45.434028,0.504883,0.567925,80.000000,-80.000000,0.000000,0.000000,0.000000,0.000000
9,equal,38000,10.000,0,5,0.500,1.000,0.400,Q5o,jam,-40.000000,-23.822917,5.251736,16.177083,45.251736,0.505534,0.565647,80.000000,-80.000000,0.000000,0.000000,0.000000,0.000000
9,equal,38000,10.000,0,5,0.500,1.000,0.400,T3o,jam,-40.000000,-31.291667,5.251736,8.708333,45.251736,0.272135,0.565647,80.000000,-80.000000,0.000000,0.000000,0.000000,0.000000
9,equal,38000,10.000,0,5,0.500,1.000,0.400,Q3o,jam,-40.000000,-23.895833,5.121528,16.104167,45.121528,0.503255,0.564019,80.000000,-80.000000,0.000000,0.000000,0.000000,0.000000
9,equal,38000,10.000,0,5,0.500,1.000,0.400,K6o,jam,-40.000000,-23.802083,5.078125,16.197917,45.078125,0.506185,0.563477,80.000000,-80.000000,0.000000,0.000000,0.000000,0.000000
9,equal,38000,10.000,0,5,0.500,1.000,0.400,A2o,jam,-40.000000,-23.958333,5.052083,16.041667,45.052083,0.501302,0.563151,80.000000,-80.000000,0.000000,0.000000,0.000000,0.000000
9,equal,38000,10.000,0,5,0.500,1.000,0.400,J3o,jam,-40.000000,-24.000000,5.052083,16.000000,45.052083,0.500000,0.563151,80.000000,-80.000000,0.000000,0.000000,0.000000,0.000000
9,equal,38000,10.000,0,5,0.500,1.000,0.400,T5o,jam,-40.000000,-30.750000,4.956597,9.250000,44.956597,0.289062,0.561957,80.000000,-80.000000,0.000000,0.000000,0.000000,0.000000
9,equal,38000,10.000,0,5,0.500,1.000,0.400,A4o,jam,-40.000000,-23.250000,4.947917,16.750000,44.947917,0.523438,0.561849,80.000000,-80.000000,0.000000,0.000000,0.000000,0.000000
9,equal,38000,10.000,0,5,0.500,1.000,0.400,T4o,jam,-40.000000,-31.236111,4.869792,8.763889,44.869792,0.273872,0.560872,80.000000,-80.000000,0.000000,0.000000,0.000000,0.000000
9,equal,38000,10.000,0,5,0.500,1.000,0.400,K3o,jam,-40.000000,-23.437500,4.739583,16.562500,44.739583,0.517578,0.559245,80.000000,-80.000000,0.000000,0.000000,0.000000,0.000000
9,equal,38000,10.000,0,5,0.500,1.000,0.400,J5o,jam,-40.000000,-23.125000,4.557292,16.875000,44.557292,0.527344,0.556966,80.000000,-80.000000,0.000000,0.000000,0.000000,0.000000
9,equal,38000,10.000,0,5,0.500,1.000,0.400,J4o,jam,-40.000000,-23.447917,4.496528,16.552083,44.496528,0.517253,0.556207,80.000000,-80.000000,0.000000,0.000000,0.000000,0.000000
9,equal,38000,10.000,0,5,0.500,1.000,0.400,J2o,jam,-40.000000,-22.635417,4.322917,17.364583,44.322917,0.542643,0.554036,80.000000,-80.000000,0.000000,0.000000,0.000000,0.000000
9,equal,38000,10.000,0,5,0.500,1.000,0.400,Q2o,jam,-40.000000,-22.989583,4.236111,17.010417,44.236111,0.531576,0.552951,80.000000,-80.000000,0.000000,0.000000,0.000000,0.000000
9,equal,38000,10.000,0,5,0.500,1.000,0.400,K2o,jam,-40.000000,-24.291667,4.036458,15.708333,44.036458,0.490885,0.550456,80.000000,-80.000000,0.000000,0.000000,0.000000,0.000000
9,equal,38000,10.000,0,5,0.500,1.000,0.400,Q4o,jam,-40.000000,-23.989583,3.940972,16.010417,43.940972,0.500326,0.549262,80.000000,-80.000000,0.000000,0.000000,0.000000,0.000000
9,equal,38000,10.000,0,5,0.500,1.000,0.400,K4o,jam,-40.000000,-23.354167,3.680556,16.645833,43.680556,0.520182,0.546007,80.000000,-80.000000,0.000000,0.000000,0.000000,0.000000
9,equal,38000,10.000,0,5,0.500,1.000,0.400,66,jam,-40.000000,-24.062500,3.003472,15.937500,43.003472,0.498047,0.537543,80.000000,-80.000000,0.000000,0.000000,0.000000,0.000000
9,equal,38000,10.000,0,5,0.500,1.000,0.400,T2o,jam,-40.000000,-30.722222,2.734375,9.277778,42.734375,0.289931,0.534180,80.000000,-80.000000,0.000000,0.000000,0.000000,0.000000
9,equal,38000,10.000,0,5,0.500,1.000,0.400,97s,jam,-40.000000,-30.500000,2.135417,9.500000,42.135417,0.296875,0.526693,80.000000,-80.000000,0.000000,0.000000,0.000000,0.000000
9,equal,38000,10.000,0,5,0.500,1.000,0.400,44,jam,-40.000000,-25.958333,1.111111,14.041667,41.111111,0.438802,0.513889,80.000000,-80.000000,0.000000,0.000000,0.000000,0.000000
9,equal,38000,10.000,0,5,0.500,1.000,0.400,33,jam,-40.000000,-24.625000,0.590278,15.375000,40.590278,0.480469,0.507378,80.000000,-80.000000,0.000000,0.000000,0.000000,0.000000
9,equal,38000,10.000,0,5,0.500,1.000,0.400,22,jam,-40.000000,-25.145833,0.381944,14.854167,40.381944,0.464193,0.504774,80.000000,-80.000000,0.000000,0.000000,0.000000,0.000000
9,equal,38000,10.000,0,5,0.500,1.000,0.400,55,jam,-40.000000,-24.354167,0.017361,15.645833,40.017361,0.488932,0.500217,80.000000,-80.000000,0.000000,0.000000,0.000000,0.000000
9,equal,38000,10.000,0,5,0.500,1.000,0.400,97o,jam,-40.000000,-31.750000,0.000000,8.250000,40.000000,0.257812,0.500000,80.000000,-80.000000,0.000000,0.000000,0.000000,0.000000
9,equal,38000,10.000,0,5,0.500,1.000,0.400,65s,jam,-40.000000,-29.000000,-7.916667,11.000000,32.083333,0.343750,0.401042,80.000000,-80.000000,0.000000,0.000000,0.000000,0.000000
9,equal,38000,10.000,0,5,0.500,1.000,0.400,92s,jam,-40.000000,-29.666667,-7.986111,10.333333,32.013889,0.322917,0.400174,80.000000,-80.000000,0.000000,0.000000,0.000000,0.000000
9,equal,38000,10.000,0,5,0.500,1.000,0.400,53s,jam,-40.000000,-29.093750,-8.307292,10.906250,31.692708,0.340820,0.396159,80.000000,-80.000000,0.000000,0.000000,0.000000,0.000000
9,equal,38000,10.000,0,5,0.500,1.000,0.400,54s,jam,-40.000000,-29.656250,-8.359375,10.343750,31.640625,0.323242,0.395508,80.000000,-80.000000,0.000000,0.000000,0.000000,0.000000
9,equal,38000,10.000,0,5,0.500,1.000,0.400,85s,jam,-40.000000,-28.875000,-8.489583,11.125000,31.510417,0.347656,0.393880,80.000000,-80.000000,0.000000,0.000000,0.000000,0.000000
9,equal,38000,10.000,0,5,0.500,1.000,0.400,94s,jam,-40.000000,-30.541667,-8.645833,9.458333,31.354167,0.295573,0.391927,80.000000,-80.000000,0.000000,0.000000,0.000000,0.000000
9,equal,38000,10.000,0,5,0.500,1.000,0.400,95s,jam,-40.000000,-30.708333,-8.819444,9.291667,31.180556,0.290365,0.389757,80.000000,-80.000000,0.000000,0.000000,0.000000,0.000000
9,equal,38000,10.000,0,5,0.500,1.000,0.400,96s,jam,-40.000000,-29.750000,-8.854167,10.250000,31.145833,0.320312,0.389323,80.000000,-80.000000,0.000000,0.000000,0.000000,0.000000
9,equal,38000,10.000,0,5,0.500,1.000,0.400,93s,jam,-40.000000,-30.333333,-9.097222,9.666667,30.902778,0.302083,0.386285,80.000000,-80.000000,0.000000,0.000000,0.000000,0.000000
9,equal,38000,10.000,0,5,0.500,1.000,0.400,64s,jam,-40.000000,-30.812500,-9.140625,9.187500,30.859375,0.287109,0.385742,80.000000,-80.000000,0.000000,0.000000,0.000000,0.000000
9,equal,38000,10.000,0,5,0.500,1.000,0.400,52s,jam,-40.000000,-28.718750,-9.296875,11.281250,30.703125,0.352539,0.383789,80.000000,-80.000000,0.000000,0.000000,0.000000,0.000000
9,equal,38000,10.000,0,5,0.500,1.000,0.400,43s,jam,-40.000000,-28.625000,-9.453125,11.375000,30.546875,0.355469,0.381836,80.000000,-80.000000,0.000000,0.000000,0.000000,0.000000
9,equal,38000,10.000,0,5,0.500,1.000,0.400,86s,jam,-40.000000,-28.812500,-9.635417,11.187500,30.364583,0.349609,0.379557,80.000000,-80.000000,0.000000,0.000000,0.000000,0.000000
9,equal,38000,10.000,0,5,0.500,1.000,0.400,32s,jam,-40.000000,-31.218750,-9.687500,8.781250,30.312500,0.274414,0.378906,80.000000,-80.000000,0.000000,0.000000,0.000000,0.000000
9,equal,38000,10.000,0,5,0.500,1.000,0.400,86o,jam,-40.000000,-29.854167,-9.782986,10.145833,30.217014,0.317057,0.377713,80.000000,-80.000000,0.000000,0.000000,0.000000,0.000000
9,equal,38000,10.000,0,5,0.500,1.000,0.400,83s,jam,-40.000000,-29.968750,-9.791667,10.031250,30.208333,0.313477,0.377604,80.000000,-80.000000,0.000000,0.000000,0.000000,0.000000
9,equal,38000,10.000,0,5,0.500,1.000,0.400,85o,jam,-40.000000,-30.302083,-10.312500,9.697917,29.687500,0.303060,0.371094,80.000000,-80.000000,0.000000,0.000000,0.000000,0.000000
9,equal,38000,10.000,0,5,0.500,1.000,0.400,65o,jam,-40.000000,-29.250000,-10.407986,10.750000,29.592014,0.335938,0.369900,80.000000,-80.000000,0.000000,0.000000,0.000000,0.000000
9,equal,38000,10.000,0,5,0.500,1.000,0.400,95o,jam,-40.000000,-32.736111,-10.578704,7.263889,29.421296,0.226997,0.367766,80.000000,-80.000000,0.000000,0.000000,0.000000,0.000000
9,equal,38000,10.000,0,5,0.500,1.000,0.400,96o,jam,-40.000000,-31.736111,-10.729167,8.263889,29.270833,0.258247,0.365885,80.000000,-80.000000,0.000000,0.000000,0.000000,0.000000
9,equal,38000,10.000,0,5,0.500,1.000,0.400,84s,jam,-40.000000,-29.531250,-11.015625,10.468750,28.984375,0.327148,0.362305,80.000000,-80.000000,0.000000,0.000000,0.000000,0.000000
9,equal,38000,10.000,0,5,0.500,1.000,0.400,63s,jam,-40.000000,-28.937500,-11.119792,11.062500,28.880208,0.345703,0.361003,80.000000,-80.000000,0.000000,0.000000,0.000000,0.000000
9,equal,38000,10.000,0,5,0.500,1.000,0.400,94o,jam,-40.000000,-31.944444,-11.192130,8.055556,28.807870,0.251736,0.360098,80.000000,-80.000000,0.000000,0.000000,0.000000,0.000000
9,equal,38000,10.000,0,5,0.500,1.000,0.400,54o,jam,-40.000000,-28.489583,-11.232639,11.510417,28.767361,0.359701,0.359592,80.000000,-80.000000,0.000000,0.000000,0.000000,0.000000
9,equal,38000,10.000,0,5,0.500,1.000,0.400,42s,jam,-40.000000,-28.468750,-11.328125,11.531250,28.671875,0.360352,0.358398,80.000000,-80.000000,0.000000,0.000000,0.000000,0.000000
9,equal,38000,10.000,0,5,0.500,1.000,0.400,82s,jam,-40.000000,-29.937500,-11.354167,10.062500,28.645833,0.314453,0.358073,80.000000,-80.000000,0.000000,0.000000,0.000000,0.000000
9,equal,38000,10.000,0,5,0.500,1.000,0.400,53o,jam,-40.000000,-29.229167,-11.449653,10.770833,28.550347,0.336589,0.356879,80.000000,-80.000000,0.000000,0.000000,0.000000,0.000000
9,equal,38000,10.000,0,5,0.500,1.000,0.400,93o,jam,-40.000000,-31.375000,-11.840278,8.625000,28.159722,0.269531,0.351997,80.000000,-80.000000,0.000000,0.000000,0.000000,0.000000
9,equal,38000,10.000,0,5,0.500,1.000,0.400,87s,jam,-40.000000,-29.218750,-11.875000,10.781250,28.125000,0.336914,0.351562,80.000000,-80.000000,0.000000,0.000000,0.000000,0.000000
9,equal,38000,10.000,0,5,0.500,1.000,0.400,75s,jam,-40.000000,-28.437500,-12.152778,11.562500,27.847222,0.361328,0.348090,80.000000,-80.000000,0.000000,0.000000,0.000000,0.000000
9,equal,38000,10.000,0,5,0.500,1.000,0.400,62s,jam,-40.000000,-29.562500,-12.161458,10.437500,27.838542,0.326172,0.347982,80.000000,-80.000000,0.000000,0.000000,0.000000,0.000000
9,equal,38000,10.000,0,5,0.500,1.000,0.400,76s,jam,-40.000000,-27.875000,-12.187500,12.125000,27.812500,0.378906,0.347656,80.000000,-80.000000,0.000000,0.000000,0.000000,0.000000
9,equal,38000,10.000,0,5,0.500,1.000,0.400,43o,jam,-40.000000,-29.645833,-12.291667,10.354167,27.708333,0.323568,0.346354,80.000000,-80.000000,0.000000,0.000000,0.000000,0.000000
9,equal,38000,10.000,0,5,0.500,1.000,0.400,92o,jam,-40.000000,-32.277778,-12.731481,7.722222,27.268519,0.241319,0.340856,80.000000,-80.000000,0.000000,0.000000,0.000000,0.000000
9,equal,38000,10.000,0,5,0.500,1.000,0.400,42o,jam,-40.000000,-29.625000,-12.760417,10.375000,27.239583,0.324219,0.340495,80.000000,-80.000000,0.000000,0.000000,0.000000,0.000000
9,equal,38000,10.000,0,5,0.500,1.000,0.400,84o,jam,-40.000000,-30.322917,-12.873264,9.677083,27.126736,0.302409,0.339084,80.000000,-80.000000,0.000000,0.000000,0.000000,0.000000
9,equal,38000,10.000,0,5,0.500,1.000,0.400,52o,jam,-40.000000,-29.395833,-13.107639,10.604167,26.892361,0.331380,0.336155,80.000000,-80.000000,0.000000,0.000000,0.000000,0.000000
9,equal,38000,10.000,0,5,0.500,1.000,0.400,64o,jam,-40.000000,-29.510417,-13.177083,10.489583,26.822917,0.327799,0.335286,80.000000,-80.000000,0.000000,0.000000,0.000000,0.000000
9,equal,38000,10.000,0,5,0.500,1.000,0.400,32o,jam,-40.000000,-29.427083,-13.263889,10.572917,26.736111,0.330404,0.334201,80.000000,-80.000000,0.000000,0.000000,0.000000,0.000000
9,equal,38000,10.000,0,5,0.500,1.000,0.400,73s,jam,-40.000000,-28.812500,-13.472222,11.187500,26.527778,0.349609,0.331597,80.000000,-80.000000,0.000000,0.000000,0.000000,0.000000
9,equal,38000,10.000,0,5,0.500,1.000,0.400,83o,jam,-40.000000,-31.093750,-13.515625,8.906250,26.484375,0.278320,0.331055,80.000000,-80.000000,0.000000,0.000000,0.000000,0.000000
9,equal,38000,10.000,0,5,0.500,1.000,0.400,82o,jam,-40.000000,-31.000000,-13.567708,9.000000,26.432292,0.281250,0.330404,80.000000,-80.000000,0.000000,0.000000,0.000000,0.000000
9,equal,38000,10.000,0,5,0.500,1.000,0.400,62o,jam,-40.000000,-29.729167,-13.602431,10.270833,26.397569,0.320964,0.329970,80.000000,-80.000000,0.000000,0.000000,0.000000,0.000000
9,equal,38000,10.000,0,5,0.500,1.000,0.400,74s,jam,-40.000000,-28.937500,-13.645833,11.062500,26.354167,0.345703,0.329427,80.000000,-80.000000,0.000000,0.000000,0.000000,0.000000
9,equal,38000,10.000,0,5,0.500,1.000,0.400,63o,jam,-40.000000,-29.583333,-13.741319,10.416667,26.258681,0.325521,0.328234,80.000000,-80.000000,0.000000,0.000000,0.000000,0.000000
9,equal,38000,10.000,0,5,0.500,1.000,0.400,72s,jam,-40.000000,-28.250000,-14.756944,11.750000,25.243056,0.367188,0.315538,80.000000,-80.000000,0.000000,0.000000,0.000000,0.000000
9,equal,38000,10.000,0,5,0.500,1.000,0.400,76o,jam,-40.000000,-28.510417,-16.006944,11.489583,23.993056,0.359049,0.299913,80.000000,-80.000000,0.000000,0.000000,0.000000,0.000000
9,equal,38000,10.000,0,5,0.500,1.000,0.400,75o,jam,-40.000000,-29.760417,-16.192130,10.239583,23.807870,0.319987,0.297598,80.000000,-80.000000,0.000000,0.000000,0.000000,0.000000
9,equal,38000,10.000,0,5,0.500,1.000,0.400,87o,jam,-40.000000,-28.875000,-16.967593,11.125000,23.032407,0.347656,0.287905,80.000000,-80.000000,0.000000,0.000000,0.000000,0.000000
9,equal,38000,10.000,0,5,0.500,1.000,0.400,73o,jam,-40.000000,-30.385417,-17.361111,9.614583,22.638889,0.300456,0.282986,80.000000,-80.000000,0.000000,0.000000,0.000000,0.000000
9,equal,38000,10.000,0,5,0.500,1.000,0.400,74o,jam,-40.000000,-30.468750,-17.673611,9.531250,22.326389,0.297852,0.279080,80.000000,-80.000000,0.000000,0.000000,0.000000,0.000000
9,equal,38000,10.000,0,5,0.500,1.000,0.400,72o,jam,-40.000000,-30.770833,-18.553241,9.229167,21.446759,0.288411,0.268084,80.000000,-80.000000,0.000000,0.000000,0.000000,0.000000
9,equal,45600,12.000,0,5,0.500,0.000,0.400,JJ,jam,0.000000,13.218750,40.000000,13.218750,40.000000,0.826172,0.000000,40.000000,-80.000000,40.000000,-40.000000,0.000000,40.000000
9,equal,45600,12.000,0,5,0.500,0.000,0.400,QQ,jam,0.000000,13.072917,40.000000,13.072917,40.000000,0.817057,0.000000,40.000000,-80.000000,40.000000,-40.000000,0.000000,40.000000
9,equal,45600,12.000,0,5,0.500,0.000,0.400,TT,jam,0.000000,13.062500,40.000000,13.062500,40.000000,0.816406,0.000000,40.000000,-80.000000,40.000000,-40.000000,0.000000,40.000000
9,equal,45600,12.000,0,5,0.500,0.000,0.400,AA,jam,0.000000,12.604167,40.000000,12.604167,40.000000,0.787760,0.000000,40.000000,-80.000000,40.000000,-40.000000,0.000000,40.000000
9,equal,45600,12.000,0,5,0.500,0.000,0.400,KK,jam,0.000000,12.489583,40.000000,12.489583,40.000000,0.780599,0.000000,40.000000,-80.000000,40.000000,-40.000000,0.000000,40.000000
9,equal,45600,12.000,0,5,0.500,0.000,0.400,J9s,jam,0.000000,11.937500,40.000000,11.937500,40.000000,0.746094,0.000000,40.000000,-80.000000,40.000000,-40.000000,0.000000,40.000000
9,equal,45600,12.000,0,5,0.500,0.000,0.400,JTs,jam,0.000000,11.250000,40.000000,11.250000,40.000000,0.703125,0.000000,40.000000,-80.000000,40.000000,-40.000000,0.000000,40.000000
9,equal,45600,12.000,0,5,0.500,0.000,0.400,ATo,jam,0.000000,11.173611,40.000000,11.173611,40.000000,0.698351,0.000000,40.000000,-80.000000,40.000000,-40.000000,0.000000,40.000000
9,equal,45600,12.000,0,5,0.500,0.000,0.400,QTs,jam,0.000000,11.145833,40.000000,11.145833,40.000000,0.696615,0.000000,40.000000,-80.000000,40.000000,-40.000000,0.000000,40.000000
9,equal,45600,12.000,0,5,0.500,0.000,0.400,JTo,jam,0.000000,11.090278,40.000000,11.090278,40.000000,0.693142,0.000000,40.000000,-80.000000,40.000000,-40.000000,0.000000,40.000000
9,equal,45600,12.000,0,5,0.500,0.000,0.400,A9s,jam,0.000000,10.958333,40.000000,10.958333,40.000000,0.684896,0.000000,40.000000,-80.000000,40.000000,-40.000000,0.000000,40.000000
9,equal,45600,12.000,0,5,0.500,0.000,0.400,KTo,jam,0.000000,10.937500,40.000000,10.937500,40.000000,0.683594,0.000000,40.000000,-80.000000,40.000000,-40.000000,0.000000,40.000000
9,equal,45600,12.000,0,5,0.500,0.000,0.400,ATs,jam,0.000000,10.916667,40.000000,10.916667,40.000000,0.682292,0.000000,40.000000,-80.000000,40.000000,-40.000000,0.000000,40.000000
9,equal,45600,12.000,0,5,0.500,0.000,0.400,Q9o,jam,0.000000,10.777778,40.000000,10.777778,40.000000,0.673611,0.000000,40.000000,-80.000000,40.000000,-40.000000,0.000000,40.000000
9,equal,45600,12.000,0,5,0.500,0.000,0.400,KTs,jam,0.000000,10.750000,40.000000,10.750000,40.000000,0.671875,0.000000,40.000000,-80.000000,40.000000,-40.000000,0.000000,40.000000
9,equal,45600,12.000,0,5,0.500,0.000,0.400,K9o,jam,0.000000,10.722222,40.000000,10.722222,40.000000,0.670139,0.000000,40.000000,-80.000000,40.000000,-40.000000,0.000000,40.000000
9,equal,45600,12.000,0,5,0.500,0.000,0.400,J9o,jam,0.000000,10.722222,40.000000,10.722222,40.000000,0.670139,0.000000,40.000000,-80.000000,40.000000,-40.000000,0.000000,40.000000
9,equal,45600,12.000,0,5,0.500,0.000,0.400,QTo,jam,0.000000,10.680556,40.000000,10.680556,40.000000,0.667535,0.000000,40.000000,-80.000000,40.000000,-40.000000,0.000000,40.000000
9,equal,45600,12.000,0,5,0.500,0.000,0.400,Q9s,jam,0.000000,10.625000,40.000000,10.625000,40.000000,0.664062,0.000000,40.000000,-80.000000,40.000000,-40.000000,0.000000,40.000000
9,equal,45600,12.000,0,5,0.500,0.000,0.400,K9s,jam,0.000000,10.541667,40.000000,10.541667,40.000000,0.658854,0.000000,40.000000,-80.000000,40.000000,-40.000000,0.000000,40.000000
9,equal,45600,12.000,0,5,0.500,0.000,0.400,A9o,jam,0.000000,10.534722,40.000000,10.534722,40.000000,0.658420,0.000000,40.000000,-80.000000,40.000000,-40.000000,0.000000,40.000000
9,equal,45600,12.000,0,5,0.500,0.000,0.400,KQs,jam,0.000000,10.515625,40.000000,10.515625,40.000000,0.657227,0.000000,40.000000,-80.000000,40.000000,-40.000000,0.000000,40.000000
9,equal,45600,12.000,0,5,0.500,0.000,0.400,QJs,jam,0.000000,10.500000,40.000000,10.500000,40.000000,0.656250,0.000000,40.000000,-80.000000,40.000000,-40.000000,0.000000,40.000000
9,equal,45600,12.000,0,5,0.500,0.000,0.400,KJs,jam,0.000000,10.390625,40.000000,10.390625,40.000000,0.649414,0.000000,40.000000,-80.000000,40.000000,-40.000000,0.000000,40.000000
9,equal,45600,12.000,0,5,0.500,0.000,0.400,AQs,jam,0.000000,10.265625,40.000000,10.265625,40.000000,0.641602,0.000000,40.000000,-80.000000,40.000000,-40.000000,0.000000,40.000000
9,equal,45600,12.000,0,5,0.500,0.000,0.400,AJs,jam,0.000000,10.250000,40.000000,10.250000,40.000000,0.640625,0.000000,40.000000,-80.000000,40.000000,-40.000000,0.000000,40.000000
9,equal,45600,12.000,0,5,0.500,0.000,0.400,AKs,jam,0.000000,10.187500,40.000000,10.187500,40.000000,0.636719,0.000000,40.000000,-80.000000,40.000000,-40.000000,0.000000,40.000000
9,equal,45600,12.000,0,5,0.500,0.000,0.400,QJo,jam,0.000000,9.958333,40.000000,9.958333,40.000000,0.622396,0.000000,40.000000,-80.000000,40.000000,-40.000000,0.000000,40.000000
9,equal,45600,12.000,0,5,0.500,0.000,0.400,99,jam,0.000000,9.937500,40.000000,9.937500,40.000000,0.621094,0.000000,40.000000,-80.000000,40.000000,-40.000000,0.000000,40.000000
9,equal,45600,12.000,0,5,0.500,0.000,0.400,AJo,jam,0.000000,9.708333,40.000000,9.708333,40.000000,0.606771,0.000000,40.000000,-80.000000,40.000000,-40.000000,0.000000,40.000000
9,equal,45600,12.000,0,5,0.500,0.000,0.400,KQo,jam,0.000000,9.593750,40.000000,9.593750,40.000000,0.599609,0.000000,40.000000,-80.000000,40.000000,-40.000000,0.000000,40.000000
9,equal,45600,12.000,0,5,0.500,0.000,0.400,J4s,jam,0.000000,9.562500,40.000000,9.562500,40.000000,0.597656,0.000000,40.000000,-80.000000,40.000000,-40.000000,0.000000,40.000000
9,equal,45600,12.000,0,5,0.500,0.000,0.400,KJo,jam,0.000000,9.526042,40.000000,9.526042,40.000000,0.595378,0.000000,40.000000,-80.000000,40.000000,-40.000000,0.000000,40.000000
9,equal,45600,12.000,0,5,0.500,0.000,0.400,J6s,jam,0.000000,9.515625,40.000000,9.515625,40.000000,0.594727,0.000000,40.000000,-80.000000,40.000000,-40.000000,0.000000,40.000000
9,equal,45600,12.000,0,5,0.500,0.000,0.400,Q8s,jam,0.000000,9.421875,40.000000,9.421875,40.000000,0.588867,0.000000,40.000000,-80.000000,40.000000,-40.000000,0.000000,40.000000
9,equal,45600,12.000,0,5,0.500,0.000,0.400,J8s,jam,0.000000,9.421875,40.000000,9.421875,40.000000,0.588867,0.000000,40.000000,-80.000000,40.000000,-40.000000,0.000000,40.000000
9,equal,45600,12.000,0,5,0.500,0.000,0.400,A8s,jam,0.000000,9.359375,40.000000,9.359375,40.000000,0.584961,0.000000,40.000000,-80.000000,40.000000,-40.000000,0.000000,40.000000
9,equal,45600,12.000,0,5,0.500,0.000,0.400,A3s,jam,0.000000,9.312500,40.000000,9.312500,40.000000,0.582031,0.000000,40.000000,-80.000000,40.000000,-40.000000,0.000000,40.000000
9,equal,45600,12.000,0,5,0.500,0.000,0.400,K5s,jam,0.000000,9.250000,40.000000,9.250000,40.000000,0.578125,0.000000,40.000000,-80.000000,40.000000,-40.000000,0.000000,40.000000
9,equal,45600,12.000,0,5,0.500,0.000,0.400,AQo,jam,0.000000,9.244792,40.000000,9.244792,40.000000,0.577799,0.000000,40.000000,-80.000000,40.000000,-40.000000,0.000000,40.000000
9,equal,45600,12.000,0,5,0.500,0.000,0.400,Q7s,jam,0.000000,9.234375,40.000000,9.234375,40.000000,0.577148,0.000000,40.000000,-80.000000,40.000000,-40.000000,0.000000,40.000000
9,equal,45600,12.000,0,5,0.500,0.000,0.400,AKo,jam,0.000000,9.171875,40.000000,9.171875,40.000000,0.573242,0.000000,40.000000,-80.000000,40.000000,-40.000000,0.000000,40.000000
9,equal,45600,12.000,0,5,0.500,0.000,0.400,J7s,jam,0.000000,9.093750,40.000000,9.093750,40.000000,0.568359,0.000000,40.000000,-80.000000,40.000000,-40.000000,0.000000,40.000000
9,equal,45600,12.000,0,5,0.500,0.000,0.400,A2s,jam,0.000000,9.062500,40.000000,9.062500,40.000000,0.566406,0.000000,40.000000,-80.000000,40.000000,-40.000000,0.000000,40.000000
9,equal,45600,12.000,0,5,0.500,0.000,0.400,A6s,jam,0.000000,9.031250,40.000000,9.031250,40.000000,0.564453,0.000000,40.000000,-80.000000,40.000000,-40.000000,0.000000,40.000000
9,equal,45600,12.000,0,5,0.500,0.000,0.400,Q6s,jam,0.000000,8.937500,40.000000,8.937500,40.000000,0.558594,0.000000,40.000000,-80.000000,40.000000,-40.000000,0.000000,40.000000
9,equal,45600,12.000,0,5,0.500,0.000,0.400,Q5s,jam,0.000000,8.875000,40.000000,8.875000,40.000000,0.554688,0.000000,40.000000,-80.000000,40.000000,-40.000000,0.000000,40.000000
9,equal,45600,12.000,0,5,0.500,0.000,0.400,K6s,jam,0.000000,8.859375,40.000000,8.859375,40.000000,0.553711,0.000000,40.000000,-80.000000,40.000000,-40.000000,0.000000,40.000000
9,equal,45600,12.000,0,5,0.500,0.000,0.400,A7s,jam,0.000000,8.812500,40.000000,8.812500,40.000000,0.550781,0.000000,40.000000,-80.000000,40.000000,-40.000000,0.000000,40.000000
9,equal,45600,12.000,0,5,0.500,0.000,0.400,K7s,jam,0.000000,8.796875,40.000000,8.796875,40.000000,0.549805,0.000000,40.000000,-80.000000,40.000000,-40.000000,0.000000,40.000000
9,equal,45600,12.000,0,5,0.500,0.000,0.400,J5s,jam,0.000000,8.796875,40.000000,8.796875,40.000000,0.549805,0.000000,40.000000,-80.000000,40.000000,-40.000000,0.000000,40.000000
9,equal,45600,12.000,0,5,0.500,0.000,0.400,Q4s,jam,0.000000,8.781250,40.000000,8.781250,40.000000,0.548828,0.000000,40.000000,-80.000000,40.000000,-40.000000,0.000000,40.000000
9,equal,45600,12.000,0,5,0.500,0.000,0.400,A8o,jam,0.000000,8.750000,40.000000,8.750000,40.000000,0.546875,0.000000,40.000000,-80.000000,40.000000,-40.000000,0.000000,40.000000
9,equal,45600,12.000,0,5,0.500,0.000,0.400,J8o,jam,0.000000,8.750000,40.000000,8.750000,40.000000,0.546875,0.000000,40.000000,-80.000000,40.000000,-40.000000,0.000000,40.000000
9,equal,45600,12.000,0,5,0.500,0.000,0.400,K2s,jam,0.000000,8.718750,40.000000,8.718750,40.000000,0.544922,0.000000,40.000000,-80.000000,40.000000,-40.000000,0.000000,40.000000
9,equal,45600,12.000,0,5,0.500,0.000,0.400,A5s,jam,0.000000,8.687500,40.000000,8.687500,40.000000,0.542969,0.000000,40.000000,-80.000000,40.000000,-40.000000,0.000000,40.000000
9,equal,45600,12.000,0,5,0.500,0.000,0.400,J2o,jam,0.000000,8.682292,40.000000,8.682292,40.000000,0.542643,0.000000,40.000000,-80.000000,40.000000,-40.000000,0.000000,40.000000
9,equal,45600,12.000,0,5,0.500,0.000,0.400,K8s,jam,0.000000,8.656250,40.000000,8.656250,40.000000,0.541016,0.000000,40.000000,-80.000000,40.000000,-40.000000,0.000000,40.000000
9,equal,45600,12.000,0,5,0.500,0.000,0.400,A4s,jam,0.000000,8.640625,40.000000,8.640625,40.000000,0.540039,0.000000,40.000000,-80.000000,40.000000,-40.000000,0.000000,40.000000
9,equal,45600,12.000,0,5,0.500,0.000,0.400,Q8o,jam,0.000000,8.604167,40.000000,8.604167,40.000000,0.537760,0.000000,40.000000,-80.000000,40.000000,-40.000000,0.000000,40.000000
9,equal,45600,12.000,0,5,0.500,0.000,0.400,Q2s,jam,0.000000,8.593750,40.000000,8.593750,40.000000,0.537109,0.000000,40.000000,-80.000000,40.000000,-40.000000,0.000000,40.000000
9,equal,45600,12.000,0,5,0.500,0.000,0.400,A3o,jam,0.000000,8.588542,40.000000,8.588542,40.000000,0.536784,0.000000,40.000000,-80.000000,40.000000,-40.000000,0.000000,40.000000
9,equal,45600,12.000,0,5,0.500,0.000,0.400,Q6o,jam,0.000000,8.578125,40.000000,8.578125,40.000000,0.536133,0.000000,40.000000,-80.000000,40.000000,-40.000000,0.000000,40.000000
9,equal,45600,12.000,0,5,0.500,0.000,0.400,K4s,jam,0.000000,8.515625,40.000000,8.515625,40.000000,0.532227,0.000000,40.000000,-80.000000,40.000000,-40.000000,0.000000,40.000000
9,equal,45600,12.000,0,5,0.500,0.000,0.400,Q2o,jam,0.000000,8.505208,40.000000,8.505208,40.000000,0.531576,0.000000,40.000000,-80.000000,40.000000,-40.000000,0.000000,40.000000
9,equal,45600,12.000,0,5,0.500,0.000,0.400,A6o,jam,0.000000,8.473958,40.000000,8.473958,40.000000,0.529622,0.000000,40.000000,-80.000000,40.000000,-40.000000,0.000000,40.000000
9,equal,45600,12.000,0,5,0.500,0.000,0.400,K7o,jam,0.000000,8.458333,40.000000,8.458333,40.000000,0.528646,0.000000,40.000000,-80.000000,40.000000,-40.000000,0.000000,40.000000
9,equal,45600,12.000,0,5,0.500,0.000,0.400,K8o,jam,0.000000,8.447917,40.000000,8.447917,40.000000,0.527995,0.000000,40.000000,-80.000000,40.000000,-40.000000,0.000000,40.000000
9,equal,45600,12.000,0,5,0.500,0.000,0.400,J5o,jam,0.000000,8.437500,40.000000,8.437500,40.000000,0.527344,0.000000,40.000000,-80.000000,40.000000,-40.000000,0.000000,40.000000
9,equal,45600,12.000,0,5,0.500,0.000,0.400,A5o,jam,0.000000,8.427083,40.000000,8.427083,40.000000,0.526693,0.000000,40.000000,-80.000000,40.000000,-40.000000,0.000000,40.000000
9,equal,45600,12.000,0,5,0.500,0.000,0.400,K3s,jam,0.000000,8.421875,40.000000,8.421875,40.000000,0.526367,0.000000,40.000000,-80.000000,40.000000,-40.000000,0.000000,40.000000
9,equal,45600,12.000,0,5,0.500,0.000,0.400,J2s,jam,0.000000,8.406250,40.000000,8.406250,40.000000,0.525391,0.000000,40.000000,-80.000000,40.000000,-40.000000,0.000000,40.000000
9,equal,45600,12.000,0,5,0.500,0.000,0.400,A4o,jam,0.000000,8.375000,40.000000,8.375000,40.000000,0.523438,0.000000,40.000000,-80.000000,40.000000,-40.000000,0.000000,40.000000
9,equal,45600,12.000,0,5,0.500,0.000,0.400,K4o,jam,0.000000,8.322917,40.000000,8.322917,40.000000,0.520182,0.000000,40.000000,-80.000000,40.000000,-40.000000,0.000000,40.000000
9,equal,45600,12.000,0,5,0.500,0.000,0.400,J7o,jam,0.000000,8.296875,40.000000,8.296875,40.000000,0.518555,0.000000,40.000000,-80.000000,40.000000,-40.000000,0.000000,40.000000
9,equal,45600,12.000,0,5,0.500,0.000,0.400,K3o,jam,0.000000,8.281250,40.000000,8.281250,40.000000,0.517578,0.000000,40.000000,-80.000000,40.000000,-40.000000,0.000000,40.000000
9,equal,45600,12.000,0,5,0.500,0.000,0.400,J4o,jam,0.000000,8.276042,40.000000,8.276042,40.000000,0.517253,0.000000,40.000000,-80.000000,40.000000,-40.000000,0.000000,40.000000
9,equal,45600,12.000,0,5,0.500,0.000,0.400,88,jam,0.000000,8.270833,40.000000,8.270833,40.000000,0.516927,0.000000,40.000000,-80.000000,40.000000,-40.000000,0.000000,40.000000
9,equal,45600,12.000,0,5,0.500,0.000,0.400,A7o,jam,0.000000,8.223958,40.000000,8.223958,40.000000,0.513997,0.000000,40.000000,-80.000000,40.000000,-40.000000,0.000000,40.000000
9,equal,45600,12.000,0,5,0.500,0.000,0.400,Q3s,jam,0.000000,8.171875,40.000000,8.171875,40.000000,0.510742,0.000000,40.000000,-80.000000,40.000000,-40.000000,0.000000,40.000000
9,equal,45600,12.000,0,5,0.500,0.000,0.400,J3s,jam,0.000000,8.140625,40.000000,8.140625,40.000000,0.508789,0.000000,40.000000,-80.000000,40.000000,-40.000000,0.000000,40.000000
9,equal,45600,12.000,0,5,0.500,0.000,0.400,K6o,jam,0.000000,8.098958,40.000000,8.098958,40.000000,0.506185,0.000000,40.000000,-80.000000,40.000000,-40.000000,0.000000,40.000000
9,equal,45600,12.000,0,5,0.500,0.000,0.400,Q5o,jam,0.000000,8.088542,40.000000,8.088542,40.000000,0.505534,0.000000,40.000000,-80.000000,40.000000,-40.000000,0.000000,40.000000
9,equal,45600,12.000,0,5,0.500,0.000,0.400,J6o,jam,0.000000,8.078125,40.000000,8.078125,40.000000,0.504883,0.000000,40.000000,-80.000000,40.000000,-40.000000,0.000000,40.000000
9,equal,45600,12.000,0,5,0.500,0.000,0.400,Q3o,jam,0.000000,8.052083,40.000000,8.052083,40.000000,0.503255,0.000000,40.000000,-80.000000,40.000000,-40.000000,0.000000,40.000000
9,equal,45600,12.000,0,5,0.500,0.000,0.400,A2o,jam,0.000000,8.020833,40.000000,8.020833,40.000000,0.501302,0.000000,40.000000,-80.000000,40.000000,-40.000000,0.000000,40.000000
9,equal,45600,12.000,0,5,0.500,0.000,0.400,Q4o,jam,0.000000,8.005208,40.000000,8.005208,40.000000,0.500326,0.000000,40.000000,-80.000000,40.000000,-40.000000,0.000000,40.000000
9,equal,45600,12.000,0,5,0.500,0.000,0.400,Q7o,jam,0.000000,8.000000,40.000000,8.000000,40.000000,0.500000,0.000000,40.000000,-80.000000,40.000000,-40.000000,0.000000,40.000000
9,equal,45600,12.000,0,5,0.500,0.000,0.400,J3o,jam,0.000000,8.000000,40.000000,8.000000,40.000000,0.500000,0.000000,40.000000,-80.000000,40.000000,-40.000000,0.000000,40.000000
9,equal,45600,12.000,0,5,0.500,0.000,0.400,T9s,jam,0.000000,8.000000,40.000000,8.000000,40.000000,0.500000,0.000000,40.000000,-80.000000,40.000000,-40.000000,0.000000,40.000000
9,equal,45600,12.000,0,5,0.500,0.000,0.400,66,jam,0.000000,7.968750,40.000000,7.968750,40.000000,0.498047,0.000000,40.000000,-80.000000,40.000000,-40.000000,0.000000,40.000000
9,equal,45600,12.000,0,5,0.500,0.000,0.400,K2o,jam,0.000000,7.854167,40.000000,7.854167,40.000000,0.490885,0.000000,40.000000,-80.000000,40.000000,-40.000000,0.000000,40.000000
9,equal,45600,12.000,0,5,0.500,0.000,0.400,K5o,jam,0.000000,7.828125,40.000000,7.828125,40.000000,0.489258,0.000000,40.000000,-80.000000,40.000000,-40.000000,0.000000,40.000000
9,equal,45600,12.000,0,5,0.500,0.000,0.400,55,jam,0.000000,7.822917,40.000000,7.822917,40.000000,0.488932,0.000000,40.000000,-80.000000,40.000000,-40.000000,0.000000,40.000000
9,equal,45600,12.000,0,5,0.500,0.000,0.400,33,jam,0.000000,7.687500,40.000000,7.687500,40.000000,0.480469,0.000000,40.000000,-80.000000,40.000000,-40.000000,0.000000,40.000000
9,equal,45600,12.000,0,5,0.500,0.000,0.400,T9o,jam,0.000000,7.635417,40.000000,7.635417,40.000000,0.477214,0.000000,40.000000,-80.000000,40.000000,-40.000000,0.000000,40.000000
9,equal,45600,12.000,0,5,0.500,0.000,0.400,22,jam,0.000000,7.427083,40.000000,7.427083,40.000000,0.464193,0.000000,40.000000,-80.000000,40.000000,-40.000000,0.000000,40.000000
9,equal,45600,12.000,0,5,0.500,0.000,0.400,77,jam,0.000000,7.385417,40.000000,7.385417,40.000000,0.461589,0.000000,40.000000,-80.000000,40.000000,-40.000000,0.000000,40.000000
9,equal,45600,12.000,0,5,0.500,0.000,0.400,44,jam,0.000000,7.020833,40.000000,7.020833,40.000000,0.438802,0.000000,40.000000,-80.000000,40.000000,-40.000000,0.000000,40.000000
9,equal,45600,12.000,0,5,0.500,0.000,0.400,76s,jam,0.000000,6.062500,40.000000,6.062500,40.000000,0.378906,0.000000,40.000000,-80.000000,40.000000,-40.000000,0.000000,40.000000
9,equal,45600,12.000,0,5,0.500,0.000,0.400,72s,jam,0.000000,5.875000,40.000000,5.875000,40.000000,0.367188,0.000000,40.000000,-80.000000,40.000000,-40.000000,0.000000,40.000000
9,equal,45600,12.000,0,5,0.500,0.000,0.400,75s,jam,0.000000,5.781250,40.000000,5.781250,40.000000,0.361328,0.000000,40.000000,-80.000000,40.000000,-40.000000,0.000000,40.000000
9,equal,45600,12.000,0,5,0.500,0.000,0.400,42s,jam,0.000000,5.765625,40.000000,5.765625,40.000000,0.360352,0.000000,40.000000,-80.000000,40.000000,-40.000000,0.000000,40.000000
9,equal,45600,12.000,0,5,0.500,0.000,0.400,54o,jam,0.000000,5.755208,40.000000,5.755208,40.000000,0.359701,0.000000,40.000000,-80.000000,40.000000,-40.000000,0.000000,40.000000
9,equal,45600,12.000,0,5,0.500,0.000,0.400,76o,jam,0.000000,5.744792,40.000000,5.744792,40.000000,0.359049,0.000000,40.000000,-80.000000,40.000000,-40.000000,0.000000,40.000000
9,equal,45600,12.000,0,5,0.500,0.000,0.400,43s,jam,0.000000,5.687500,40.000000,5.687500,40.000000,0.355469,0.000000,40.000000,-80.000000,40.000000,-40.000000,0.000000,40.000000
9,equal,45600,12.000,0,5,0.500,0.000,0.400,52s,jam,0.000000,5.640625,40.000000,5.640625,40.000000,0.352539,0.000000,40.000000,-80.000000,40.000000,-40.000000,0.000000,40.000000
9,equal,45600,12.000,0,5,0.500,0.000,0.400,T3s,jam,0.000000,5.604167,40.000000,5.604167,40.000000,0.350260,0.000000,40.000000,-80.000000,40.000000,-40.000000,0.000000,40.000000
9,equal,45600,12.000,0,5,0.500,0.000,0.400,86s,jam,0.000000,5.593750,40.000000,5.593750,40.000000,0.349609,0.000000,40.000000,-80.000000,40.000000,-40.000000,0.000000,40.000000
9,equal,45600,12.000,0,5,0.500,0.000,0.400,73s,jam,0.000000,5.593750,40.000000,5.593750,40.000000,0.349609,0.000000,40.000000,-80.000000,40.000000,-40.000000,0.000000,40.000000
9,equal,45600,12.000,0,5,0.500,0.000,0.400,87o,jam,0.000000,5.562500,40.000000,5.562500,40.000000,0.347656,0.000000,40.000000,-80.000000,40.000000,-40.000000,0.000000,40.000000
9,equal,45600,12.000,0,5,0.500,0.000,0.400,85s,jam,0.000000,5.562500,40.000000,5.562500,40.000000,0.347656,0.000000,40.000000,-80.000000,40.000000,-40.000000,0.000000,40.000000
9,equal,45600,12.000,0,5,0.500,0.000,0.400,74s,jam,0.000000,5.531250,40.000000,5.531250,40.000000,0.345703,0.000000,40.000000,-80.000000,40.000000,-40.000000,0.000000,40.000000
9,equal,45600,12.000,0,5,0.500,0.000,0.400,63s,jam,0.000000,5.531250,40.000000,5.531250,40.000000,0.345703,0.000000,40.000000,-80.000000,40.000000,-40.000000,0.000000,40.000000
9,equal,45600,12.000,0,5,0.500,0.000,0.400,T8s,jam,0.000000,5.520833,40.000000,5.520833,40.000000,0.345052,0.000000,40.000000,-80.000000,40.000000,-40.000000,0.000000,40.000000
9,equal,45600,12.000,0,5,0.500,0.000,0.400,65s,jam,0.000000,5.500000,40.000000,5.500000,40.000000,0.343750,0.000000,40.000000,-80.000000,40.000000,-40.000000,0.000000,40.000000
9,equal,45600,12.000,0,5,0.500,0.000,0.400,53s,jam,0.000000,5.453125,40.000000,5.453125,40.000000,0.340820,0.000000,40.000000,-80.000000,40.000000,-40.000000,0.000000,40.000000
9,equal,45600,12.000,0,5,0.500,0.000,0.400,87s,jam,0.000000,5.390625,40.000000,5.390625,40.000000,0.336914,0.000000,40.000000,-80.000000,40.000000,-40.000000,0.000000,40.000000
9,equal,45600,12.000,0,5,0.500,0.000,0.400,53o,jam,0.000000,5.385417,40.000000,5.385417,40.000000,0.336589,0.000000,40.000000,-80.000000,40.000000,-40.000000,0.000000,40.000000
9,equal,45600,12.000,0,5,0.500,0.000,0.400,65o,jam,0.000000,5.375000,40.000000,5.375000,40.000000,0.335938,0.000000,40.000000,-80.000000,40.000000,-40.000000,0.000000,40.000000
9,equal,45600,12.000,0,5,0.500,0.000,0.400,52o,jam,0.000000,5.302083,40.000000,5.302083,40.000000,0.331380,0.000000,40.000000,-80.000000,40.000000,-40.000000,0.000000,40.000000
9,equal,45600,12.000,0,5,0.500,0.000,0.400,32o,jam,0.000000,5.286458,40.000000,5.286458,40.000000,0.330404,0.000000,40.000000,-80.000000,40.000000,-40.000000,0.000000,40.000000
9,equal,45600,12.000,0,5,0.500,0.000,0.400,64o,jam,0.000000,5.244792,40.000000,5.244792,40.000000,0.327799,0.000000,40.000000,-80.000000,40.000000,-40.000000,0.000000,40.000000
9,equal,45600,12.000,0,5,0.500,0.000,0.400,84s,jam,0.000000,5.234375,40.000000,5.234375,40.000000,0.327148,0.000000,40.000000,-80.000000,40.000000,-40.000000,0.000000,40.000000
9,equal,45600,12.000,0,5,0.500,0.000,0.400,62s,jam,0.000000,5.218750,40.000000,5.218750,40.000000,0.326172,0.000000,40.000000,-80.000000,40.000000,-40.000000,0.000000,40.000000
9,equal,45600,12.000,0,5,0.500,0.000,0.400,63o,jam,0.000000,5.208333,40.000000,5.208333,40.000000,0.325521,0.000000,40.000000,-80.000000,40.000000,-40.000000,0.000000,40.000000
9,equal,45600,12.000,0,5,0.500,0.000,0.400,42o,jam,0.000000,5.187500,40.000000,5.187500,40.000000,0.324219,0.000000,40.000000,-80.000000,40.000000,-40.000000,0.000000,40.000000
9,equal,45600,12.000,0,5,0.500,0.000,0.400,43o,jam,0.000000,5.177083,40.000000,5.177083,40.000000,0.323568,0.000000,40.000000,-80.000000,40.000000,-40.000000,0.000000,40.000000
9,equal,45600,12.000,0,5,0.500,0.000,0.400,54s,jam,0.000000,5.171875,40.000000,5.171875,40.000000,0.323242,0.000000,40.000000,-80.000000,40.000000,-40.000000,0.000000,40.000000
9,equal,45600,12.000,0,5,0.500,0.000,0.400,T6s,jam,0.000000,5.166667,40.000000,5.166667,40.000000,0.322917,0.000000,40.000000,-80.000000,40.000000,-40.000000,0.000000,40.000000
9,equal,45600,12.000,0,5,0.500,0.000,0.400,92s,jam,0.000000,5.166667,40.000000,5.166667,40.000000,0.322917,0.000000,40.000000,-80.000000,40.000000,-40.000000,0.000000,40.000000
9,equal,45600,12.000,0,5,0.500,0.000,0.400,62o,jam,0.000000,5.135417,40.000000,5.135417,40.000000,0.320964,0.000000,40.000000,-80.000000,40.000000,-40.000000,0.000000,40.000000
9,equal,45600,12.000,0,5,0.500,0.000,0.400,96s,jam,0.000000,5.125000,40.000000,5.125000,40.000000,0.320312,0.000000,40.000000,-80.000000,40.000000,-40.000000,0.000000,40.000000
9,equal,45600,12.000,0,5,0.500,0.000,0.400,75o,jam,0.000000,5.119792,40.000000,5.119792,40.000000,0.319987,0.000000,40.000000,-80.000000,40.000000,-40.000000,0.000000,40.000000
9,equal,45600,12.000,0,5,0.500,0.000,0.400,86o,jam,0.000000,5.072917,40.000000,5.072917,40.000000,0.317057,0.000000,40.000000,-80.000000,40.000000,-40.000000,0.000000,40.000000
9,equal,45600,12.000,0,5,0.500,0.000,0.400,T2s,jam,0.000000,5.062500,40.000000,5.062500,40.000000,0.316406,0.000000,40.000000,-80.000000,40.000000,-40.000000,0.000000,40.000000
9,equal,45600,12.000,0,5,0.500,0.000,0.400,82s,jam,0.000000,5.031250,40.000000,5.031250,40.000000,0.314453,0.000000,40.000000,-80.000000,40.000000,-40.000000,0.000000,40.000000
9,equal,45600,12.000,0,5,0.500,0.000,0.400,83s,jam,0.000000,5.015625,40.000000,5.015625,40.000000,0.313477,0.000000,40.000000,-80.000000,40.000000,-40.000000,0.000000,40.000000
9,equal,45600,12.000,0,5,0.500,0.000,0.400,T7s,jam,0.000000,4.979167,40.000000,4.979167,40.000000,0.311198,0.000000,40.000000,-80.000000,40.000000,-40.000000,0.000000,40.000000
9,equal,45600,12.000,0,5,0.500,0.000,0.400,T5s,jam,0.000000,4.895833,40.000000,4.895833,40.000000,0.305990,0.000000,40.000000,-80.000000,40.000000,-40.000000,0.000000,40.000000
9,equal,45600,12.000,0,5,0.500,0.000,0.400,85o,jam,0.000000,4.848958,40.000000,4.848958,40.000000,0.303060,0.000000,40.000000,-80.000000,40.000000,-40.000000,0.000000,40.000000
9,equal,45600,12.000,0,5,0.500,0.000,0.400,84o,jam,0.000000,4.838542,40.000000,4.838542,40.000000,0.302409,0.000000,40.000000,-80.000000,40.000000,-40.000000,0.000000,40.000000
9,equal,45600,12.000,0,5,0.500,0.000,0.400,T4s,jam,0.000000,4.833333,40.000000,4.833333,40.000000,0.302083,0.000000,40.000000,-80.000000,40.000000,-40.000000,0.000000,40.000000
9,equal,45600,12.000,0,5,0.500,0.000,0.400,93s,jam,0.000000,4.833333,40.000000,4.833333,40.000000,0.302083,0.000000,40.000000,-80.000000,40.000000,-40.000000,0.000000,40.000000
9,equal,45600,12.000,0,5,0.500,0.000,0.400,73o,jam,0.000000,4.807292,40.000000,4.807292,40.000000,0.300456,0.000000,40.000000,-80.000000,40.000000,-40.000000,0.000000,40.000000
9,equal,45600,12.000,0,5,0.500,0.000,0.400,74o,jam,0.000000,4.765625,40.000000,4.765625,40.000000,0.297852,0.000000,40.000000,-80.000000,40.000000,-40.000000,0.000000,40.000000
9,equal,45600,12.000,0,5,0.500,0.000,0.400,97s,jam,0.000000,4.750000,40.000000,4.750000,40.000000,0.296875,0.000000,40.000000,-80.000000,40.000000,-40.000000,0.000000,40.000000
9,equal,45600,12.000,0,5,0.500,0.000,0.400,94s,jam,0.000000,4.729167,40.000000,4.729167,40.000000,0.295573,0.000000,40.000000,-80.000000,40.000000,-40.000000,0.000000,40.000000
9,equal,45600,12.000,0,5,0.500,0.000,0.400,95s,jam,0.000000,4.645833,40.000000,4.645833,40.000000,0.290365,0.000000,40.000000,-80.000000,40.000000,-40.000000,0.000000,40.000000
9,equal,45600,12.000,0,5,0.500,0.000,0.400,T6o,jam,0.000000,4.638889,40.000000,4.638889,40.000000,0.289931,0.000000,40.000000,-80.000000,40.000000,-40.000000,0.000000,40.000000
9,equal,45600,12.000,0,5,0.500,0.000,0.400,T2o,jam,0.000000,4.638889,40.000000,4.638889,40.000000,0.289931,0.000000,40.000000,-80.000000,40.000000,-40.000000,0.000000,40.000000
9,equal,45600,12.000,0,5,0.500,0.000,0.400,T5o,jam,0.000000,4.625000,40.000000,4.625000,40.000000,0.289062,0.000000,40.000000,-80.000000,40.000000,-40.000000,0.000000,40.000000
9,equal,45600,12.000,0,5,0.500,0.000,0.400,72o,jam,0.000000,4.614583,40.000000,4.614583,40.000000,0.288411,0.000000,40.000000,-80.000000,40.000000,-40.000000,0.000000,40.000000
9,equal,45600,12.000,0,5,0.500,0.000,0.400,T8o,jam,0.000000,4.611111,40.000000,4.611111,40.000000,0.288194,0.000000,40.000000,-80.000000,40.000000,-40.000000,0.000000,40.000000
9,equal,45600,12.000,0,5,0.500,0.000,0.400,98s,jam,0.000000,4.604167,40.000000,4.604167,40.000000,0.287760,0.000000,40.000000,-80.000000,40.000000,-40.000000,0.000000,40.000000
9,equal,45600,12.000,0,5,0.500,0.000,0.400,64s,jam,0.000000,4.593750,40.000000,4.593750,40.000000,0.287109,0.000000,40.000000,-80.000000,40.000000,-40.000000,0.000000,40.000000
9,equal,45600,12.000,0,5,0.500,0.000,0.400,T7o,jam,0.000000,4.541667,40.000000,4.541667,40.000000,0.283854,0.000000,40.000000,-80.000000,40.000000,-40.000000,0.000000,40.000000
9,equal,45600,12.000,0,5,0.500,0.000,0.400,82o,jam,0.000000,4.500000,40.000000,4.500000,40.000000,0.281250,0.000000,40.000000,-80.000000,40.000000,-40.000000,0.000000,40.000000
9,equal,45600,12.000,0,5,0.500,0.000,0.400,83o,jam,0.000000,4.453125,40.000000,4.453125,40.000000,0.278320,0.000000,40.000000,-80.000000,40.000000,-40.000000,0.000000,40.000000
9,equal,45600,12.000,0,5,0.500,0.000,0.400,32s,jam,0.000000,4.390625,40.000000,4.390625,40.000000,0.274414,0.000000,40.000000,-80.000000,40.000000,-40.000000,0.000000,40.000000
9,equal,45600,12.000,0,5,0.500,0.000,0.400,T4o,jam,0.000000,4.381944,40.000000,4.381944,40.000000,0.273872,0.000000,40.000000,-80.000000,40.000000,-40.000000,0.000000,40.000000
9,equal,45600,12.000,0,5,0.500,0.000,0.400,T3o,jam,0.000000,4.354167,40.000000,4.354167,40.000000,0.272135,0.000000,40.000000,-80.000000,40.000000,-40.000000,0.000000,40.000000
9,equal,45600,12.000,0,5,0.500,0.000,0.400,93o,jam,0.000000,4.312500,40.000000,4.312500,40.000000,0.269531,0.000000,40.000000,-80.000000,40.000000,-40.000000,0.000000,40.000000
9,equal,45600,12.000,0,5,0.500,0.000,0.400,98o,jam,0.000000,4.180556,40.000000,4.180556,40.000000,0.261285,0.000000,40.000000,-80.000000,40.000000,-40.000000,0.000000,40.000000
9,equal,45600,12.000,0,5,0.500,0.000,0.400,96o,jam,0.000000,4.131944,40.000000,4.131944,40.000000,0.258247,0.000000,40.000000,-80.000000,40.000000,-40.000000,0.000000,40.000000
9,equal,45600,12.000,0,5,0.500,0.000,0.400,97o,jam,0.000000,4.125000,40.000000,4.125000,40.000000,0.257812,0.000000,40.000000,-80.000000,40.000000,-40.000000,0.000000,40.000000
9,equal,45600,12.000,0,5,0.500,0.000,0.400,94o,jam,0.000000,4.027778,40.000000,4.027778,40.000000,0.251736,0.000000,40.000000,-80.000000,40.000000,-40.000000,0.000000,40.000000
9,equal,45600,12.000,0,5,0.500,0.000,0.400,92o,jam,0.000000,3.861111,40.000000,3.861111,40.000000,0.241319,0.000000,40.000000,-80.000000,40.000000,-40.000000,0.000000,40.000000
9,equal,45600,12.000,0,5,0.500,0.000,0.400,95o,jam,0.000000,3.631944,40.000000,3.631944,40.000000,0.226997,0.000000,40.000000,-80.000000,40.000000,-40.000000,0.000000,40.000000
9,equal,45600,12.000,0,5,0.500,0.050,0.400,QQ,jam,0.000000,13.072917,39.350694,13.072917,39.350694,0.817057,0.837674,40.000000,-80.000000,40.000000,-40.000000,0.000000,40.000000
9,equal,45600,12.000,0,5,0.500,0.050,0.400,JJ,jam,0.000000,13.218750,39.284722,13.218750,39.284722,0.826172,0.821181,40.000000,-80.000000,40.000000,-40.000000,0.000000,40.000000
9,equal,45600,12.000,0,5,0.500,0.050,0.400,TT,jam,0.000000,13.062500,39.276042,13.062500,39.276042,0.816406,0.819010,40.000000,-80.000000,40.000000,-40.000000,0.000000,40.000000
9,equal,45600,12.000,0,5,0.500,0.050,0.400,KK,jam,0.000000,12.489583,39.270833,12.489583,39.270833,0.780599,0.817708,40.000000,-80.000000,40.000000,-40.000000,0.000000,40.000000
9,equal,45600,12.000,0,5,0.500,0.050,0.400,AA,jam,0.000000,12.604167,39.258681,12.604167,39.258681,0.787760,0.814670,40.000000,-80.000000,40.000000,-40.000000,0.000000,40.000000
9,equal,45600,12.000,0,5,0.500,0.050,0.400,AQs,jam,0.000000,10.265625,38.007812,10.265625,38.007812,0.641602,0.501953,40.000000,-80.000000,40.000000,-40.000000,0.000000,40.000000
9,equal,45600,12.000,0,5,0.500,0.050,0.400,99,jam,0.000000,9.937500,38.000000,9.937500,38.000000,0.621094,0.500000,40.000000,-80.000000,40.000000,-40.000000,0.000000,40.000000
9,equal,45600,12.000,0,5,0.500,0.050,0.400,KQs,jam,0.000000,10.515625,37.968750,10.515625,37.968750,0.657227,0.492188,40.000000,-80.000000,40.000000,-40.000000,0.000000,40.000000
9,equal,45600,12.000,0,5,0.500,0.050,0.400,JTs,jam,0.000000,11.250000,37.963542,11.250000,37.963542,0.703125,0.490885,40.000000,-80.000000,40.000000,-40.000000,0.000000,40.000000
9,equal,45600,12.000,0,5,0.500,0.050,0.400,QJs,jam,0.000000,10.500000,37.906250,10.500000,37.906250,0.656250,0.476562,40.000000,-80.000000,40.000000,-40.000000,0.000000,40.000000
9,equal,45600,12.000,0,5,0.500,0.050,0.400,QTs,jam,0.000000,11.145833,37.893229,11.145833,37.893229,0.696615,0.473307,40.000000,-80.000000,40.000000,-40.000000,0.000000,40.000000
9,equal,45600,12.000,0,5,0.500,0.050,0.400,ATs,jam,0.000000,10.916667,37.882812,10.916667,37.882812,0.682292,0.470703,40.000000,-80.000000,40.000000,-40.000000,0.000000,40.000000
9,equal,45600,12.000,0,5,0.500,0.050,0.400,AJs,jam,0.000000,10.250000,37.872396,10.250000,37.872396,0.640625,0.468099,40.000000,-80.000000,40.000000,-40.000000,0.000000,40.000000
9,equal,45600,12.000,0,5,0.500,0.050,0.400,KTs,jam,0.000000,10.750000,37.867188,10.750000,37.867188,0.671875,0.466797,40.000000,-80.000000,40.000000,-40.000000,0.000000,40.000000
9,equal,45600,12.000,0,5,0.500,0.050,0.400,AJo,jam,0.000000,9.708333,37.862847,9.708333,37.862847,0.606771,0.465712,40.000000,-80.000000,40.000000,-40.000000,0.000000,40.000000
9,equal,45600,12.000,0,5,0.500,0.050,0.400,AKs,jam,0.000000,10.187500,37.828125,10.187500,37.828125,0.636719,0.457031,40.000000,-80.000000,40.000000,-40.000000,0.000000,40.000000
9,equal,45600,12.000,0,5,0.500,0.050,0.400,QJo,jam,0.000000,9.958333,37.818576,9.958333,37.818576,0.622396,0.454644,40.000000,-80.000000,40.000000,-40.000000,0.000000,40.000000
9,equal,45600,12.000,0,5,0.500,0.050,0.400,QTo,jam,0.000000,10.680556,37.811632,10.680556,37.811632,0.667535,0.452908,40.000000,-80.000000,40.000000,-40.000000,0.000000,40.000000
9,equal,45600,12.000,0,5,0.500,0.050,0.400,JTo,jam,0.000000,11.090278,37.803819,11.090278,37.803819,0.693142,0.450955,40.000000,-80.000000,40.000000,-40.000000,0.000000,40.000000
9,equal,45600,12.000,0,5,0.500,0.050,0.400,KJs,jam,0.000000,10.390625,37.802083,10.390625,37.802083,0.649414,0.450521,40.000000,-80.000000,40.000000,-40.000000,0.000000,40.000000
9,equal,45600,12.000,0,5,0.500,0.050,0.400,AQo,jam,0.000000,9.244792,37.772569,9.244792,37.772569,0.577799,0.443142,40.000000,-80.000000,40.000000,-40.000000,0.000000,40.000000
9,equal,45600,12.000,0,5,0.500,0.050,0.400,ATo,jam,0.000000,11.173611,37.762153,11.173611,37.762153,0.698351,0.440538,40.000000,-80.000000,40.000000,-40.000000,0.000000,40.000000
9,equal,45600,12.000,0,5,0.500,0.050,0.400,KJo,jam,0.000000,9.526042,37.753472,9.526042,37.753472,0.595378,0.438368,40.000000,-80.000000,40.000000,-40.000000,0.000000,40.000000
9,equal,45600,12.000,0,5,0.500,0.050,0.400,KTo,jam,0.000000,10.937500,37.747396,10.937500,37.747396,0.683594,0.436849,40.000000,-80.000000,40.000000,-40.000000,0.000000,40.000000
9,equal,45600,12.000,0,5,0.500,0.050,0.400,AKo,jam,0.000000,9.171875,37.738715,9.171875,37.738715,0.573242,0.434679,40.000000,-80.000000,40.000000,-40.000000,0.000000,40.000000
9,equal,45600,12.000,0,5,0.500,0.050,0.400,KQo,jam,0.000000,9.593750,37.724826,9.593750,37.724826,0.599609,0.431207,40.000000,-80.000000,40.000000,-40.000000,0.000000,40.000000
9,equal,45600,12.000,0,5,0.500,0.050,0.400,T9o,jam,0.000000,7.635417,37.526042,7.635417,37.526042,0.477214,0.381510,40.000000,-80.000000,40.000000,-40.000000,0.000000,40.000000
9,equal,45600,12.000,0,5,0.500,0.050,0.400,T9s,jam,0.000000,8.000000,37.515625,8.000000,37.515625,0.500000,0.378906,40.000000,-80.000000,40.000000,-40.000000,0.000000,40.000000
9,equal,45600,12.000,0,5,0.500,0.050,0.400,A4s,jam,0.000000,8.640625,37.471354,8.640625,37.471354,0.540039,0.367839,40.000000,-80.000000,40.000000,-40.000000,0.000000,40.000000
9,equal,45600,12.000,0,5,0.500,0.050,0.400,A5s,jam,0.000000,8.687500,37.450521,8.687500,37.450521,0.542969,0.362630,40.000000,-80.000000,40.000000,-40.000000,0.000000,40.000000
9,equal,45600,12.000,0,5,0.500,0.050,0.400,Q9s,jam,0.000000,10.625000,37.437500,10.625000,37.437500,0.664062,0.359375,40.000000,-80.000000,40.000000,-40.000000,0.000000,40.000000
9,equal,45600,12.000,0,5,0.500,0.050,0.400,J9s,jam,0.000000,11.937500,37.411458,11.937500,37.411458,0.746094,0.352865,40.000000,-80.000000,40.000000,-40.000000,0.000000,40.000000
9,equal,45600,12.000,0,5,0.500,0.050,0.400,Q3s,jam,0.000000,8.171875,37.395833,8.171875,37.395833,0.510742,0.348958,40.000000,-80.000000,40.000000,-40.000000,0.000000,40.000000
9,equal,45600,12.000,0,5,0.500,0.050,0.400,J8s,jam,0.000000,9.421875,37.390625,9.421875,37.390625,0.588867,0.347656,40.000000,-80.000000,40.000000,-40.000000,0.000000,40.000000
9,equal,45600,12.000,0,5,0.500,0.050,0.400,T6s,jam,0.000000,5.166667,37.390625,5.166667,37.390625,0.322917,0.347656,40.000000,-80.000000,40.000000,-40.000000,0.000000,40.000000
9,equal,45600,12.000,0,5,0.500,0.050,0.400,T8s,jam,0.000000,5.520833,37.388021,5.520833,37.388021,0.345052,0.347005,40.000000,-80.000000,40.000000,-40.000000,0.000000,40.000000
9,equal,45600,12.000,0,5,0.500,0.050,0.400,K7s,jam,0.000000,8.796875,37.369792,8.796875,37.369792,0.549805,0.342448,40.000000,-80.000000,40.000000,-40.000000,0.000000,40.000000
9,equal,45600,12.000,0,5,0.500,0.050,0.400,K9s,jam,0.000000,10.541667,37.364583,10.541667,37.364583,0.658854,0.341146,40.000000,-80.000000,40.000000,-40.000000,0.000000,40.000000
9,equal,45600,12.000,0,5,0.500,0.050,0.400,J6s,jam,0.000000,9.515625,37.364583,9.515625,37.364583,0.594727,0.341146,40.000000,-80.000000,40.000000,-40.000000,0.000000,40.000000
9,equal,45600,12.000,0,5,0.500,0.050,0.400,Q9o,jam,0.000000,10.777778,37.355903,10.777778,37.355903,0.673611,0.338976,40.000000,-80.000000,40.000000,-40.000000,0.000000,40.000000
9,equal,45600,12.000,0,5,0.500,0.050,0.400,A9s,jam,0.000000,10.958333,37.348958,10.958333,37.348958,0.684896,0.337240,40.000000,-80.000000,40.000000,-40.000000,0.000000,40.000000
9,equal,45600,12.000,0,5,0.500,0.050,0.400,K5s,jam,0.000000,9.250000,37.341146,9.250000,37.341146,0.578125,0.335286,40.000000,-80.000000,40.000000,-40.000000,0.000000,40.000000
9,equal,45600,12.000,0,5,0.500,0.050,0.400,J5s,jam,0.000000,8.796875,37.335938,8.796875,37.335938,0.549805,0.333984,40.000000,-80.000000,40.000000,-40.000000,0.000000,40.000000
9,equal,45600,12.000,0,5,0.500,0.050,0.400,Q8s,jam,0.000000,9.421875,37.317708,9.421875,37.317708,0.588867,0.329427,40.000000,-80.000000,40.000000,-40.000000,0.000000,40.000000
9,equal,45600,12.000,0,5,0.500,0.050,0.400,Q7s,jam,0.000000,9.234375,37.312500,9.234375,37.312500,0.577148,0.328125,40.000000,-80.000000,40.000000,-40.000000,0.000000,40.000000
9,equal,45600,12.000,0,5,0.500,0.050,0.400,T5s,jam,0.000000,4.895833,37.312500,4.895833,37.312500,0.305990,0.328125,40.000000,-80.000000,40.000000,-40.000000,0.000000,40.000000
9,equal,45600,12.000,0,5,0.500,0.050,0.400,A6s,jam,0.000000,9.031250,37.299479,9.031250,37.299479,0.564453,0.324870,40.000000,-80.000000,40.000000,-40.000000,0.000000,40.000000
9,equal,45600,12.000,0,5,0.500,0.050,0.400,K3s,jam,0.000000,8.421875,37.299479,8.421875,37.299479,0.526367,0.324870,40.000000,-80.000000,40.000000,-40.000000,0.000000,40.000000
9,equal,45600,12.000,0,5,0.500,0.050,0.400,A3s,jam,0.000000,9.312500,37.296875,9.312500,37.296875,0.582031,0.324219,40.000000,-80.000000,40.000000,-40.000000,0.000000,40.000000
9,equal,45600,12.000,0,5,0.500,0.050,0.400,A2s,jam,0.000000,9.062500,37.296875,9.062500,37.296875,0.566406,0.324219,40.000000,-80.000000,40.000000,-40.000000,0.000000,40.000000
9,equal,45600,12.000,0,5,0.500,0.050,0.400,K8s,jam,0.000000,8.656250,37.291667,8.656250,37.291667,0.541016,0.322917,40.000000,-80.000000,40.000000,-40.000000,0.000000,40.000000
9,equal,45600,12.000,0,5,0.500,0.050,0.400,A8s,jam,0.000000,9.359375,37.283854,9.359375,37.283854,0.584961,0.320964,40.000000,-80.000000,40.000000,-40.000000,0.000000,40.000000
9,equal,45600,12.000,0,5,0.500,0.050,0.400,J2s,jam,0.000000,8.406250,37.273438,8.406250,37.273438,0.525391,0.318359,40.000000,-80.000000,40.000000,-40.000000,0.000000,40.000000
9,equal,45600,12.000,0,5,0.500,0.050,0.400,K2s,jam,0.000000,8.718750,37.257812,8.718750,37.257812,0.544922,0.314453,40.000000,-80.000000,40.000000,-40.000000,0.000000,40.000000
9,equal,45600,12.000,0,5,0.500,0.050,0.400,T7s,jam,0.000000,4.979167,37.252604,4.979167,37.252604,0.311198,0.313151,40.000000,-80.000000,40.000000,-40.000000,0.000000,40.000000
9,equal,45600,12.000,0,5,0.500,0.050,0.400,A5o,jam,0.000000,8.427083,37.245660,8.427083,37.245660,0.526693,0.311415,40.000000,-80.000000,40.000000,-40.000000,0.000000,40.000000
9,equal,45600,12.000,0,5,0.500,0.050,0.400,T5o,jam,0.000000,4.625000,37.245660,4.625000,37.245660,0.289062,0.311415,40.000000,-80.000000,40.000000,-40.000000,0.000000,40.000000
9,equal,45600,12.000,0,5,0.500,0.050,0.400,T3s,jam,0.000000,5.604167,37.244792,5.604167,37.244792,0.350260,0.311198,40.000000,-80.000000,40.000000,-40.000000,0.000000,40.000000
9,equal,45600,12.000,0,5,0.500,0.050,0.400,A7s,jam,0.000000,8.812500,37.236979,8.812500,37.236979,0.550781,0.309245,40.000000,-80.000000,40.000000,-40.000000,0.000000,40.000000
9,equal,45600,12.000,0,5,0.500,0.050,0.400,Q5s,jam,0.000000,8.875000,37.234375,8.875000,37.234375,0.554688,0.308594,40.000000,-80.000000,40.000000,-40.000000,0.000000,40.000000
9,equal,45600,12.000,0,5,0.500,0.050,0.400,K4s,jam,0.000000,8.515625,37.234375,8.515625,37.234375,0.532227,0.308594,40.000000,-80.000000,40.000000,-40.000000,0.000000,40.000000
9,equal,45600,12.000,0,5,0.500,0.050,0.400,A9o,jam,0.000000,10.534722,37.232639,10.534722,37.232639,0.658420,0.308160,40.000000,-80.000000,40.000000,-40.000000,0.000000,40.000000
9,equal,45600,12.000,0,5,0.500,0.050,0.400,A7o,jam,0.000000,8.223958,37.230903,8.223958,37.230903,0.513997,0.307726,40.000000,-80.000000,40.000000,-40.000000,0.000000,40.000000
9,equal,45600,12.000,0,5,0.500,0.050,0.400,Q2s,jam,0.000000,8.593750,37.226562,8.593750,37.226562,0.537109,0.306641,40.000000,-80.000000,40.000000,-40.000000,0.000000,40.000000
9,equal,45600,12.000,0,5,0.500,0.050,0.400,K6s,jam,0.000000,8.859375,37.223958,8.859375,37.223958,0.553711,0.305990,40.000000,-80.000000,40.000000,-40.000000,0.000000,40.000000
9,equal,45600,12.000,0,5,0.500,0.050,0.400,J4s,jam,0.000000,9.562500,37.221354,9.562500,37.221354,0.597656,0.305339,40.000000,-80.000000,40.000000,-40.000000,0.000000,40.000000
9,equal,45600,12.000,0,5,0.500,0.050,0.400,J9o,jam,0.000000,10.722222,37.218750,10.722222,37.218750,0.670139,0.304688,40.000000,-80.000000,40.000000,-40.000000,0.000000,40.000000
9,equal,45600,12.000,0,5,0.500,0.050,0.400,T4s,jam,0.000000,4.833333,37.216146,4.833333,37.216146,0.302083,0.304036,40.000000,-80.000000,40.000000,-40.000000,0.000000,40.000000
9,equal,45600,12.000,0,5,0.500,0.050,0.400,J7o,jam,0.000000,8.296875,37.214410,8.296875,37.214410,0.518555,0.303602,40.000000,-80.000000,40.000000,-40.000000,0.000000,40.000000
9,equal,45600,12.000,0,5,0.500,0.050,0.400,Q6s,jam,0.000000,8.937500,37.213542,8.937500,37.213542,0.558594,0.303385,40.000000,-80.000000,40.000000,-40.000000,0.000000,40.000000
9,equal,45600,12.000,0,5,0.500,0.050,0.400,Q4s,jam,0.000000,8.781250,37.213542,8.781250,37.213542,0.548828,0.303385,40.000000,-80.000000,40.000000,-40.000000,0.000000,40.000000
9,equal,45600,12.000,0,5,0.500,0.050,0.400,Q4o,jam,0.000000,8.005208,37.211806,8.005208,37.211806,0.500326,0.302951,40.000000,-80.000000,40.000000,-40.000000,0.000000,40.000000
9,equal,45600,12.000,0,5,0.500,0.050,0.400,A2o,jam,0.000000,8.020833,37.205729,8.020833,37.205729,0.501302,0.301432,40.000000,-80.000000,40.000000,-40.000000,0.000000,40.000000
9,equal,45600,12.000,0,5,0.500,0.050,0.400,A4o,jam,0.000000,8.375000,37.196181,8.375000,37.196181,0.523438,0.299045,40.000000,-80.000000,40.000000,-40.000000,0.000000,40.000000
9,equal,45600,12.000,0,5,0.500,0.050,0.400,T7o,jam,0.000000,4.541667,37.194444,4.541667,37.194444,0.283854,0.298611,40.000000,-80.000000,40.000000,-40.000000,0.000000,40.000000
9,equal,45600,12.000,0,5,0.500,0.050,0.400,Q8o,jam,0.000000,8.604167,37.193576,8.604167,37.193576,0.537760,0.298394,40.000000,-80.000000,40.000000,-40.000000,0.000000,40.000000
9,equal,45600,12.000,0,5,0.500,0.050,0.400,J7s,jam,0.000000,9.093750,37.187500,9.093750,37.187500,0.568359,0.296875,40.000000,-80.000000,40.000000,-40.000000,0.000000,40.000000
9,equal,45600,12.000,0,5,0.500,0.050,0.400,T8o,jam,0.000000,4.611111,37.185764,4.611111,37.185764,0.288194,0.296441,40.000000,-80.000000,40.000000,-40.000000,0.000000,40.000000
9,equal,45600,12.000,0,5,0.500,0.050,0.400,J3s,jam,0.000000,8.140625,37.179688,8.140625,37.179688,0.508789,0.294922,40.000000,-80.000000,40.000000,-40.000000,0.000000,40.000000
9,equal,45600,12.000,0,5,0.500,0.050,0.400,T2s,jam,0.000000,5.062500,37.179688,5.062500,37.179688,0.316406,0.294922,40.000000,-80.000000,40.000000,-40.000000,0.000000,40.000000
9,equal,45600,12.000,0,5,0.500,0.050,0.400,K5o,jam,0.000000,7.828125,37.173611,7.828125,37.173611,0.489258,0.293403,40.000000,-80.000000,40.000000,-40.000000,0.000000,40.000000
9,equal,45600,12.000,0,5,0.500,0.050,0.400,A3o,jam,0.000000,8.588542,37.166667,8.588542,37.166667,0.536784,0.291667,40.000000,-80.000000,40.000000,-40.000000,0.000000,40.000000
9,equal,45600,12.000,0,5,0.500,0.050,0.400,A8o,jam,0.000000,8.750000,37.161458,8.750000,37.161458,0.546875,0.290365,40.000000,-80.000000,40.000000,-40.000000,0.000000,40.000000
9,equal,45600,12.000,0,5,0.500,0.050,0.400,J8o,jam,0.000000,8.750000,37.148438,8.750000,37.148438,0.546875,0.287109,40.000000,-80.000000,40.000000,-40.000000,0.000000,40.000000
9,equal,45600,12.000,0,5,0.500,0.050,0.400,A6o,jam,0.000000,8.473958,37.147569,8.473958,37.147569,0.529622,0.286892,40.000000,-80.000000,40.000000,-40.000000,0.000000,40.000000
9,equal,45600,12.000,0,5,0.500,0.050,0.400,J3o,jam,0.000000,8.000000,37.146701,8.000000,37.146701,0.500000,0.286675,40.000000,-80.000000,40.000000,-40.000000,0.000000,40.000000
9,equal,45600,12.000,0,5,0.500,0.050,0.400,Q7o,jam,0.000000,8.000000,37.144965,8.000000,37.144965,0.500000,0.286241,40.000000,-80.000000,40.000000,-40.000000,0.000000,40.000000
9,equal,45600,12.000,0,5,0.500,0.050,0.400,K7o,jam,0.000000,8.458333,37.139757,8.458333,37.139757,0.528646,0.284939,40.000000,-80.000000,40.000000,-40.000000,0.000000,40.000000
9,equal,45600,12.000,0,5,0.500,0.050,0.400,K9o,jam,0.000000,10.722222,37.138889,10.722222,37.138889,0.670139,0.284722,40.000000,-80.000000,40.000000,-40.000000,0.000000,40.000000
9,equal,45600,12.000,0,5,0.500,0.050,0.400,Q5o,jam,0.000000,8.088542,37.138889,8.088542,37.138889,0.505534,0.284722,40.000000,-80.000000,40.000000,-40.000000,0.000000,40.000000
9,equal,45600,12.000,0,5,0.500,0.050,0.400,T6o,jam,0.000000,4.638889,37.138021,4.638889,37.138021,0.289931,0.284505,40.000000,-80.000000,40.000000,-40.000000,0.000000,40.000000
9,equal,45600,12.000,0,5,0.500,0.050,0.400,K4o,jam,0.000000,8.322917,37.135417,8.322917,37.135417,0.520182,0.283854,40.000000,-80.000000,40.000000,-40.000000,0.000000,40.000000
9,equal,45600,12.000,0,5,0.500,0.050,0.400,K6o,jam,0.000000,8.098958,37.127604,8.098958,37.127604,0.506185,0.281901,40.000000,-80.000000,40.000000,-40.000000,0.000000,40.000000
9,equal,45600,12.000,0,5,0.500,0.050,0.400,K2o,jam,0.000000,7.854167,37.125868,7.854167,37.125868,0.490885,0.281467,40.000000,-80.000000,40.000000,-40.000000,0.000000,40.000000
9,equal,45600,12.000,0,5,0.500,0.050,0.400,J6o,jam,0.000000,8.078125,37.121528,8.078125,37.121528,0.504883,0.280382,40.000000,-80.000000,40.000000,-40.000000,0.000000,40.000000
9,equal,45600,12.000,0,5,0.500,0.050,0.400,J5o,jam,0.000000,8.437500,37.114583,8.437500,37.114583,0.527344,0.278646,40.000000,-80.000000,40.000000,-40.000000,0.000000,40.000000
9,equal,45600,12.000,0,5,0.500,0.050,0.400,Q2o,jam,0.000000,8.505208,37.106771,8.505208,37.106771,0.531576,0.276693,40.000000,-80.000000,40.000000,-40.000000,0.000000,40.000000
9,equal,45600,12.000,0,5,0.500,0.050,0.400,J4o,jam,0.000000,8.276042,37.106771,8.276042,37.106771,0.517253,0.276693,40.000000,-80.000000,40.000000,-40.000000,0.000000,40.000000
9,equal,45600,12.000,0,5,0.500,0.050,0.400,T2o,jam,0.000000,4.638889,37.105035,4.638889,37.105035,0.289931,0.276259,40.000000,-80.000000,40.000000,-40.000000,0.000000,40.000000
9,equal,45600,12.000,0,5,0.500,0.050,0.400,T4o,jam,0.000000,4.381944,37.105035,4.381944,37.105035,0.273872,0.276259,40.000000,-80.000000,40.000000,-40.000000,0.000000,40.000000
9,equal,45600,12.000,0,5,0.500,0.050,0.400,J2o,jam,0.000000,8.682292,37.095486,8.682292,37.095486,0.542643,0.273872,40.000000,-80.000000,40.000000,-40.000000,0.000000,40.000000
9,equal,45600,12.000,0,5,0.500,0.050,0.400,Q6o,jam,0.000000,8.578125,37.095486,8.578125,37.095486,0.536133,0.273872,40.000000,-80.000000,40.000000,-40.000000,0.000000,40.000000
9,equal,45600,12.000,0,5,0.500,0.050,0.400,Q3o,jam,0.000000,8.052083,37.095486,8.052083,37.095486,0.503255,0.273872,40.000000,-80.000000,40.000000,-40.000000,0.000000,40.000000
9,equal,45600,12.000,0,5,0.500,0.050,0.400,T3o,jam,0.000000,4.354167,37.088542,4.354167,37.088542,0.272135,0.272135,40.000000,-80.000000,40.000000,-40.000000,0.000000,40.000000
9,equal,45600,12.000,0,5,0.500,0.050,0.400,K8o,jam,0.000000,8.447917,37.078125,8.447917,37.078125,0.527995,0.269531,40.000000,-80.000000,40.000000,-40.000000,0.000000,40.000000
9,equal,45600,12.000,0,5,0.500,0.050,0.400,K3o,jam,0.000000,8.281250,37.073785,8.281250,37.073785,0.517578,0.268446,40.000000,-80.000000,40.000000,-40.000000,0.000000,40.000000
9,equal,45600,12.000,0,5,0.500,0.050,0.400,54s,jam,0.000000,5.171875,36.971354,5.171875,36.971354,0.323242,0.242839,40.000000,-80.000000,40.000000,-40.000000,0.000000,40.000000
9,equal,45600,12.000,0,5,0.500,0.050,0.400,43s,jam,0.000000,5.687500,36.893229,5.687500,36.893229,0.355469,0.223307,40.000000,-80.000000,40.000000,-40.000000,0.000000,40.000000
9,equal,45600,12.000,0,5,0.500,0.050,0.400,75s,jam,0.000000,5.781250,36.872396,5.781250,36.872396,0.361328,0.218099,40.000000,-80.000000,40.000000,-40.000000,0.000000,40.000000
9,equal,45600,12.000,0,5,0.500,0.050,0.400,42s,jam,0.000000,5.765625,36.851562,5.765625,36.851562,0.360352,0.212891,40.000000,-80.000000,40.000000,-40.000000,0.000000,40.000000
9,equal,45600,12.000,0,5,0.500,0.050,0.400,64s,jam,0.000000,4.593750,36.846354,4.593750,36.846354,0.287109,0.211589,40.000000,-80.000000,40.000000,-40.000000,0.000000,40.000000
9,equal,45600,12.000,0,5,0.500,0.050,0.400,52s,jam,0.000000,5.640625,36.841146,5.640625,36.841146,0.352539,0.210286,40.000000,-80.000000,40.000000,-40.000000,0.000000,40.000000
9,equal,45600,12.000,0,5,0.500,0.050,0.400,65s,jam,0.000000,5.500000,36.838542,5.500000,36.838542,0.343750,0.209635,40.000000,-80.000000,40.000000,-40.000000,0.000000,40.000000
9,equal,45600,12.000,0,5,0.500,0.050,0.400,87s,jam,0.000000,5.390625,36.835938,5.390625,36.835938,0.336914,0.208984,40.000000,-80.000000,40.000000,-40.000000,0.000000,40.000000
9,equal,45600,12.000,0,5,0.500,0.050,0.400,53s,jam,0.000000,5.453125,36.820312,5.453125,36.820312,0.340820,0.205078,40.000000,-80.000000,40.000000,-40.000000,0.000000,40.000000
9,equal,45600,12.000,0,5,0.500,0.050,0.400,33,jam,0.000000,7.687500,36.812500,7.687500,36.812500,0.480469,0.203125,40.000000,-80.000000,40.000000,-40.000000,0.000000,40.000000
9,equal,45600,12.000,0,5,0.500,0.050,0.400,76s,jam,0.000000,6.062500,36.812500,6.062500,36.812500,0.378906,0.203125,40.000000,-80.000000,40.000000,-40.000000,0.000000,40.000000
9,equal,45600,12.000,0,5,0.500,0.050,0.400,85s,jam,0.000000,5.562500,36.799479,5.562500,36.799479,0.347656,0.199870,40.000000,-80.000000,40.000000,-40.000000,0.000000,40.000000
9,equal,45600,12.000,0,5,0.500,0.050,0.400,98s,jam,0.000000,4.604167,36.796875,4.604167,36.796875,0.287760,0.199219,40.000000,-80.000000,40.000000,-40.000000,0.000000,40.000000
9,equal,45600,12.000,0,5,0.500,0.050,0.400,84s,jam,0.000000,5.234375,36.778646,5.234375,36.778646,0.327148,0.194661,40.000000,-80.000000,40.000000,-40.000000,0.000000,40.000000
9,equal,45600,12.000,0,5,0.500,0.050,0.400,77,jam,0.000000,7.385417,36.755208,7.385417,36.755208,0.461589,0.188802,40.000000,-80.000000,40.000000,-40.000000,0.000000,40.000000
9,equal,45600,12.000,0,5,0.500,0.050,0.400,74s,jam,0.000000,5.531250,36.744792,5.531250,36.744792,0.345703,0.186198,40.000000,-80.000000,40.000000,-40.000000,0.000000,40.000000
9,equal,45600,12.000,0,5,0.500,0.050,0.400,86s,jam,0.000000,5.593750,36.742188,5.593750,36.742188,0.349609,0.185547,40.000000,-80.000000,40.000000,-40.000000,0.000000,40.000000
9,equal,45600,12.000,0,5,0.500,0.050,0.400,44,jam,0.000000,7.020833,36.739583,7.020833,36.739583,0.438802,0.184896,40.000000,-80.000000,40.000000,-40.000000,0.000000,40.000000
9,equal,45600,12.000,0,5,0.500,0.050,0.400,32s,jam,0.000000,4.390625,36.731771,4.390625,36.731771,0.274414,0.182943,40.000000,-80.000000,40.000000,-40.000000,0.000000,40.000000
9,equal,45600,12.000,0,5,0.500,0.050,0.400,65o,jam,0.000000,5.375000,36.724826,5.375000,36.724826,0.335938,0.181207,40.000000,-80.000000,40.000000,-40.000000,0.000000,40.000000
9,equal,45600,12.000,0,5,0.500,0.050,0.400,66,jam,0.000000,7.968750,36.722222,7.968750,36.722222,0.498047,0.180556,40.000000,-80.000000,40.000000,-40.000000,0.000000,40.000000
9,equal,45600,12.000,0,5,0.500,0.050,0.400,72s,jam,0.000000,5.875000,36.708333,5.875000,36.708333,0.367188,0.177083,40.000000,-80.000000,40.000000,-40.000000,0.000000,40.000000
9,equal,45600,12.000,0,5,0.500,0.050,0.400,54o,jam,0.000000,5.755208,36.708333,5.755208,36.708333,0.359701,0.177083,40.000000,-80.000000,40.000000,-40.000000,0.000000,40.000000
9,equal,45600,12.000,0,5,0.500,0.050,0.400,63s,jam,0.000000,5.531250,36.705729,5.531250,36.705729,0.345703,0.176432,40.000000,-80.000000,40.000000,-40.000000,0.000000,40.000000
9,equal,45600,12.000,0,5,0.500,0.050,0.400,88,jam,0.000000,8.270833,36.704861,8.270833,36.704861,0.516927,0.176215,40.000000,-80.000000,40.000000,-40.000000,0.000000,40.000000
9,equal,45600,12.000,0,5,0.500,0.050,0.400,22,jam,0.000000,7.427083,36.701389,7.427083,36.701389,0.464193,0.175347,40.000000,-80.000000,40.000000,-40.000000,0.000000,40.000000
9,equal,45600,12.000,0,5,0.500,0.050,0.400,83s,jam,0.000000,5.015625,36.697917,5.015625,36.697917,0.313477,0.174479,40.000000,-80.000000,40.000000,-40.000000,0.000000,40.000000
9,equal,45600,12.000,0,5,0.500,0.050,0.400,55,jam,0.000000,7.822917,36.694444,7.822917,36.694444,0.488932,0.173611,40.000000,-80.000000,40.000000,-40.000000,0.000000,40.000000
9,equal,45600,12.000,0,5,0.500,0.050,0.400,64o,jam,0.000000,5.244792,36.692708,5.244792,36.692708,0.327799,0.173177,40.000000,-80.000000,40.000000,-40.000000,0.000000,40.000000
9,equal,45600,12.000,0,5,0.500,0.050,0.400,97s,jam,0.000000,4.750000,36.682292,4.750000,36.682292,0.296875,0.170573,40.000000,-80.000000,40.000000,-40.000000,0.000000,40.000000
9,equal,45600,12.000,0,5,0.500,0.050,0.400,73s,jam,0.000000,5.593750,36.666667,5.593750,36.666667,0.349609,0.166667,40.000000,-80.000000,40.000000,-40.000000,0.000000,40.000000
9,equal,45600,12.000,0,5,0.500,0.050,0.400,62s,jam,0.000000,5.218750,36.666667,5.218750,36.666667,0.326172,0.166667,40.000000,-80.000000,40.000000,-40.000000,0.000000,40.000000
9,equal,45600,12.000,0,5,0.500,0.050,0.400,76o,jam,0.000000,5.744792,36.658854,5.744792,36.658854,0.359049,0.164714,40.000000,-80.000000,40.000000,-40.000000,0.000000,40.000000
9,equal,45600,12.000,0,5,0.500,0.050,0.400,52o,jam,0.000000,5.302083,36.657118,5.302083,36.657118,0.331380,0.164280,40.000000,-80.000000,40.000000,-40.000000,0.000000,40.000000
9,equal,45600,12.000,0,5,0.500,0.050,0.400,75o,jam,0.000000,5.119792,36.639757,5.119792,36.639757,0.319987,0.159939,40.000000,-80.000000,40.000000,-40.000000,0.000000,40.000000
9,equal,45600,12.000,0,5,0.500,0.050,0.400,43o,jam,0.000000,5.177083,36.627604,5.177083,36.627604,0.323568,0.156901,40.000000,-80.000000,40.000000,-40.000000,0.000000,40.000000
9,equal,45600,12.000,0,5,0.500,0.050,0.400,82s,jam,0.000000,5.031250,36.625000,5.031250,36.625000,0.314453,0.156250,40.000000,-80.000000,40.000000,-40.000000,0.000000,40.000000
9,equal,45600,12.000,0,5,0.500,0.050,0.400,53o,jam,0.000000,5.385417,36.620660,5.385417,36.620660,0.336589,0.155165,40.000000,-80.000000,40.000000,-40.000000,0.000000,40.000000
9,equal,45600,12.000,0,5,0.500,0.050,0.400,93s,jam,0.000000,4.833333,36.614583,4.833333,36.614583,0.302083,0.153646,40.000000,-80.000000,40.000000,-40.000000,0.000000,40.000000
9,equal,45600,12.000,0,5,0.500,0.050,0.400,74o,jam,0.000000,4.765625,36.601562,4.765625,36.601562,0.297852,0.150391,40.000000,-80.000000,40.000000,-40.000000,0.000000,40.000000
9,equal,45600,12.000,0,5,0.500,0.050,0.400,87o,jam,0.000000,5.562500,36.592014,5.562500,36.592014,0.347656,0.148003,40.000000,-80.000000,40.000000,-40.000000,0.000000,40.000000
9,equal,45600,12.000,0,5,0.500,0.050,0.400,42o,jam,0.000000,5.187500,36.589410,5.187500,36.589410,0.324219,0.147352,40.000000,-80.000000,40.000000,-40.000000,0.000000,40.000000
9,equal,45600,12.000,0,5,0.500,0.050,0.400,32o,jam,0.000000,5.286458,36.579861,5.286458,36.579861,0.330404,0.144965,40.000000,-80.000000,40.000000,-40.000000,0.000000,40.000000
9,equal,45600,12.000,0,5,0.500,0.050,0.400,98o,jam,0.000000,4.180556,36.564236,4.180556,36.564236,0.261285,0.141059,40.000000,-80.000000,40.000000,-40.000000,0.000000,40.000000
9,equal,45600,12.000,0,5,0.500,0.050,0.400,63o,jam,0.000000,5.208333,36.559896,5.208333,36.559896,0.325521,0.139974,40.000000,-80.000000,40.000000,-40.000000,0.000000,40.000000
9,equal,45600,12.000,0,5,0.500,0.050,0.400,73o,jam,0.000000,4.807292,36.552083,4.807292,36.552083,0.300456,0.138021,40.000000,-80.000000,40.000000,-40.000000,0.000000,40.000000
9,equal,45600,12.000,0,5,0.500,0.050,0.400,95s,jam,0.000000,4.645833,36.546875,4.645833,36.546875,0.290365,0.136719,40.000000,-80.000000,40.000000,-40.000000,0.000000,40.000000
9,equal,45600,12.000,0,5,0.500,0.050,0.400,86o,jam,0.000000,5.072917,36.546007,5.072917,36.546007,0.317057,0.136502,40.000000,-80.000000,40.000000,-40.000000,0.000000,40.000000
9,equal,45600,12.000,0,5,0.500,0.050,0.400,85o,jam,0.000000,4.848958,36.546007,4.848958,36.546007,0.303060,0.136502,40.000000,-80.000000,40.000000,-40.000000,0.000000,40.000000
9,equal,45600,12.000,0,5,0.500,0.050,0.400,96s,jam,0.000000,5.125000,36.541667,5.125000,36.541667,0.320312,0.135417,40.000000,-80.000000,40.000000,-40.000000,0.000000,40.000000
9,equal,45600,12.000,0,5,0.500,0.050,0.400,62o,jam,0.000000,5.135417,36.536458,5.135417,36.536458,0.320964,0.134115,40.000000,-80.000000,40.000000,-40.000000,0.000000,40.000000
9,equal,45600,12.000,0,5,0.500,0.050,0.400,84o,jam,0.000000,4.838542,36.509549,4.838542,36.509549,0.302409,0.127387,40.000000,-80.000000,40.000000,-40.000000,0.000000,40.000000
9,equal,45600,12.000,0,5,0.500,0.050,0.400,83o,jam,0.000000,4.453125,36.496528,4.453125,36.496528,0.278320,0.124132,40.000000,-80.000000,40.000000,-40.000000,0.000000,40.000000
9,equal,45600,12.000,0,5,0.500,0.050,0.400,82o,jam,0.000000,4.500000,36.472222,4.500000,36.472222,0.281250,0.118056,40.000000,-80.000000,40.000000,-40.000000,0.000000,40.000000
9,equal,45600,12.000,0,5,0.500,0.050,0.400,97o,jam,0.000000,4.125000,36.463542,4.125000,36.463542,0.257812,0.115885,40.000000,-80.000000,40.000000,-40.000000,0.000000,40.000000
9,equal,45600,12.000,0,5,0.500,0.050,0.400,92s,jam,0.000000,5.166667,36.458333,5.166667,36.458333,0.322917,0.114583,40.000000,-80.000000,40.000000,-40.000000,0.000000,40.000000
9,equal,45600,12.000,0,5,0.500,0.050,0.400,72o,jam,0.000000,4.614583,36.438368,4.614583,36.438368,0.288411,0.109592,40.000000,-80.000000,40.000000,-40.000000,0.000000,40.000000
9,equal,45600,12.000,0,5,0.500,0.050,0.400,94s,jam,0.000000,4.729167,36.437500,4.729167,36.437500,0.295573,0.109375,40.000000,-80.000000,40.000000,-40.000000,0.000000,40.000000
9,equal,45600,12.000,0,5,0.500,0.050,0.400,96o,jam,0.000000,4.131944,36.387153,4.131944,36.387153,0.258247,0.096788,40.000000,-80.000000,40.000000,-40.000000,0.000000,40.000000
9,equal,45600,12.000,0,5,0.500,0.050,0.400,92o,jam,0.000000,3.861111,36.310764,3.861111,36.310764,0.241319,0.077691,40.000000,-80.000000,40.000000,-40.000000,0.000000,40.000000
9,equal,45600,12.000,0,5,0.500,0.050,0.400,93o,jam,0.000000,4.312500,36.305556,4.312500,36.305556,0.269531,0.076389,40.000000,-80.000000,40.000000,-40.000000,0.000000,40.000000
9,equal,45600,12.000,0,5,0.500,0.050,0.400,95o,jam,0.000000,3.631944,36.305556,3.631944,36.305556,0.226997,0.076389,40.000000,-80.000000,40.000000,-40.000000,0.000000,40.000000
9,equal,45600,12.000,0,5,0.500,0.050,0.400,94o,jam,0.000000,4.027778,36.243056,4.027778,36.243056,0.251736,0.060764,40.000000,-80.000000,40.000000,-40.000000,0.000000,40.000000
9,equal,45600,12.000,0,5,0.500,0.100,0.400,88,jam,0.000000,8.270833,38.590278,8.270833,38.590278,0.516927,0.823785,40.000000,-80.000000,40.000000,-40.000000,0.000000,40.000000
9,equal,45600,12.000,0,5,0.500,0.100,0.400,66,jam,0.000000,7.968750,38.579861,7.968750,38.579861,0.498047,0.822483,40.000000,-80.000000,40.000000,-40.000000,0.000000,40.000000
9,equal,45600,12.000,0,5,0.500,0.100,0.400,55,jam,0.000000,7.822917,38.531250,7.822917,38.531250,0.488932,0.816406,40.000000,-80.000000,40.000000,-40.000000,0.000000,40.000000
9,equal,45600,12.000,0,5,0.500,0.100,0.400,99,jam,0.000000,9.937500,38.520833,9.937500,38.520833,0.621094,0.815104,40.000000,-80.000000,40.000000,-40.000000,0.000000,40.000000
9,equal,45600,12.000,0,5,0.500,0.100,0.400,KK,jam,0.000000,12.489583,38.517361,12.489583,38.517361,0.780599,0.814670,40.000000,-80.000000,40.000000,-40.000000,0.000000,40.000000
9,equal,45600,12.000,0,5,0.500,0.100,0.400,JJ,jam,0.000000,13.218750,38.475694,13.218750,38.475694,0.826172,0.809462,40.000000,-80.000000,40.000000,-40.000000,0.000000,40.000000
9,equal,45600,12.000,0,5,0.500,0.100,0.400,QQ,jam,0.000000,13.072917,38.472222,13.072917,38.472222,0.817057,0.809028,40.000000,-80.000000,40.000000,-40.000000,0.000000,40.000000
9,equal,45600,12.000,0,5,0.500,0.100,0.400,TT,jam,0.000000,13.062500,38.451389,13.062500,38.451389,0.816406,0.806424,40.000000,-80.000000,40.000000,-40.000000,0.000000,40.000000
9,equal,45600,12.000,0,5,0.500,0.100,0.400,77,jam,0.000000,7.385417,38.427083,7.385417,38.427083,0.461589,0.803385,40.000000,-80.000000,40.000000,-40.000000,0.000000,40.000000
9,equal,45600,12.000,0,5,0.500,0.100,0.400,AA,jam,0.000000,12.604167,38.309028,12.604167,38.309028,0.787760,0.788628,40.000000,-80.000000,40.000000,-40.000000,0.000000,40.000000
9,equal,45600,12.000,0,5,0.500,0.100,0.400,T9s,jam,0.000000,8.000000,36.489583,8.000000,36.489583,0.500000,0.561198,40.000000,-80.000000,40.000000,-40.000000,0.000000,40.000000
9,equal,45600,12.000,0,5,0.500,0.100,0.400,J9s,jam,0.000000,11.937500,36.328125,11.937500,36.328125,0.746094,0.541016,40.000000,-80.000000,40.000000,-40.000000,0.000000,40.000000
9,equal,45600,12.000,0,5,0.500,0.100,0.400,QTs,jam,0.000000,11.145833,36.302083,11.145833,36.302083,0.696615,0.537760,40.000000,-80.000000,40.000000,-40.000000,0.000000,40.000000
9,equal,45600,12.000,0,5,0.500,0.100,0.400,QJs,jam,0.000000,10.500000,36.197917,10.500000,36.197917,0.656250,0.524740,40.000000,-80.000000,40.000000,-40.000000,0.000000,40.000000
9,equal,45600,12.000,0,5,0.500,0.100,0.400,87s,jam,0.000000,5.390625,36.171875,5.390625,36.171875,0.336914,0.521484,40.000000,-80.000000,40.000000,-40.000000,0.000000,40.000000
9,equal,45600,12.000,0,5,0.500,0.100,0.400,T5s,jam,0.000000,4.895833,36.166667,4.895833,36.166667,0.305990,0.520833,40.000000,-80.000000,40.000000,-40.000000,0.000000,40.000000
9,equal,45600,12.000,0,5,0.500,0.100,0.400,JTo,jam,0.000000,11.090278,36.142361,11.090278,36.142361,0.693142,0.517795,40.000000,-80.000000,40.000000,-40.000000,0.000000,40.000000
9,equal,45600,12.000,0,5,0.500,0.100,0.400,75s,jam,0.000000,5.781250,36.140625,5.781250,36.140625,0.361328,0.517578,40.000000,-80.000000,40.000000,-40.000000,0.000000,40.000000
9,equal,45600,12.000,0,5,0.500,0.100,0.400,AQs,jam,0.000000,10.265625,36.125000,10.265625,36.125000,0.641602,0.515625,40.000000,-80.000000,40.000000,-40.000000,0.000000,40.000000
9,equal,45600,12.000,0,5,0.500,0.100,0.400,KQs,jam,0.000000,10.515625,36.109375,10.515625,36.109375,0.657227,0.513672,40.000000,-80.000000,40.000000,-40.000000,0.000000,40.000000
9,equal,45600,12.000,0,5,0.500,0.100,0.400,J8s,jam,0.000000,9.421875,36.098958,9.421875,36.098958,0.588867,0.512370,40.000000,-80.000000,40.000000,-40.000000,0.000000,40.000000
9,equal,45600,12.000,0,5,0.500,0.100,0.400,T6s,jam,0.000000,5.166667,36.093750,5.166667,36.093750,0.322917,0.511719,40.000000,-80.000000,40.000000,-40.000000,0.000000,40.000000
9,equal,45600,12.000,0,5,0.500,0.100,0.400,AJs,jam,0.000000,10.250000,36.083333,10.250000,36.083333,0.640625,0.510417,40.000000,-80.000000,40.000000,-40.000000,0.000000,40.000000
9,equal,45600,12.000,0,5,0.500,0.100,0.400,Q8s,jam,0.000000,9.421875,36.078125,9.421875,36.078125,0.588867,0.509766,40.000000,-80.000000,40.000000,-40.000000,0.000000,40.000000
9,equal,45600,12.000,0,5,0.500,0.100,0.400,Q6s,jam,0.000000,8.937500,36.052083,8.937500,36.052083,0.558594,0.506510,40.000000,-80.000000,40.000000,-40.000000,0.000000,40.000000
9,equal,45600,12.000,0,5,0.500,0.100,0.400,86s,jam,0.000000,5.593750,36.052083,5.593750,36.052083,0.349609,0.506510,40.000000,-80.000000,40.000000,-40.000000,0.000000,40.000000
9,equal,45600,12.000,0,5,0.500,0.100,0.400,Q9s,jam,0.000000,10.625000,36.046875,10.625000,36.046875,0.664062,0.505859,40.000000,-80.000000,40.000000,-40.000000,0.000000,40.000000
9,equal,45600,12.000,0,5,0.500,0.100,0.400,T7s,jam,0.000000,4.979167,36.041667,4.979167,36.041667,0.311198,0.505208,40.000000,-80.000000,40.000000,-40.000000,0.000000,40.000000
9,equal,45600,12.000,0,5,0.500,0.100,0.400,ATs,jam,0.000000,10.916667,36.015625,10.916667,36.015625,0.682292,0.501953,40.000000,-80.000000,40.000000,-40.000000,0.000000,40.000000
9,equal,45600,12.000,0,5,0.500,0.100,0.400,JTs,jam,0.000000,11.250000,36.010417,11.250000,36.010417,0.703125,0.501302,40.000000,-80.000000,40.000000,-40.000000,0.000000,40.000000
9,equal,45600,12.000,0,5,0.500,0.100,0.400,KJs,jam,0.000000,10.390625,36.010417,10.390625,36.010417,0.649414,0.501302,40.000000,-80.000000,40.000000,-40.000000,0.000000,40.000000
9,equal,45600,12.000,0,5,0.500,0.100,0.400,44,jam,0.000000,7.020833,36.000000,7.020833,36.000000,0.438802,0.500000,40.000000,-80.000000,40.000000,-40.000000,0.000000,40.000000
9,equal,45600,12.000,0,5,0.500,0.100,0.400,KTs,jam,0.000000,10.750000,35.994792,10.750000,35.994792,0.671875,0.499349,40.000000,-80.000000,40.000000,-40.000000,0.000000,40.000000
9,equal,45600,12.000,0,5,0.500,0.100,0.400,85s,jam,0.000000,5.562500,35.994792,5.562500,35.994792,0.347656,0.499349,40.000000,-80.000000,40.000000,-40.000000,0.000000,40.000000
9,equal,45600,12.000,0,5,0.500,0.100,0.400,T8o,jam,0.000000,4.611111,35.994792,4.611111,35.994792,0.288194,0.499349,40.000000,-80.000000,40.000000,-40.000000,0.000000,40.000000
9,equal,45600,12.000,0,5,0.500,0.100,0.400,T8s,jam,0.000000,5.520833,35.984375,5.520833,35.984375,0.345052,0.498047,40.000000,-80.000000,40.000000,-40.000000,0.000000,40.000000
9,equal,45600,12.000,0,5,0.500,0.100,0.400,AKs,jam,0.000000,10.187500,35.979167,10.187500,35.979167,0.636719,0.497396,40.000000,-80.000000,40.000000,-40.000000,0.000000,40.000000
9,equal,45600,12.000,0,5,0.500,0.100,0.400,Q7s,jam,0.000000,9.234375,35.979167,9.234375,35.979167,0.577148,0.497396,40.000000,-80.000000,40.000000,-40.000000,0.000000,40.000000
9,equal,45600,12.000,0,5,0.500,0.100,0.400,K6s,jam,0.000000,8.859375,35.979167,8.859375,35.979167,0.553711,0.497396,40.000000,-80.000000,40.000000,-40.000000,0.000000,40.000000
9,equal,45600,12.000,0,5,0.500,0.100,0.400,97s,jam,0.000000,4.750000,35.979167,4.750000,35.979167,0.296875,0.497396,40.000000,-80.000000,40.000000,-40.000000,0.000000,40.000000
9,equal,45600,12.000,0,5,0.500,0.100,0.400,T9o,jam,0.000000,7.635417,35.960069,7.635417,35.960069,0.477214,0.495009,40.000000,-80.000000,40.000000,-40.000000,0.000000,40.000000
9,equal,45600,12.000,0,5,0.500,0.100,0.400,65s,jam,0.000000,5.500000,35.953125,5.500000,35.953125,0.343750,0.494141,40.000000,-80.000000,40.000000,-40.000000,0.000000,40.000000
9,equal,45600,12.000,0,5,0.500,0.100,0.400,98s,jam,0.000000,4.604167,35.953125,4.604167,35.953125,0.287760,0.494141,40.000000,-80.000000,40.000000,-40.000000,0.000000,40.000000
9,equal,45600,12.000,0,5,0.500,0.100,0.400,98o,jam,0.000000,4.180556,35.942708,4.180556,35.942708,0.261285,0.492839,40.000000,-80.000000,40.000000,-40.000000,0.000000,40.000000
9,equal,45600,12.000,0,5,0.500,0.100,0.400,Q9o,jam,0.000000,10.777778,35.937500,10.777778,35.937500,0.673611,0.492188,40.000000,-80.000000,40.000000,-40.000000,0.000000,40.000000
9,equal,45600,12.000,0,5,0.500,0.100,0.400,95s,jam,0.000000,4.645833,35.937500,4.645833,35.937500,0.290365,0.492188,40.000000,-80.000000,40.000000,-40.000000,0.000000,40.000000
9,equal,45600,12.000,0,5,0.500,0.100,0.400,J9o,jam,0.000000,10.722222,35.928819,10.722222,35.928819,0.670139,0.491102,40.000000,-80.000000,40.000000,-40.000000,0.000000,40.000000
9,equal,45600,12.000,0,5,0.500,0.100,0.400,QJo,jam,0.000000,9.958333,35.925347,9.958333,35.925347,0.622396,0.490668,40.000000,-80.000000,40.000000,-40.000000,0.000000,40.000000
9,equal,45600,12.000,0,5,0.500,0.100,0.400,J5s,jam,0.000000,8.796875,35.916667,8.796875,35.916667,0.549805,0.489583,40.000000,-80.000000,40.000000,-40.000000,0.000000,40.000000
9,equal,45600,12.000,0,5,0.500,0.100,0.400,A5s,jam,0.000000,8.687500,35.911458,8.687500,35.911458,0.542969,0.488932,40.000000,-80.000000,40.000000,-40.000000,0.000000,40.000000
9,equal,45600,12.000,0,5,0.500,0.100,0.400,96s,jam,0.000000,5.125000,35.911458,5.125000,35.911458,0.320312,0.488932,40.000000,-80.000000,40.000000,-40.000000,0.000000,40.000000
9,equal,45600,12.000,0,5,0.500,0.100,0.400,J7o,jam,0.000000,8.296875,35.906250,8.296875,35.906250,0.518555,0.488281,40.000000,-80.000000,40.000000,-40.000000,0.000000,40.000000
9,equal,45600,12.000,0,5,0.500,0.100,0.400,J7s,jam,0.000000,9.093750,35.890625,9.093750,35.890625,0.568359,0.486328,40.000000,-80.000000,40.000000,-40.000000,0.000000,40.000000
9,equal,45600,12.000,0,5,0.500,0.100,0.400,97o,jam,0.000000,4.125000,35.888889,4.125000,35.888889,0.257812,0.486111,40.000000,-80.000000,40.000000,-40.000000,0.000000,40.000000
9,equal,45600,12.000,0,5,0.500,0.100,0.400,A7s,jam,0.000000,8.812500,35.880208,8.812500,35.880208,0.550781,0.485026,40.000000,-80.000000,40.000000,-40.000000,0.000000,40.000000
9,equal,45600,12.000,0,5,0.500,0.100,0.400,T7o,jam,0.000000,4.541667,35.880208,4.541667,35.880208,0.283854,0.485026,40.000000,-80.000000,40.000000,-40.000000,0.000000,40.000000
9,equal,45600,12.000,0,5,0.500,0.100,0.400,J8o,jam,0.000000,8.750000,35.859375,8.750000,35.859375,0.546875,0.482422,40.000000,-80.000000,40.000000,-40.000000,0.000000,40.000000
9,equal,45600,12.000,0,5,0.500,0.100,0.400,QTo,jam,0.000000,10.680556,35.855903,10.680556,35.855903,0.667535,0.481988,40.000000,-80.000000,40.000000,-40.000000,0.000000,40.000000
9,equal,45600,12.000,0,5,0.500,0.100,0.400,75o,jam,0.000000,5.119792,35.843750,5.119792,35.843750,0.319987,0.480469,40.000000,-80.000000,40.000000,-40.000000,0.000000,40.000000
9,equal,45600,12.000,0,5,0.500,0.100,0.400,95o,jam,0.000000,3.631944,35.842014,3.631944,35.842014,0.226997,0.480252,40.000000,-80.000000,40.000000,-40.000000,0.000000,40.000000
9,equal,45600,12.000,0,5,0.500,0.100,0.400,87o,jam,0.000000,5.562500,35.838542,5.562500,35.838542,0.347656,0.479818,40.000000,-80.000000,40.000000,-40.000000,0.000000,40.000000
9,equal,45600,12.000,0,5,0.500,0.100,0.400,76o,jam,0.000000,5.744792,35.835069,5.744792,35.835069,0.359049,0.479384,40.000000,-80.000000,40.000000,-40.000000,0.000000,40.000000
9,equal,45600,12.000,0,5,0.500,0.100,0.400,KTo,jam,0.000000,10.937500,35.824653,10.937500,35.824653,0.683594,0.478082,40.000000,-80.000000,40.000000,-40.000000,0.000000,40.000000
9,equal,45600,12.000,0,5,0.500,0.100,0.400,K8s,jam,0.000000,8.656250,35.822917,8.656250,35.822917,0.541016,0.477865,40.000000,-80.000000,40.000000,-40.000000,0.000000,40.000000
9,equal,45600,12.000,0,5,0.500,0.100,0.400,T6o,jam,0.000000,4.638889,35.822917,4.638889,35.822917,0.289931,0.477865,40.000000,-80.000000,40.000000,-40.000000,0.000000,40.000000
9,equal,45600,12.000,0,5,0.500,0.100,0.400,A8s,jam,0.000000,9.359375,35.817708,9.359375,35.817708,0.584961,0.477214,40.000000,-80.000000,40.000000,-40.000000,0.000000,40.000000
9,equal,45600,12.000,0,5,0.500,0.100,0.400,A9s,jam,0.000000,10.958333,35.802083,10.958333,35.802083,0.684896,0.475260,40.000000,-80.000000,40.000000,-40.000000,0.000000,40.000000
9,equal,45600,12.000,0,5,0.500,0.100,0.400,65o,jam,0.000000,5.375000,35.802083,5.375000,35.802083,0.335938,0.475260,40.000000,-80.000000,40.000000,-40.000000,0.000000,40.000000
9,equal,45600,12.000,0,5,0.500,0.100,0.400,AJo,jam,0.000000,9.708333,35.798611,9.708333,35.798611,0.606771,0.474826,40.000000,-80.000000,40.000000,-40.000000,0.000000,40.000000
9,equal,45600,12.000,0,5,0.500,0.100,0.400,KQo,jam,0.000000,9.593750,35.788194,9.593750,35.788194,0.599609,0.473524,40.000000,-80.000000,40.000000,-40.000000,0.000000,40.000000
9,equal,45600,12.000,0,5,0.500,0.100,0.400,K9o,jam,0.000000,10.722222,35.784722,10.722222,35.784722,0.670139,0.473090,40.000000,-80.000000,40.000000,-40.000000,0.000000,40.000000
9,equal,45600,12.000,0,5,0.500,0.100,0.400,A9o,jam,0.000000,10.534722,35.784722,10.534722,35.784722,0.658420,0.473090,40.000000,-80.000000,40.000000,-40.000000,0.000000,40.000000
9,equal,45600,12.000,0,5,0.500,0.100,0.400,96o,jam,0.000000,4.131944,35.782986,4.131944,35.782986,0.258247,0.472873,40.000000,-80.000000,40.000000,-40.000000,0.000000,40.000000
9,equal,45600,12.000,0,5,0.500,0.100,0.400,A7o,jam,0.000000,8.223958,35.781250,8.223958,35.781250,0.513997,0.472656,40.000000,-80.000000,40.000000,-40.000000,0.000000,40.000000
9,equal,45600,12.000,0,5,0.500,0.100,0.400,A8o,jam,0.000000,8.750000,35.755208,8.750000,35.755208,0.546875,0.469401,40.000000,-80.000000,40.000000,-40.000000,0.000000,40.000000
9,equal,45600,12.000,0,5,0.500,0.100,0.400,J5o,jam,0.000000,8.437500,35.739583,8.437500,35.739583,0.527344,0.467448,40.000000,-80.000000,40.000000,-40.000000,0.000000,40.000000
9,equal,45600,12.000,0,5,0.500,0.100,0.400,86o,jam,0.000000,5.072917,35.734375,5.072917,35.734375,0.317057,0.466797,40.000000,-80.000000,40.000000,-40.000000,0.000000,40.000000
9,equal,45600,12.000,0,5,0.500,0.100,0.400,Q8o,jam,0.000000,8.604167,35.723958,8.604167,35.723958,0.537760,0.465495,40.000000,-80.000000,40.000000,-40.000000,0.000000,40.000000
9,equal,45600,12.000,0,5,0.500,0.100,0.400,J6s,jam,0.000000,9.515625,35.713542,9.515625,35.713542,0.594727,0.464193,40.000000,-80.000000,40.000000,-40.000000,0.000000,40.000000
9,equal,45600,12.000,0,5,0.500,0.100,0.400,KJo,jam,0.000000,9.526042,35.696181,9.526042,35.696181,0.595378,0.462023,40.000000,-80.000000,40.000000,-40.000000,0.000000,40.000000
9,equal,45600,12.000,0,5,0.500,0.100,0.400,K5s,jam,0.000000,9.250000,35.687500,9.250000,35.687500,0.578125,0.460938,40.000000,-80.000000,40.000000,-40.000000,0.000000,40.000000
9,equal,45600,12.000,0,5,0.500,0.100,0.400,AQo,jam,0.000000,9.244792,35.677083,9.244792,35.677083,0.577799,0.459635,40.000000,-80.000000,40.000000,-40.000000,0.000000,40.000000
9,equal,45600,12.000,0,5,0.500,0.100,0.400,Q6o,jam,0.000000,8.578125,35.677083,8.578125,35.677083,0.536133,0.459635,40.000000,-80.000000,40.000000,-40.000000,0.000000,40.000000
9,equal,45600,12.000,0,5,0.500,0.100,0.400,76s,jam,0.000000,6.062500,35.677083,6.062500,35.677083,0.378906,0.459635,40.000000,-80.000000,40.000000,-40.000000,0.000000,40.000000
9,equal,45600,12.000,0,5,0.500,0.100,0.400,ATo,jam,0.000000,11.173611,35.666667,11.173611,35.666667,0.698351,0.458333,40.000000,-80.000000,40.000000,-40.000000,0.000000,40.000000
9,equal,45600,12.000,0,5,0.500,0.100,0.400,K7o,jam,0.000000,8.458333,35.652778,8.458333,35.652778,0.528646,0.456597,40.000000,-80.000000,40.000000,-40.000000,0.000000,40.000000
9,equal,45600,12.000,0,5,0.500,0.100,0.400,K7s,jam,0.000000,8.796875,35.645833,8.796875,35.645833,0.549805,0.455729,40.000000,-80.000000,40.000000,-40.000000,0.000000,40.000000
9,equal,45600,12.000,0,5,0.500,0.100,0.400,K6o,jam,0.000000,8.098958,35.638889,8.098958,35.638889,0.506185,0.454861,40.000000,-80.000000,40.000000,-40.000000,0.000000,40.000000
9,equal,45600,12.000,0,5,0.500,0.100,0.400,85o,jam,0.000000,4.848958,35.635417,4.848958,35.635417,0.303060,0.454427,40.000000,-80.000000,40.000000,-40.000000,0.000000,40.000000
9,equal,45600,12.000,0,5,0.500,0.100,0.400,T5o,jam,0.000000,4.625000,35.616319,4.625000,35.616319,0.289062,0.452040,40.000000,-80.000000,40.000000,-40.000000,0.000000,40.000000
9,equal,45600,12.000,0,5,0.500,0.100,0.400,A6s,jam,0.000000,9.031250,35.604167,9.031250,35.604167,0.564453,0.450521,40.000000,-80.000000,40.000000,-40.000000,0.000000,40.000000
9,equal,45600,12.000,0,5,0.500,0.100,0.400,Q5o,jam,0.000000,8.088542,35.593750,8.088542,35.593750,0.505534,0.449219,40.000000,-80.000000,40.000000,-40.000000,0.000000,40.000000
9,equal,45600,12.000,0,5,0.500,0.100,0.400,AKo,jam,0.000000,9.171875,35.585069,9.171875,35.585069,0.573242,0.448134,40.000000,-80.000000,40.000000,-40.000000,0.000000,40.000000
9,equal,45600,12.000,0,5,0.500,0.100,0.400,K5o,jam,0.000000,7.828125,35.581597,7.828125,35.581597,0.489258,0.447700,40.000000,-80.000000,40.000000,-40.000000,0.000000,40.000000
9,equal,45600,12.000,0,5,0.500,0.100,0.400,K9s,jam,0.000000,10.541667,35.572917,10.541667,35.572917,0.658854,0.446615,40.000000,-80.000000,40.000000,-40.000000,0.000000,40.000000
9,equal,45600,12.000,0,5,0.500,0.100,0.400,K8o,jam,0.000000,8.447917,35.567708,8.447917,35.567708,0.527995,0.445964,40.000000,-80.000000,40.000000,-40.000000,0.000000,40.000000
9,equal,45600,12.000,0,5,0.500,0.100,0.400,Q5s,jam,0.000000,8.875000,35.531250,8.875000,35.531250,0.554688,0.441406,40.000000,-80.000000,40.000000,-40.000000,0.000000,40.000000
9,equal,45600,12.000,0,5,0.500,0.100,0.400,A5o,jam,0.000000,8.427083,35.527778,8.427083,35.527778,0.526693,0.440972,40.000000,-80.000000,40.000000,-40.000000,0.000000,40.000000
9,equal,45600,12.000,0,5,0.500,0.100,0.400,Q7o,jam,0.000000,8.000000,35.517361,8.000000,35.517361,0.500000,0.439670,40.000000,-80.000000,40.000000,-40.000000,0.000000,40.000000
9,equal,45600,12.000,0,5,0.500,0.100,0.400,A6o,jam,0.000000,8.473958,35.487847,8.473958,35.487847,0.529622,0.435981,40.000000,-80.000000,40.000000,-40.000000,0.000000,40.000000
9,equal,45600,12.000,0,5,0.500,0.100,0.400,J6o,jam,0.000000,8.078125,35.472222,8.078125,35.472222,0.504883,0.434028,40.000000,-80.000000,40.000000,-40.000000,0.000000,40.000000
9,equal,45600,12.000,0,5,0.500,0.100,0.400,54s,jam,0.000000,5.171875,35.291667,5.171875,35.291667,0.323242,0.411458,40.000000,-80.000000,40.000000,-40.000000,0.000000,40.000000
9,equal,45600,12.000,0,5,0.500,0.100,0.400,64s,jam,0.000000,4.593750,35.260417,4.593750,35.260417,0.287109,0.407552,40.000000,-80.000000,40.000000,-40.000000,0.000000,40.000000
9,equal,45600,12.000,0,5,0.500,0.100,0.400,A4s,jam,0.000000,8.640625,35.166667,8.640625,35.166667,0.540039,0.395833,40.000000,-80.000000,40.000000,-40.000000,0.000000,40.000000
9,equal,45600,12.000,0,5,0.500,0.100,0.400,94s,jam,0.000000,4.729167,35.156250,4.729167,35.156250,0.295573,0.394531,40.000000,-80.000000,40.000000,-40.000000,0.000000,40.000000
9,equal,45600,12.000,0,5,0.500,0.100,0.400,Q4s,jam,0.000000,8.781250,35.031250,8.781250,35.031250,0.548828,0.378906,40.000000,-80.000000,40.000000,-40.000000,0.000000,40.000000
9,equal,45600,12.000,0,5,0.500,0.100,0.400,54o,jam,0.000000,5.755208,35.006944,5.755208,35.006944,0.359701,0.375868,40.000000,-80.000000,40.000000,-40.000000,0.000000,40.000000
9,equal,45600,12.000,0,5,0.500,0.100,0.400,A4o,jam,0.000000,8.375000,34.958333,8.375000,34.958333,0.523438,0.369792,40.000000,-80.000000,40.000000,-40.000000,0.000000,40.000000
9,equal,45600,12.000,0,5,0.500,0.100,0.400,64o,jam,0.000000,5.244792,34.892361,5.244792,34.892361,0.327799,0.361545,40.000000,-80.000000,40.000000,-40.000000,0.000000,40.000000
9,equal,45600,12.000,0,5,0.500,0.100,0.400,74s,jam,0.000000,5.531250,34.875000,5.531250,34.875000,0.345703,0.359375,40.000000,-80.000000,40.000000,-40.000000,0.000000,40.000000
9,equal,45600,12.000,0,5,0.500,0.100,0.400,T2s,jam,0.000000,5.062500,34.869792,5.062500,34.869792,0.316406,0.358724,40.000000,-80.000000,40.000000,-40.000000,0.000000,40.000000
9,equal,45600,12.000,0,5,0.500,0.100,0.400,93s,jam,0.000000,4.833333,34.817708,4.833333,34.817708,0.302083,0.352214,40.000000,-80.000000,40.000000,-40.000000,0.000000,40.000000
9,equal,45600,12.000,0,5,0.500,0.100,0.400,K3s,jam,0.000000,8.421875,34.807292,8.421875,34.807292,0.526367,0.350911,40.000000,-80.000000,40.000000,-40.000000,0.000000,40.000000
9,equal,45600,12.000,0,5,0.500,0.100,0.400,84s,jam,0.000000,5.234375,34.802083,5.234375,34.802083,0.327148,0.350260,40.000000,-80.000000,40.000000,-40.000000,0.000000,40.000000
9,equal,45600,12.000,0,5,0.500,0.100,0.400,Q2s,jam,0.000000,8.593750,34.776042,8.593750,34.776042,0.537109,0.347005,40.000000,-80.000000,40.000000,-40.000000,0.000000,40.000000
9,equal,45600,12.000,0,5,0.500,0.100,0.400,92s,jam,0.000000,5.166667,34.755208,5.166667,34.755208,0.322917,0.344401,40.000000,-80.000000,40.000000,-40.000000,0.000000,40.000000
9,equal,45600,12.000,0,5,0.500,0.100,0.400,63s,jam,0.000000,5.531250,34.750000,5.531250,34.750000,0.345703,0.343750,40.000000,-80.000000,40.000000,-40.000000,0.000000,40.000000
9,equal,45600,12.000,0,5,0.500,0.100,0.400,K4s,jam,0.000000,8.515625,34.708333,8.515625,34.708333,0.532227,0.338542,40.000000,-80.000000,40.000000,-40.000000,0.000000,40.000000
9,equal,45600,12.000,0,5,0.500,0.100,0.400,83s,jam,0.000000,5.015625,34.703125,5.015625,34.703125,0.313477,0.337891,40.000000,-80.000000,40.000000,-40.000000,0.000000,40.000000
9,equal,45600,12.000,0,5,0.500,0.100,0.400,K2s,jam,0.000000,8.718750,34.697917,8.718750,34.697917,0.544922,0.337240,40.000000,-80.000000,40.000000,-40.000000,0.000000,40.000000
9,equal,45600,12.000,0,5,0.500,0.100,0.400,T4s,jam,0.000000,4.833333,34.697917,4.833333,34.697917,0.302083,0.337240,40.000000,-80.000000,40.000000,-40.000000,0.000000,40.000000
9,equal,45600,12.000,0,5,0.500,0.100,0.400,A3s,jam,0.000000,9.312500,34.677083,9.312500,34.677083,0.582031,0.334635,40.000000,-80.000000,40.000000,-40.000000,0.000000,40.000000
9,equal,45600,12.000,0,5,0.500,0.100,0.400,82s,jam,0.000000,5.031250,34.677083,5.031250,34.677083,0.314453,0.334635,40.000000,-80.000000,40.000000,-40.000000,0.000000,40.000000
9,equal,45600,12.000,0,5,0.500,0.100,0.400,J3s,jam,0.000000,8.140625,34.671875,8.140625,34.671875,0.508789,0.333984,40.000000,-80.000000,40.000000,-40.000000,0.000000,40.000000
9,equal,45600,12.000,0,5,0.500,0.100,0.400,53s,jam,0.000000,5.453125,34.640625,5.453125,34.640625,0.340820,0.330078,40.000000,-80.000000,40.000000,-40.000000,0.000000,40.000000
9,equal,45600,12.000,0,5,0.500,0.100,0.400,J4s,jam,0.000000,9.562500,34.635417,9.562500,34.635417,0.597656,0.329427,40.000000,-80.000000,40.000000,-40.000000,0.000000,40.000000
9,equal,45600,12.000,0,5,0.500,0.100,0.400,T3s,jam,0.000000,5.604167,34.635417,5.604167,34.635417,0.350260,0.329427,40.000000,-80.000000,40.000000,-40.000000,0.000000,40.000000
9,equal,45600,12.000,0,5,0.500,0.100,0.400,A2s,jam,0.000000,9.062500,34.630208,9.062500,34.630208,0.566406,0.328776,40.000000,-80.000000,40.000000,-40.000000,0.000000,40.000000
9,equal,45600,12.000,0,5,0.500,0.100,0.400,J3o,jam,0.000000,8.000000,34.621528,8.000000,34.621528,0.500000,0.327691,40.000000,-80.000000,40.000000,-40.000000,0.000000,40.000000
9,equal,45600,12.000,0,5,0.500,0.100,0.400,94o,jam,0.000000,4.027778,34.593750,4.027778,34.593750,0.251736,0.324219,40.000000,-80.000000,40.000000,-40.000000,0.000000,40.000000
9,equal,45600,12.000,0,5,0.500,0.100,0.400,J4o,jam,0.000000,8.276042,34.583333,8.276042,34.583333,0.517253,0.322917,40.000000,-80.000000,40.000000,-40.000000,0.000000,40.000000
9,equal,45600,12.000,0,5,0.500,0.100,0.400,K4o,jam,0.000000,8.322917,34.572917,8.322917,34.572917,0.520182,0.321615,40.000000,-80.000000,40.000000,-40.000000,0.000000,40.000000
9,equal,45600,12.000,0,5,0.500,0.100,0.400,Q3o,jam,0.000000,8.052083,34.559028,8.052083,34.559028,0.503255,0.319878,40.000000,-80.000000,40.000000,-40.000000,0.000000,40.000000
9,equal,45600,12.000,0,5,0.500,0.100,0.400,J2s,jam,0.000000,8.406250,34.557292,8.406250,34.557292,0.525391,0.319661,40.000000,-80.000000,40.000000,-40.000000,0.000000,40.000000
9,equal,45600,12.000,0,5,0.500,0.100,0.400,52s,jam,0.000000,5.640625,34.557292,5.640625,34.557292,0.352539,0.319661,40.000000,-80.000000,40.000000,-40.000000,0.000000,40.000000
9,equal,45600,12.000,0,5,0.500,0.100,0.400,T3o,jam,0.000000,4.354167,34.545139,4.354167,34.545139,0.272135,0.318142,40.000000,-80.000000,40.000000,-40.000000,0.000000,40.000000
9,equal,45600,12.000,0,5,0.500,0.100,0.400,73s,jam,0.000000,5.593750,34.536458,5.593750,34.536458,0.349609,0.317057,40.000000,-80.000000,40.000000,-40.000000,0.000000,40.000000
9,equal,45600,12.000,0,5,0.500,0.100,0.400,53o,jam,0.000000,5.385417,34.522569,5.385417,34.522569,0.336589,0.315321,40.000000,-80.000000,40.000000,-40.000000,0.000000,40.000000
9,equal,45600,12.000,0,5,0.500,0.100,0.400,83o,jam,0.000000,4.453125,34.512153,4.453125,34.512153,0.278320,0.314019,40.000000,-80.000000,40.000000,-40.000000,0.000000,40.000000
9,equal,45600,12.000,0,5,0.500,0.100,0.400,52o,jam,0.000000,5.302083,34.508681,5.302083,34.508681,0.331380,0.313585,40.000000,-80.000000,40.000000,-40.000000,0.000000,40.000000
9,equal,45600,12.000,0,5,0.500,0.100,0.400,Q3s,jam,0.000000,8.171875,34.484375,8.171875,34.484375,0.510742,0.310547,40.000000,-80.000000,40.000000,-40.000000,0.000000,40.000000
9,equal,45600,12.000,0,5,0.500,0.100,0.400,63o,jam,0.000000,5.208333,34.484375,5.208333,34.484375,0.325521,0.310547,40.000000,-80.000000,40.000000,-40.000000,0.000000,40.000000
9,equal,45600,12.000,0,5,0.500,0.100,0.400,84o,jam,0.000000,4.838542,34.482639,4.838542,34.482639,0.302409,0.310330,40.000000,-80.000000,40.000000,-40.000000,0.000000,40.000000
9,equal,45600,12.000,0,5,0.500,0.100,0.400,T4o,jam,0.000000,4.381944,34.482639,4.381944,34.482639,0.273872,0.310330,40.000000,-80.000000,40.000000,-40.000000,0.000000,40.000000
9,equal,45600,12.000,0,5,0.500,0.100,0.400,73o,jam,0.000000,4.807292,34.480903,4.807292,34.480903,0.300456,0.310113,40.000000,-80.000000,40.000000,-40.000000,0.000000,40.000000
9,equal,45600,12.000,0,5,0.500,0.100,0.400,93o,jam,0.000000,4.312500,34.477431,4.312500,34.477431,0.269531,0.309679,40.000000,-80.000000,40.000000,-40.000000,0.000000,40.000000
9,equal,45600,12.000,0,5,0.500,0.100,0.400,T2o,jam,0.000000,4.638889,34.470486,4.638889,34.470486,0.289931,0.308811,40.000000,-80.000000,40.000000,-40.000000,0.000000,40.000000
9,equal,45600,12.000,0,5,0.500,0.100,0.400,92o,jam,0.000000,3.861111,34.467014,3.861111,34.467014,0.241319,0.308377,40.000000,-80.000000,40.000000,-40.000000,0.000000,40.000000
9,equal,45600,12.000,0,5,0.500,0.100,0.400,72s,jam,0.000000,5.875000,34.458333,5.875000,34.458333,0.367188,0.307292,40.000000,-80.000000,40.000000,-40.000000,0.000000,40.000000
9,equal,45600,12.000,0,5,0.500,0.100,0.400,62s,jam,0.000000,5.218750,34.453125,5.218750,34.453125,0.326172,0.306641,40.000000,-80.000000,40.000000,-40.000000,0.000000,40.000000
9,equal,45600,12.000,0,5,0.500,0.100,0.400,74o,jam,0.000000,4.765625,34.451389,4.765625,34.451389,0.297852,0.306424,40.000000,-80.000000,40.000000,-40.000000,0.000000,40.000000
9,equal,45600,12.000,0,5,0.500,0.100,0.400,Q4o,jam,0.000000,8.005208,34.447917,8.005208,34.447917,0.500326,0.305990,40.000000,-80.000000,40.000000,-40.000000,0.000000,40.000000
9,equal,45600,12.000,0,5,0.500,0.100,0.400,62o,jam,0.000000,5.135417,34.434028,5.135417,34.434028,0.320964,0.304253,40.000000,-80.000000,40.000000,-40.000000,0.000000,40.000000
9,equal,45600,12.000,0,5,0.500,0.100,0.400,A3o,jam,0.000000,8.588542,34.428819,8.588542,34.428819,0.536784,0.303602,40.000000,-80.000000,40.000000,-40.000000,0.000000,40.000000
9,equal,45600,12.000,0,5,0.500,0.100,0.400,J2o,jam,0.000000,8.682292,34.395833,8.682292,34.395833,0.542643,0.299479,40.000000,-80.000000,40.000000,-40.000000,0.000000,40.000000
9,equal,45600,12.000,0,5,0.500,0.100,0.400,82o,jam,0.000000,4.500000,34.368056,4.500000,34.368056,0.281250,0.296007,40.000000,-80.000000,40.000000,-40.000000,0.000000,40.000000
9,equal,45600,12.000,0,5,0.500,0.100,0.400,K3o,jam,0.000000,8.281250,34.366319,8.281250,34.366319,0.517578,0.295790,40.000000,-80.000000,40.000000,-40.000000,0.000000,40.000000
9,equal,45600,12.000,0,5,0.500,0.100,0.400,Q2o,jam,0.000000,8.505208,34.350694,8.505208,34.350694,0.531576,0.293837,40.000000,-80.000000,40.000000,-40.000000,0.000000,40.000000
9,equal,45600,12.000,0,5,0.500,0.100,0.400,A2o,jam,0.000000,8.020833,34.338542,8.020833,34.338542,0.501302,0.292318,40.000000,-80.000000,40.000000,-40.000000,0.000000,40.000000
9,equal,45600,12.000,0,5,0.500,0.100,0.400,K2o,jam,0.000000,7.854167,34.329861,7.854167,34.329861,0.490885,0.291233,40.000000,-80.000000,40.000000,-40.000000,0.000000,40.000000
9,equal,45600,12.000,0,5,0.500,0.100,0.400,72o,jam,0.000000,4.614583,34.319444,4.614583,34.319444,0.288411,0.289931,40.000000,-80.000000,40.000000,-40.000000,0.000000,40.000000
9,equal,45600,12.000,0,5,0.500,0.100,0.400,22,jam,0.000000,7.427083,33.520833,7.427083,33.520833,0.464193,0.190104,40.000000,-80.000000,40.000000,-40.000000,0.000000,40.000000
9,equal,45600,12.000,0,5,0.500,0.100,0.400,32s,jam,0.000000,4.390625,33.484375,4.390625,33.484375,0.274414,0.185547,40.000000,-80.000000,40.000000,-40.000000,0.000000,40.000000
9,equal,45600,12.000,0,5,0.500,0.100,0.400,33,jam,0.000000,7.687500,33.482639,7.687500,33.482639,0.480469,0.185330,40.000000,-80.000000,40.000000,-40.000000,0.000000,40.000000
9,equal,45600,12.000,0,5,0.500,0.100,0.400,43s,jam,0.000000,5.687500,33.447917,5.687500,33.447917,0.355469,0.180990,40.000000,-80.000000,40.000000,-40.000000,0.000000,40.000000
9,equal,45600,12.000,0,5,0.500,0.100,0.400,42s,jam,0.000000,5.765625,33.072917,5.765625,33.072917,0.360352,0.134115,40.000000,-80.000000,40.000000,-40.000000,0.000000,40.000000
9,equal,45600,12.000,0,5,0.500,0.100,0.400,32o,jam,0.000000,5.286458,32.947917,5.286458,32.947917,0.330404,0.118490,40.000000,-80.000000,40.000000,-40.000000,0.000000,40.000000
9,equal,45600,12.000,0,5,0.500,0.100,0.400,43o,jam,0.000000,5.177083,32.895833,5.177083,32.895833,0.323568,0.111979,40.000000,-80.000000,40.000000,-40.000000,0.000000,40.000000
9,equal,45600,12.000,0,5,0.500,0.100,0.400,42o,jam,0.000000,5.187500,32.798611,5.187500,32.798611,0.324219,0.099826,40.000000,-80.000000,40.000000,-40.000000,0.000000,40.000000
9,equal,45600,12.000,0,5,0.500,0.200,0.400,KK,jam,0.000000,12.489583,38.520833,12.489583,38.520833,0.780599,0.907552,40.000000,-80.000000,40.000000,-40.000000,0.000000,40.000000
9,equal,45600,12.000,0,5,0.500,0.200,0.400,AA,jam,0.000000,12.604167,37.822917,12.604167,37.822917,0.787760,0.863932,40.000000,-80.000000,40.000000,-40.000000,0.000000,40.000000
9,equal,45600,12.000,0,5,0.500,0.200,0.400,AQs,jam,0.000000,10.265625,36.250000,10.265625,36.250000,0.641602,0.765625,40.000000,-80.000000,40.000000,-40.000000,0.000000,40.000000
9,equal,45600,12.000,0,5,0.500,0.200,0.400,AKs,jam,0.000000,10.187500,36.173611,10.187500,36.173611,0.636719,0.760851,40.000000,-80.000000,40.000000,-40.000000,0.000000,40.000000
9,equal,45600,12.000,0,5,0.500,0.200,0.400,AKo,jam,0.000000,9.171875,35.893519,9.171875,35.893519,0.573242,0.743345,40.000000,-80.000000,40.000000,-40.000000,0.000000,40.000000
9,equal,45600,12.000,0,5,0.500,0.200,0.400,AQo,jam,0.000000,9.244792,35.793981,9.244792,35.793981,0.577799,0.737124,40.000000,-80.000000,40.000000,-40.000000,0.000000,40.000000
9,equal,45600,12.000,0,5,0.500,0.200,0.400,QQ,jam,0.000000,13.072917,34.513889,13.072917,34.513889,0.817057,0.657118,40.000000,-80.000000,40.000000,-40.000000,0.000000,40.000000
9,equal,45600,12.000,0,5,0.500,0.200,0.400,ATs,jam,0.000000,10.916667,34.213542,10.916667,34.213542,0.682292,0.638346,40.000000,-80.000000,40.000000,-40.000000,0.000000,40.000000
9,equal,45600,12.000,0,5,0.500,0.200,0.400,A4s,jam,0.000000,8.640625,33.942708,8.640625,33.942708,0.540039,0.621419,40.000000,-80.000000,40.000000,-40.000000,0.000000,40.000000
9,equal,45600,12.000,0,5,0.500,0.200,0.400,AJs,jam,0.000000,10.250000,33.901042,10.250000,33.901042,0.640625,0.618815,40.000000,-80.000000,40.000000,-40.000000,0.000000,40.000000
9,equal,45600,12.000,0,5,0.500,0.200,0.400,A7s,jam,0.000000,8.812500,33.760417,8.812500,33.760417,0.550781,0.610026,40.000000,-80.000000,40.000000,-40.000000,0.000000,40.000000
9,equal,45600,12.000,0,5,0.500,0.200,0.400,A5s,jam,0.000000,8.687500,33.744792,8.687500,33.744792,0.542969,0.609049,40.000000,-80.000000,40.000000,-40.000000,0.000000,40.000000
9,equal,45600,12.000,0,5,0.500,0.200,0.400,ATo,jam,0.000000,11.173611,33.718750,11.173611,33.718750,0.698351,0.607422,40.000000,-80.000000,40.000000,-40.000000,0.000000,40.000000
9,equal,45600,12.000,0,5,0.500,0.200,0.400,A6s,jam,0.000000,9.031250,33.562500,9.031250,33.562500,0.564453,0.597656,40.000000,-80.000000,40.000000,-40.000000,0.000000,40.000000
9,equal,45600,12.000,0,5,0.500,0.200,0.400,A9s,jam,0.000000,10.958333,33.541667,10.958333,33.541667,0.684896,0.596354,40.000000,-80.000000,40.000000,-40.000000,0.000000,40.000000
9,equal,45600,12.000,0,5,0.500,0.200,0.400,A5o,jam,0.000000,8.427083,33.475694,8.427083,33.475694,0.526693,0.592231,40.000000,-80.000000,40.000000,-40.000000,0.000000,40.000000
9,equal,45600,12.000,0,5,0.500,0.200,0.400,AJo,jam,0.000000,9.708333,33.468750,9.708333,33.468750,0.606771,0.591797,40.000000,-80.000000,40.000000,-40.000000,0.000000,40.000000
9,equal,45600,12.000,0,5,0.500,0.200,0.400,A3s,jam,0.000000,9.312500,33.468750,9.312500,33.468750,0.582031,0.591797,40.000000,-80.000000,40.000000,-40.000000,0.000000,40.000000
9,equal,45600,12.000,0,5,0.500,0.200,0.400,A8s,jam,0.000000,9.359375,33.447917,9.359375,33.447917,0.584961,0.590495,40.000000,-80.000000,40.000000,-40.000000,0.000000,40.000000
9,equal,45600,12.000,0,5,0.500,0.200,0.400,A3o,jam,0.000000,8.588542,33.366319,8.588542,33.366319,0.536784,0.585395,40.000000,-80.000000,40.000000,-40.000000,0.000000,40.000000
9,equal,45600,12.000,0,5,0.500,0.200,0.400,A2o,jam,0.000000,8.020833,33.364583,8.020833,33.364583,0.501302,0.585286,40.000000,-80.000000,40.000000,-40.000000,0.000000,40.000000
9,equal,45600,12.000,0,5,0.500,0.200,0.400,A9o,jam,0.000000,10.534722,33.328125,10.534722,33.328125,0.658420,0.583008,40.000000,-80.000000,40.000000,-40.000000,0.000000,40.000000
9,equal,45600,12.000,0,5,0.500,0.200,0.400,A7o,jam,0.000000,8.223958,33.303819,8.223958,33.303819,0.513997,0.581489,40.000000,-80.000000,40.000000,-40.000000,0.000000,40.000000
9,equal,45600,12.000,0,5,0.500,0.200,0.400,A2s,jam,0.000000,9.062500,33.296875,9.062500,33.296875,0.566406,0.581055,40.000000,-80.000000,40.000000,-40.000000,0.000000,40.000000
9,equal,45600,12.000,0,5,0.500,0.200,0.400,A8o,jam,0.000000,8.750000,33.289931,8.750000,33.289931,0.546875,0.580621,40.000000,-80.000000,40.000000,-40.000000,0.000000,40.000000
9,equal,45600,12.000,0,5,0.500,0.200,0.400,A6o,jam,0.000000,8.473958,33.241319,8.473958,33.241319,0.529622,0.577582,40.000000,-80.000000,40.000000,-40.000000,0.000000,40.000000
9,equal,45600,12.000,0,5,0.500,0.200,0.400,A4o,jam,0.000000,8.375000,33.206597,8.375000,33.206597,0.523438,0.575412,40.000000,-80.000000,40.000000,-40.000000,0.000000,40.000000
9,equal,45600,12.000,0,5,0.500,0.200,0.400,99,jam,0.000000,9.937500,33.100694,9.937500,33.100694,0.621094,0.568793,40.000000,-80.000000,40.000000,-40.000000,0.000000,40.000000
9,equal,45600,12.000,0,5,0.500,0.200,0.400,TT,jam,0.000000,13.062500,32.951389,13.062500,32.951389,0.816406,0.559462,40.000000,-80.000000,40.000000,-40.000000,0.000000,40.000000
9,equal,45600,12.000,0,5,0.500,0.200,0.400,JJ,jam,0.000000,13.218750,32.923611,13.218750,32.923611,0.826172,0.557726,40.000000,-80.000000,40.000000,-40.000000,0.000000,40.000000
9,equal,45600,12.000,0,5,0.500,0.200,0.400,77,jam,0.000000,7.385417,32.631944,7.385417,32.631944,0.461589,0.539497,40.000000,-80.000000,40.000000,-40.000000,0.000000,40.000000
9,equal,45600,12.000,0,5,0.500,0.200,0.400,55,jam,0.000000,7.822917,32.625000,7.822917,32.625000,0.488932,0.539062,40.000000,-80.000000,40.000000,-40.000000,0.000000,40.000000
9,equal,45600,12.000,0,5,0.500,0.200,0.400,66,jam,0.000000,7.968750,32.590278,7.968750,32.590278,0.498047,0.536892,40.000000,-80.000000,40.000000,-40.000000,0.000000,40.000000
9,equal,45600,12.000,0,5,0.500,0.200,0.400,88,jam,0.000000,8.270833,32.565972,8.270833,32.565972,0.516927,0.535373,40.000000,-80.000000,40.000000,-40.000000,0.000000,40.000000
9,equal,45600,12.000,0,5,0.500,0.200,0.400,KQs,jam,0.000000,10.515625,32.489583,10.515625,32.489583,0.657227,0.530599,40.000000,-80.000000,40.000000,-40.000000,0.000000,40.000000
9,equal,45600,12.000,0,5,0.500,0.200,0.400,44,jam,0.000000,7.020833,32.423611,7.020833,32.423611,0.438802,0.526476,40.000000,-80.000000,40.000000,-40.000000,0.000000,40.000000
9,equal,45600,12.000,0,5,0.500,0.200,0.400,33,jam,0.000000,7.687500,32.298611,7.687500,32.298611,0.480469,0.518663,40.000000,-80.000000,40.000000,-40.000000,0.000000,40.000000
9,equal,45600,12.000,0,5,0.500,0.200,0.400,22,jam,0.000000,7.427083,32.208333,7.427083,32.208333,0.464193,0.513021,40.000000,-80.000000,40.000000,-40.000000,0.000000,40.000000
9,equal,45600,12.000,0,5,0.500,0.200,0.400,KQo,jam,0.000000,9.593750,32.000000,9.593750,32.000000,0.599609,0.500000,40.000000,-80.000000,40.000000,-40.000000,0.000000,40.000000
9,equal,45600,12.000,0,5,0.500,0.200,0.400,65s,jam,0.000000,5.500000,30.614583,5.500000,30.614583,0.343750,0.413411,40.000000,-80.000000,40.000000,-40.000000,0.000000,40.000000
9,equal,45600,12.000,0,5,0.500,0.200,0.400,76s,jam,0.000000,6.062500,30.598958,6.062500,30.598958,0.378906,0.412435,40.000000,-80.000000,40.000000,-40.000000,0.000000,40.000000
9,equal,45600,12.000,0,5,0.500,0.200,0.400,97s,jam,0.000000,4.750000,30.598958,4.750000,30.598958,0.296875,0.412435,40.000000,-80.000000,40.000000,-40.000000,0.000000,40.000000
9,equal,45600,12.000,0,5,0.500,0.200,0.400,64s,jam,0.000000,4.593750,30.567708,4.593750,30.567708,0.287109,0.410482,40.000000,-80.000000,40.000000,-40.000000,0.000000,40.000000
9,equal,45600,12.000,0,5,0.500,0.200,0.400,98s,jam,0.000000,4.604167,30.515625,4.604167,30.515625,0.287760,0.407227,40.000000,-80.000000,40.000000,-40.000000,0.000000,40.000000
9,equal,45600,12.000,0,5,0.500,0.200,0.400,86s,jam,0.000000,5.593750,30.447917,5.593750,30.447917,0.349609,0.402995,40.000000,-80.000000,40.000000,-40.000000,0.000000,40.000000
9,equal,45600,12.000,0,5,0.500,0.200,0.400,54s,jam,0.000000,5.171875,30.421875,5.171875,30.421875,0.323242,0.401367,40.000000,-80.000000,40.000000,-40.000000,0.000000,40.000000
9,equal,45600,12.000,0,5,0.500,0.200,0.400,87s,jam,0.000000,5.390625,30.411458,5.390625,30.411458,0.336914,0.400716,40.000000,-80.000000,40.000000,-40.000000,0.000000,40.000000
9,equal,45600,12.000,0,5,0.500,0.200,0.400,T9s,jam,0.000000,8.000000,30.406250,8.000000,30.406250,0.500000,0.400391,40.000000,-80.000000,40.000000,-40.000000,0.000000,40.000000
9,equal,45600,12.000,0,5,0.500,0.200,0.400,JTs,jam,0.000000,11.250000,30.369792,11.250000,30.369792,0.703125,0.398112,40.000000,-80.000000,40.000000,-40.000000,0.000000,40.000000
9,equal,45600,12.000,0,5,0.500,0.200,0.400,63s,jam,0.000000,5.531250,30.333333,5.531250,30.333333,0.345703,0.395833,40.000000,-80.000000,40.000000,-40.000000,0.000000,40.000000
9,equal,45600,12.000,0,5,0.500,0.200,0.400,53s,jam,0.000000,5.453125,30.322917,5.453125,30.322917,0.340820,0.395182,40.000000,-80.000000,40.000000,-40.000000,0.000000,40.000000
9,equal,45600,12.000,0,5,0.500,0.200,0.400,43s,jam,0.000000,5.687500,30.307292,5.687500,30.307292,0.355469,0.394206,40.000000,-80.000000,40.000000,-40.000000,0.000000,40.000000
9,equal,45600,12.000,0,5,0.500,0.200,0.400,73s,jam,0.000000,5.593750,30.203125,5.593750,30.203125,0.349609,0.387695,40.000000,-80.000000,40.000000,-40.000000,0.000000,40.000000
9,equal,45600,12.000,0,5,0.500,0.200,0.400,83s,jam,0.000000,5.015625,30.161458,5.015625,30.161458,0.313477,0.385091,40.000000,-80.000000,40.000000,-40.000000,0.000000,40.000000
9,equal,45600,12.000,0,5,0.500,0.200,0.400,75s,jam,0.000000,5.781250,30.156250,5.781250,30.156250,0.361328,0.384766,40.000000,-80.000000,40.000000,-40.000000,0.000000,40.000000
9,equal,45600,12.000,0,5,0.500,0.200,0.400,84s,jam,0.000000,5.234375,30.130208,5.234375,30.130208,0.327148,0.383138,40.000000,-80.000000,40.000000,-40.000000,0.000000,40.000000
9,equal,45600,12.000,0,5,0.500,0.200,0.400,85s,jam,0.000000,5.562500,30.072917,5.562500,30.072917,0.347656,0.379557,40.000000,-80.000000,40.000000,-40.000000,0.000000,40.000000
9,equal,45600,12.000,0,5,0.500,0.200,0.400,32s,jam,0.000000,4.390625,30.072917,4.390625,30.072917,0.274414,0.379557,40.000000,-80.000000,40.000000,-40.000000,0.000000,40.000000
9,equal,45600,12.000,0,5,0.500,0.200,0.400,54o,jam,0.000000,5.755208,30.060764,5.755208,30.060764,0.359701,0.378798,40.000000,-80.000000,40.000000,-40.000000,0.000000,40.000000
9,equal,45600,12.000,0,5,0.500,0.200,0.400,J9s,jam,0.000000,11.937500,30.046875,11.937500,30.046875,0.746094,0.377930,40.000000,-80.000000,40.000000,-40.000000,0.000000,40.000000
9,equal,45600,12.000,0,5,0.500,0.200,0.400,T8s,jam,0.000000,5.520833,30.031250,5.520833,30.031250,0.345052,0.376953,40.000000,-80.000000,40.000000,-40.000000,0.000000,40.000000
9,equal,45600,12.000,0,5,0.500,0.200,0.400,T5s,jam,0.000000,4.895833,30.020833,4.895833,30.020833,0.305990,0.376302,40.000000,-80.000000,40.000000,-40.000000,0.000000,40.000000
9,equal,45600,12.000,0,5,0.500,0.200,0.400,76o,jam,0.000000,5.744792,30.000000,5.744792,30.000000,0.359049,0.375000,40.000000,-80.000000,40.000000,-40.000000,0.000000,40.000000
9,equal,45600,12.000,0,5,0.500,0.200,0.400,42s,jam,0.000000,5.765625,29.994792,5.765625,29.994792,0.360352,0.374674,40.000000,-80.000000,40.000000,-40.000000,0.000000,40.000000
9,equal,45600,12.000,0,5,0.500,0.200,0.400,52s,jam,0.000000,5.640625,29.994792,5.640625,29.994792,0.352539,0.374674,40.000000,-80.000000,40.000000,-40.000000,0.000000,40.000000
9,equal,45600,12.000,0,5,0.500,0.200,0.400,74s,jam,0.000000,5.531250,29.973958,5.531250,29.973958,0.345703,0.373372,40.000000,-80.000000,40.000000,-40.000000,0.000000,40.000000
9,equal,45600,12.000,0,5,0.500,0.200,0.400,92s,jam,0.000000,5.166667,29.911458,5.166667,29.911458,0.322917,0.369466,40.000000,-80.000000,40.000000,-40.000000,0.000000,40.000000
9,equal,45600,12.000,0,5,0.500,0.200,0.400,T6s,jam,0.000000,5.166667,29.895833,5.166667,29.895833,0.322917,0.368490,40.000000,-80.000000,40.000000,-40.000000,0.000000,40.000000
9,equal,45600,12.000,0,5,0.500,0.200,0.400,93s,jam,0.000000,4.833333,29.895833,4.833333,29.895833,0.302083,0.368490,40.000000,-80.000000,40.000000,-40.000000,0.000000,40.000000
9,equal,45600,12.000,0,5,0.500,0.200,0.400,J4s,jam,0.000000,9.562500,29.859375,9.562500,29.859375,0.597656,0.366211,40.000000,-80.000000,40.000000,-40.000000,0.000000,40.000000
9,equal,45600,12.000,0,5,0.500,0.200,0.400,95s,jam,0.000000,4.645833,29.854167,4.645833,29.854167,0.290365,0.365885,40.000000,-80.000000,40.000000,-40.000000,0.000000,40.000000
9,equal,45600,12.000,0,5,0.500,0.200,0.400,65o,jam,0.000000,5.375000,29.848958,5.375000,29.848958,0.335938,0.365560,40.000000,-80.000000,40.000000,-40.000000,0.000000,40.000000
9,equal,45600,12.000,0,5,0.500,0.200,0.400,T3s,jam,0.000000,5.604167,29.843750,5.604167,29.843750,0.350260,0.365234,40.000000,-80.000000,40.000000,-40.000000,0.000000,40.000000
9,equal,45600,12.000,0,5,0.500,0.200,0.400,64o,jam,0.000000,5.244792,29.821181,5.244792,29.821181,0.327799,0.363824,40.000000,-80.000000,40.000000,-40.000000,0.000000,40.000000
9,equal,45600,12.000,0,5,0.500,0.200,0.400,96s,jam,0.000000,5.125000,29.796875,5.125000,29.796875,0.320312,0.362305,40.000000,-80.000000,40.000000,-40.000000,0.000000,40.000000
9,equal,45600,12.000,0,5,0.500,0.200,0.400,JTo,jam,0.000000,11.090278,29.786458,11.090278,29.786458,0.693142,0.361654,40.000000,-80.000000,40.000000,-40.000000,0.000000,40.000000
9,equal,45600,12.000,0,5,0.500,0.200,0.400,94s,jam,0.000000,4.729167,29.770833,4.729167,29.770833,0.295573,0.360677,40.000000,-80.000000,40.000000,-40.000000,0.000000,40.000000
9,equal,45600,12.000,0,5,0.500,0.200,0.400,62s,jam,0.000000,5.218750,29.760417,5.218750,29.760417,0.326172,0.360026,40.000000,-80.000000,40.000000,-40.000000,0.000000,40.000000
9,equal,45600,12.000,0,5,0.500,0.200,0.400,J2s,jam,0.000000,8.406250,29.755208,8.406250,29.755208,0.525391,0.359701,40.000000,-80.000000,40.000000,-40.000000,0.000000,40.000000
9,equal,45600,12.000,0,5,0.500,0.200,0.400,72s,jam,0.000000,5.875000,29.734375,5.875000,29.734375,0.367188,0.358398,40.000000,-80.000000,40.000000,-40.000000,0.000000,40.000000
9,equal,45600,12.000,0,5,0.500,0.200,0.400,98o,jam,0.000000,4.180556,29.722222,4.180556,29.722222,0.261285,0.357639,40.000000,-80.000000,40.000000,-40.000000,0.000000,40.000000
9,equal,45600,12.000,0,5,0.500,0.200,0.400,J3s,jam,0.000000,8.140625,29.718750,8.140625,29.718750,0.508789,0.357422,40.000000,-80.000000,40.000000,-40.000000,0.000000,40.000000
9,equal,45600,12.000,0,5,0.500,0.200,0.400,53o,jam,0.000000,5.385417,29.713542,5.385417,29.713542,0.336589,0.357096,40.000000,-80.000000,40.000000,-40.000000,0.000000,40.000000
9,equal,45600,12.000,0,5,0.500,0.200,0.400,T9o,jam,0.000000,7.635417,29.703125,7.635417,29.703125,0.477214,0.356445,40.000000,-80.000000,40.000000,-40.000000,0.000000,40.000000
9,equal,45600,12.000,0,5,0.500,0.200,0.400,75o,jam,0.000000,5.119792,29.692708,5.119792,29.692708,0.319987,0.355794,40.000000,-80.000000,40.000000,-40.000000,0.000000,40.000000
9,equal,45600,12.000,0,5,0.500,0.200,0.400,43o,jam,0.000000,5.177083,29.687500,5.177083,29.687500,0.323568,0.355469,40.000000,-80.000000,40.000000,-40.000000,0.000000,40.000000
9,equal,45600,12.000,0,5,0.500,0.200,0.400,T8o,jam,0.000000,4.611111,29.678819,4.611111,29.678819,0.288194,0.354926,40.000000,-80.000000,40.000000,-40.000000,0.000000,40.000000
9,equal,45600,12.000,0,5,0.500,0.200,0.400,96o,jam,0.000000,4.131944,29.668403,4.131944,29.668403,0.258247,0.354275,40.000000,-80.000000,40.000000,-40.000000,0.000000,40.000000
9,equal,45600,12.000,0,5,0.500,0.200,0.400,J8s,jam,0.000000,9.421875,29.666667,9.421875,29.666667,0.588867,0.354167,40.000000,-80.000000,40.000000,-40.000000,0.000000,40.000000
9,equal,45600,12.000,0,5,0.500,0.200,0.400,J5s,jam,0.000000,8.796875,29.661458,8.796875,29.661458,0.549805,0.353841,40.000000,-80.000000,40.000000,-40.000000,0.000000,40.000000
9,equal,45600,12.000,0,5,0.500,0.200,0.400,87o,jam,0.000000,5.562500,29.651042,5.562500,29.651042,0.347656,0.353190,40.000000,-80.000000,40.000000,-40.000000,0.000000,40.000000
9,equal,45600,12.000,0,5,0.500,0.200,0.400,97o,jam,0.000000,4.125000,29.633681,4.125000,29.633681,0.257812,0.352105,40.000000,-80.000000,40.000000,-40.000000,0.000000,40.000000
9,equal,45600,12.000,0,5,0.500,0.200,0.400,J6s,jam,0.000000,9.515625,29.630208,9.515625,29.630208,0.594727,0.351888,40.000000,-80.000000,40.000000,-40.000000,0.000000,40.000000
9,equal,45600,12.000,0,5,0.500,0.200,0.400,T4s,jam,0.000000,4.833333,29.630208,4.833333,29.630208,0.302083,0.351888,40.000000,-80.000000,40.000000,-40.000000,0.000000,40.000000
9,equal,45600,12.000,0,5,0.500,0.200,0.400,63o,jam,0.000000,5.208333,29.593750,5.208333,29.593750,0.325521,0.349609,40.000000,-80.000000,40.000000,-40.000000,0.000000,40.000000
9,equal,45600,12.000,0,5,0.500,0.200,0.400,T7s,jam,0.000000,4.979167,29.583333,4.979167,29.583333,0.311198,0.348958,40.000000,-80.000000,40.000000,-40.000000,0.000000,40.000000
9,equal,45600,12.000,0,5,0.500,0.200,0.400,73o,jam,0.000000,4.807292,29.541667,4.807292,29.541667,0.300456,0.346354,40.000000,-80.000000,40.000000,-40.000000,0.000000,40.000000
9,equal,45600,12.000,0,5,0.500,0.200,0.400,J7s,jam,0.000000,9.093750,29.531250,9.093750,29.531250,0.568359,0.345703,40.000000,-80.000000,40.000000,-40.000000,0.000000,40.000000
9,equal,45600,12.000,0,5,0.500,0.200,0.400,85o,jam,0.000000,4.848958,29.513889,4.848958,29.513889,0.303060,0.344618,40.000000,-80.000000,40.000000,-40.000000,0.000000,40.000000
9,equal,45600,12.000,0,5,0.500,0.200,0.400,42o,jam,0.000000,5.187500,29.498264,5.187500,29.498264,0.324219,0.343641,40.000000,-80.000000,40.000000,-40.000000,0.000000,40.000000
9,equal,45600,12.000,0,5,0.500,0.200,0.400,84o,jam,0.000000,4.838542,29.470486,4.838542,29.470486,0.302409,0.341905,40.000000,-80.000000,40.000000,-40.000000,0.000000,40.000000
9,equal,45600,12.000,0,5,0.500,0.200,0.400,74o,jam,0.000000,4.765625,29.446181,4.765625,29.446181,0.297852,0.340386,40.000000,-80.000000,40.000000,-40.000000,0.000000,40.000000
9,equal,45600,12.000,0,5,0.500,0.200,0.400,86o,jam,0.000000,5.072917,29.444444,5.072917,29.444444,0.317057,0.340278,40.000000,-80.000000,40.000000,-40.000000,0.000000,40.000000
9,equal,45600,12.000,0,5,0.500,0.200,0.400,J9o,jam,0.000000,10.722222,29.425347,10.722222,29.425347,0.670139,0.339084,40.000000,-80.000000,40.000000,-40.000000,0.000000,40.000000
9,equal,45600,12.000,0,5,0.500,0.200,0.400,95o,jam,0.000000,3.631944,29.413194,3.631944,29.413194,0.226997,0.338325,40.000000,-80.000000,40.000000,-40.000000,0.000000,40.000000
9,equal,45600,12.000,0,5,0.500,0.200,0.400,62o,jam,0.000000,5.135417,29.328125,5.135417,29.328125,0.320964,0.333008,40.000000,-80.000000,40.000000,-40.000000,0.000000,40.000000
9,equal,45600,12.000,0,5,0.500,0.200,0.400,32o,jam,0.000000,5.286458,29.303819,5.286458,29.303819,0.330404,0.331489,40.000000,-80.000000,40.000000,-40.000000,0.000000,40.000000
9,equal,45600,12.000,0,5,0.500,0.200,0.400,82s,jam,0.000000,5.031250,29.296875,5.031250,29.296875,0.314453,0.331055,40.000000,-80.000000,40.000000,-40.000000,0.000000,40.000000
9,equal,45600,12.000,0,5,0.500,0.200,0.400,72o,jam,0.000000,4.614583,29.295139,4.614583,29.295139,0.288411,0.330946,40.000000,-80.000000,40.000000,-40.000000,0.000000,40.000000
9,equal,45600,12.000,0,5,0.500,0.200,0.400,J8o,jam,0.000000,8.750000,29.293403,8.750000,29.293403,0.546875,0.330838,40.000000,-80.000000,40.000000,-40.000000,0.000000,40.000000
9,equal,45600,12.000,0,5,0.500,0.200,0.400,T7o,jam,0.000000,4.541667,29.286458,4.541667,29.286458,0.283854,0.330404,40.000000,-80.000000,40.000000,-40.000000,0.000000,40.000000
9,equal,45600,12.000,0,5,0.500,0.200,0.400,52o,jam,0.000000,5.302083,29.281250,5.302083,29.281250,0.331380,0.330078,40.000000,-80.000000,40.000000,-40.000000,0.000000,40.000000
9,equal,45600,12.000,0,5,0.500,0.200,0.400,T5o,jam,0.000000,4.625000,29.256944,4.625000,29.256944,0.289062,0.328559,40.000000,-80.000000,40.000000,-40.000000,0.000000,40.000000
9,equal,45600,12.000,0,5,0.500,0.200,0.400,K4s,jam,0.000000,8.515625,29.229167,8.515625,29.229167,0.532227,0.326823,40.000000,-80.000000,40.000000,-40.000000,0.000000,40.000000
9,equal,45600,12.000,0,5,0.500,0.200,0.400,T6o,jam,0.000000,4.638889,29.218750,4.638889,29.218750,0.289931,0.326172,40.000000,-80.000000,40.000000,-40.000000,0.000000,40.000000
9,equal,45600,12.000,0,5,0.500,0.200,0.400,J7o,jam,0.000000,8.296875,29.180556,8.296875,29.180556,0.518555,0.323785,40.000000,-80.000000,40.000000,-40.000000,0.000000,40.000000
9,equal,45600,12.000,0,5,0.500,0.200,0.400,J5o,jam,0.000000,8.437500,29.159722,8.437500,29.159722,0.527344,0.322483,40.000000,-80.000000,40.000000,-40.000000,0.000000,40.000000
9,equal,45600,12.000,0,5,0.500,0.200,0.400,92o,jam,0.000000,3.861111,29.126736,3.861111,29.126736,0.241319,0.320421,40.000000,-80.000000,40.000000,-40.000000,0.000000,40.000000
9,equal,45600,12.000,0,5,0.500,0.200,0.400,QTs,jam,0.000000,11.145833,29.125000,11.145833,29.125000,0.696615,0.320312,40.000000,-80.000000,40.000000,-40.000000,0.000000,40.000000
9,equal,45600,12.000,0,5,0.500,0.200,0.400,94o,jam,0.000000,4.027778,29.118056,4.027778,29.118056,0.251736,0.319878,40.000000,-80.000000,40.000000,-40.000000,0.000000,40.000000
9,equal,45600,12.000,0,5,0.500,0.200,0.400,T3o,jam,0.000000,4.354167,29.112847,4.354167,29.112847,0.272135,0.319553,40.000000,-80.000000,40.000000,-40.000000,0.000000,40.000000
9,equal,45600,12.000,0,5,0.500,0.200,0.400,T2s,jam,0.000000,5.062500,29.078125,5.062500,29.078125,0.316406,0.317383,40.000000,-80.000000,40.000000,-40.000000,0.000000,40.000000
9,equal,45600,12.000,0,5,0.500,0.200,0.400,T4o,jam,0.000000,4.381944,29.072917,4.381944,29.072917,0.273872,0.317057,40.000000,-80.000000,40.000000,-40.000000,0.000000,40.000000
9,equal,45600,12.000,0,5,0.500,0.200,0.400,Q6s,jam,0.000000,8.937500,29.041667,8.937500,29.041667,0.558594,0.315104,40.000000,-80.000000,40.000000,-40.000000,0.000000,40.000000
9,equal,45600,12.000,0,5,0.500,0.200,0.400,82o,jam,0.000000,4.500000,29.039931,4.500000,29.039931,0.281250,0.314996,40.000000,-80.000000,40.000000,-40.000000,0.000000,40.000000
9,equal,45600,12.000,0,5,0.500,0.200,0.400,Q4s,jam,0.000000,8.781250,29.020833,8.781250,29.020833,0.548828,0.313802,40.000000,-80.000000,40.000000,-40.000000,0.000000,40.000000
9,equal,45600,12.000,0,5,0.500,0.200,0.400,KTs,jam,0.000000,10.750000,29.013889,10.750000,29.013889,0.671875,0.313368,40.000000,-80.000000,40.000000,-40.000000,0.000000,40.000000
9,equal,45600,12.000,0,5,0.500,0.200,0.400,Q5s,jam,0.000000,8.875000,28.993056,8.875000,28.993056,0.554688,0.312066,40.000000,-80.000000,40.000000,-40.000000,0.000000,40.000000
9,equal,45600,12.000,0,5,0.500,0.200,0.400,J3o,jam,0.000000,8.000000,28.980903,8.000000,28.980903,0.500000,0.311306,40.000000,-80.000000,40.000000,-40.000000,0.000000,40.000000
9,equal,45600,12.000,0,5,0.500,0.200,0.400,93o,jam,0.000000,4.312500,28.968750,4.312500,28.968750,0.269531,0.310547,40.000000,-80.000000,40.000000,-40.000000,0.000000,40.000000
9,equal,45600,12.000,0,5,0.500,0.200,0.400,83o,jam,0.000000,4.453125,28.946181,4.453125,28.946181,0.278320,0.309136,40.000000,-80.000000,40.000000,-40.000000,0.000000,40.000000
9,equal,45600,12.000,0,5,0.500,0.200,0.400,K6s,jam,0.000000,8.859375,28.944444,8.859375,28.944444,0.553711,0.309028,40.000000,-80.000000,40.000000,-40.000000,0.000000,40.000000
9,equal,45600,12.000,0,5,0.500,0.200,0.400,K8s,jam,0.000000,8.656250,28.923611,8.656250,28.923611,0.541016,0.307726,40.000000,-80.000000,40.000000,-40.000000,0.000000,40.000000
9,equal,45600,12.000,0,5,0.500,0.200,0.400,J6o,jam,0.000000,8.078125,28.923611,8.078125,28.923611,0.504883,0.307726,40.000000,-80.000000,40.000000,-40.000000,0.000000,40.000000
9,equal,45600,12.000,0,5,0.500,0.200,0.400,T2o,jam,0.000000,4.638889,28.906250,4.638889,28.906250,0.289931,0.306641,40.000000,-80.000000,40.000000,-40.000000,0.000000,40.000000
9,equal,45600,12.000,0,5,0.500,0.200,0.400,J2o,jam,0.000000,8.682292,28.902778,8.682292,28.902778,0.542643,0.306424,40.000000,-80.000000,40.000000,-40.000000,0.000000,40.000000
9,equal,45600,12.000,0,5,0.500,0.200,0.400,J4o,jam,0.000000,8.276042,28.894097,8.276042,28.894097,0.517253,0.305881,40.000000,-80.000000,40.000000,-40.000000,0.000000,40.000000
9,equal,45600,12.000,0,5,0.500,0.200,0.400,K9s,jam,0.000000,10.541667,28.861111,10.541667,28.861111,0.658854,0.303819,40.000000,-80.000000,40.000000,-40.000000,0.000000,40.000000
9,equal,45600,12.000,0,5,0.500,0.200,0.400,KJs,jam,0.000000,10.390625,28.854167,10.390625,28.854167,0.649414,0.303385,40.000000,-80.000000,40.000000,-40.000000,0.000000,40.000000
9,equal,45600,12.000,0,5,0.500,0.200,0.400,Q2s,jam,0.000000,8.593750,28.750000,8.593750,28.750000,0.537109,0.296875,40.000000,-80.000000,40.000000,-40.000000,0.000000,40.000000
9,equal,45600,12.000,0,5,0.500,0.200,0.400,K7s,jam,0.000000,8.796875,28.715278,8.796875,28.715278,0.549805,0.294705,40.000000,-80.000000,40.000000,-40.000000,0.000000,40.000000
9,equal,45600,12.000,0,5,0.500,0.200,0.400,K2s,jam,0.000000,8.718750,28.715278,8.718750,28.715278,0.544922,0.294705,40.000000,-80.000000,40.000000,-40.000000,0.000000,40.000000
9,equal,45600,12.000,0,5,0.500,0.200,0.400,K5s,jam,0.000000,9.250000,28.680556,9.250000,28.680556,0.578125,0.292535,40.000000,-80.000000,40.000000,-40.000000,0.000000,40.000000
9,equal,45600,12.000,0,5,0.500,0.200,0.400,QJs,jam,0.000000,10.500000,28.673611,10.500000,28.673611,0.656250,0.292101,40.000000,-80.000000,40.000000,-40.000000,0.000000,40.000000
9,equal,45600,12.000,0,5,0.500,0.200,0.400,Q7s,jam,0.000000,9.234375,28.604167,9.234375,28.604167,0.577148,0.287760,40.000000,-80.000000,40.000000,-40.000000,0.000000,40.000000
9,equal,45600,12.000,0,5,0.500,0.200,0.400,Q3s,jam,0.000000,8.171875,28.562500,8.171875,28.562500,0.510742,0.285156,40.000000,-80.000000,40.000000,-40.000000,0.000000,40.000000
9,equal,45600,12.000,0,5,0.500,0.200,0.400,K3s,jam,0.000000,8.421875,28.555556,8.421875,28.555556,0.526367,0.284722,40.000000,-80.000000,40.000000,-40.000000,0.000000,40.000000
9,equal,45600,12.000,0,5,0.500,0.200,0.400,Q8s,jam,0.000000,9.421875,28.437500,9.421875,28.437500,0.588867,0.277344,40.000000,-80.000000,40.000000,-40.000000,0.000000,40.000000
9,equal,45600,12.000,0,5,0.500,0.200,0.400,KTo,jam,0.000000,10.937500,28.326389,10.937500,28.326389,0.683594,0.270399,40.000000,-80.000000,40.000000,-40.000000,0.000000,40.000000
9,equal,45600,12.000,0,5,0.500,0.200,0.400,K9o,jam,0.000000,10.722222,28.277778,10.722222,28.277778,0.670139,0.267361,40.000000,-80.000000,40.000000,-40.000000,0.000000,40.000000
9,equal,45600,12.000,0,5,0.500,0.200,0.400,Q9s,jam,0.000000,10.625000,28.263889,10.625000,28.263889,0.664062,0.266493,40.000000,-80.000000,40.000000,-40.000000,0.000000,40.000000
9,equal,45600,12.000,0,5,0.500,0.200,0.400,K8o,jam,0.000000,8.447917,28.263889,8.447917,28.263889,0.527995,0.266493,40.000000,-80.000000,40.000000,-40.000000,0.000000,40.000000
9,equal,45600,12.000,0,5,0.500,0.200,0.400,QTo,jam,0.000000,10.680556,28.250000,10.680556,28.250000,0.667535,0.265625,40.000000,-80.000000,40.000000,-40.000000,0.000000,40.000000
9,equal,45600,12.000,0,5,0.500,0.200,0.400,K4o,jam,0.000000,8.322917,28.233796,8.322917,28.233796,0.520182,0.264612,40.000000,-80.000000,40.000000,-40.000000,0.000000,40.000000
9,equal,45600,12.000,0,5,0.500,0.200,0.400,K5o,jam,0.000000,7.828125,28.206019,7.828125,28.206019,0.489258,0.262876,40.000000,-80.000000,40.000000,-40.000000,0.000000,40.000000
9,equal,45600,12.000,0,5,0.500,0.200,0.400,K6o,jam,0.000000,8.098958,28.189815,8.098958,28.189815,0.506185,0.261863,40.000000,-80.000000,40.000000,-40.000000,0.000000,40.000000
9,equal,45600,12.000,0,5,0.500,0.200,0.400,K7o,jam,0.000000,8.458333,28.185185,8.458333,28.185185,0.528646,0.261574,40.000000,-80.000000,40.000000,-40.000000,0.000000,40.000000
9,equal,45600,12.000,0,5,0.500,0.200,0.400,Q6o,jam,0.000000,8.578125,28.118056,8.578125,28.118056,0.536133,0.257378,40.000000,-80.000000,40.000000,-40.000000,0.000000,40.000000
9,equal,45600,12.000,0,5,0.500,0.200,0.400,K2o,jam,0.000000,7.854167,28.115741,7.854167,28.115741,0.490885,0.257234,40.000000,-80.000000,40.000000,-40.000000,0.000000,40.000000
9,equal,45600,12.000,0,5,0.500,0.200,0.400,QJo,jam,0.000000,9.958333,28.050926,9.958333,28.050926,0.622396,0.253183,40.000000,-80.000000,40.000000,-40.000000,0.000000,40.000000
9,equal,45600,12.000,0,5,0.500,0.200,0.400,Q9o,jam,0.000000,10.777778,28.018519,10.777778,28.018519,0.673611,0.251157,40.000000,-80.000000,40.000000,-40.000000,0.000000,40.000000
9,equal,45600,12.000,0,5,0.500,0.200,0.400,Q5o,jam,0.000000,8.088542,27.960648,8.088542,27.960648,0.505534,0.247541,40.000000,-80.000000,40.000000,-40.000000,0.000000,40.000000
9,equal,45600,12.000,0,5,0.500,0.200,0.400,KJo,jam,0.000000,9.526042,27.909722,9.526042,27.909722,0.595378,0.244358,40.000000,-80.000000,40.000000,-40.000000,0.000000,40.000000
9,equal,45600,12.000,0,5,0.500,0.200,0.400,Q3o,jam,0.000000,8.052083,27.907407,8.052083,27.907407,0.503255,0.244213,40.000000,-80.000000,40.000000,-40.000000,0.000000,40.000000
9,equal,45600,12.000,0,5,0.500,0.200,0.400,K3o,jam,0.000000,8.281250,27.872685,8.281250,27.872685,0.517578,0.242043,40.000000,-80.000000,40.000000,-40.000000,0.000000,40.000000
9,equal,45600,12.000,0,5,0.500,0.200,0.400,Q4o,jam,0.000000,8.005208,27.844907,8.005208,27.844907,0.500326,0.240307,40.000000,-80.000000,40.000000,-40.000000,0.000000,40.000000
9,equal,45600,12.000,0,5,0.500,0.200,0.400,Q8o,jam,0.000000,8.604167,27.775463,8.604167,27.775463,0.537760,0.235966,40.000000,-80.000000,40.000000,-40.000000,0.000000,40.000000
9,equal,45600,12.000,0,5,0.500,0.200,0.400,Q2o,jam,0.000000,8.505208,27.719907,8.505208,27.719907,0.531576,0.232494,40.000000,-80.000000,40.000000,-40.000000,0.000000,40.000000
9,equal,45600,12.000,0,5,0.500,0.200,0.400,Q7o,jam,0.000000,8.000000,27.636574,8.000000,27.636574,0.500000,0.227286,40.000000,-80.000000,40.000000,-40.000000,0.000000,40.000000
9,equal,45600,12.000,0,5,0.500,0.500,0.400,JJ,jam,0.000000,13.218750,33.046875,13.218750,33.046875,0.826172,0.826172,40.000000,-80.000000,40.000000,-40.000000,0.000000,40.000000
9,equal,45600,12.000,0,5,0.500,0.500,0.400,QQ,jam,0.000000,13.072917,32.682292,13.072917,32.682292,0.817057,0.817057,40.000000,-80.000000,40.000000,-40.000000,0.000000,40.000000
9,equal,45600,12.000,0,5,0.500,0.500,0.400,TT,jam,0.000000,13.062500,32.656250,13.062500,32.656250,0.816406,0.816406,40.000000,-80.000000,40.000000,-40.000000,0.000000,40.000000
9,equal,45600,12.000,0,5,0.500,0.500,0.400,AA,jam,0.000000,12.604167,31.510417,12.604167,31.510417,0.787760,0.787760,40.000000,-80.000000,40.000000,-40.000000,0.000000,40.000000
9,equal,45600,12.000,0,5,0.500,0.500,0.400,KK,jam,0.000000,12.489583,31.223958,12.489583,31.223958,0.780599,0.780599,40.000000,-80.000000,40.000000,-40.000000,0.000000,40.000000
9,equal,45600,12.000,0,5,0.500,0.500,0.400,J9s,jam,0.000000,11.937500,29.843750,11.937500,29.843750,0.746094,0.746094,40.000000,-80.000000,40.000000,-40.000000,0.000000,40.000000
9,equal,45600,12.000,0,5,0.500,0.500,0.400,JTs,jam,0.000000,11.250000,28.125000,11.250000,28.125000,0.703125,0.703125,40.000000,-80.000000,40.000000,-40.000000,0.000000,40.000000
9,equal,45600,12.000,0,5,0.500,0.500,0.400,ATo,jam,0.000000,11.173611,27.934028,11.173611,27.934028,0.698351,0.698351,40.000000,-80.000000,40.000000,-40.000000,0.000000,40.000000
9,equal,45600,12.000,0,5,0.500,0.500,0.400,QTs,jam,0.000000,11.145833,27.864583,11.145833,27.864583,0.696615,0.696615,40.000000,-80.000000,40.000000,-40.000000,0.000000,40.000000
9,equal,45600,12.000,0,5,0.500,0.500,0.400,JTo,jam,0.000000,11.090278,27.725694,11.090278,27.725694,0.693142,0.693142,40.000000,-80.000000,40.000000,-40.000000,0.000000,40.000000
9,equal,45600,12.000,0,5,0.500,0.500,0.400,A9s,jam,0.000000,10.958333,27.395833,10.958333,27.395833,0.684896,0.684896,40.000000,-80.000000,40.000000,-40.000000,0.000000,40.000000
9,equal,45600,12.000,0,5,0.500,0.500,0.400,KTo,jam,0.000000,10.937500,27.343750,10.937500,27.343750,0.683594,0.683594,40.000000,-80.000000,40.000000,-40.000000,0.000000,40.000000
9,equal,45600,12.000,0,5,0.500,0.500,0.400,ATs,jam,0.000000,10.916667,27.291667,10.916667,27.291667,0.682292,0.682292,40.000000,-80.000000,40.000000,-40.000000,0.000000,40.000000
9,equal,45600,12.000,0,5,0.500,0.500,0.400,Q9o,jam,0.000000,10.777778,26.944444,10.777778,26.944444,0.673611,0.673611,40.000000,-80.000000,40.000000,-40.000000,0.000000,40.000000
9,equal,45600,12.000,0,5,0.500,0.500,0.400,KTs,jam,0.000000,10.750000,26.875000,10.750000,26.875000,0.671875,0.671875,40.000000,-80.000000,40.000000,-40.000000,0.000000,40.000000
9,equal,45600,12.000,0,5,0.500,0.500,0.400,K9o,jam,0.000000,10.722222,26.805556,10.722222,26.805556,0.670139,0.670139,40.000000,-80.000000,40.000000,-40.000000,0.000000,40.000000
9,equal,45600,12.000,0,5,0.500,0.500,0.400,J9o,jam,0.000000,10.722222,26.805556,10.722222,26.805556,0.670139,0.670139,40.000000,-80.000000,40.000000,-40.000000,0.000000,40.000000
9,equal,45600,12.000,0,5,0.500,0.500,0.400,QTo,jam,0.000000,10.680556,26.701389,10.680556,26.701389,0.667535,0.667535,40.000000,-80.000000,40.000000,-40.000000,0.000000,40.000000
9,equal,45600,12.000,0,5,0.500,0.500,0.400,Q9s,jam,0.000000,10.625000,26.562500,10.625000,26.562500,0.664062,0.664062,40.000000,-80.000000,40.000000,-40.000000,0.000000,40.000000
9,equal,45600,12.000,0,5,0.500,0.500,0.400,K9s,jam,0.000000,10.541667,26.354167,10.541667,26.354167,0.658854,0.658854,40.000000,-80.000000,40.000000,-40.000000,0.000000,40.000000
9,equal,45600,12.000,0,5,0.500,0.500,0.400,A9o,jam,0.000000,10.534722,26.336806,10.534722,26.336806,0.658420,0.658420,40.000000,-80.000000,40.000000,-40.000000,0.000000,40.000000
9,equal,45600,12.000,0,5,0.500,0.500,0.400,KQs,jam,0.000000,10.515625,26.289062,10.515625,26.289062,0.657227,0.657227,40.000000,-80.000000,40.000000,-40.000000,0.000000,40.000000
9,equal,45600,12.000,0,5,0.500,0.500,0.400,QJs,jam,0.000000,10.500000,26.250000,10.500000,26.250000,0.656250,0.656250,40.000000,-80.000000,40.000000,-40.000000,0.000000,40.000000
9,equal,45600,12.000,0,5,0.500,0.500,0.400,KJs,jam,0.000000,10.390625,25.976562,10.390625,25.976562,0.649414,0.649414,40.000000,-80.000000,40.000000,-40.000000,0.000000,40.000000
9,equal,45600,12.000,0,5,0.500,0.500,0.400,AQs,jam,0.000000,10.265625,25.664062,10.265625,25.664062,0.641602,0.641602,40.000000,-80.000000,40.000000,-40.000000,0.000000,40.000000
9,equal,45600,12.000,0,5,0.500,0.500,0.400,AJs,jam,0.000000,10.250000,25.625000,10.250000,25.625000,0.640625,0.640625,40.000000,-80.000000,40.000000,-40.000000,0.000000,40.000000
9,equal,45600,12.000,0,5,0.500,0.500,0.400,AKs,jam,0.000000,10.187500,25.468750,10.187500,25.468750,0.636719,0.636719,40.000000,-80.000000,40.000000,-40.000000,0.000000,40.000000
9,equal,45600,12.000,0,5,0.500,0.500,0.400,QJo,jam,0.000000,9.958333,24.895833,9.958333,24.895833,0.622396,0.622396,40.000000,-80.000000,40.000000,-40.000000,0.000000,40.000000
9,equal,45600,12.000,0,5,0.500,0.500,0.400,99,jam,0.000000,9.937500,24.843750,9.937500,24.843750,0.621094,0.621094,40.000000,-80.000000,40.000000,-40.000000,0.000000,40.000000
9,equal,45600,12.000,0,5,0.500,0.500,0.400,AJo,jam,0.000000,9.708333,24.270833,9.708333,24.270833,0.606771,0.606771,40.000000,-80.000000,40.000000,-40.000000,0.000000,40.000000
9,equal,45600,12.000,0,5,0.500,0.500,0.400,KQo,jam,0.000000,9.593750,23.984375,9.593750,23.984375,0.599609,0.599609,40.000000,-80.000000,40.000000,-40.000000,0.000000,40.000000
9,equal,45600,12.000,0,5,0.500,0.500,0.400,J4s,jam,0.000000,9.562500,23.906250,9.562500,23.906250,0.597656,0.597656,40.000000,-80.000000,40.000000,-40.000000,0.000000,40.000000
9,equal,45600,12.000,0,5,0.500,0.500,0.400,KJo,jam,0.000000,9.526042,23.815104,9.526042,23.815104,0.595378,0.595378,40.000000,-80.000000,40.000000,-40.000000,0.000000,40.000000
9,equal,45600,12.000,0,5,0.500,0.500,0.400,J6s,jam,0.000000,9.515625,23.789062,9.515625,23.789062,0.594727,0.594727,40.000000,-80.000000,40.000000,-40.000000,0.000000,40.000000
9,equal,45600,12.000,0,5,0.500,0.500,0.400,Q8s,jam,0.000000,9.421875,23.554688,9.421875,23.554688,0.588867,0.588867,40.000000,-80.000000,40.000000,-40.000000,0.000000,40.000000
9,equal,45600,12.000,0,5,0.500,0.500,0.400,J8s,jam,0.000000,9.421875,23.554688,9.421875,23.554688,0.588867,0.588867,40.000000,-80.000000,40.000000,-40.000000,0.000000,40.000000
9,equal,45600,12.000,0,5,0.500,0.500,0.400,A8s,jam,0.000000,9.359375,23.398438,9.359375,23.398438,0.584961,0.584961,40.000000,-80.000000,40.000000,-40.000000,0.000000,40.000000
9,equal,45600,12.000,0,5,0.500,0.500,0.400,A3s,jam,0.000000,9.312500,23.281250,9.312500,23.281250,0.582031,0.582031,40.000000,-80.000000,40.000000,-40.000000,0.000000,40.000000
9,equal,45600,12.000,0,5,0.500,0.500,0.400,K5s,jam,0.000000,9.250000,23.125000,9.250000,23.125000,0.578125,0.578125,40.000000,-80.000000,40.000000,-40.000000,0.000000,40.000000
9,equal,45600,12.000,0,5,0.500,0.500,0.400,AQo,jam,0.000000,9.244792,23.111979,9.244792,23.111979,0.577799,0.577799,40.000000,-80.000000,40.000000,-40.000000,0.000000,40.000000
9,equal,45600,12.000,0,5,0.500,0.500,0.400,Q7s,jam,0.000000,9.234375,23.085938,9.234375,23.085938,0.577148,0.577148,40.000000,-80.000000,40.000000,-40.000000,0.000000,40.000000
9,equal,45600,12.000,0,5,0.500,0.500,0.400,AKo,jam,0.000000,9.171875,22.929688,9.171875,22.929688,0.573242,0.573242,40.000000,-80.000000,40.000000,-40.000000,0.000000,40.000000
9,equal,45600,12.000,0,5,0.500,0.500,0.400,J7s,jam,0.000000,9.093750,22.734375,9.093750,22.734375,0.568359,0.568359,40.000000,-80.000000,40.000000,-40.000000,0.000000,40.000000
9,equal,45600,12.000,0,5,0.500,0.500,0.400,A2s,jam,0.000000,9.062500,22.656250,9.062500,22.656250,0.566406,0.566406,40.000000,-80.000000,40.000000,-40.000000,0.000000,40.000000
9,equal,45600,12.000,0,5,0.500,0.500,0.400,A6s,jam,0.000000,9.031250,22.578125,9.031250,22.578125,0.564453,0.564453,40.000000,-80.000000,40.000000,-40.000000,0.000000,40.000000
9,equal,45600,12.000,0,5,0.500,0.500,0.400,Q6s,jam,0.000000,8.937500,22.343750,8.937500,22.343750,0.558594,0.558594,40.000000,-80.000000,40.000000,-40.000000,0.000000,40.000000
9,equal,45600,12.000,0,5,0.500,0.500,0.400,Q5s,jam,0.000000,8.875000,22.187500,8.875000,22.187500,0.554688,0.554688,40.000000,-80.000000,40.000000,-40.000000,0.000000,40.000000
9,equal,45600,12.000,0,5,0.500,0.500,0.400,K6s,jam,0.000000,8.859375,22.148438,8.859375,22.148438,0.553711,0.553711,40.000000,-80.000000,40.000000,-40.000000,0.000000,40.000000
9,equal,45600,12.000,0,5,0.500,0.500,0.400,A7s,jam,0.000000,8.812500,22.031250,8.812500,22.031250,0.550781,0.550781,40.000000,-80.000000,40.000000,-40.000000,0.000000,40.000000
9,equal,45600,12.000,0,5,0.500,0.500,0.400,K7s,jam,0.000000,8.796875,21.992188,8.796875,21.992188,0.549805,0.549805,40.000000,-80.000000,40.000000,-40.000000,0.000000,40.000000
9,equal,45600,12.000,0,5,0.500,0.500,0.400,J5s,jam,0.000000,8.796875,21.992188,8.796875,21.992188,0.549805,0.549805,40.000000,-80.000000,40.000000,-40.000000,0.000000,40.000000
9,equal,45600,12.000,0,5,0.500,0.500,0.400,Q4s,jam,0.000000,8.781250,21.953125,8.781250,21.953125,0.548828,0.548828,40.000000,-80.000000,40.000000,-40.000000,0.000000,40.000000
9,equal,45600,12.000,0,5,0.500,0.500,0.400,A8o,jam,0.000000,8.750000,21.875000,8.750000,21.875000,0.546875,0.546875,40.000000,-80.000000,40.000000,-40.000000,0.000000,40.000000
9,equal,45600,12.000,0,5,0.500,0.500,0.400,J8o,jam,0.000000,8.750000,21.875000,8.750000,21.875000,0.546875,0.546875,40.000000,-80.000000,40.000000,-40.000000,0.000000,40.000000
9,equal,45600,12.000,0,5,0.500,0.500,0.400,K2s,jam,0.000000,8.718750,21.796875,8.718750,21.796875,0.544922,0.544922,40.000000,-80.000000,40.000000,-40.000000,0.000000,40.000000
9,equal,45600,12.000,0,5,0.500,0.500,0.400,A5s,jam,0.000000,8.687500,21.718750,8.687500,21.718750,0.542969,0.542969,40.000000,-80.000000,40.000000,-40.000000,0.000000,40.000000
9,equal,45600,12.000,0,5,0.500,0.500,0.400,J2o,jam,0.000000,8.682292,21.705729,8.682292,21.705729,0.542643,0.542643,40.000000,-80.000000,40.000000,-40.000000,0.000000,40.000000
9,equal,45600,12.000,0,5,0.500,0.500,0.400,K8s,jam,0.000000,8.656250,21.640625,8.656250,21.640625,0.541016,0.541016,40.000000,-80.000000,40.000000,-40.000000,0.000000,40.000000
9,equal,45600,12.000,0,5,0.500,0.500,0.400,A4s,jam,0.000000,8.640625,21.601562,8.640625,21.601562,0.540039,0.540039,40.000000,-80.000000,40.000000,-40.000000,0.000000,40.000000
9,equal,45600,12.000,0,5,0.500,0.500,0.400,Q8o,jam,0.000000,8.604167,21.510417,8.604167,21.510417,0.537760,0.537760,40.000000,-80.000000,40.000000,-40.000000,0.000000,40.000000
9,equal,45600,12.000,0,5,0.500,0.500,0.400,Q2s,jam,0.000000,8.593750,21.484375,8.593750,21.484375,0.537109,0.537109,40.000000,-80.000000,40.000000,-40.000000,0.000000,40.000000
9,equal,45600,12.000,0,5,0.500,0.500,0.400,A3o,jam,0.000000,8.588542,21.471354,8.588542,21.471354,0.536784,0.536784,40.000000,-80.000000,40.000000,-40.000000,0.000000,40.000000
9,equal,45600,12.000,0,5,0.500,0.500,0.400,Q6o,jam,0.000000,8.578125,21.445312,8.578125,21.445312,0.536133,0.536133,40.000000,-80.000000,40.000000,-40.000000,0.000000,40.000000
9,equal,45600,12.000,0,5,0.500,0.500,0.400,K4s,jam,0.000000,8.515625,21.289062,8.515625,21.289062,0.532227,0.532227,40.000000,-80.000000,40.000000,-40.000000,0.000000,40.000000
9,equal,45600,12.000,0,5,0.500,0.500,0.400,Q2o,jam,0.000000,8.505208,21.263021,8.505208,21.263021,0.531576,0.531576,40.000000,-80.000000,40.000000,-40.000000,0.000000,40.000000
9,equal,45600,12.000,0,5,0.500,0.500,0.400,A6o,jam,0.000000,8.473958,21.184896,8.473958,21.184896,0.529622,0.529622,40.000000,-80.000000,40.000000,-40.000000,0.000000,40.000000
9,equal,45600,12.000,0,5,0.500,0.500,0.400,K7o,jam,0.000000,8.458333,21.145833,8.458333,21.145833,0.528646,0.528646,40.000000,-80.000000,40.000000,-40.000000,0.000000,40.000000
9,equal,45600,12.000,0,5,0.500,0.500,0.400,K8o,jam,0.000000,8.447917,21.119792,8.447917,21.119792,0.527995,0.527995,40.000000,-80.000000,40.000000,-40.000000,0.000000,40.000000
9,equal,45600,12.000,0,5,0.500,0.500,0.400,J5o,jam,0.000000,8.437500,21.093750,8.437500,21.093750,0.527344,0.527344,40.000000,-80.000000,40.000000,-40.000000,0.000000,40.000000
9,equal,45600,12.000,0,5,0.500,0.500,0.400,A5o,jam,0.000000,8.427083,21.067708,8.427083,21.067708,0.526693,0.526693,40.000000,-80.000000,40.000000,-40.000000,0.000000,40.000000
9,equal,45600,12.000,0,5,0.500,0.500,0.400,K3s,jam,0.000000,8.421875,21.054688,8.421875,21.054688,0.526367,0.526367,40.000000,-80.000000,40.000000,-40.000000,0.000000,40.000000
9,equal,45600,12.000,0,5,0.500,0.500,0.400,J2s,jam,0.000000,8.406250,21.015625,8.406250,21.015625,0.525391,0.525391,40.000000,-80.000000,40.000000,-40.000000,0.000000,40.000000
9,equal,45600,12.000,0,5,0.500,0.500,0.400,A4o,jam,0.000000,8.375000,20.937500,8.375000,20.937500,0.523438,0.523438,40.000000,-80.000000,40.000000,-40.000000,0.000000,40.000000
9,equal,45600,12.000,0,5,0.500,0.500,0.400,K4o,jam,0.000000,8.322917,20.807292,8.322917,20.807292,0.520182,0.520182,40.000000,-80.000000,40.000000,-40.000000,0.000000,40.000000
9,equal,45600,12.000,0,5,0.500,0.500,0.400,J7o,jam,0.000000,8.296875,20.742188,8.296875,20.742188,0.518555,0.518555,40.000000,-80.000000,40.000000,-40.000000,0.000000,40.000000
9,equal,45600,12.000,0,5,0.500,0.500,0.400,K3o,jam,0.000000,8.281250,20.703125,8.281250,20.703125,0.517578,0.517578,40.000000,-80.000000,40.000000,-40.000000,0.000000,40.000000
9,equal,45600,12.000,0,5,0.500,0.500,0.400,J4o,jam,0.000000,8.276042,20.690104,8.276042,20.690104,0.517253,0.517253,40.000000,-80.000000,40.000000,-40.000000,0.000000,40.000000
9,equal,45600,12.000,0,5,0.500,0.500,0.400,88,jam,0.000000,8.270833,20.677083,8.270833,20.677083,0.516927,0.516927,40.000000,-80.000000,40.000000,-40.000000,0.000000,40.000000
9,equal,45600,12.000,0,5,0.500,0.500,0.400,A7o,jam,0.000000,8.223958,20.559896,8.223958,20.559896,0.513997,0.513997,40.000000,-80.000000,40.000000,-40.000000,0.000000,40.000000
9,equal,45600,12.000,0,5,0.500,0.500,0.400,Q3s,jam,0.000000,8.171875,20.429688,8.171875,20.429688,0.510742,0.510742,40.000000,-80.000000,40.000000,-40.000000,0.000000,40.000000
9,equal,45600,12.000,0,5,0.500,0.500,0.400,J3s,jam,0.000000,8.140625,20.351562,8.140625,20.351562,0.508789,0.508789,40.000000,-80.000000,40.000000,-40.000000,0.000000,40.000000
9,equal,45600,12.000,0,5,0.500,0.500,0.400,K6o,jam,0.000000,8.098958,20.247396,8.098958,20.247396,0.506185,0.506185,40.000000,-80.000000,40.000000,-40.000000,0.000000,40.000000
9,equal,45600,12.000,0,5,0.500,0.500,0.400,Q5o,jam,0.000000,8.088542,20.221354,8.088542,20.221354,0.505534,0.505534,40.000000,-80.000000,40.000000,-40.000000,0.000000,40.000000
9,equal,45600,12.000,0,5,0.500,0.500,0.400,J6o,jam,0.000000,8.078125,20.195312,8.078125,20.195312,0.504883,0.504883,40.000000,-80.000000,40.000000,-40.000000,0.000000,40.000000
9,equal,45600,12.000,0,5,0.500,0.500,0.400,Q3o,jam,0.000000,8.052083,20.130208,8.052083,20.130208,0.503255,0.503255,40.000000,-80.000000,40.000000,-40.000000,0.000000,40.000000
9,equal,45600,12.000,0,5,0.500,0.500,0.400,A2o,jam,0.000000,8.020833,20.052083,8.020833,20.052083,0.501302,0.501302,40.000000,-80.000000,40.000000,-40.000000,0.000000,40.000000
9,equal,45600,12.000,0,5,0.500,0.500,0.400,Q4o,jam,0.000000,8.005208,20.013021,8.005208,20.013021,0.500326,0.500326,40.000000,-80.000000,40.000000,-40.000000,0.000000,40.000000
9,equal,45600,12.000,0,5,0.500,0.500,0.400,Q7o,jam,0.000000,8.000000,20.000000,8.000000,20.000000,0.500000,0.500000,40.000000,-80.000000,40.000000,-40.000000,0.000000,40.000000
9,equal,45600,12.000,0,5,0.500,0.500,0.400,J3o,jam,0.000000,8.000000,20.000000,8.000000,20.000000,0.500000,0.500000,40.000000,-80.000000,40.000000,-40.000000,0.000000,40.000000
9,equal,45600,12.000,0,5,0.500,0.500,0.400,T9s,jam,0.000000,8.000000,20.000000,8.000000,20.000000,0.500000,0.500000,40.000000,-80.000000,40.000000,-40.000000,0.000000,40.000000
9,equal,45600,12.000,0,5,0.500,0.500,0.400,66,jam,0.000000,7.968750,19.921875,7.968750,19.921875,0.498047,0.498047,40.000000,-80.000000,40.000000,-40.000000,0.000000,40.000000
9,equal,45600,12.000,0,5,0.500,0.500,0.400,K2o,jam,0.000000,7.854167,19.635417,7.854167,19.635417,0.490885,0.490885,40.000000,-80.000000,40.000000,-40.000000,0.000000,40.000000
9,equal,45600,12.000,0,5,0.500,0.500,0.400,K5o,jam,0.000000,7.828125,19.570312,7.828125,19.570312,0.489258,0.489258,40.000000,-80.000000,40.000000,-40.000000,0.000000,40.000000
9,equal,45600,12.000,0,5,0.500,0.500,0.400,55,jam,0.000000,7.822917,19.557292,7.822917,19.557292,0.488932,0.488932,40.000000,-80.000000,40.000000,-40.000000,0.000000,40.000000
9,equal,45600,12.000,0,5,0.500,0.500,0.400,33,jam,0.000000,7.687500,19.218750,7.687500,19.218750,0.480469,0.480469,40.000000,-80.000000,40.000000,-40.000000,0.000000,40.000000
9,equal,45600,12.000,0,5,0.500,0.500,0.400,T9o,jam,0.000000,7.635417,19.088542,7.635417,19.088542,0.477214,0.477214,40.000000,-80.000000,40.000000,-40.000000,0.000000,40.000000
9,equal,45600,12.000,0,5,0.500,0.500,0.400,22,jam,0.000000,7.427083,18.567708,7.427083,18.567708,0.464193,0.464193,40.000000,-80.000000,40.000000,-40.000000,0.000000,40.000000
9,equal,45600,12.000,0,5,0.500,0.500,0.400,77,jam,0.000000,7.385417,18.463542,7.385417,18.463542,0.461589,0.461589,40.000000,-80.000000,40.000000,-40.000000,0.000000,40.000000
9,equal,45600,12.000,0,5,0.500,0.500,0.400,44,jam,0.000000,7.020833,17.552083,7.020833,17.552083,0.438802,0.438802,40.000000,-80.000000,40.000000,-40.000000,0.000000,40.000000
9,equal,45600,12.000,0,5,0.500,0.500,0.400,76s,jam,0.000000,6.062500,15.156250,6.062500,15.156250,0.378906,0.378906,40.000000,-80.000000,40.000000,-40.000000,0.000000,40.000000
9,equal,45600,12.000,0,5,0.500,0.500,0.400,72s,jam,0.000000,5.875000,14.687500,5.875000,14.687500,0.367188,0.367188,40.000000,-80.000000,40.000000,-40.000000,0.000000,40.000000
9,equal,45600,12.000,0,5,0.500,0.500,0.400,75s,jam,0.000000,5.781250,14.453125,5.781250,14.453125,0.361328,0.361328,40.000000,-80.000000,40.000000,-40.000000,0.000000,40.000000
9,equal,45600,12.000,0,5,0.500,0.500,0.400,42s,jam,0.000000,5.765625,14.414062,5.765625,14.414062,0.360352,0.360352,40.000000,-80.000000,40.000000,-40.000000,0.000000,40.000000
9,equal,45600,12.000,0,5,0.500,0.500,0.400,54o,jam,0.000000,5.755208,14.388021,5.755208,14.388021,0.359701,0.359701,40.000000,-80.000000,40.000000,-40.000000,0.000000,40.000000
9,equal,45600,12.000,0,5,0.500,0.500,0.400,76o,jam,0.000000,5.744792,14.361979,5.744792,14.361979,0.359049,0.359049,40.000000,-80.000000,40.000000,-40.000000,0.000000,40.000000
9,equal,45600,12.000,0,5,0.500,0.500,0.400,43s,jam,0.000000,5.687500,14.218750,5.687500,14.218750,0.355469,0.355469,40.000000,-80.000000,40.000000,-40.000000,0.000000,40.000000
9,equal,45600,12.000,0,5,0.500,0.500,0.400,52s,jam,0.000000,5.640625,14.101562,5.640625,14.101562,0.352539,0.352539,40.000000,-80.000000,40.000000,-40.000000,0.000000,40.000000
9,equal,45600,12.000,0,5,0.500,0.500,0.400,T3s,jam,0.000000,5.604167,14.010417,5.604167,14.010417,0.350260,0.350260,40.000000,-80.000000,40.000000,-40.000000,0.000000,40.000000
9,equal,45600,12.000,0,5,0.500,0.500,0.400,86s,jam,0.000000,5.593750,13.984375,5.593750,13.984375,0.349609,0.349609,40.000000,-80.000000,40.000000,-40.000000,0.000000,40.000000
9,equal,45600,12.000,0,5,0.500,0.500,0.400,73s,jam,0.000000,5.593750,13.984375,5.593750,13.984375,0.349609,0.349609,40.000000,-80.000000,40.000000,-40.000000,0.000000,40.000000
9,equal,45600,12.000,0,5,0.500,0.500,0.400,87o,jam,0.000000,5.562500,13.906250,5.562500,13.906250,0.347656,0.347656,40.000000,-80.000000,40.000000,-40.000000,0.000000,40.000000
9,equal,45600,12.000,0,5,0.500,0.500,0.400,85s,jam,0.000000,5.562500,13.906250,5.562500,13.906250,0.347656,0.347656,40.000000,-80.000000,40.000000,-40.000000,0.000000,40.000000
9,equal,45600,12.000,0,5,0.500,0.500,0.400,74s,jam,0.000000,5.531250,13.828125,5.531250,13.828125,0.345703,0.345703,40.000000,-80.000000,40.000000,-40.000000,0.000000,40.000000
9,equal,45600,12.000,0,5,0.500,0.500,0.400,63s,jam,0.000000,5.531250,13.828125,5.531250,13.828125,0.345703,0.345703,40.000000,-80.000000,40.000000,-40.000000,0.000000,40.000000
9,equal,45600,12.000,0,5,0.500,0.500,0.400,T8s,jam,0.000000,5.520833,13.802083,5.520833,13.802083,0.345052,0.345052,40.000000,-80.000000,40.000000,-40.000000,0.000000,40.000000
9,equal,45600,12.000,0,5,0.500,0.500,0.400,65s,jam,0.000000,5.500000,13.750000,5.500000,13.750000,0.343750,0.343750,40.000000,-80.000000,40.000000,-40.000000,0.000000,40.000000
9,equal,45600,12.000,0,5,0.500,0.500,0.400,53s,jam,0.000000,5.453125,13.632812,5.453125,13.632812,0.340820,0.340820,40.000000,-80.000000,40.000000,-40.000000,0.000000,40.000000
9,equal,45600,12.000,0,5,0.500,0.500,0.400,87s,jam,0.000000,5.390625,13.476562,5.390625,13.476562,0.336914,0.336914,40.000000,-80.000000,40.000000,-40.000000,0.000000,40.000000
9,equal,45600,12.000,0,5,0.500,0.500,0.400,53o,jam,0.000000,5.385417,13.463542,5.385417,13.463542,0.336589,0.336589,40.000000,-80.000000,40.000000,-40.000000,0.000000,40.000000
9,equal,45600,12.000,0,5,0.500,0.500,0.400,65o,jam,0.000000,5.375000,13.437500,5.375000,13.437500,0.335938,0.335938,40.000000,-80.000000,40.000000,-40.000000,0.000000,40.000000
9,equal,45600,12.000,0,5,0.500,0.500,0.400,52o,jam,0.000000,5.302083,13.255208,5.302083,13.255208,0.331380,0.331380,40.000000,-80.000000,40.000000,-40.000000,0.000000,40.000000
9,equal,45600,12.000,0,5,0.500,0.500,0.400,32o,jam,0.000000,5.286458,13.216146,5.286458,13.216146,0.330404,0.330404,40.000000,-80.000000,40.000000,-40.000000,0.000000,40.000000
9,equal,45600,12.000,0,5,0.500,0.500,0.400,64o,jam,0.000000,5.244792,13.111979,5.244792,13.111979,0.327799,0.327799,40.000000,-80.000000,40.000000,-40.000000,0.000000,40.000000
9,equal,45600,12.000,0,5,0.500,0.500,0.400,84s,jam,0.000000,5.234375,13.085938,5.234375,13.085938,0.327148,0.327148,40.000000,-80.000000,40.000000,-40.000000,0.000000,40.000000
9,equal,45600,12.000,0,5,0.500,0.500,0.400,62s,jam,0.000000,5.218750,13.046875,5.218750,13.046875,0.326172,0.326172,40.000000,-80.000000,40.000000,-40.000000,0.000000,40.000000
9,equal,45600,12.000,0,5,0.500,0.500,0.400,63o,jam,0.000000,5.208333,13.020833,5.208333,13.020833,0.325521,0.325521,40.000000,-80.000000,40.000000,-40.000000,0.000000,40.000000
9,equal,45600,12.000,0,5,0.500,0.500,0.400,42o,jam,0.000000,5.187500,12.968750,5.187500,12.968750,0.324219,0.324219,40.000000,-80.000000,40.000000,-40.000000,0.000000,40.000000
9,equal,45600,12.000,0,5,0.500,0.500,0.400,43o,jam,0.000000,5.177083,12.942708,5.177083,12.942708,0.323568,0.323568,40.000000,-80.000000,40.000000,-40.000000,0.000000,40.000000
9,equal,45600,12.000,0,5,0.500,0.500,0.400,54s,jam,0.000000,5.171875,12.929688,5.171875,12.929688,0.323242,0.323242,40.000000,-80.000000,40.000000,-40.000000,0.000000,40.000000
9,equal,45600,12.000,0,5,0.500,0.500,0.400,T6s,jam,0.000000,5.166667,12.916667,5.166667,12.916667,0.322917,0.322917,40.000000,-80.000000,40.000000,-40.000000,0.000000,40.000000
9,equal,45600,12.000,0,5,0.500,0.500,0.400,92s,jam,0.000000,5.166667,12.916667,5.166667,12.916667,0.322917,0.322917,40.000000,-80.000000,40.000000,-40.000000,0.000000,40.000000
9,equal,45600,12.000,0,5,0.500,0.500,0.400,62o,jam,0.000000,5.135417,12.838542,5.135417,12.838542,0.320964,0.320964,40.000000,-80.000000,40.000000,-40.000000,0.000000,40.000000
9,equal,45600,12.000,0,5,0.500,0.500,0.400,96s,jam,0.000000,5.125000,12.812500,5.125000,12.812500,0.320312,0.320312,40.000000,-80.000000,40.000000,-40.000000,0.000000,40.000000
9,equal,45600,12.000,0,5,0.500,0.500,0.400,75o,jam,0.000000,5.119792,12.799479,5.119792,12.799479,0.319987,0.319987,40.000000,-80.000000,40.000000,-40.000000,0.000000,40.000000
9,equal,45600,12.000,0,5,0.500,0.500,0.400,86o,jam,0.000000,5.072917,12.682292,5.072917,12.682292,0.317057,0.317057,40.000000,-80.000000,40.000000,-40.000000,0.000000,40.000000
9,equal,45600,12.000,0,5,0.500,0.500,0.400,T2s,jam,0.000000,5.062500,12.656250,5.062500,12.656250,0.316406,0.316406,40.000000,-80.000000,40.000000,-40.000000,0.000000,40.000000
9,equal,45600,12.000,0,5,0.500,0.500,0.400,82s,jam,0.000000,5.031250,12.578125,5.031250,12.578125,0.314453,0.314453,40.000000,-80.000000,40.000000,-40.000000,0.000000,40.000000
9,equal,45600,12.000,0,5,0.500,0.500,0.400,83s,jam,0.000000,5.015625,12.539062,5.015625,12.539062,0.313477,0.313477,40.000000,-80.000000,40.000000,-40.000000,0.000000,40.000000
9,equal,45600,12.000,0,5,0.500,0.500,0.400,T7s,jam,0.000000,4.979167,12.447917,4.979167,12.447917,0.311198,0.311198,40.000000,-80.000000,40.000000,-40.000000,0.000000,40.000000
9,equal,45600,12.000,0,5,0.500,0.500,0.400,T5s,jam,0.000000,4.895833,12.239583,4.895833,12.239583,0.305990,0.305990,40.000000,-80.000000,40.000000,-40.000000,0.000000,40.000000
9,equal,45600,12.000,0,5,0.500,0.500,0.400,85o,jam,0.000000,4.848958,12.122396,4.848958,12.122396,0.303060,0.303060,40.000000,-80.000000,40.000000,-40.000000,0.000000,40.000000
9,equal,45600,12.000,0,5,0.500,0.500,0.400,84o,jam,0.000000,4.838542,12.096354,4.838542,12.096354,0.302409,0.302409,40.000000,-80.000000,40.000000,-40.000000,0.000000,40.000000
9,equal,45600,12.000,0,5,0.500,0.500,0.400,T4s,jam,0.000000,4.833333,12.083333,4.833333,12.083333,0.302083,0.302083,40.000000,-80.000000,40.000000,-40.000000,0.000000,40.000000
9,equal,45600,12.000,0,5,0.500,0.500,0.400,93s,jam,0.000000,4.833333,12.083333,4.833333,12.083333,0.302083,0.302083,40.000000,-80.000000,40.000000,-40.000000,0.000000,40.000000
9,equal,45600,12.000,0,5,0.500,0.500,0.400,73o,jam,0.000000,4.807292,12.018229,4.807292,12.018229,0.300456,0.300456,40.000000,-80.000000,40.000000,-40.000000,0.000000,40.000000
9,equal,45600,12.000,0,5,0.500,0.500,0.400,74o,jam,0.000000,4.765625,11.914062,4.765625,11.914062,0.297852,0.297852,40.000000,-80.000000,40.000000,-40.000000,0.000000,40.000000
9,equal,45600,12.000,0,5,0.500,0.500,0.400,97s,jam,0.000000,4.750000,11.875000,4.750000,11.875000,0.296875,0.296875,40.000000,-80.000000,40.000000,-40.000000,0.000000,40.000000
9,equal,45600,12.000,0,5,0.500,0.500,0.400,94s,jam,0.000000,4.729167,11.822917,4.729167,11.822917,0.295573,0.295573,40.000000,-80.000000,40.000000,-40.000000,0.000000,40.000000
9,equal,45600,12.000,0,5,0.500,0.500,0.400,95s,jam,0.000000,4.645833,11.614583,4.645833,11.614583,0.290365,0.290365,40.000000,-80.000000,40.000000,-40.000000,0.000000,40.000000
9,equal,45600,12.000,0,5,0.500,0.500,0.400,T6o,jam,0.000000,4.638889,11.597222,4.638889,11.597222,0.289931,0.289931,40.000000,-80.000000,40.000000,-40.000000,0.000000,40.000000
9,equal,45600,12.000,0,5,0.500,0.500,0.400,T2o,jam,0.000000,4.638889,11.597222,4.638889,11.597222,0.289931,0.289931,40.000000,-80.000000,40.000000,-40.000000,0.000000,40.000000
9,equal,45600,12.000,0,5,0.500,0.500,0.400,T5o,jam,0.000000,4.625000,11.562500,4.625000,11.562500,0.289062,0.289062,40.000000,-80.000000,40.000000,-40.000000,0.000000,40.000000
9,equal,45600,12.000,0,5,0.500,0.500,0.400,72o,jam,0.000000,4.614583,11.536458,4.614583,11.536458,0.288411,0.288411,40.000000,-80.000000,40.000000,-40.000000,0.000000,40.000000
9,equal,45600,12.000,0,5,0.500,0.500,0.400,T8o,jam,0.000000,4.611111,11.527778,4.611111,11.527778,0.288194,0.288194,40.000000,-80.000000,40.000000,-40.000000,0.000000,40.000000
9,equal,45600,12.000,0,5,0.500,0.500,0.400,98s,jam,0.000000,4.604167,11.510417,4.604167,11.510417,0.287760,0.287760,40.000000,-80.000000,40.000000,-40.000000,0.000000,40.000000
9,equal,45600,12.000,0,5,0.500,0.500,0.400,64s,jam,0.000000,4.593750,11.484375,4.593750,11.484375,0.287109,0.287109,40.000000,-80.000000,40.000000,-40.000000,0.000000,40.000000
9,equal,45600,12.000,0,5,0.500,0.500,0.400,T7o,jam,0.000000,4.541667,11.354167,4.541667,11.354167,0.283854,0.283854,40.000000,-80.000000,40.000000,-40.000000,0.000000,40.000000
9,equal,45600,12.000,0,5,0.500,0.500,0.400,82o,jam,0.000000,4.500000,11.250000,4.500000,11.250000,0.281250,0.281250,40.000000,-80.000000,40.000000,-40.000000,0.000000,40.000000
9,equal,45600,12.000,0,5,0.500,0.500,0.400,83o,jam,0.000000,4.453125,11.132812,4.453125,11.132812,0.278320,0.278320,40.000000,-80.000000,40.000000,-40.000000,0.000000,40.000000
9,equal,45600,12.000,0,5,0.500,0.500,0.400,32s,jam,0.000000,4.390625,10.976562,4.390625,10.976562,0.274414,0.274414,40.000000,-80.000000,40.000000,-40.000000,0.000000,40.000000
9,equal,45600,12.000,0,5,0.500,0.500,0.400,T4o,jam,0.000000,4.381944,10.954861,4.381944,10.954861,0.273872,0.273872,40.000000,-80.000000,40.000000,-40.000000,0.000000,40.000000
9,equal,45600,12.000,0,5,0.500,0.500,0.400,T3o,jam,0.000000,4.354167,10.885417,4.354167,10.885417,0.272135,0.272135,40.000000,-80.000000,40.000000,-40.000000,0.000000,40.000000
9,equal,45600,12.000,0,5,0.500,0.500,0.400,93o,jam,0.000000,4.312500,10.781250,4.312500,10.781250,0.269531,0.269531,40.000000,-80.000000,40.000000,-40.000000,0.000000,40.000000
9,equal,45600,12.000,0,5,0.500,0.500,0.400,98o,jam,0.000000,4.180556,10.451389,4.180556,10.451389,0.261285,0.261285,40.000000,-80.000000,40.000000,-40.000000,0.000000,40.000000
9,equal,45600,12.000,0,5,0.500,0.500,0.400,96o,jam,0.000000,4.131944,10.329861,4.131944,10.329861,0.258247,0.258247,40.000000,-80.000000,40.000000,-40.000000,0.000000,40.000000
9,equal,45600,12.000,0,5,0.500,0.500,0.400,97o,jam,0.000000,4.125000,10.312500,4.125000,10.312500,0.257812,0.257812,40.000000,-80.000000,40.000000,-40.000000,0.000000,40.000000
9,equal,45600,12.000,0,5,0.500,0.500,0.400,94o,jam,0.000000,4.027778,10.069444,4.027778,10.069444,0.251736,0.251736,40.000000,-80.000000,40.000000,-40.000000,0.000000,40.000000
9,equal,45600,12.000,0,5,0.500,0.500,0.400,92o,jam,0.000000,3.861111,9.652778,3.861111,9.652778,0.241319,0.241319,40.000000,-80.000000,40.000000,-40.000000,0.000000,40.000000
9,equal,45600,12.000,0,5,0.500,0.500,0.400,95o,jam,0.000000,3.631944,9.079861,3.631944,9.079861,0.226997,0.226997,40.000000,-80.000000,40.000000,-40.000000,0.000000,40.000000
9,equal,45600,12.000,0,5,0.500,1.000,0.400,99,jam,0.000000,9.937500,30.729167,9.937500,30.729167,0.621094,0.884115,40.000000,-80.000000,40.000000,-40.000000,0.000000,40.000000
9,equal,45600,12.000,0,5,0.500,1.000,0.400,TT,jam,0.000000,13.062500,28.871528,13.062500,28.871528,0.816406,0.860894,40.000000,-80.000000,40.000000,-40.000000,0.000000,40.000000
9,equal,45600,12.000,0,5,0.500,1.000,0.400,JJ,jam,0.000000,13.218750,27.274306,13.218750,27.274306,0.826172,0.840929,40.000000,-80.000000,40.000000,-40.000000,0.000000,40.000000
9,equal,45600,12.000,0,5,0.500,1.000,0.400,KK,jam,0.000000,12.489583,26.788194,12.489583,26.788194,0.780599,0.834852,40.000000,-80.000000,40.000000,-40.000000,0.000000,40.000000
9,equal,45600,12.000,0,5,0.500,1.000,0.400,AA,jam,0.000000,12.604167,25.746528,12.604167,25.746528,0.787760,0.821832,40.000000,-80.000000,40.000000,-40.000000,0.000000,40.000000
9,equal,45600,12.000,0,5,0.500,1.000,0.400,QQ,jam,0.000000,13.072917,25.364583,13.072917,25.364583,0.817057,0.817057,40.000000,-80.000000,40.000000,-40.000000,0.000000,40.000000
9,equal,45600,12.000,0,5,0.500,1.000,0.400,T9s,jam,0.000000,8.000000,19.375000,8.000000,19.375000,0.500000,0.742188,40.000000,-80.000000,40.000000,-40.000000,0.000000,40.000000
9,equal,45600,12.000,0,5,0.500,1.000,0.400,J9o,jam,0.000000,10.722222,19.189815,10.722222,19.189815,0.670139,0.739873,40.000000,-80.000000,40.000000,-40.000000,0.000000,40.000000
9,equal,45600,12.000,0,5,0.500,1.000,0.400,Q9s,jam,0.000000,10.625000,18.958333,10.625000,18.958333,0.664062,0.736979,40.000000,-80.000000,40.000000,-40.000000,0.000000,40.000000
9,equal,45600,12.000,0,5,0.500,1.000,0.400,J7s,jam,0.000000,9.093750,18.402778,9.093750,18.402778,0.568359,0.730035,40.000000,-80.000000,40.000000,-40.000000,0.000000,40.000000
9,equal,45600,12.000,0,5,0.500,1.000,0.400,T9o,jam,0.000000,7.635417,18.368056,7.635417,18.368056,0.477214,0.729601,40.000000,-80.000000,40.000000,-40.000000,0.000000,40.000000
9,equal,45600,12.000,0,5,0.500,1.000,0.400,A9s,jam,0.000000,10.958333,18.194444,10.958333,18.194444,0.684896,0.727431,40.000000,-80.000000,40.000000,-40.000000,0.000000,40.000000
9,equal,45600,12.000,0,5,0.500,1.000,0.400,J9s,jam,0.000000,11.937500,18.055556,11.937500,18.055556,0.746094,0.725694,40.000000,-80.000000,40.000000,-40.000000,0.000000,40.000000
9,equal,45600,12.000,0,5,0.500,1.000,0.400,Q9o,jam,0.000000,10.777778,17.881944,10.777778,17.881944,0.673611,0.723524,40.000000,-80.000000,40.000000,-40.000000,0.000000,40.000000
9,equal,45600,12.000,0,5,0.500,1.000,0.400,A7s,jam,0.000000,8.812500,17.534722,8.812500,17.534722,0.550781,0.719184,40.000000,-80.000000,40.000000,-40.000000,0.000000,40.000000
9,equal,45600,12.000,0,5,0.500,1.000,0.400,K7s,jam,0.000000,8.796875,17.534722,8.796875,17.534722,0.549805,0.719184,40.000000,-80.000000,40.000000,-40.000000,0.000000,40.000000
9,equal,45600,12.000,0,5,0.500,1.000,0.400,Q7s,jam,0.000000,9.234375,17.326389,9.234375,17.326389,0.577148,0.716580,40.000000,-80.000000,40.000000,-40.000000,0.000000,40.000000
9,equal,45600,12.000,0,5,0.500,1.000,0.400,K9s,jam,0.000000,10.541667,17.083333,10.541667,17.083333,0.658854,0.713542,40.000000,-80.000000,40.000000,-40.000000,0.000000,40.000000
9,equal,45600,12.000,0,5,0.500,1.000,0.400,A9o,jam,0.000000,10.534722,17.083333,10.534722,17.083333,0.658420,0.713542,40.000000,-80.000000,40.000000,-40.000000,0.000000,40.000000
9,equal,45600,12.000,0,5,0.500,1.000,0.400,T7s,jam,0.000000,4.979167,17.048611,4.979167,17.048611,0.311198,0.713108,40.000000,-80.000000,40.000000,-40.000000,0.000000,40.000000
9,equal,45600,12.000,0,5,0.500,1.000,0.400,J7o,jam,0.000000,8.296875,16.956019,8.296875,16.956019,0.518555,0.711950,40.000000,-80.000000,40.000000,-40.000000,0.000000,40.000000
9,equal,45600,12.000,0,5,0.500,1.000,0.400,A7o,jam,0.000000,8.223958,16.944444,8.223958,16.944444,0.513997,0.711806,40.000000,-80.000000,40.000000,-40.000000,0.000000,40.000000
9,equal,45600,12.000,0,5,0.500,1.000,0.400,K7o,jam,0.000000,8.458333,16.747685,8.458333,16.747685,0.528646,0.709346,40.000000,-80.000000,40.000000,-40.000000,0.000000,40.000000
9,equal,45600,12.000,0,5,0.500,1.000,0.400,K9o,jam,0.000000,10.722222,16.215278,10.722222,16.215278,0.670139,0.702691,40.000000,-80.000000,40.000000,-40.000000,0.000000,40.000000
9,equal,45600,12.000,0,5,0.500,1.000,0.400,Q7o,jam,0.000000,8.000000,16.215278,8.000000,16.215278,0.500000,0.702691,40.000000,-80.000000,40.000000,-40.000000,0.000000,40.000000
9,equal,45600,12.000,0,5,0.500,1.000,0.400,98s,jam,0.000000,4.604167,15.833333,4.604167,15.833333,0.287760,0.697917,40.000000,-80.000000,40.000000,-40.000000,0.000000,40.000000
9,equal,45600,12.000,0,5,0.500,1.000,0.400,T7o,jam,0.000000,4.541667,15.729167,4.541667,15.729167,0.283854,0.696615,40.000000,-80.000000,40.000000,-40.000000,0.000000,40.000000
9,equal,45600,12.000,0,5,0.500,1.000,0.400,JTs,jam,0.000000,11.250000,15.651042,11.250000,15.651042,0.703125,0.695638,40.000000,-80.000000,40.000000,-40.000000,0.000000,40.000000
9,equal,45600,12.000,0,5,0.500,1.000,0.400,88,jam,0.000000,8.270833,14.930556,8.270833,14.930556,0.516927,0.686632,40.000000,-80.000000,40.000000,-40.000000,0.000000,40.000000
9,equal,45600,12.000,0,5,0.500,1.000,0.400,QJs,jam,0.000000,10.500000,14.453125,10.500000,14.453125,0.656250,0.680664,40.000000,-80.000000,40.000000,-40.000000,0.000000,40.000000
9,equal,45600,12.000,0,5,0.500,1.000,0.400,JTo,jam,0.000000,11.090278,14.418403,11.090278,14.418403,0.693142,0.680230,40.000000,-80.000000,40.000000,-40.000000,0.000000,40.000000
9,equal,45600,12.000,0,5,0.500,1.000,0.400,QTs,jam,0.000000,11.145833,14.036458,11.145833,14.036458,0.696615,0.675456,40.000000,-80.000000,40.000000,-40.000000,0.000000,40.000000
9,equal,45600,12.000,0,5,0.500,1.000,0.400,AJs,jam,0.000000,10.250000,13.697917,10.250000,13.697917,0.640625,0.671224,40.000000,-80.000000,40.000000,-40.000000,0.000000,40.000000
9,equal,45600,12.000,0,5,0.500,1.000,0.400,77,jam,0.000000,7.385417,13.611111,7.385417,13.611111,0.461589,0.670139,40.000000,-80.000000,40.000000,-40.000000,0.000000,40.000000
9,equal,45600,12.000,0,5,0.500,1.000,0.400,98o,jam,0.000000,4.180556,13.368056,4.180556,13.368056,0.261285,0.667101,40.000000,-80.000000,40.000000,-40.000000,0.000000,40.000000
9,equal,45600,12.000,0,5,0.500,1.000,0.400,KTs,jam,0.000000,10.750000,13.255208,10.750000,13.255208,0.671875,0.665690,40.000000,-80.000000,40.000000,-40.000000,0.000000,40.000000
9,equal,45600,12.000,0,5,0.500,1.000,0.400,T8s,jam,0.000000,5.520833,12.916667,5.520833,12.916667,0.345052,0.661458,40.000000,-80.000000,40.000000,-40.000000,0.000000,40.000000
9,equal,45600,12.000,0,5,0.500,1.000,0.400,ATs,jam,0.000000,10.916667,12.890625,10.916667,12.890625,0.682292,0.661133,40.000000,-80.000000,40.000000,-40.000000,0.000000,40.000000
9,equal,45600,12.000,0,5,0.500,1.000,0.400,AQs,jam,0.000000,10.265625,12.578125,10.265625,12.578125,0.641602,0.657227,40.000000,-80.000000,40.000000,-40.000000,0.000000,40.000000
9,equal,45600,12.000,0,5,0.500,1.000,0.400,J8s,jam,0.000000,9.421875,12.552083,9.421875,12.552083,0.588867,0.656901,40.000000,-80.000000,40.000000,-40.000000,0.000000,40.000000
9,equal,45600,12.000,0,5,0.500,1.000,0.400,QTo,jam,0.000000,10.680556,12.526042,10.680556,12.526042,0.667535,0.656576,40.000000,-80.000000,40.000000,-40.000000,0.000000,40.000000
9,equal,45600,12.000,0,5,0.500,1.000,0.400,KQs,jam,0.000000,10.515625,12.500000,10.515625,12.500000,0.657227,0.656250,40.000000,-80.000000,40.000000,-40.000000,0.000000,40.000000
9,equal,45600,12.000,0,5,0.500,1.000,0.400,KJo,jam,0.000000,9.526042,12.239583,9.526042,12.239583,0.595378,0.652995,40.000000,-80.000000,40.000000,-40.000000,0.000000,40.000000
9,equal,45600,12.000,0,5,0.500,1.000,0.400,QJo,jam,0.000000,9.958333,12.013889,9.958333,12.013889,0.622396,0.650174,40.000000,-80.000000,40.000000,-40.000000,0.000000,40.000000
9,equal,45600,12.000,0,5,0.500,1.000,0.400,AQo,jam,0.000000,9.244792,11.892361,9.244792,11.892361,0.577799,0.648655,40.000000,-80.000000,40.000000,-40.000000,0.000000,40.000000
9,equal,45600,12.000,0,5,0.500,1.000,0.400,KQo,jam,0.000000,9.593750,11.831597,9.593750,11.831597,0.599609,0.647895,40.000000,-80.000000,40.000000,-40.000000,0.000000,40.000000
9,equal,45600,12.000,0,5,0.500,1.000,0.400,KTo,jam,0.000000,10.937500,11.762153,10.937500,11.762153,0.683594,0.647027,40.000000,-80.000000,40.000000,-40.000000,0.000000,40.000000
9,equal,45600,12.000,0,5,0.500,1.000,0.400,T8o,jam,0.000000,4.611111,11.701389,4.611111,11.701389,0.288194,0.646267,40.000000,-80.000000,40.000000,-40.000000,0.000000,40.000000
9,equal,45600,12.000,0,5,0.500,1.000,0.400,AKo,jam,0.000000,9.171875,11.614583,9.171875,11.614583,0.573242,0.645182,40.000000,-80.000000,40.000000,-40.000000,0.000000,40.000000
9,equal,45600,12.000,0,5,0.500,1.000,0.400,KJs,jam,0.000000,10.390625,11.510417,10.390625,11.510417,0.649414,0.643880,40.000000,-80.000000,40.000000,-40.000000,0.000000,40.000000
9,equal,45600,12.000,0,5,0.500,1.000,0.400,AJo,jam,0.000000,9.708333,11.501736,9.708333,11.501736,0.606771,0.643772,40.000000,-80.000000,40.000000,-40.000000,0.000000,40.000000
9,equal,45600,12.000,0,5,0.500,1.000,0.400,AKs,jam,0.000000,10.187500,11.171875,10.187500,11.171875,0.636719,0.639648,40.000000,-80.000000,40.000000,-40.000000,0.000000,40.000000
9,equal,45600,12.000,0,5,0.500,1.000,0.400,K8s,jam,0.000000,8.656250,10.390625,8.656250,10.390625,0.541016,0.629883,40.000000,-80.000000,40.000000,-40.000000,0.000000,40.000000
9,equal,45600,12.000,0,5,0.500,1.000,0.400,Q8s,jam,0.000000,9.421875,9.843750,9.421875,9.843750,0.588867,0.623047,40.000000,-80.000000,40.000000,-40.000000,0.000000,40.000000
9,equal,45600,12.000,0,5,0.500,1.000,0.400,A8s,jam,0.000000,9.359375,9.557292,9.359375,9.557292,0.584961,0.619466,40.000000,-80.000000,40.000000,-40.000000,0.000000,40.000000
9,equal,45600,12.000,0,5,0.500,1.000,0.400,J8o,jam,0.000000,8.750000,9.149306,8.750000,9.149306,0.546875,0.614366,40.000000,-80.000000,40.000000,-40.000000,0.000000,40.000000
9,equal,45600,12.000,0,5,0.500,1.000,0.400,A6s,jam,0.000000,9.031250,9.140625,9.031250,9.140625,0.564453,0.614258,40.000000,-80.000000,40.000000,-40.000000,0.000000,40.000000
9,equal,45600,12.000,0,5,0.500,1.000,0.400,Q8o,jam,0.000000,8.604167,8.854167,8.604167,8.854167,0.537760,0.610677,40.000000,-80.000000,40.000000,-40.000000,0.000000,40.000000
9,equal,45600,12.000,0,5,0.500,1.000,0.400,Q3s,jam,0.000000,8.171875,8.333333,8.171875,8.333333,0.510742,0.604167,40.000000,-80.000000,40.000000,-40.000000,0.000000,40.000000
9,equal,45600,12.000,0,5,0.500,1.000,0.400,T4s,jam,0.000000,4.833333,7.578125,4.833333,7.578125,0.302083,0.594727,40.000000,-80.000000,40.000000,-40.000000,0.000000,40.000000
9,equal,45600,12.000,0,5,0.500,1.000,0.400,T5s,jam,0.000000,4.895833,6.953125,4.895833,6.953125,0.305990,0.586914,40.000000,-80.000000,40.000000,-40.000000,0.000000,40.000000
9,equal,45600,12.000,0,5,0.500,1.000,0.400,T3s,jam,0.000000,5.604167,6.848958,5.604167,6.848958,0.350260,0.585612,40.000000,-80.000000,40.000000,-40.000000,0.000000,40.000000
9,equal,45600,12.000,0,5,0.500,1.000,0.400,T6s,jam,0.000000,5.166667,6.796875,5.166667,6.796875,0.322917,0.584961,40.000000,-80.000000,40.000000,-40.000000,0.000000,40.000000
9,equal,45600,12.000,0,5,0.500,1.000,0.400,T2s,jam,0.000000,5.062500,5.859375,5.062500,5.859375,0.316406,0.573242,40.000000,-80.000000,40.000000,-40.000000,0.000000,40.000000
9,equal,45600,12.000,0,5,0.500,1.000,0.400,T6o,jam,0.000000,4.638889,5.789931,4.638889,5.789931,0.289931,0.572374,40.000000,-80.000000,40.000000,-40.000000,0.000000,40.000000
9,equal,45600,12.000,0,5,0.500,1.000,0.400,T3o,jam,0.000000,4.354167,5.251736,4.354167,5.251736,0.272135,0.565647,40.000000,-80.000000,40.000000,-40.000000,0.000000,40.000000
9,equal,45600,12.000,0,5,0.500,1.000,0.400,T5o,jam,0.000000,4.625000,4.956597,4.625000,4.956597,0.289062,0.561957,40.000000,-80.000000,40.000000,-40.000000,0.000000,40.000000
9,equal,45600,12.000,0,5,0.500,1.000,0.400,T4o,jam,0.000000,4.381944,4.869792,4.381944,4.869792,0.273872,0.560872,40.000000,-80.000000,40.000000,-40.000000,0.000000,40.000000
9,equal,45600,12.000,0,5,0.500,1.000,0.400,ATo,flat,0.000000,11.173611,10.859375,11.173611,10.859375,0.698351,0.635742,40.000000,-80.000000,40.000000,-40.000000,0.000000,40.000000
9,equal,45600,12.000,0,5,0.500,1.000,0.400,A4s,flat,0.000000,8.640625,8.333333,8.640625,8.333333,0.540039,0.604167,40.000000,-80.000000,40.000000,-40.000000,0.000000,40.000000
9,equal,45600,12.000,0,5,0.500,1.000,0.400,A8o,flat,0.000000,8.750000,8.220486,8.750000,8.220486,0.546875,0.602756,40.000000,-80.000000,40.000000,-40.000000,0.000000,40.000000
9,equal,45600,12.000,0,5,0.500,1.000,0.400,K4s,flat,0.000000,8.515625,7.968750,8.515625,7.968750,0.532227,0.599609,40.000000,-80.000000,40.000000,-40.000000,0.000000,40.000000
9,equal,45600,12.000,0,5,0.500,1.000,0.400,K5s,flat,0.000000,9.250000,7.812500,9.250000,7.812500,0.578125,0.597656,40.000000,-80.000000,40.000000,-40.000000,0.000000,40.000000
9,equal,45600,12.000,0,5,0.500,1.000,0.400,A5s,flat,0.000000,8.687500,7.734375,8.687500,7.734375,0.542969,0.596680,40.000000,-80.000000,40.000000,-40.000000,0.000000,40.000000
9,equal,45600,12.000,0,5,0.500,1.000,0.400,Q5s,flat,0.000000,8.875000,7.421875,8.875000,7.421875,0.554688,0.592773,40.000000,-80.000000,40.000000,-40.000000,0.000000,40.000000
9,equal,45600,12.000,0,5,0.500,1.000,0.400,K6s,flat,0.000000,8.859375,7.421875,8.859375,7.421875,0.553711,0.592773,40.000000,-80.000000,40.000000,-40.000000,0.000000,40.000000
9,equal,45600,12.000,0,5,0.500,1.000,0.400,J3s,flat,0.000000,8.140625,7.265625,8.140625,7.265625,0.508789,0.590820,40.000000,-80.000000,40.000000,-40.000000,0.000000,40.000000
9,equal,45600,12.000,0,5,0.500,1.000,0.400,Q6s,flat,0.000000,8.937500,7.083333,8.937500,7.083333,0.558594,0.588542,40.000000,-80.000000,40.000000,-40.000000,0.000000,40.000000
9,equal,45600,12.000,0,5,0.500,1.000,0.400,K8o,flat,0.000000,8.447917,6.727431,8.447917,6.727431,0.527995,0.584093,40.000000,-80.000000,40.000000,-40.000000,0.000000,40.000000
9,equal,45600,12.000,0,5,0.500,1.000,0.400,K3s,flat,0.000000,8.421875,6.588542,8.421875,6.588542,0.526367,0.582357,40.000000,-80.000000,40.000000,-40.000000,0.000000,40.000000
9,equal,45600,12.000,0,5,0.500,1.000,0.400,Q4s,flat,0.000000,8.781250,6.484375,8.781250,6.484375,0.548828,0.581055,40.000000,-80.000000,40.000000,-40.000000,0.000000,40.000000
9,equal,45600,12.000,0,5,0.500,1.000,0.400,A5o,flat,0.000000,8.427083,6.458333,8.427083,6.458333,0.526693,0.580729,40.000000,-80.000000,40.000000,-40.000000,0.000000,40.000000
9,equal,45600,12.000,0,5,0.500,1.000,0.400,J6s,flat,0.000000,9.515625,6.406250,9.515625,6.406250,0.594727,0.580078,40.000000,-80.000000,40.000000,-40.000000,0.000000,40.000000
9,equal,45600,12.000,0,5,0.500,1.000,0.400,J5s,flat,0.000000,8.796875,6.328125,8.796875,6.328125,0.549805,0.579102,40.000000,-80.000000,40.000000,-40.000000,0.000000,40.000000
9,equal,45600,12.000,0,5,0.500,1.000,0.400,A3s,flat,0.000000,9.312500,6.276042,9.312500,6.276042,0.582031,0.578451,40.000000,-80.000000,40.000000,-40.000000,0.000000,40.000000
9,equal,45600,12.000,0,5,0.500,1.000,0.400,J2s,flat,0.000000,8.406250,6.015625,8.406250,6.015625,0.525391,0.575195,40.000000,-80.000000,40.000000,-40.000000,0.000000,40.000000
9,equal,45600,12.000,0,5,0.500,1.000,0.400,K2s,flat,0.000000,8.718750,5.989583,8.718750,5.989583,0.544922,0.574870,40.000000,-80.000000,40.000000,-40.000000,0.000000,40.000000
9,equal,45600,12.000,0,5,0.500,1.000,0.400,J4s,flat,0.000000,9.562500,5.963542,9.562500,5.963542,0.597656,0.574544,40.000000,-80.000000,40.000000,-40.000000,0.000000,40.000000
9,equal,45600,12.000,0,5,0.500,1.000,0.400,Q6o,flat,0.000000,8.578125,5.954861,8.578125,5.954861,0.536133,0.574436,40.000000,-80.000000,40.000000,-40.000000,0.000000,40.000000
9,equal,45600,12.000,0,5,0.500,1.000,0.400,K5o,flat,0.000000,7.828125,5.833333,7.828125,5.833333,0.489258,0.572917,40.000000,-80.000000,40.000000,-40.000000,0.000000,40.000000
9,equal,45600,12.000,0,5,0.500,1.000,0.400,A6o,flat,0.000000,8.473958,5.659722,8.473958,5.659722,0.529622,0.570747,40.000000,-80.000000,40.000000,-40.000000,0.000000,40.000000
9,equal,45600,12.000,0,5,0.500,1.000,0.400,A2s,flat,0.000000,9.062500,5.625000,9.062500,5.625000,0.566406,0.570312,40.000000,-80.000000,40.000000,-40.000000,0.000000,40.000000
9,equal,45600,12.000,0,5,0.500,1.000,0.400,Q2s,flat,0.000000,8.593750,5.598958,8.593750,5.598958,0.537109,0.569987,40.000000,-80.000000,40.000000,-40.000000,0.000000,40.000000
9,equal,45600,12.000,0,5,0.500,1.000,0.400,A3o,flat,0.000000,8.588542,5.546875,8.588542,5.546875,0.536784,0.569336,40.000000,-80.000000,40.000000,-40.000000,0.000000,40.000000
9,equal,45600,12.000,0,5,0.500,1.000,0.400,J6o,flat,0.000000,8.078125,5.434028,8.078125,5.434028,0.504883,0.567925,40.000000,-80.000000,40.000000,-40.000000,0.000000,40.000000
9,equal,45600,12.000,0,5,0.500,1.000,0.400,Q5o,flat,0.000000,8.088542,5.251736,8.088542,5.251736,0.505534,0.565647,40.000000,-80.000000,40.000000,-40.000000,0.000000,40.000000
9,equal,45600,12.000,0,5,0.500,1.000,0.400,Q3o,flat,0.000000,8.052083,5.121528,8.052083,5.121528,0.503255,0.564019,40.000000,-80.000000,40.000000,-40.000000,0.000000,40.000000
9,equal,45600,12.000,0,5,0.500,1.000,0.400,K6o,flat,0.000000,8.098958,5.078125,8.098958,5.078125,0.506185,0.563477,40.000000,-80.000000,40.000000,-40.000000,0.000000,40.000000
9,equal,45600,12.000,0,5,0.500,1.000,0.400,A2o,flat,0.000000,8.020833,5.052083,8.020833,5.052083,0.501302,0.563151,40.000000,-80.000000,40.000000,-40.000000,0.000000,40.000000
9,equal,45600,12.000,0,5,0.500,1.000,0.400,J3o,flat,0.000000,8.000000,5.052083,8.000000,5.052083,0.500000,0.563151,40.000000,-80.000000,40.000000,-40.000000,0.000000,40.000000
9,equal,45600,12.000,0,5,0.500,1.000,0.400,A4o,flat,0.000000,8.375000,4.947917,8.375000,4.947917,0.523438,0.561849,40.000000,-80.000000,40.000000,-40.000000,0.000000,40.000000
9,equal,45600,12.000,0,5,0.500,1.000,0.400,K3o,flat,0.000000,8.281250,4.739583,8.281250,4.739583,0.517578,0.559245,40.000000,-80.000000,40.000000,-40.000000,0.000000,40.000000
9,equal,45600,12.000,0,5,0.500,1.000,0.400,J5o,flat,0.000000,8.437500,4.557292,8.437500,4.557292,0.527344,0.556966,40.000000,-80.000000,40.000000,-40.000000,0.000000,40.000000
9,equal,45600,12.000,0,5,0.500,1.000,0.400,J4o,flat,0.000000,8.276042,4.496528,8.276042,4.496528,0.517253,0.556207,40.000000,-80.000000,40.000000,-40.000000,0.000000,40.000000
9,equal,45600,12.000,0,5,0.500,1.000,0.400,J2o,flat,0.000000,8.682292,4.322917,8.682292,4.322917,0.542643,0.554036,40.000000,-80.000000,40.000000,-40.000000,0.000000,40.000000
9,equal,45600,12.000,0,5,0.500,1.000,0.400,Q2o,flat,0.000000,8.505208,4.236111,8.505208,4.236111,0.531576,0.552951,40.000000,-80.000000,40.000000,-40.000000,0.000000,40.000000
9,equal,45600,12.000,0,5,0.500,1.000,0.400,K2o,flat,0.000000,7.854167,4.036458,7.854167,4.036458,0.490885,0.550456,40.000000,-80.000000,40.000000,-40.000000,0.000000,40.000000
9,equal,45600,12.000,0,5,0.500,1.000,0.400,Q4o,flat,0.000000,8.005208,3.940972,8.005208,3.940972,0.500326,0.549262,40.000000,-80.000000,40.000000,-40.000000,0.000000,40.000000
9,equal,45600,12.000,0,5,0.500,1.000,0.400,K4o,flat,0.000000,8.322917,3.680556,8.322917,3.680556,0.520182,0.546007,40.000000,-80.000000,40.000000,-40.000000,0.000000,40.000000
9,equal,45600,12.000,0,5,0.500,1.000,0.400,66,flat,0.000000,7.968750,3.003472,7.968750,3.003472,0.498047,0.537543,40.000000,-80.000000,40.000000,-40.000000,0.000000,40.000000
9,equal,45600,12.000,0,5,0.500,1.000,0.400,T2o,flat,0.000000,4.638889,2.734375,4.638889,2.734375,0.289931,0.534180,40.000000,-80.000000,40.000000,-40.000000,0.000000,40.000000
9,equal,45600,12.000,0,5,0.500,1.000,0.400,97s,flat,0.000000,4.750000,2.135417,4.750000,2.135417,0.296875,0.526693,40.000000,-80.000000,40.000000,-40.000000,0.000000,40.000000
9,equal,45600,12.000,0,5,0.500,1.000,0.400,44,flat,0.000000,7.020833,1.111111,7.020833,1.111111,0.438802,0.513889,40.000000,-80.000000,40.000000,-40.000000,0.000000,40.000000
9,equal,45600,12.000,0,5,0.500,1.000,0.400,33,flat,0.000000,7.687500,0.590278,7.687500,0.590278,0.480469,0.507378,40.000000,-80.000000,40.000000,-40.000000,0.000000,40.000000
9,equal,45600,12.000,0,5,0.500,1.000,0.400,22,flat,0.000000,7.427083,0.381944,7.427083,0.381944,0.464193,0.504774,40.000000,-80.000000,40.000000,-40.000000,0.000000,40.000000
9,equal,45600,12.000,0,5,0.500,1.000,0.400,55,flat,0.000000,7.822917,0.017361,7.822917,0.017361,0.488932,0.500217,40.000000,-80.000000,40.000000,-40.000000,0.000000,40.000000
9,equal,45600,12.000,0,5,0.500,1.000,0.400,97o,flat,0.000000,4.125000,0.000000,4.125000,0.000000,0.257812,0.500000,40.000000,-80.000000,40.000000,-40.000000,0.000000,40.000000
9,equal,45600,12.000,0,5,0.500,1.000,0.400,65s,flat,0.000000,5.500000,-7.916667,5.500000,-7.916667,0.343750,0.401042,40.000000,-80.000000,40.000000,-40.000000,0.000000,40.000000
9,equal,45600,12.000,0,5,0.500,1.000,0.400,92s,flat,0.000000,5.166667,-7.986111,5.166667,-7.986111,0.322917,0.400174,40.000000,-80.000000,40.000000,-40.000000,0.000000,40.000000
9,equal,45600,12.000,0,5,0.500,1.000,0.400,53s,flat,0.000000,5.453125,-8.307292,5.453125,-8.307292,0.340820,0.396159,40.000000,-80.000000,40.000000,-40.000000,0.000000,40.000000
9,equal,45600,12.000,0,5,0.500,1.000,0.400,54s,flat,0.000000,5.171875,-8.359375,5.171875,-8.359375,0.323242,0.395508,40.000000,-80.000000,40.000000,-40.000000,0.000000,40.000000
9,equal,45600,12.000,0,5,0.500,1.000,0.400,85s,flat,0.000000,5.562500,-8.489583,5.562500,-8.489583,0.347656,0.393880,40.000000,-80.000000,40.000000,-40.000000,0.000000,40.000000
9,equal,45600,12.000,0,5,0.500,1.000,0.400,94s,flat,0.000000,4.729167,-8.645833,4.729167,-8.645833,0.295573,0.391927,40.000000,-80.000000,40.000000,-40.000000,0.000000,40.000000
9,equal,45600,12.000,0,5,0.500,1.000,0.400,95s,flat,0.000000,4.645833,-8.819444,4.645833,-8.819444,0.290365,0.389757,40.000000,-80.000000,40.000000,-40.000000,0.000000,40.000000
9,equal,45600,12.000,0,5,0.500,1.000,0.400,96s,flat,0.000000,5.125000,-8.854167,5.125000,-8.854167,0.320312,0.389323,40.000000,-80.000000,40.000000,-40.000000,0.000000,40.000000
9,equal,45600,12.000,0,5,0.500,1.000,0.400,93s,flat,0.000000,4.833333,-9.097222,4.833333,-9.097222,0.302083,0.386285,40.000000,-80.000000,40.000000,-40.000000,0.000000,40.000000
9,equal,45600,12.000,0,5,0.500,1.000,0.400,64s,flat,0.000000,4.593750,-9.140625,4.593750,-9.140625,0.287109,0.385742,40.000000,-80.000000,40.000000,-40.000000,0.000000,40.000000
9,equal,45600,12.000,0,5,0.500,1.000,0.400,52s,flat,0.000000,5.640625,-9.296875,5.640625,-9.296875,0.352539,0.383789,40.000000,-80.000000,40.000000,-40.000000,0.000000,40.000000
9,equal,45600,12.000,0,5,0.500,1.000,0.400,43s,flat,0.000000,5.687500,-9.453125,5.687500,-9.453125,0.355469,0.381836,40.000000,-80.000000,40.000000,-40.000000,0.000000,40.000000
9,equal,45600,12.000,0,5,0.500,1.000,0.400,86s,flat,0.000000,5.593750,-9.635417,5.593750,-9.635417,0.349609,0.379557,40.000000,-80.000000,40.000000,-40.000000,0.000000,40.000000
9,equal,45600,12.000,0,5,0.500,1.000,0.400,32s,flat,0.000000,4.390625,-9.687500,4.390625,-9.687500,0.274414,0.378906,40.000000,-80.000000,40.000000,-40.000000,0.000000,40.000000
9,equal,45600,12.000,0,5,0.500,1.000,0.400,86o,flat,0.000000,5.072917,-9.782986,5.072917,-9.782986,0.317057,0.377713,40.000000,-80.000000,40.000000,-40.000000,0.000000,40.000000
9,equal,45600,12.000,0,5,0.500,1.000,0.400,83s,flat,0.000000,5.015625,-9.791667,5.015625,-9.791667,0.313477,0.377604,40.000000,-80.000000,40.000000,-40.000000,0.000000,40.000000
9,equal,45600,12.000,0,5,0.500,1.000,0.400,85o,flat,0.000000,4.848958,-10.312500,4.848958,-10.312500,0.303060,0.371094,40.000000,-80.000000,40.000000,-40.000000,0.000000,40.000000
9,equal,45600,12.000,0,5,0.500,1.000,0.400,65o,flat,0.000000,5.375000,-10.407986,5.375000,-10.407986,0.335938,0.369900,40.000000,-80.000000,40.000000,-40.000000,0.000000,40.000000
9,equal,45600,12.000,0,5,0.500,1.000,0.400,95o,flat,0.000000,3.631944,-10.578704,3.631944,-10.578704,0.226997,0.367766,40.000000,-80.000000,40.000000,-40.000000,0.000000,40.000000
9,equal,45600,12.000,0,5,0.500,1.000,0.400,96o,flat,0.000000,4.131944,-10.729167,4.131944,-10.729167,0.258247,0.365885,40.000000,-80.000000,40.000000,-40.000000,0.000000,40.000000
9,equal,45600,12.000,0,5,0.500,1.000,0.400,84s,flat,0.000000,5.234375,-11.015625,5.234375,-11.015625,0.327148,0.362305,40.000000,-80.000000,40.000000,-40.000000,0.000000,40.000000
9,equal,45600,12.000,0,5,0.500,1.000,0.400,63s,flat,0.000000,5.531250,-11.119792,5.531250,-11.119792,0.345703,0.361003,40.000000,-80.000000,40.000000,-40.000000,0.000000,40.000000
9,equal,45600,12.000,0,5,0.500,1.000,0.400,94o,flat,0.000000,4.027778,-11.192130,4.027778,-11.192130,0.251736,0.360098,40.000000,-80.000000,40.000000,-40.000000,0.000000,40.000000
9,equal,45600,12.000,0,5,0.500,1.000,0.400,54o,flat,0.000000,5.755208,-11.232639,5.755208,-11.232639,0.359701,0.359592,40.000000,-80.000000,40.000000,-40.000000,0.000000,40.000000
9,equal,45600,12.000,0,5,0.500,1.000,0.400,42s,flat,0.000000,5.765625,-11.328125,5.765625,-11.328125,0.360352,0.358398,40.000000,-80.000000,40.000000,-40.000000,0.000000,40.000000
9,equal,45600,12.000,0,5,0.500,1.000,0.400,82s,flat,0.000000,5.031250,-11.354167,5.031250,-11.354167,0.314453,0.358073,40.000000,-80.000000,40.000000,-40.000000,0.000000,40.000000
9,equal,45600,12.000,0,5,0.500,1.000,0.400,53o,flat,0.000000,5.385417,-11.449653,5.385417,-11.449653,0.336589,0.356879,40.000000,-80.000000,40.000000,-40.000000,0.000000,40.000000
9,equal,45600,12.000,0,5,0.500,1.000,0.400,93o,flat,0.000000,4.312500,-11.840278,4.312500,-11.840278,0.269531,0.351997,40.000000,-80.000000,40.000000,-40.000000,0.000000,40.000000
9,equal,45600,12.000,0,5,0.500,1.000,0.400,87s,flat,0.000000,5.390625,-11.875000,5.390625,-11.875000,0.336914,0.351562,40.000000,-80.000000,40.000000,-40.000000,0.000000,40.000000
9,equal,45600,12.000,0,5,0.500,1.000,0.400,75s,flat,0.000000,5.781250,-12.152778,5.781250,-12.152778,0.361328,0.348090,40.000000,-80.000000,40.000000,-40.000000,0.000000,40.000000
9,equal,45600,12.000,0,5,0.500,1.000,0.400,62s,flat,0.000000,5.218750,-12.161458,5.218750,-12.161458,0.326172,0.347982,40.000000,-80.000000,40.000000,-40.000000,0.000000,40.000000
9,equal,45600,12.000,0,5,0.500,1.000,0.400,76s,flat,0.000000,6.062500,-12.187500,6.062500,-12.187500,0.378906,0.347656,40.000000,-80.000000,40.000000,-40.000000,0.000000,40.000000
9,equal,45600,12.000,0,5,0.500,1.000,0.400,43o,flat,0.000000,5.177083,-12.291667,5.177083,-12.291667,0.323568,0.346354,40.000000,-80.000000,40.000000,-40.000000,0.000000,40.000000
9,equal,45600,12.000,0,5,0.500,1.000,0.400,92o,flat,0.000000,3.861111,-12.731481,3.861111,-12.731481,0.241319,0.340856,40.000000,-80.000000,40.000000,-40.000000,0.000000,40.000000
9,equal,45600,12.000,0,5,0.500,1.000,0.400,42o,flat,0.000000,5.187500,-12.760417,5.187500,-12.760417,0.324219,0.340495,40.000000,-80.000000,40.000000,-40.000000,0.000000,40.000000
9,equal,45600,12.000,0,5,0.500,1.000,0.400,84o,flat,0.000000,4.838542,-12.873264,4.838542,-12.873264,0.302409,0.339084,40.000000,-80.000000,40.000000,-40.000000,0.000000,40.000000
9,equal,45600,12.000,0,5,0.500,1.000,0.400,52o,flat,0.000000,5.302083,-13.107639,5.302083,-13.107639,0.331380,0.336155,40.000000,-80.000000,40.000000,-40.000000,0.000000,40.000000
9,equal,45600,12.000,0,5,0.500,1.000,0.400,64o,flat,0.000000,5.244792,-13.177083,5.244792,-13.177083,0.327799,0.335286,40.000000,-80.000000,40.000000,-40.000000,0.000000,40.000000
9,equal,45600,12.000,0,5,0.500,1.000,0.400,32o,flat,0.000000,5.286458,-13.263889,5.286458,-13.263889,0.330404,0.334201,40.000000,-80.000000,40.000000,-40.000000,0.000000,40.000000
9,equal,45600,12.000,0,5,0.500,1.000,0.400,73s,flat,0.000000,5.593750,-13.472222,5.593750,-13.472222,0.349609,0.331597,40.000000,-80.000000,40.000000,-40.000000,0.000000,40.000000
9,equal,45600,12.000,0,5,0.500,1.000,0.400,83o,flat,0.000000,4.453125,-13.515625,4.453125,-13.515625,0.278320,0.331055,40.000000,-80.000000,40.000000,-40.000000,0.000000,40.000000
9,equal,45600,12.000,0,5,0.500,1.000,0.400,82o,flat,0.000000,4.500000,-13.567708,4.500000,-13.567708,0.281250,0.330404,40.000000,-80.000000,40.000000,-40.000000,0.000000,40.000000
9,equal,45600,12.000,0,5,0.500,1.000,0.400,62o,flat,0.000000,5.135417,-13.602431,5.135417,-13.602431,0.320964,0.329970,40.000000,-80.000000,40.000000,-40.000000,0.000000,40.000000
9,equal,45600,12.000,0,5,0.500,1.000,0.400,74s,flat,0.000000,5.531250,-13.645833,5.531250,-13.645833,0.345703,0.329427,40.000000,-80.000000,40.000000,-40.000000,0.000000,40.000000
9,equal,45600,12.000,0,5,0.500,1.000,0.400,63o,flat,0.000000,5.208333,-13.741319,5.208333,-13.741319,0.325521,0.328234,40.000000,-80.000000,40.000000,-40.000000,0.000000,40.000000
9,equal,45600,12.000,0,5,0.500,1.000,0.400,72s,flat,0.000000,5.875000,-14.756944,5.875000,-14.756944,0.367188,0.315538,40.000000,-80.000000,40.000000,-40.000000,0.000000,40.000000
9,equal,45600,12.000,0,5,0.500,1.000,0.400,76o,flat,0.000000,5.744792,-16.006944,5.744792,-16.006944,0.359049,0.299913,40.000000,-80.000000,40.000000,-40.000000,0.000000,40.000000
9,equal,45600,12.000,0,5,0.500,1.000,0.400,75o,flat,0.000000,5.119792,-16.192130,5.119792,-16.192130,0.319987,0.297598,40.000000,-80.000000,40.000000,-40.000000,0.000000,40.000000
9,equal,45600,12.000,0,5,0.500,1.000,0.400,87o,flat,0.000000,5.562500,-16.967593,5.562500,-16.967593,0.347656,0.287905,40.000000,-80.000000,40.000000,-40.000000,0.000000,40.000000
9,equal,45600,12.000,0,5,0.500,1.000,0.400,73o,flat,0.000000,4.807292,-17.361111,4.807292,-17.361111,0.300456,0.282986,40.000000,-80.000000,40.000000,-40.000000,0.000000,40.000000
9,equal,45600,12.000,0,5,0.500,1.000,0.400,74o,flat,0.000000,4.765625,-17.673611,4.765625,-17.673611,0.297852,0.279080,40.000000,-80.000000,40.000000,-40.000000,0.000000,40.000000
9,equal,45600,12.000,0,5,0.500,1.000,0.400,72o,flat,0.000000,4.614583,-18.553241,4.614583,-18.553241,0.288411,0.268084,40.000000,-80.000000,40.000000,-40.000000,0.000000,40.000000
9,equal,57000,15.000,0,5,0.500,0.000,0.400,JJ,jam,0.000000,4.957031,15.000000,4.957031,15.000000,0.826172,0.000000,40.000000,-80.000000,40.000000,-40.000000,0.000000,40.000000
9,equal,57000,15.000,0,5,0.500,0.000,0.400,QQ,jam,0.000000,4.902344,15.000000,4.902344,15.000000,0.817057,0.000000,40.000000,-80.000000,40.000000,-40.000000,0.000000,40.000000
9,equal,57000,15.000,0,5,0.500,0.000,0.400,TT,jam,0.000000,4.898438,15.000000,4.898438,15.000000,0.816406,0.000000,40.000000,-80.000000,40.000000,-40.000000,0.000000,40.000000
9,equal,57000,15.000,0,5,0.500,0.000,0.400,AA,jam,0.000000,4.726562,15.000000,4.726562,15.000000,0.787760,0.000000,40.000000,-80.000000,40.000000,-40.000000,0.000000,40.000000
9,equal,57000,15.000,0,5,0.500,0.000,0.400,KK,jam,0.000000,4.683594,15.000000,4.683594,15.000000,0.780599,0.000000,40.000000,-80.000000,40.000000,-40.000000,0.000000,40.000000
9,equal,57000,15.000,0,5,0.500,0.000,0.400,J9s,jam,0.000000,4.476562,15.000000,4.476562,15.000000,0.746094,0.000000,40.000000,-80.000000,40.000000,-40.000000,0.000000,40.000000
9,equal,57000,15.000,0,5,0.500,0.000,0.400,JTs,jam,0.000000,4.218750,15.000000,4.218750,15.000000,0.703125,0.000000,40.000000,-80.000000,40.000000,-40.000000,0.000000,40.000000
9,equal,57000,15.000,0,5,0.500,0.000,0.400,ATo,jam,0.000000,4.190104,15.000000,4.190104,15.000000,0.698351,0.000000,40.000000,-80.000000,40.000000,-40.000000,0.000000,40.000000
9,equal,57000,15.000,0,5,0.500,0.000,0.400,QTs,jam,0.000000,4.179688,15.000000,4.179688,15.000000,0.696615,0.000000,40.000000,-80.000000,40.000000,-40.000000,0.000000,40.000000
9,equal,57000,15.000,0,5,0.500,0.000,0.400,JTo,jam,0.000000,4.158854,15.000000,4.158854,15.000000,0.693142,0.000000,40.000000,-80.000000,40.000000,-40.000000,0.000000,40.000000
9,equal,57000,15.000,0,5,0.500,0.000,0.400,A9s,jam,0.000000,4.109375,15.000000,4.109375,15.000000,0.684896,0.000000,40.000000,-80.000000,40.000000,-40.000000,0.000000,40.000000
9,equal,57000,15.000,0,5,0.500,0.000,0.400,KTo,jam,0.000000,4.101562,15.000000,4.101562,15.000000,0.683594,0.000000,40.000000,-80.000000,40.000000,-40.000000,0.000000,40.000000
9,equal,57000,15.000,0,5,0.500,0.000,0.400,ATs,jam,0.000000,4.093750,15.000000,4.093750,15.000000,0.682292,0.000000,40.000000,-80.000000,40.000000,-40.000000,0.000000,40.000000
9,equal,57000,15.000,0,5,0.500,0.000,0.400,Q9o,jam,0.000000,4.041667,15.000000,4.041667,15.000000,0.673611,0.000000,40.000000,-80.000000,40.000000,-40.000000,0.000000,40.000000
9,equal,57000,15.000,0,5,0.500,0.000,0.400,KTs,jam,0.000000,4.031250,15.000000,4.031250,15.000000,0.671875,0.000000,40.000000,-80.000000,40.000000,-40.000000,0.000000,40.000000
9,equal,57000,15.000,0,5,0.500,0.000,0.400,K9o,jam,0.000000,4.020833,15.000000,4.020833,15.000000,0.670139,0.000000,40.000000,-80.000000,40.000000,-40.000000,0.000000,40.000000
9,equal,57000,15.000,0,5,0.500,0.000,0.400,J9o,jam,0.000000,4.020833,15.000000,4.020833,15.000000,0.670139,0.000000,40.000000,-80.000000,40.000000,-40.000000,0.000000,40.000000
9,equal,57000,15.000,0,5,0.500,0.000,0.400,QTo,jam,0.000000,4.005208,15.000000,4.005208,15.000000,0.667535,0.000000,40.000000,-80.000000,40.000000,-40.000000,0.000000,40.000000
9,equal,57000,15.000,0,5,0.500,0.000,0.400,Q9s,jam,0.000000,3.984375,15.000000,3.984375,15.000000,0.664062,0.000000,40.000000,-80.000000,40.000000,-40.000000,0.000000,40.000000
9,equal,57000,15.000,0,5,0.500,0.000,0.400,K9s,jam,0.000000,3.953125,15.000000,3.953125,15.000000,0.658854,0.000000,40.000000,-80.000000,40.000000,-40.000000,0.000000,40.000000
9,equal,57000,15.000,0,5,0.500,0.000,0.400,A9o,jam,0.000000,3.950521,15.000000,3.950521,15.000000,0.658420,0.000000,40.000000,-80.000000,40.000000,-40.000000,0.000000,40.000000
9,equal,57000,15.000,0,5,0.500,0.000,0.400,KQs,jam,0.000000,3.943359,15.000000,3.943359,15.000000,0.657227,0.000000,40.000000,-80.000000,40.000000,-40.000000,0.000000,40.000000
9,equal,57000,15.000,0,5,0.500,0.000,0.400,QJs,jam,0.000000,3.937500,15.000000,3.937500,15.000000,0.656250,0.000000,40.000000,-80.000000,40.000000,-40.000000,0.000000,40.000000
9,equal,57000,15.000,0,5,0.500,0.000,0.400,KJs,jam,0.000000,3.896484,15.000000,3.896484,15.000000,0.649414,0.000000,40.000000,-80.000000,40.000000,-40.000000,0.000000,40.000000
9,equal,57000,15.000,0,5,0.500,0.000,0.400,AQs,jam,0.000000,3.849609,15.000000,3.849609,15.000000,0.641602,0.000000,40.000000,-80.000000,40.000000,-40.000000,0.000000,40.000000
9,equal,57000,15.000,0,5,0.500,0.000,0.400,AJs,jam,0.000000,3.843750,15.000000,3.843750,15.000000,0.640625,0.000000,40.000000,-80.000000,40.000000,-40.000000,0.000000,40.000000
9,equal,57000,15.000,0,5,0.500,0.000,0.400,AKs,jam,0.000000,3.820312,15.000000,3.820312,15.000000,0.636719,0.000000,40.000000,-80.000000,40.000000,-40.000000,0.000000,40.000000
9,equal,57000,15.000,0,5,0.500,0.000,0.400,QJo,jam,0.000000,3.734375,15.000000,3.734375,15.000000,0.622396,0.000000,40.000000,-80.000000,40.000000,-40.000000,0.000000,40.000000
9,equal,57000,15.000,0,5,0.500,0.000,0.400,99,jam,0.000000,3.726562,15.000000,3.726562,15.000000,0.621094,0.000000,40.000000,-80.000000,40.000000,-40.000000,0.000000,40.000000
9,equal,57000,15.000,0,5,0.500,0.000,0.400,AJo,jam,0.000000,3.640625,15.000000,3.640625,15.000000,0.606771,0.000000,40.000000,-80.000000,40.000000,-40.000000,0.000000,40.000000
9,equal,57000,15.000,0,5,0.500,0.000,0.400,KQo,jam,0.000000,3.597656,15.000000,3.597656,15.000000,0.599609,0.000000,40.000000,-80.000000,40.000000,-40.000000,0.000000,40.000000
9,equal,57000,15.000,0,5,0.500,0.000,0.400,J4s,jam,0.000000,3.585938,15.000000,3.585938,15.000000,0.597656,0.000000,40.000000,-80.000000,40.000000,-40.000000,0.000000,40.000000
9,equal,57000,15.000,0,5,0.500,0.000,0.400,KJo,jam,0.000000,3.572266,15.000000,3.572266,15.000000,0.595378,0.000000,40.000000,-80.000000,40.000000,-40.000000,0.000000,40.000000
9,equal,57000,15.000,0,5,0.500,0.000,0.400,J6s,jam,0.000000,3.568359,15.000000,3.568359,15.000000,0.594727,0.000000,40.000000,-80.000000,40.000000,-40.000000,0.000000,40.000000
9,equal,57000,15.000,0,5,0.500,0.000,0.400,Q8s,jam,0.000000,3.533203,15.000000,3.533203,15.000000,0.588867,0.000000,40.000000,-80.000000,40.000000,-40.000000,0.000000,40.000000
9,equal,57000,15.000,0,5,0.500,0.000,0.400,J8s,jam,0.000000,3.533203,15.000000,3.533203,15.000000,0.588867,0.000000,40.000000,-80.000000,40.000000,-40.000000,0.000000,40.000000
9,equal,57000,15.000,0,5,0.500,0.000,0.400,A8s,jam,0.000000,3.509766,15.000000,3.509766,15.000000,0.584961,0.000000,40.000000,-80.000000,40.000000,-40.000000,0.000000,40.000000
9,equal,57000,15.000,0,5,0.500,0.000,0.400,A3s,jam,0.000000,3.492188,15.000000,3.492188,15.000000,0.582031,0.000000,40.000000,-80.000000,40.000000,-40.000000,0.000000,40.000000
9,equal,57000,15.000,0,5,0.500,0.000,0.400,K5s,jam,0.000000,3.468750,15.000000,3.468750,15.000000,0.578125,0.000000,40.000000,-80.000000,40.000000,-40.000000,0.000000,40.000000
9,equal,57000,15.000,0,5,0.500,0.000,0.400,AQo,jam,0.000000,3.466797,15.000000,3.466797,15.000000,0.577799,0.000000,40.000000,-80.000000,40.000000,-40.000000,0.000000,40.000000
9,equal,57000,15.000,0,5,0.500,0.000,0.400,Q7s,jam,0.000000,3.462891,15.000000,3.462891,15.000000,0.577148,0.000000,40.000000,-80.000000,40.000000,-40.000000,0.000000,40.000000
9,equal,57000,15.000,0,5,0.500,0.000,0.400,AKo,jam,0.000000,3.439453,15.000000,3.439453,15.000000,0.573242,0.000000,40.000000,-80.000000,40.000000,-40.000000,0.000000,40.000000
9,equal,57000,15.000,0,5,0.500,0.000,0.400,J7s,jam,0.000000,3.410156,15.000000,3.410156,15.000000,0.568359,0.000000,40.000000,-80.000000,40.000000,-40.000000,0.000000,40.000000
9,equal,57000,15.000,0,5,0.500,0.000,0.400,A2s,jam,0.000000,3.398438,15.000000,3.398438,15.000000,0.566406,0.000000,40.000000,-80.000000,40.000000,-40.000000,0.000000,40.000000
9,equal,57000,15.000,0,5,0.500,0.000,0.400,A6s,jam,0.000000,3.386719,15.000000,3.386719,15.000000,0.564453,0.000000,40.000000,-80.000000,40.000000,-40.000000,0.000000,40.000000
9,equal,57000,15.000,0,5,0.500,0.000,0.400,Q6s,jam,0.000000,3.351562,15.000000,3.351562,15.000000,0.558594,0.000000,40.000000,-80.000000,40.000000,-40.000000,0.000000,40.000000
9,equal,57000,15.000,0,5,0.500,0.000,0.400,Q5s,jam,0.000000,3.328125,15.000000,3.328125,15.000000,0.554688,0.000000,40.000000,-80.000000,40.000000,-40.000000,0.000000,40.000000
9,equal,57000,15.000,0,5,0.500,0.000,0.400,K6s,jam,0.000000,3.322266,15.000000,3.322266,15.000000,0.553711,0.000000,40.000000,-80.000000,40.000000,-40.000000,0.000000,40.000000
9,equal,57000,15.000,0,5,0.500,0.000,0.400,A7s,jam,0.000000,3.304688,15.000000,3.304688,15.000000,0.550781,0.000000,40.000000,-80.000000,40.000000,-40.000000,0.000000,40.000000
9,equal,57000,15.000,0,5,0.500,0.000,0.400,K7s,jam,0.000000,3.298828,15.000000,3.298828,15.000000,0.549805,0.000000,40.000000,-80.000000,40.000000,-40.000000,0.000000,40.000000
9,equal,57000,15.000,0,5,0.500,0.000,0.400,J5s,jam,0.000000,3.298828,15.000000,3.298828,15.000000,0.549805,0.000000,40.000000,-80.000000,40.000000,-40.000000,0.000000,40.000000
9,equal,57000,15.000,0,5,0.500,0.000,0.400,Q4s,jam,0.000000,3.292969,15.000000,3.292969,15.000000,0.548828,0.000000,40.000000,-80.000000,40.000000,-40.000000,0.000000,40.000000
9,equal,57000,15.000,0,5,0.500,0.000,0.400,A8o,jam,0.000000,3.281250,15.000000,3.281250,15.000000,0.546875,0.000000,40.000000,-80.000000,40.000000,-40.000000,0.000000,40.000000
9,equal,57000,15.000,0,5,0.500,0.000,0.400,J8o,jam,0.000000,3.281250,15.000000,3.281250,15.000000,0.546875,0.000000,40.000000,-80.000000,40.000000,-40.000000,0.000000,40.000000
9,equal,57000,15.000,0,5,0.500,0.000,0.400,K2s,jam,0.000000,3.269531,15.000000,3.269531,15.000000,0.544922,0.000000,40.000000,-80.000000,40.000000,-40.000000,0.000000,40.000000
9,equal,57000,15.000,0,5,0.500,0.000,0.400,A5s,jam,0.000000,3.257812,15.000000,3.257812,15.000000,0.542969,0.000000,40.000000,-80.000000,40.000000,-40.000000,0.000000,40.000000
9,equal,57000,15.000,0,5,0.500,0.000,0.400,J2o,jam,0.000000,3.255859,15.000000,3.255859,15.000000,0.542643,0.000000,40.000000,-80.000000,40.000000,-40.000000,0.000000,40.000000
9,equal,57000,15.000,0,5,0.500,0.000,0.400,K8s,jam,0.000000,3.246094,15.000000,3.246094,15.000000,0.541016,0.000000,40.000000,-80.000000,40.000000,-40.000000,0.000000,40.000000
9,equal,57000,15.000,0,5,0.500,0.000,0.400,A4s,jam,0.000000,3.240234,15.000000,3.240234,15.000000,0.540039,0.000000,40.000000,-80.000000,40.000000,-40.000000,0.000000,40.000000
9,equal,57000,15.000,0,5,0.500,0.000,0.400,Q8o,jam,0.000000,3.226562,15.000000,3.226562,15.000000,0.537760,0.000000,40.000000,-80.000000,40.000000,-40.000000,0.000000,40.000000
9,equal,57000,15.000,0,5,0.500,0.000,0.400,Q2s,jam,0.000000,3.222656,15.000000,3.222656,15.000000,0.537109,0.000000,40.000000,-80.000000,40.000000,-40.000000,0.000000,40.000000
9,equal,57000,15.000,0,5,0.500,0.000,0.400,A3o,jam,0.000000,3.220703,15.000000,3.220703,15.000000,0.536784,0.000000,40.000000,-80.000000,40.000000,-40.000000,0.000000,40.000000
9,equal,57000,15.000,0,5,0.500,0.000,0.400,Q6o,jam,0.000000,3.216797,15.000000,3.216797,15.000000,0.536133,0.000000,40.000000,-80.000000,40.000000,-40.000000,0.000000,40.000000
9,equal,57000,15.000,0,5,0.500,0.000,0.400,K4s,jam,0.000000,3.193359,15.000000,3.193359,15.000000,0.532227,0.000000,40.000000,-80.000000,40.000000,-40.000000,0.000000,40.000000
9,equal,57000,15.000,0,5,0.500,0.000,0.400,Q2o,jam,0.000000,3.189453,15.000000,3.189453,15.000000,0.531576,0.000000,40.000000,-80.000000,40.000000,-40.000000,0.000000,40.000000
9,equal,57000,15.000,0,5,0.500,0.000,0.400,A6o,jam,0.000000,3.177734,15.000000,3.177734,15.000000,0.529622,0.000000,40.000000,-80.000000,40.000000,-40.000000,0.000000,40.000000
9,equal,57000,15.000,0,5,0.500,0.000,0.400,K7o,jam,0.000000,3.171875,15.000000,3.171875,15.000000,0.528646,0.000000,40.000000,-80.000000,40.000000,-40.000000,0.000000,40.000000
9,equal,57000,15.000,0,5,0.500,0.000,0.400,K8o,jam,0.000000,3.167969,15.000000,3.167969,15.000000,0.527995,0.000000,40.000000,-80.000000,40.000000,-40.000000,0.000000,40.000000
9,equal,57000,15.000,0,5,0.500,0.000,0.400,J5o,jam,0.000000,3.164062,15.000000,3.164062,15.000000,0.527344,0.000000,40.000000,-80.000000,40.000000,-40.000000,0.000000,40.000000
9,equal,57000,15.000,0,5,0.500,0.000,0.400,A5o,jam,0.000000,3.160156,15.000000,3.160156,15.000000,0.526693,0.000000,40.000000,-80.000000,40.000000,-40.000000,0.000000,40.000000
9,equal,57000,15.000,0,5,0.500,0.000,0.400,K3s,jam,0.000000,3.158203,15.000000,3.158203,15.000000,0.526367,0.000000,40.000000,-80.000000,40.000000,-40.000000,0.000000,40.000000
9,equal,57000,15.000,0,5,0.500,0.000,0.400,J2s,jam,0.000000,3.152344,15.000000,3.152344,15.000000,0.525391,0.000000,40.000000,-80.000000,40.000000,-40.000000,0.000000,40.000000
9,equal,57000,15.000,0,5,0.500,0.000,0.400,A4o,jam,0.000000,3.140625,15.000000,3.140625,15.000000,0.523438,0.000000,40.000000,-80.000000,40.000000,-40.000000,0.000000,40.000000
9,equal,57000,15.000,0,5,0.500,0.000,0.400,K4o,jam,0.000000,3.121094,15.000000,3.121094,15.000000,0.520182,0.000000,40.000000,-80.000000,40.000000,-40.000000,0.000000,40.000000
9,equal,57000,15.000,0,5,0.500,0.000,0.400,J7o,jam,0.000000,3.111328,15.000000,3.111328,15.000000,0.518555,0.000000,40.000000,-80.000000,40.000000,-40.000000,0.000000,40.000000
9,equal,57000,15.000,0,5,0.500,0.000,0.400,K3o,jam,0.000000,3.105469,15.000000,3.105469,15.000000,0.517578,0.000000,40.000000,-80.000000,40.000000,-40.000000,0.000000,40.000000
9,equal,57000,15.000,0,5,0.500,0.000,0.400,J4o,jam,0.000000,3.103516,15.000000,3.103516,15.000000,0.517253,0.000000,40.000000,-80.000000,40.000000,-40.000000,0.000000,40.000000
9,equal,57000,15.000,0,5,0.500,0.000,0.400,88,jam,0.000000,3.101563,15.000000,3.101563,15.000000,0.516927,0.000000,40.000000,-80.000000,40.000000,-40.000000,0.000000,40.000000
9,equal,57000,15.000,0,5,0.500,0.000,0.400,A7o,jam,0.000000,3.083984,15.000000,3.083984,15.000000,0.513997,0.000000,40.000000,-80.000000,40.000000,-40.000000,0.000000,40.000000
9,equal,57000,15.000,0,5,0.500,0.000,0.400,Q3s,jam,0.000000,3.064453,15.000000,3.064453,15.000000,0.510742,0.000000,40.000000,-80.000000,40.000000,-40.000000,0.000000,40.000000
9,equal,57000,15.000,0,5,0.500,0.000,0.400,J3s,jam,0.000000,3.052734,15.000000,3.052734,15.000000,0.508789,0.000000,40.000000,-80.000000,40.000000,-40.000000,0.000000,40.000000
9,equal,57000,15.000,0,5,0.500,0.000,0.400,K6o,jam,0.000000,3.037109,15.000000,3.037109,15.000000,0.506185,0.000000,40.000000,-80.000000,40.000000,-40.000000,0.000000,40.000000
9,equal,57000,15.000,0,5,0.500,0.000,0.400,Q5o,jam,0.000000,3.033203,15.000000,3.033203,15.000000,0.505534,0.000000,40.000000,-80.000000,40.000000,-40.000000,0.000000,40.000000
9,equal,57000,15.000,0,5,0.500,0.000,0.400,J6o,jam,0.000000,3.029297,15.000000,3.029297,15.000000,0.504883,0.000000,40.000000,-80.000000,40.000000,-40.000000,0.000000,40.000000
9,equal,57000,15.000,0,5,0.500,0.000,0.400,Q3o,jam,0.000000,3.019531,15.000000,3.019531,15.000000,0.503255,0.000000,40.000000,-80.000000,40.000000,-40.000000,0.000000,40.000000
9,equal,57000,15.000,0,5,0.500,0.000,0.400,A2o,jam,0.000000,3.007813,15.000000,3.007813,15.000000,0.501302,0.000000,40.000000,-80.000000,40.000000,-40.000000,0.000000,40.000000
9,equal,57000,15.000,0,5,0.500,0.000,0.400,Q4o,jam,0.000000,3.001953,15.000000,3.001953,15.000000,0.500326,0.000000,40.000000,-80.000000,40.000000,-40.000000,0.000000,40.000000
9,equal,57000,15.000,0,5,0.500,0.000,0.400,Q7o,jam,0.000000,3.000000,15.000000,3.000000,15.000000,0.500000,0.000000,40.000000,-80.000000,40.000000,-40.000000,0.000000,40.000000
9,equal,57000,15.000,0,5,0.500,0.000,0.400,J3o,jam,0.000000,3.000000,15.000000,3.000000,15.000000,0.500000,0.000000,40.000000,-80.000000,40.000000,-40.000000,0.000000,40.000000
9,equal,57000,15.000,0,5,0.500,0.000,0.400,T9s,jam,0.000000,3.000000,15.000000,3.000000,15.000000,0.500000,0.000000,40.000000,-80.000000,40.000000,-40.000000,0.000000,40.000000
9,equal,57000,15.000,0,5,0.500,0.000,0.400,66,jam,0.000000,2.988281,15.000000,2.988281,15.000000,0.498047,0.000000,40.000000,-80.000000,40.000000,-40.000000,0.000000,40.000000
9,equal,57000,15.000,0,5,0.500,0.000,0.400,K2o,jam,0.000000,2.945312,15.000000,2.945312,15.000000,0.490885,0.000000,40.000000,-80.000000,40.000000,-40.000000,0.000000,40.000000
9,equal,57000,15.000,0,5,0.500,0.000,0.400,K5o,jam,0.000000,2.935547,15.000000,2.935547,15.000000,0.489258,0.000000,40.000000,-80.000000,40.000000,-40.000000,0.000000,40.000000
9,equal,57000,15.000,0,5,0.500,0.000,0.400,55,jam,0.000000,2.933594,15.000000,2.933594,15.000000,0.488932,0.000000,40.000000,-80.000000,40.000000,-40.000000,0.000000,40.000000
9,equal,57000,15.000,0,5,0.500,0.000,0.400,33,jam,0.000000,2.882812,15.000000,2.882812,15.000000,0.480469,0.000000,40.000000,-80.000000,40.000000,-40.000000,0.000000,40.000000
9,equal,57000,15.000,0,5,0.500,0.000,0.400,T9o,jam,0.000000,2.863281,15.000000,2.863281,15.000000,0.477214,0.000000,40.000000,-80.000000,40.000000,-40.000000,0.000000,40.000000
9,equal,57000,15.000,0,5,0.500,0.000,0.400,22,jam,0.000000,2.785156,15.000000,2.785156,15.000000,0.464193,0.000000,40.000000,-80.000000,40.000000,-40.000000,0.000000,40.000000
9,equal,57000,15.000,0,5,0.500,0.000,0.400,77,jam,0.000000,2.769531,15.000000,2.769531,15.000000,0.461589,0.000000,40.000000,-80.000000,40.000000,-40.000000,0.000000,40.000000
9,equal,57000,15.000,0,5,0.500,0.000,0.400,44,jam,0.000000,2.632812,15.000000,2.632812,15.000000,0.438802,0.000000,40.000000,-80.000000,40.000000,-40.000000,0.000000,40.000000
9,equal,57000,15.000,0,5,0.500,0.000,0.400,76s,jam,0.000000,2.273438,15.000000,2.273438,15.000000,0.378906,0.000000,40.000000,-80.000000,40.000000,-40.000000,0.000000,40.000000
9,equal,57000,15.000,0,5,0.500,0.000,0.400,72s,jam,0.000000,2.203125,15.000000,2.203125,15.000000,0.367188,0.000000,40.000000,-80.000000,40.000000,-40.000000,0.000000,40.000000
9,equal,57000,15.000,0,5,0.500,0.000,0.400,75s,jam,0.000000,2.167969,15.000000,2.167969,15.000000,0.361328,0.000000,40.000000,-80.000000,40.000000,-40.000000,0.000000,40.000000
9,equal,57000,15.000,0,5,0.500,0.000,0.400,42s,jam,0.000000,2.162109,15.000000,2.162109,15.000000,0.360352,0.000000,40.000000,-80.000000,40.000000,-40.000000,0.000000,40.000000
9,equal,57000,15.000,0,5,0.500,0.000,0.400,54o,jam,0.000000,2.158203,15.000000,2.158203,15.000000,0.359701,0.000000,40.000000,-80.000000,40.000000,-40.000000,0.000000,40.000000
9,equal,57000,15.000,0,5,0.500,0.000,0.400,76o,jam,0.000000,2.154297,15.000000,2.154297,15.000000,0.359049,0.000000,40.000000,-80.000000,40.000000,-40.000000,0.000000,40.000000
9,equal,57000,15.000,0,5,0.500,0.000,0.400,43s,jam,0.000000,2.132812,15.000000,2.132812,15.000000,0.355469,0.000000,40.000000,-80.000000,40.000000,-40.000000,0.000000,40.000000
9,equal,57000,15.000,0,5,0.500,0.000,0.400,52s,jam,0.000000,2.115234,15.000000,2.115234,15.000000,0.352539,0.000000,40.000000,-80.000000,40.000000,-40.000000,0.000000,40.000000
9,equal,57000,15.000,0,5,0.500,0.000,0.400,T3s,jam,0.000000,2.101562,15.000000,2.101562,15.000000,0.350260,0.000000,40.000000,-80.000000,40.000000,-40.000000,0.000000,40.000000
9,equal,57000,15.000,0,5,0.500,0.000,0.400,86s,jam,0.000000,2.097656,15.000000,2.097656,15.000000,0.349609,0.000000,40.000000,-80.000000,40.000000,-40.000000,0.000000,40.000000
9,equal,57000,15.000,0,5,0.500,0.000,0.400,73s,jam,0.000000,2.097656,15.000000,2.097656,15.000000,0.349609,0.000000,40.000000,-80.000000,40.000000,-40.000000,0.000000,40.000000
9,equal,57000,15.000,0,5,0.500,0.000,0.400,87o,jam,0.000000,2.085938,15.000000,2.085938,15.000000,0.347656,0.000000,40.000000,-80.000000,40.000000,-40.000000,0.000000,40.000000
9,equal,57000,15.000,0,5,0.500,0.000,0.400,85s,jam,0.000000,2.085938,15.000000,2.085938,15.000000,0.347656,0.000000,40.000000,-80.000000,40.000000,-40.000000,0.000000,40.000000
9,equal,57000,15.000,0,5,0.500,0.000,0.400,74s,jam,0.000000,2.074219,15.000000,2.074219,15.000000,0.345703,0.000000,40.000000,-80.000000,40.000000,-40.000000,0.000000,40.000000
9,equal,57000,15.000,0,5,0.500,0.000,0.400,63s,jam,0.000000,2.074219,15.000000,2.074219,15.000000,0.345703,0.000000,40.000000,-80.000000,40.000000,-40.000000,0.000000,40.000000
9,equal,57000,15.000,0,5,0.500,0.000,0.400,T8s,jam,0.000000,2.070312,15.000000,2.070312,15.000000,0.345052,0.000000,40.000000,-80.000000,40.000000,-40.000000,0.000000,40.000000
9,equal,57000,15.000,0,5,0.500,0.000,0.400,65s,jam,0.000000,2.062500,15.000000,2.062500,15.000000,0.343750,0.000000,40.000000,-80.000000,40.000000,-40.000000,0.000000,40.000000
9,equal,57000,15.000,0,5,0.500,0.000,0.400,53s,jam,0.000000,2.044922,15.000000,2.044922,15.000000,0.340820,0.000000,40.000000,-80.000000,40.000000,-40.000000,0.000000,40.000000
9,equal,57000,15.000,0,5,0.500,0.000,0.400,87s,jam,0.000000,2.021484,15.000000,2.021484,15.000000,0.336914,0.000000,40.000000,-80.000000,40.000000,-40.000000,0.000000,40.000000
9,equal,57000,15.000,0,5,0.500,0.000,0.400,53o,jam,0.000000,2.019531,15.000000,2.019531,15.000000,0.336589,0.000000,40.000000,-80.000000,40.000000,-40.000000,0.000000,40.000000
9,equal,57000,15.000,0,5,0.500,0.000,0.400,65o,jam,0.000000,2.015625,15.000000,2.015625,15.000000,0.335938,0.000000,40.000000,-80.000000,40.000000,-40.000000,0.000000,40.000000
9,equal,57000,15.000,0,5,0.500,0.000,0.400,52o,jam,0.000000,1.988281,15.000000,1.988281,15.000000,0.331380,0.000000,40.000000,-80.000000,40.000000,-40.000000,0.000000,40.000000
9,equal,57000,15.000,0,5,0.500,0.000,0.400,32o,jam,0.000000,1.982422,15.000000,1.982422,15.000000,0.330404,0.000000,40.000000,-80.000000,40.000000,-40.000000,0.000000,40.000000
9,equal,57000,15.000,0,5,0.500,0.000,0.400,64o,jam,0.000000,1.966797,15.000000,1.966797,15.000000,0.327799,0.000000,40.000000,-80.000000,40.000000,-40.000000,0.000000,40.000000
9,equal,57000,15.000,0,5,0.500,0.000,0.400,84s,jam,0.000000,1.962891,15.000000,1.962891,15.000000,0.327148,0.000000,40.000000,-80.000000,40.000000,-40.000000,0.000000,40.000000
9,equal,57000,15.000,0,5,0.500,0.000,0.400,62s,jam,0.000000,1.957031,15.000000,1.957031,15.000000,0.326172,0.000000,40.000000,-80.000000,40.000000,-40.000000,0.000000,40.000000
9,equal,57000,15.000,0,5,0.500,0.000,0.400,63o,jam,0.000000,1.953125,15.000000,1.953125,15.000000,0.325521,0.000000,40.000000,-80.000000,40.000000,-40.000000,0.000000,40.000000
9,equal,57000,15.000,0,5,0.500,0.000,0.400,42o,jam,0.000000,1.945312,15.000000,1.945312,15.000000,0.324219,0.000000,40.000000,-80.000000,40.000000,-40.000000,0.000000,40.000000
9,equal,57000,15.000,0,5,0.500,0.000,0.400,43o,jam,0.000000,1.941406,15.000000,1.941406,15.000000,0.323568,0.000000,40.000000,-80.000000,40.000000,-40.000000,0.000000,40.000000
9,equal,57000,15.000,0,5,0.500,0.000,0.400,54s,jam,0.000000,1.939453,15.000000,1.939453,15.000000,0.323242,0.000000,40.000000,-80.000000,40.000000,-40.000000,0.000000,40.000000
9,equal,57000,15.000,0,5,0.500,0.000,0.400,T6s,jam,0.000000,1.937500,15.000000,1.937500,15.000000,0.322917,0.000000,40.000000,-80.000000,40.000000,-40.000000,0.000000,40.000000
9,equal,57000,15.000,0,5,0.500,0.000,0.400,92s,jam,0.000000,1.937500,15.000000,1.937500,15.000000,0.322917,0.000000,40.000000,-80.000000,40.000000,-40.000000,0.000000,40.000000
9,equal,57000,15.000,0,5,0.500,0.000,0.400,62o,jam,0.000000,1.925781,15.000000,1.925781,15.000000,0.320964,0.000000,40.000000,-80.000000,40.000000,-40.000000,0.000000,40.000000
9,equal,57000,15.000,0,5,0.500,0.000,0.400,96s,jam,0.000000,1.921875,15.000000,1.921875,15.000000,0.320312,0.000000,40.000000,-80.000000,40.000000,-40.000000,0.000000,40.000000
9,equal,57000,15.000,0,5,0.500,0.000,0.400,75o,jam,0.000000,1.919922,15.000000,1.919922,15.000000,0.319987,0.000000,40.000000,-80.000000,40.000000,-40.000000,0.000000,40.000000
9,equal,57000,15.000,0,5,0.500,0.000,0.400,86o,jam,0.000000,1.902344,15.000000,1.902344,15.000000,0.317057,0.000000,40.000000,-80.000000,40.000000,-40.000000,0.000000,40.000000
9,equal,57000,15.000,0,5,0.500,0.000,0.400,T2s,jam,0.000000,1.898438,15.000000,1.898438,15.000000,0.316406,0.000000,40.000000,-80.000000,40.000000,-40.000000,0.000000,40.000000
9,equal,57000,15.000,0,5,0.500,0.000,0.400,82s,jam,0.000000,1.886719,15.000000,1.886719,15.000000,0.314453,0.000000,40.000000,-80.000000,40.000000,-40.000000,0.000000,40.000000
9,equal,57000,15.000,0,5,0.500,0.000,0.400,83s,jam,0.000000,1.880859,15.000000,1.880859,15.000000,0.313477,0.000000,40.000000,-80.000000,40.000000,-40.000000,0.000000,40.000000
9,equal,57000,15.000,0,5,0.500,0.000,0.400,T7s,jam,0.000000,1.867188,15.000000,1.867188,15.000000,0.311198,0.000000,40.000000,-80.000000,40.000000,-40.000000,0.000000,40.000000
9,equal,57000,15.000,0,5,0.500,0.000,0.400,T5s,jam,0.000000,1.835938,15.000000,1.835938,15.000000,0.305990,0.000000,40.000000,-80.000000,40.000000,-40.000000,0.000000,40.000000
9,equal,57000,15.000,0,5,0.500,0.000,0.400,85o,jam,0.000000,1.818359,15.000000,1.818359,15.000000,0.303060,0.000000,40.000000,-80.000000,40.000000,-40.000000,0.000000,40.000000
9,equal,57000,15.000,0,5,0.500,0.000,0.400,84o,jam,0.000000,1.814453,15.000000,1.814453,15.000000,0.302409,0.000000,40.000000,-80.000000,40.000000,-40.000000,0.000000,40.000000
9,equal,57000,15.000,0,5,0.500,0.000,0.400,T4s,jam,0.000000,1.812500,15.000000,1.812500,15.000000,0.302083,0.000000,40.000000,-80.000000,40.000000,-40.000000,0.000000,40.000000
9,equal,57000,15.000,0,5,0.500,0.000,0.400,93s,jam,0.000000,1.812500,15.000000,1.812500,15.000000,0.302083,0.000000,40.000000,-80.000000,40.000000,-40.000000,0.000000,40.000000
9,equal,57000,15.000,0,5,0.500,0.000,0.400,73o,jam,0.000000,1.802734,15.000000,1.802734,15.000000,0.300456,0.000000,40.000000,-80.000000,40.000000,-40.000000,0.000000,40.000000
9,equal,57000,15.000,0,5,0.500,0.000,0.400,74o,jam,0.000000,1.787109,15.000000,1.787109,15.000000,0.297852,0.000000,40.000000,-80.000000,40.000000,-40.000000,0.000000,40.000000
9,equal,57000,15.000,0,5,0.500,0.000,0.400,97s,jam,0.000000,1.781250,15.000000,1.781250,15.000000,0.296875,0.000000,40.000000,-80.000000,40.000000,-40.000000,0.000000,40.000000
9,equal,57000,15.000,0,5,0.500,0.000,0.400,94s,jam,0.000000,1.773438,15.000000,1.773438,15.000000,0.295573,0.000000,40.000000,-80.000000,40.000000,-40.000000,0.000000,40.000000
9,equal,57000,15.000,0,5,0.500,0.000,0.400,95s,jam,0.000000,1.742188,15.000000,1.742188,15.000000,0.290365,0.000000,40.000000,-80.000000,40.000000,-40.000000,0.000000,40.000000
9,equal,57000,15.000,0,5,0.500,0.000,0.400,T6o,jam,0.000000,1.739583,15.000000,1.739583,15.000000,0.289931,0.000000,40.000000,-80.000000,40.000000,-40.000000,0.000000,40.000000
9,equal,57000,15.000,0,5,0.500,0.000,0.400,T2o,jam,0.000000,1.739583,15.000000,1.739583,15.000000,0.289931,0.000000,40.000000,-80.000000,40.000000,-40.000000,0.000000,40.000000
9,equal,57000,15.000,0,5,0.500,0.000,0.400,T5o,jam,0.000000,1.734375,15.000000,1.734375,15.000000,0.289062,0.000000,40.000000,-80.000000,40.000000,-40.000000,0.000000,40.000000
9,equal,57000,15.000,0,5,0.500,0.000,0.400,72o,jam,0.000000,1.730469,15.000000,1.730469,15.000000,0.288411,0.000000,40.000000,-80.000000,40.000000,-40.000000,0.000000,40.000000
9,equal,57000,15.000,0,5,0.500,0.000,0.400,T8o,jam,0.000000,1.729167,15.000000,1.729167,15.000000,0.288194,0.000000,40.000000,-80.000000,40.000000,-40.000000,0.000000,40.000000
9,equal,57000,15.000,0,5,0.500,0.000,0.400,98s,jam,0.000000,1.726562,15.000000,1.726562,15.000000,0.287760,0.000000,40.000000,-80.000000,40.000000,-40.000000,0.000000,40.000000
9,equal,57000,15.000,0,5,0.500,0.000,0.400,64s,jam,0.000000,1.722656,15.000000,1.722656,15.000000,0.287109,0.000000,40.000000,-80.000000,40.000000,-40.000000,0.000000,40.000000
9,equal,57000,15.000,0,5,0.500,0.000,0.400,T7o,jam,0.000000,1.703125,15.000000,1.703125,15.000000,0.283854,0.000000,40.000000,-80.000000,40.000000,-40.000000,0.000000,40.000000
9,equal,57000,15.000,0,5,0.500,0.000,0.400,82o,jam,0.000000,1.687500,15.000000,1.687500,15.000000,0.281250,0.000000,40.000000,-80.000000,40.000000,-40.000000,0.000000,40.000000
9,equal,57000,15.000,0,5,0.500,0.000,0.400,83o,jam,0.000000,1.669922,15.000000,1.669922,15.000000,0.278320,0.000000,40.000000,-80.000000,40.000000,-40.000000,0.000000,40.000000
9,equal,57000,15.000,0,5,0.500,0.000,0.400,32s,jam,0.000000,1.646484,15.000000,1.646484,15.000000,0.274414,0.000000,40.000000,-80.000000,40.000000,-40.000000,0.000000,40.000000
9,equal,57000,15.000,0,5,0.500,0.000,0.400,T4o,jam,0.000000,1.643229,15.000000,1.643229,15.000000,0.273872,0.000000,40.000000,-80.000000,40.000000,-40.000000,0.000000,40.000000
9,equal,57000,15.000,0,5,0.500,0.000,0.400,T3o,jam,0.000000,1.632812,15.000000,1.632812,15.000000,0.272135,0.000000,40.000000,-80.000000,40.000000,-40.000000,0.000000,40.000000
9,equal,57000,15.000,0,5,0.500,0.000,0.400,93o,jam,0.000000,1.617188,15.000000,1.617188,15.000000,0.269531,0.000000,40.000000,-80.000000,40.000000,-40.000000,0.000000,40.000000
9,equal,57000,15.000,0,5,0.500,0.000,0.400,98o,jam,0.000000,1.567708,15.000000,1.567708,15.000000,0.261285,0.000000,40.000000,-80.000000,40.000000,-40.000000,0.000000,40.000000
9,equal,57000,15.000,0,5,0.500,0.000,0.400,96o,jam,0.000000,1.549479,15.000000,1.549479,15.000000,0.258247,0.000000,40.000000,-80.000000,40.000000,-40.000000,0.000000,40.000000
9,equal,57000,15.000,0,5,0.500,0.000,0.400,97o,jam,0.000000,1.546875,15.000000,1.546875,15.000000,0.257812,0.000000,40.000000,-80.000000,40.000000,-40.000000,0.000000,40.000000
9,equal,57000,15.000,0,5,0.500,0.000,0.400,94o,jam,0.000000,1.510417,15.000000,1.510417,15.000000,0.251736,0.000000,40.000000,-80.000000,40.000000,-40.000000,0.000000,40.000000
9,equal,57000,15.000,0,5,0.500,0.000,0.400,92o,jam,0.000000,1.447917,15.000000,1.447917,15.000000,0.241319,0.000000,40.000000,-80.000000,40.000000,-40.000000,0.000000,40.000000
9,equal,57000,15.000,0,5,0.500,0.000,0.400,95o,jam,0.000000,1.361979,15.000000,1.361979,15.000000,0.226997,0.000000,40.000000,-80.000000,40.000000,-40.000000,0.000000,40.000000
9,equal,57000,15.000,0,5,0.500,0.050,0.400,QQ,jam,0.000000,4.902344,15.600694,4.902344,15.600694,0.817057,0.837674,40.000000,-80.000000,40.000000,-40.000000,0.000000,40.000000
9,equal,57000,15.000,0,5,0.500,0.050,0.400,JJ,jam,0.000000,4.957031,15.534722,4.957031,15.534722,0.826172,0.821181,40.000000,-80.000000,40.000000,-40.000000,0.000000,40.000000
9,equal,57000,15.000,0,5,0.500,0.050,0.400,TT,jam,0.000000,4.898438,15.526042,4.898438,15.526042,0.816406,0.819010,40.000000,-80.000000,40.000000,-40.000000,0.000000,40.000000
9,equal,57000,15.000,0,5,0.500,0.050,0.400,KK,jam,0.000000,4.683594,15.520833,4.683594,15.520833,0.780599,0.817708,40.000000,-80.000000,40.000000,-40.000000,0.000000,40.000000
9,equal,57000,15.000,0,5,0.500,0.050,0.400,AA,jam,0.000000,4.726562,15.508681,4.726562,15.508681,0.787760,0.814670,40.000000,-80.000000,40.000000,-40.000000,0.000000,40.000000
9,equal,57000,15.000,0,5,0.500,0.050,0.400,AQs,jam,0.000000,3.849609,14.257812,3.849609,14.257812,0.641602,0.501953,40.000000,-80.000000,40.000000,-40.000000,0.000000,40.000000
9,equal,57000,15.000,0,5,0.500,0.050,0.400,99,jam,0.000000,3.726562,14.250000,3.726562,14.250000,0.621094,0.500000,40.000000,-80.000000,40.000000,-40.000000,0.000000,40.000000
9,equal,57000,15.000,0,5,0.500,0.050,0.400,KQs,jam,0.000000,3.943359,14.218750,3.943359,14.218750,0.657227,0.492188,40.000000,-80.000000,40.000000,-40.000000,0.000000,40.000000
9,equal,57000,15.000,0,5,0.500,0.050,0.400,JTs,jam,0.000000,4.218750,14.213542,4.218750,14.213542,0.703125,0.490885,40.000000,-80.000000,40.000000,-40.000000,0.000000,40.000000
9,equal,57000,15.000,0,5,0.500,0.050,0.400,QJs,jam,0.000000,3.937500,14.156250,3.937500,14.156250,0.656250,0.476562,40.000000,-80.000000,40.000000,-40.000000,0.000000,40.000000
9,equal,57000,15.000,0,5,0.500,0.050,0.400,QTs,jam,0.000000,4.179688,14.143229,4.179688,14.143229,0.696615,0.473307,40.000000,-80.000000,40.000000,-40.000000,0.000000,40.000000
9,equal,57000,15.000,0,5,0.500,0.050,0.400,ATs,jam,0.000000,4.093750,14.132812,4.093750,14.132812,0.682292,0.470703,40.000000,-80.000000,40.000000,-40.000000,0.000000,40.000000
9,equal,57000,15.000,0,5,0.500,0.050,0.400,AJs,jam,0.000000,3.843750,14.122396,3.843750,14.122396,0.640625,0.468099,40.000000,-80.000000,40.000000,-40.000000,0.000000,40.000000
9,equal,57000,15.000,0,5,0.500,0.050,0.400,KTs,jam,0.000000,4.031250,14.117188,4.031250,14.117188,0.671875,0.466797,40.000000,-80.000000,40.000000,-40.000000,0.000000,40.000000
9,equal,57000,15.000,0,5,0.500,0.050,0.400,AJo,jam,0.000000,3.640625,14.112847,3.640625,14.112847,0.606771,0.465712,40.000000,-80.000000,40.000000,-40.000000,0.000000,40.000000
9,equal,57000,15.000,0,5,0.500,0.050,0.400,AKs,jam,0.000000,3.820312,14.078125,3.820312,14.078125,0.636719,0.457031,40.000000,-80.000000,40.000000,-40.000000,0.000000,40.000000
9,equal,57000,15.000,0,5,0.500,0.050,0.400,QJo,jam,0.000000,3.734375,14.068576,3.734375,14.068576,0.622396,0.454644,40.000000,-80.000000,40.000000,-40.000000,0.000000,40.000000
9,equal,57000,15.000,0,5,0.500,0.050,0.400,QTo,jam,0.000000,4.005208,14.061632,4.005208,14.061632,0.667535,0.452908,40.000000,-80.000000,40.000000,-40.000000,0.000000,40.000000
9,equal,57000,15.000,0,5,0.500,0.050,0.400,JTo,jam,0.000000,4.158854,14.053819,4.158854,14.053819,0.693142,0.450955,40.000000,-80.000000,40.000000,-40.000000,0.000000,40.000000
9,equal,57000,15.000,0,5,0.500,0.050,0.400,KJs,jam,0.000000,3.896484,14.052083,3.896484,14.052083,0.649414,0.450521,40.000000,-80.000000,40.000000,-40.000000,0.000000,40.000000
9,equal,57000,15.000,0,5,0.500,0.050,0.400,AQo,jam,0.000000,3.466797,14.022569,3.466797,14.022569,0.577799,0.443142,40.000000,-80.000000,40.000000,-40.000000,0.000000,40.000000
9,equal,57000,15.000,0,5,0.500,0.050,0.400,ATo,jam,0.000000,4.190104,14.012153,4.190104,14.012153,0.698351,0.440538,40.000000,-80.000000,40.000000,-40.000000,0.000000,40.000000
9,equal,57000,15.000,0,5,0.500,0.050,0.400,KJo,jam,0.000000,3.572266,14.003472,3.572266,14.003472,0.595378,0.438368,40.000000,-80.000000,40.000000,-40.000000,0.000000,40.000000
9,equal,57000,15.000,0,5,0.500,0.050,0.400,KTo,jam,0.000000,4.101562,13.997396,4.101562,13.997396,0.683594,0.436849,40.000000,-80.000000,40.000000,-40.000000,0.000000,40.000000
9,equal,57000,15.000,0,5,0.500,0.050,0.400,AKo,jam,0.000000,3.439453,13.988715,3.439453,13.988715,0.573242,0.434679,40.000000,-80.000000,40.000000,-40.000000,0.000000,40.000000
9,equal,57000,15.000,0,5,0.500,0.050,0.400,KQo,jam,0.000000,3.597656,13.974826,3.597656,13.974826,0.599609,0.431207,40.000000,-80.000000,40.000000,-40.000000,0.000000,40.000000
9,equal,57000,15.000,0,5,0.500,0.050,0.400,T9o,jam,0.000000,2.863281,13.776042,2.863281,13.776042,0.477214,0.381510,40.000000,-80.000000,40.000000,-40.000000,0.000000,40.000000
9,equal,57000,15.000,0,5,0.500,0.050,0.400,T9s,jam,0.000000,3.000000,13.765625,3.000000,13.765625,0.500000,0.378906,40.000000,-80.000000,40.000000,-40.000000,0.000000,40.000000
9,equal,57000,15.000,0,5,0.500,0.050,0.400,A4s,jam,0.000000,3.240234,13.721354,3.240234,13.721354,0.540039,0.367839,40.000000,-80.000000,40.000000,-40.000000,0.000000,40.000000
9,equal,57000,15.000,0,5,0.500,0.050,0.400,A5s,jam,0.000000,3.257812,13.700521,3.257812,13.700521,0.542969,0.362630,40.000000,-80.000000,40.000000,-40.000000,0.000000,40.000000
9,equal,57000,15.000,0,5,0.500,0.050,0.400,Q9s,jam,0.000000,3.984375,13.687500,3.984375,13.687500,0.664062,0.359375,40.000000,-80.000000,40.000000,-40.000000,0.000000,40.000000
9,equal,57000,15.000,0,5,0.500,0.050,0.400,J9s,jam,0.000000,4.476562,13.661458,4.476562,13.661458,0.746094,0.352865,40.000000,-80.000000,40.000000,-40.000000,0.000000,40.000000
9,equal,57000,15.000,0,5,0.500,0.050,0.400,Q3s,jam,0.000000,3.064453,13.645833,3.064453,13.645833,0.510742,0.348958,40.000000,-80.000000,40.000000,-40.000000,0.000000,40.000000
9,equal,57000,15.000,0,5,0.500,0.050,0.400,J8s,jam,0.000000,3.533203,13.640625,3.533203,13.640625,0.588867,0.347656,40.000000,-80.000000,40.000000,-40.000000,0.000000,40.000000
9,equal,57000,15.000,0,5,0.500,0.050,0.400,T6s,jam,0.000000,1.937500,13.640625,1.937500,13.640625,0.322917,0.347656,40.000000,-80.000000,40.000000,-40.000000,0.000000,40.000000
9,equal,57000,15.000,0,5,0.500,0.050,0.400,T8s,jam,0.000000,2.070312,13.638021,2.070312,13.638021,0.345052,0.347005,40.000000,-80.000000,40.000000,-40.000000,0.000000,40.000000
9,equal,57000,15.000,0,5,0.500,0.050,0.400,K7s,jam,0.000000,3.298828,13.619792,3.298828,13.619792,0.549805,0.342448,40.000000,-80.000000,40.000000,-40.000000,0.000000,40.000000
9,equal,57000,15.000,0,5,0.500,0.050,0.400,K9s,jam,0.000000,3.953125,13.614583,3.953125,13.614583,0.658854,0.341146,40.000000,-80.000000,40.000000,-40.000000,0.000000,40.000000
9,equal,57000,15.000,0,5,0.500,0.050,0.400,J6s,jam,0.000000,3.568359,13.614583,3.568359,13.614583,0.594727,0.341146,40.000000,-80.000000,40.000000,-40.000000,0.000000,40.000000
9,equal,57000,15.000,0,5,0.500,0.050,0.400,Q9o,jam,0.000000,4.041667,13.605903,4.041667,13.605903,0.673611,0.338976,40.000000,-80.000000,40.000000,-40.000000,0.000000,40.000000
9,equal,57000,15.000,0,5,0.500,0.050,0.400,A9s,jam,0.000000,4.109375,13.598958,4.109375,13.598958,0.684896,0.337240,40.000000,-80.000000,40.000000,-40.000000,0.000000,40.000000
9,equal,57000,15.000,0,5,0.500,0.050,0.400,K5s,jam,0.000000,3.468750,13.591146,3.468750,13.591146,0.578125,0.335286,40.000000,-80.000000,40.000000,-40.000000,0.000000,40.000000
9,equal,57000,15.000,0,5,0.500,0.050,0.400,J5s,jam,0.000000,3.298828,13.585938,3.298828,13.585938,0.549805,0.333984,40.000000,-80.000000,40.000000,-40.000000,0.000000,40.000000
9,equal,57000,15.000,0,5,0.500,0.050,0.400,Q8s,jam,0.000000,3.533203,13.567708,3.533203,13.567708,0.588867,0.329427,40.000000,-80.000000,40.000000,-40.000000,0.000000,40.000000
9,equal,57000,15.000,0,5,0.500,0.050,0.400,Q7s,jam,0.000000,3.462891,13.562500,3.462891,13.562500,0.577148,0.328125,40.000000,-80.000000,40.000000,-40.000000,0.000000,40.000000
9,equal,57000,15.000,0,5,0.500,0.050,0.400,T5s,jam,0.000000,1.835938,13.562500,1.835938,13.562500,0.305990,0.328125,40.000000,-80.000000,40.000000,-40.000000,0.000000,40.000000
9,equal,57000,15.000,0,5,0.500,0.050,0.400,A6s,jam,0.000000,3.386719,13.549479,3.386719,13.549479,0.564453,0.324870,40.000000,-80.000000,40.000000,-40.000000,0.000000,40.000000
9,equal,57000,15.000,0,5,0.500,0.050,0.400,K3s,jam,0.000000,3.158203,13.549479,3.158203,13.549479,0.526367,0.324870,40.000000,-80.000000,40.000000,-40.000000,0.000000,40.000000
9,equal,57000,15.000,0,5,0.500,0.050,0.400,A3s,jam,0.000000,3.492188,13.546875,3.492188,13.546875,0.582031,0.324219,40.000000,-80.000000,40.000000,-40.000000,0.000000,40.000000
9,equal,57000,15.000,0,5,0.500,0.050,0.400,A2s,jam,0.000000,3.398438,13.546875,3.398438,13.546875,0.566406,0.324219,40.000000,-80.000000,40.000000,-40.000000,0.000000,40.000000
9,equal,57000,15.000,0,5,0.500,0.050,0.400,K8s,jam,0.000000,3.246094,13.541667,3.246094,13.541667,0.541016,0.322917,40.000000,-80.000000,40.000000,-40.000000,0.000000,40.000000
9,equal,57000,15.000,0,5,0.500,0.050,0.400,A8s,jam,0.000000,3.509766,13.533854,3.509766,13.533854,0.584961,0.320964,40.000000,-80.000000,40.000000,-40.000000,0.000000,40.000000
9,equal,57000,15.000,0,5,0.500,0.050,0.400,J2s,jam,0.000000,3.152344,13.523438,3.152344,13.523438,0.525391,0.318359,40.000000,-80.000000,40.000000,-40.000000,0.000000,40.000000
9,equal,57000,15.000,0,5,0.500,0.050,0.400,K2s,jam,0.000000,3.269531,13.507812,3.269531,13.507812,0.544922,0.314453,40.000000,-80.000000,40.000000,-40.000000,0.000000,40.000000
9,equal,57000,15.000,0,5,0.500,0.050,0.400,T7s,jam,0.000000,1.867188,13.502604,1.867188,13.502604,0.311198,0.313151,40.000000,-80.000000,40.000000,-40.000000,0.000000,40.000000
9,equal,57000,15.000,0,5,0.500,0.050,0.400,A5o,jam,0.000000,3.160156,13.495660,3.160156,13.495660,0.526693,0.311415,40.000000,-80.000000,40.000000,-40.000000,0.000000,40.000000
9,equal,57000,15.000,0,5,0.500,0.050,0.400,T5o,jam,0.000000,1.734375,13.495660,1.734375,13.495660,0.289062,0.311415,40.000000,-80.000000,40.000000,-40.000000,0.000000,40.000000
9,equal,57000,15.000,0,5,0.500,0.050,0.400,T3s,jam,0.000000,2.101562,13.494792,2.101562,13.494792,0.350260,0.311198,40.000000,-80.000000,40.000000,-40.000000,0.000000,40.000000
9,equal,57000,15.000,0,5,0.500,0.050,0.400,A7s,jam,0.000000,3.304688,13.486979,3.304688,13.486979,0.550781,0.309245,40.000000,-80.000000,40.000000,-40.000000,0.000000,40.000000
9,equal,57000,15.000,0,5,0.500,0.050,0.400,Q5s,jam,0.000000,3.328125,13.484375,3.328125,13.484375,0.554688,0.308594,40.000000,-80.000000,40.000000,-40.000000,0.000000,40.000000
9,equal,57000,15.000,0,5,0.500,0.050,0.400,K4s,jam,0.000000,3.193359,13.484375,3.193359,13.484375,0.532227,0.308594,40.000000,-80.000000,40.000000,-40.000000,0.000000,40.000000
9,equal,57000,15.000,0,5,0.500,0.050,0.400,A9o,jam,0.000000,3.950521,13.482639,3.950521,13.482639,0.658420,0.308160,40.000000,-80.000000,40.000000,-40.000000,0.000000,40.000000
9,equal,57000,15.000,0,5,0.500,0.050,0.400,A7o,jam,0.000000,3.083984,13.480903,3.083984,13.480903,0.513997,0.307726,40.000000,-80.000000,40.000000,-40.000000,0.000000,40.000000
9,equal,57000,15.000,0,5,0.500,0.050,0.400,Q2s,jam,0.000000,3.222656,13.476562,3.222656,13.476562,0.537109,0.306641,40.000000,-80.000000,40.000000,-40.000000,0.000000,40.000000
9,equal,57000,15.000,0,5,0.500,0.050,0.400,K6s,jam,0.000000,3.322266,13.473958,3.322266,13.473958,0.553711,0.305990,40.000000,-80.000000,40.000000,-40.000000,0.000000,40.000000
9,equal,57000,15.000,0,5,0.500,0.050,0.400,J4s,jam,0.000000,3.585938,13.471354,3.585938,13.471354,0.597656,0.305339,40.000000,-80.000000,40.000000,-40.000000,0.000000,40.000000
9,equal,57000,15.000,0,5,0.500,0.050,0.400,J9o,jam,0.000000,4.020833,13.468750,4.020833,13.468750,0.670139,0.304688,40.000000,-80.000000,40.000000,-40.000000,0.000000,40.000000
9,equal,57000,15.000,0,5,0.500,0.050,0.400,T4s,jam,0.000000,1.812500,13.466146,1.812500,13.466146,0.302083,0.304036,40.000000,-80.000000,40.000000,-40.000000,0.000000,40.000000
9,equal,57000,15.000,0,5,0.500,0.050,0.400,J7o,jam,0.000000,3.111328,13.464410,3.111328,13.464410,0.518555,0.303602,40.000000,-80.000000,40.000000,-40.000000,0.000000,40.000000
9,equal,57000,15.000,0,5,0.500,0.050,0.400,Q6s,jam,0.000000,3.351562,13.463542,3.351562,13.463542,0.558594,0.303385,40.000000,-80.000000,40.000000,-40.000000,0.000000,40.000000
9,equal,57000,15.000,0,5,0.500,0.050,0.400,Q4s,jam,0.000000,3.292969,13.463542,3.292969,13.463542,0.548828,0.303385,40.000000,-80.000000,40.000000,-40.000000,0.000000,40.000000
9,equal,57000,15.000,0,5,0.500,0.050,0.400,Q4o,jam,0.000000,3.001953,13.461806,3.001953,13.461806,0.500326,0.302951,40.000000,-80.000000,40.000000,-40.000000,0.000000,40.000000
9,equal,57000,15.000,0,5,0.500,0.050,0.400,A2o,jam,0.000000,3.007813,13.455729,3.007813,13.455729,0.501302,0.301432,40.000000,-80.000000,40.000000,-40.000000,0.000000,40.000000
9,equal,57000,15.000,0,5,0.500,0.050,0.400,A4o,jam,0.000000,3.140625,13.446181,3.140625,13.446181,0.523438,0.299045,40.000000,-80.000000,40.000000,-40.000000,0.000000,40.000000
9,equal,57000,15.000,0,5,0.500,0.050,0.400,T7o,jam,0.000000,1.703125,13.444444,1.703125,13.444444,0.283854,0.298611,40.000000,-80.000000,40.000000,-40.000000,0.000000,40.000000
9,equal,57000,15.000,0,5,0.500,0.050,0.400,Q8o,jam,0.000000,3.226562,13.443576,3.226562,13.443576,0.537760,0.298394,40.000000,-80.000000,40.000000,-40.000000,0.000000,40.000000
9,equal,57000,15.000,0,5,0.500,0.050,0.400,J7s,jam,0.000000,3.410156,13.437500,3.410156,13.437500,0.568359,0.296875,40.000000,-80.000000,40.000000,-40.000000,0.000000,40.000000
9,equal,57000,15.000,0,5,0.500,0.050,0.400,T8o,jam,0.000000,1.729167,13.435764,1.729167,13.435764,0.288194,0.296441,40.000000,-80.000000,40.000000,-40.000000,0.000000,40.000000
9,equal,57000,15.000,0,5,0.500,0.050,0.400,J3s,jam,0.000000,3.052734,13.429688,3.052734,13.429688,0.508789,0.294922,40.000000,-80.000000,40.000000,-40.000000,0.000000,40.000000
9,equal,57000,15.000,0,5,0.500,0.050,0.400,T2s,jam,0.000000,1.898438,13.429688,1.898438,13.429688,0.316406,0.294922,40.000000,-80.000000,40.000000,-40.000000,0.000000,40.000000
9,equal,57000,15.000,0,5,0.500,0.050,0.400,K5o,jam,0.000000,2.935547,13.423611,2.935547,13.423611,0.489258,0.293403,40.000000,-80.000000,40.000000,-40.000000,0.000000,40.000000
9,equal,57000,15.000,0,5,0.500,0.050,0.400,A3o,jam,0.000000,3.220703,13.416667,3.220703,13.416667,0.536784,0.291667,40.000000,-80.000000,40.000000,-40.000000,0.000000,40.000000
9,equal,57000,15.000,0,5,0.500,0.050,0.400,A8o,jam,0.000000,3.281250,13.411458,3.281250,13.411458,0.546875,0.290365,40.000000,-80.000000,40.000000,-40.000000,0.000000,40.000000
9,equal,57000,15.000,0,5,0.500,0.050,0.400,J8o,jam,0.000000,3.281250,13.398438,3.281250,13.398438,0.546875,0.287109,40.000000,-80.000000,40.000000,-40.000000,0.000000,40.000000
9,equal,57000,15.000,0,5,0.500,0.050,0.400,A6o,jam,0.000000,3.177734,13.397569,3.177734,13.397569,0.529622,0.286892,40.000000,-80.000000,40.000000,-40.000000,0.000000,40.000000
9,equal,57000,15.000,0,5,0.500,0.050,0.400,J3o,jam,0.000000,3.000000,13.396701,3.000000,13.396701,0.500000,0.286675,40.000000,-80.000000,40.000000,-40.000000,0.000000,40.000000
9,equal,57000,15.000,0,5,0.500,0.050,0.400,Q7o,jam,0.000000,3.000000,13.394965,3.000000,13.394965,0.500000,0.286241,40.000000,-80.000000,40.000000,-40.000000,0.000000,40.000000
9,equal,57000,15.000,0,5,0.500,0.050,0.400,K7o,jam,0.000000,3.171875,13.389757,3.171875,13.389757,0.528646,0.284939,40.000000,-80.000000,40.000000,-40.000000,0.000000,40.000000
9,equal,57000,15.000,0,5,0.500,0.050,0.400,K9o,jam,0.000000,4.020833,13.388889,4.020833,13.388889,0.670139,0.284722,40.000000,-80.000000,40.000000,-40.000000,0.000000,40.000000
9,equal,57000,15.000,0,5,0.500,0.050,0.400,Q5o,jam,0.000000,3.033203,13.388889,3.033203,13.388889,0.505534,0.284722,40.000000,-80.000000,40.000000,-40.000000,0.000000,40.000000
9,equal,57000,15.000,0,5,0.500,0.050,0.400,T6o,jam,0.000000,1.739583,13.388021,1.739583,13.388021,0.289931,0.284505,40.000000,-80.000000,40.000000,-40.000000,0.000000,40.000000
9,equal,57000,15.000,0,5,0.500,0.050,0.400,K4o,jam,0.000000,3.121094,13.385417,3.121094,13.385417,0.520182,0.283854,40.000000,-80.000000,40.000000,-40.000000,0.000000,40.000000
9,equal,57000,15.000,0,5,0.500,0.050,0.400,K6o,jam,0.000000,3.037109,13.377604,3.037109,13.377604,0.506185,0.281901,40.000000,-80.000000,40.000000,-40.000000,0.000000,40.000000
9,equal,57000,15.000,0,5,0.500,0.050,0.400,K2o,jam,0.000000,2.945312,13.375868,2.945312,13.375868,0.490885,0.281467,40.000000,-80.000000,40.000000,-40.000000,0.000000,40.000000
9,equal,57000,15.000,0,5,0.500,0.050,0.400,J6o,jam,0.000000,3.029297,13.371528,3.029297,13.371528,0.504883,0.280382,40.000000,-80.000000,40.000000,-40.000000,0.000000,40.000000
9,equal,57000,15.000,0,5,0.500,0.050,0.400,J5o,jam,0.000000,3.164062,13.364583,3.164062,13.364583,0.527344,0.278646,40.000000,-80.000000,40.000000,-40.000000,0.000000,40.000000
9,equal,57000,15.000,0,5,0.500,0.050,0.400,Q2o,jam,0.000000,3.189453,13.356771,3.189453,13.356771,0.531576,0.276693,40.000000,-80.000000,40.000000,-40.000000,0.000000,40.000000
9,equal,57000,15.000,0,5,0.500,0.050,0.400,J4o,jam,0.000000,3.103516,13.356771,3.103516,13.356771,0.517253,0.276693,40.000000,-80.000000,40.000000,-40.000000,0.000000,40.000000
9,equal,57000,15.000,0,5,0.500,0.050,0.400,T2o,jam,0.000000,1.739583,13.355035,1.739583,13.355035,0.289931,0.276259,40.000000,-80.000000,40.000000,-40.000000,0.000000,40.000000
9,equal,57000,15.000,0,5,0.500,0.050,0.400,T4o,jam,0.000000,1.643229,13.355035,1.643229,13.355035,0.273872,0.276259,40.000000,-80.000000,40.000000,-40.000000,0.000000,40.000000
9,equal,57000,15.000,0,5,0.500,0.050,0.400,J2o,jam,0.000000,3.255859,13.345486,3.255859,13.345486,0.542643,0.273872,40.000000,-80.000000,40.000000,-40.000000,0.000000,40.000000
9,equal,57000,15.000,0,5,0.500,0.050,0.400,Q6o,jam,0.000000,3.216797,13.345486,3.216797,13.345486,0.536133,0.273872,40.000000,-80.000000,40.000000,-40.000000,0.000000,40.000000
9,equal,57000,15.000,0,5,0.500,0.050,0.400,Q3o,jam,0.000000,3.019531,13.345486,3.019531,13.345486,0.503255,0.273872,40.000000,-80.000000,40.000000,-40.000000,0.000000,40.000000
9,equal,57000,15.000,0,5,0.500,0.050,0.400,T3o,jam,0.000000,1.632812,13.338542,1.632812,13.338542,0.272135,0.272135,40.000000,-80.000000,40.000000,-40.000000,0.000000,40.000000
9,equal,57000,15.000,0,5,0.500,0.050,0.400,K8o,jam,0.000000,3.167969,13.328125,3.167969,13.328125,0.527995,0.269531,40.000000,-80.000000,40.000000,-40.000000,0.000000,40.000000
9,equal,57000,15.000,0,5,0.500,0.050,0.400,K3o,jam,0.000000,3.105469,13.323785,3.105469,13.323785,0.517578,0.268446,40.000000,-80.000000,40.000000,-40.000000,0.000000,40.000000
9,equal,57000,15.000,0,5,0.500,0.050,0.400,54s,jam,0.000000,1.939453,13.221354,1.939453,13.221354,0.323242,0.242839,40.000000,-80.000000,40.000000,-40.000000,0.000000,40.000000
9,equal,57000,15.000,0,5,0.500,0.050,0.400,43s,jam,0.000000,2.132812,13.143229,2.132812,13.143229,0.355469,0.223307,40.000000,-80.000000,40.000000,-40.000000,0.000000,40.000000
9,equal,57000,15.000,0,5,0.500,0.050,0.400,75s,jam,0.000000,2.167969,13.122396,2.167969,13.122396,0.361328,0.218099,40.000000,-80.000000,40.000000,-40.000000,0.000000,40.000000
9,equal,57000,15.000,0,5,0.500,0.050,0.400,42s,jam,0.000000,2.162109,13.101562,2.162109,13.101562,0.360352,0.212891,40.000000,-80.000000,40.000000,-40.000000,0.000000,40.000000
9,equal,57000,15.000,0,5,0.500,0.050,0.400,64s,jam,0.000000,1.722656,13.096354,1.722656,13.096354,0.287109,0.211589,40.000000,-80.000000,40.000000,-40.000000,0.000000,40.000000
9,equal,57000,15.000,0,5,0.500,0.050,0.400,52s,jam,0.000000,2.115234,13.091146,2.115234,13.091146,0.352539,0.210286,40.000000,-80.000000,40.000000,-40.000000,0.000000,40.000000
9,equal,57000,15.000,0,5,0.500,0.050,0.400,65s,jam,0.000000,2.062500,13.088542,2.062500,13.088542,0.343750,0.209635,40.000000,-80.000000,40.000000,-40.000000,0.000000,40.000000
9,equal,57000,15.000,0,5,0.500,0.050,0.400,87s,jam,0.000000,2.021484,13.085938,2.021484,13.085938,0.336914,0.208984,40.000000,-80.000000,40.000000,-40.000000,0.000000,40.000000
9,equal,57000,15.000,0,5,0.500,0.050,0.400,53s,jam,0.000000,2.044922,13.070312,2.044922,13.070312,0.340820,0.205078,40.000000,-80.000000,40.000000,-40.000000,0.000000,40.000000
9,equal,57000,15.000,0,5,0.500,0.050,0.400,33,jam,0.000000,2.882812,13.062500,2.882812,13.062500,0.480469,0.203125,40.000000,-80.000000,40.000000,-40.000000,0.000000,40.000000
9,equal,57000,15.000,0,5,0.500,0.050,0.400,76s,jam,0.000000,2.273438,13.062500,2.273438,13.062500,0.378906,0.203125,40.000000,-80.000000,40.000000,-40.000000,0.000000,40.000000
9,equal,57000,15.000,0,5,0.500,0.050,0.400,85s,jam,0.000000,2.085938,13.049479,2.085938,13.049479,0.347656,0.199870,40.000000,-80.000000,40.000000,-40.000000,0.000000,40.000000
9,equal,57000,15.000,0,5,0.500,0.050,0.400,98s,jam,0.000000,1.726562,13.046875,1.726562,13.046875,0.287760,0.199219,40.000000,-80.000000,40.000000,-40.000000,0.000000,40.000000
9,equal,57000,15.000,0,5,0.500,0.050,0.400,84s,jam,0.000000,1.962891,13.028646,1.962891,13.028646,0.327148,0.194661,40.000000,-80.000000,40.000000,-40.000000,0.000000,40.000000
9,equal,57000,15.000,0,5,0.500,0.050,0.400,77,jam,0.000000,2.769531,13.005208,2.769531,13.005208,0.461589,0.188802,40.000000,-80.000000,40.000000,-40.000000,0.000000,40.000000
9,equal,57000,15.000,0,5,0.500,0.050,0.400,74s,jam,0.000000,2.074219,12.994792,2.074219,12.994792,0.345703,0.186198,40.000000,-80.000000,40.000000,-40.000000,0.000000,40.000000
9,equal,57000,15.000,0,5,0.500,0.050,0.400,86s,jam,0.000000,2.097656,12.992188,2.097656,12.992188,0.349609,0.185547,40.000000,-80.000000,40.000000,-40.000000,0.000000,40.000000
9,equal,57000,15.000,0,5,0.500,0.050,0.400,44,jam,0.000000,2.632812,12.989583,2.632812,12.989583,0.438802,0.184896,40.000000,-80.000000,40.000000,-40.000000,0.000000,40.000000
9,equal,57000,15.000,0,5,0.500,0.050,0.400,32s,jam,0.000000,1.646484,12.981771,1.646484,12.981771,0.274414,0.182943,40.000000,-80.000000,40.000000,-40.000000,0.000000,40.000000
9,equal,57000,15.000,0,5,0.500,0.050,0.400,65o,jam,0.000000,2.015625,12.974826,2.015625,12.974826,0.335938,0.181207,40.000000,-80.000000,40.000000,-40.000000,0.000000,40.000000
9,equal,57000,15.000,0,5,0.500,0.050,0.400,66,jam,0.000000,2.988281,12.972222,2.988281,12.972222,0.498047,0.180556,40.000000,-80.000000,40.000000,-40.000000,0.000000,40.000000
9,equal,57000,15.000,0,5,0.500,0.050,0.400,72s,jam,0.000000,2.203125,12.958333,2.203125,12.958333,0.367188,0.177083,40.000000,-80.000000,40.000000,-40.000000,0.000000,40.000000
9,equal,57000,15.000,0,5,0.500,0.050,0.400,54o,jam,0.000000,2.158203,12.958333,2.158203,12.958333,0.359701,0.177083,40.000000,-80.000000,40.000000,-40.000000,0.000000,40.000000
9,equal,57000,15.000,0,5,0.500,0.050,0.400,63s,jam,0.000000,2.074219,12.955729,2.074219,12.955729,0.345703,0.176432,40.000000,-80.000000,40.000000,-40.000000,0.000000,40.000000
9,equal,57000,15.000,0,5,0.500,0.050,0.400,88,jam,0.000000,3.101563,12.954861,3.101563,12.954861,0.516927,0.176215,40.000000,-80.000000,40.000000,-40.000000,0.000000,40.000000
9,equal,57000,15.000,0,5,0.500,0.050,0.400,22,jam,0.000000,2.785156,12.951389,2.785156,12.951389,0.464193,0.175347,40.000000,-80.000000,40.000000,-40.000000,0.000000,40.000000
9,equal,57000,15.000,0,5,0.500,0.050,0.400,83s,jam,0.000000,1.880859,12.947917,1.880859,12.947917,0.313477,0.174479,40.000000,-80.000000,40.000000,-40.000000,0.000000,40.000000
9,equal,57000,15.000,0,5,0.500,0.050,0.400,55,jam,0.000000,2.933594,12.944444,2.933594,12.944444,0.488932,0.173611,40.000000,-80.000000,40.000000,-40.000000,0.000000,40.000000
9,equal,57000,15.000,0,5,0.500,0.050,0.400,64o,jam,0.000000,1.966797,12.942708,1.966797,12.942708,0.327799,0.173177,40.000000,-80.000000,40.000000,-40.000000,0.000000,40.000000
9,equal,57000,15.000,0,5,0.500,0.050,0.400,97s,jam,0.000000,1.781250,12.932292,1.781250,12.932292,0.296875,0.170573,40.000000,-80.000000,40.000000,-40.000000,0.000000,40.000000
9,equal,57000,15.000,0,5,0.500,0.050,0.400,73s,jam,0.000000,2.097656,12.916667,2.097656,12.916667,0.349609,0.166667,40.000000,-80.000000,40.000000,-40.000000,0.000000,40.000000
9,equal,57000,15.000,0,5,0.500,0.050,0.400,62s,jam,0.000000,1.957031,12.916667,1.957031,12.916667,0.326172,0.166667,40.000000,-80.000000,40.000000,-40.000000,0.000000,40.000000
9,equal,57000,15.000,0,5,0.500,0.050,0.400,76o,jam,0.000000,2.154297,12.908854,2.154297,12.908854,0.359049,0.164714,40.000000,-80.000000,40.000000,-40.000000,0.000000,40.000000
9,equal,57000,15.000,0,5,0.500,0.050,0.400,52o,jam,0.000000,1.988281,12.907118,1.988281,12.907118,0.331380,0.164280,40.000000,-80.000000,40.000000,-40.000000,0.000000,40.000000
9,equal,57000,15.000,0,5,0.500,0.050,0.400,75o,jam,0.000000,1.919922,12.889757,1.919922,12.889757,0.319987,0.159939,40.000000,-80.000000,40.000000,-40.000000,0.000000,40.000000
9,equal,57000,15.000,0,5,0.500,0.050,0.400,43o,jam,0.000000,1.941406,12.877604,1.941406,12.877604,0.323568,0.156901,40.000000,-80.000000,40.000000,-40.000000,0.000000,40.000000
9,equal,57000,15.000,0,5,0.500,0.050,0.400,82s,jam,0.000000,1.886719,12.875000,1.886719,12.875000,0.314453,0.156250,40.000000,-80.000000,40.000000,-40.000000,0.000000,40.000000
9,equal,57000,15.000,0,5,0.500,0.050,0.400,53o,jam,0.000000,2.019531,12.870660,2.019531,12.870660,0.336589,0.155165,40.000000,-80.000000,40.000000,-40.000000,0.000000,40.000000
9,equal,57000,15.000,0,5,0.500,0.050,0.400,93s,jam,0.000000,1.812500,12.864583,1.812500,12.864583,0.302083,0.153646,40.000000,-80.000000,40.000000,-40.000000,0.000000,40.000000
9,equal,57000,15.000,0,5,0.500,0.050,0.400,74o,jam,0.000000,1.787109,12.851562,1.787109,12.851562,0.297852,0.150391,40.000000,-80.000000,40.000000,-40.000000,0.000000,40.000000
9,equal,57000,15.000,0,5,0.500,0.050,0.400,87o,jam,0.000000,2.085938,12.842014,2.085938,12.842014,0.347656,0.148003,40.000000,-80.000000,40.000000,-40.000000,0.000000,40.000000
9,equal,57000,15.000,0,5,0.500,0.050,0.400,42o,jam,0.000000,1.945312,12.839410,1.945312,12.839410,0.324219,0.147352,40.000000,-80.000000,40.000000,-40.000000,0.000000,40.000000
9,equal,57000,15.000,0,5,0.500,0.050,0.400,32o,jam,0.000000,1.982422,12.829861,1.982422,12.829861,0.330404,0.144965,40.000000,-80.000000,40.000000,-40.000000,0.000000,40.000000
9,equal,57000,15.000,0,5,0.500,0.050,0.400,98o,jam,0.000000,1.567708,12.814236,1.567708,12.814236,0.261285,0.141059,40.000000,-80.000000,40.000000,-40.000000,0.000000,40.000000
9,equal,57000,15.000,0,5,0.500,0.050,0.400,63o,jam,0.000000,1.953125,12.809896,1.953125,12.809896,0.325521,0.139974,40.000000,-80.000000,40.000000,-40.000000,0.000000,40.000000
9,equal,57000,15.000,0,5,0.500,0.050,0.400,73o,jam,0.000000,1.802734,12.802083,1.802734,12.802083,0.300456,0.138021,40.000000,-80.000000,40.000000,-40.000000,0.000000,40.000000
9,equal,57000,15.000,0,5,0.500,0.050,0.400,95s,jam,0.000000,1.742188,12.796875,1.742188,12.796875,0.290365,0.136719,40.000000,-80.000000,40.000000,-40.000000,0.000000,40.000000
9,equal,57000,15.000,0,5,0.500,0.050,0.400,86o,jam,0.000000,1.902344,12.796007,1.902344,12.796007,0.317057,0.136502,40.000000,-80.000000,40.000000,-40.000000,0.000000,40.000000
9,equal,57000,15.000,0,5,0.500,0.050,0.400,85o,jam,0.000000,1.818359,12.796007,1.818359,12.796007,0.303060,0.136502,40.000000,-80.000000,40.000000,-40.000000,0.000000,40.000000
9,equal,57000,15.000,0,5,0.500,0.050,0.400,96s,jam,0.000000,1.921875,12.791667,1.921875,12.791667,0.320312,0.135417,40.000000,-80.000000,40.000000,-40.000000,0.000000,40.000000
9,equal,57000,15.000,0,5,0.500,0.050,0.400,62o,jam,0.000000,1.925781,12.786458,1.925781,12.786458,0.320964,0.134115,40.000000,-80.000000,40.000000,-40.000000,0.000000,40.000000
9,equal,57000,15.000,0,5,0.500,0.050,0.400,84o,jam,0.000000,1.814453,12.759549,1.814453,12.759549,0.302409,0.127387,40.000000,-80.000000,40.000000,-40.000000,0.000000,40.000000
9,equal,57000,15.000,0,5,0.500,0.050,0.400,83o,jam,0.000000,1.669922,12.746528,1.669922,12.746528,0.278320,0.124132,40.000000,-80.000000,40.000000,-40.000000,0.000000,40.000000
9,equal,57000,15.000,0,5,0.500,0.050,0.400,82o,jam,0.000000,1.687500,12.722222,1.687500,12.722222,0.281250,0.118056,40.000000,-80.000000,40.000000,-40.000000,0.000000,40.000000
9,equal,57000,15.000,0,5,0.500,0.050,0.400,97o,jam,0.000000,1.546875,12.713542,1.546875,12.713542,0.257812,0.115885,40.000000,-80.000000,40.000000,-40.000000,0.000000,40.000000
9,equal,57000,15.000,0,5,0.500,0.050,0.400,92s,jam,0.000000,1.937500,12.708333,1.937500,12.708333,0.322917,0.114583,40.000000,-80.000000,40.000000,-40.000000,0.000000,40.000000
9,equal,57000,15.000,0,5,0.500,0.050,0.400,72o,jam,0.000000,1.730469,12.688368,1.730469,12.688368,0.288411,0.109592,40.000000,-80.000000,40.000000,-40.000000,0.000000,40.000000
9,equal,57000,15.000,0,5,0.500,0.050,0.400,94s,jam,0.000000,1.773438,12.687500,1.773438,12.687500,0.295573,0.109375,40.000000,-80.000000,40.000000,-40.000000,0.000000,40.000000
9,equal,57000,15.000,0,5,0.500,0.050,0.400,96o,jam,0.000000,1.549479,12.637153,1.549479,12.637153,0.258247,0.096788,40.000000,-80.000000,40.000000,-40.000000,0.000000,40.000000
9,equal,57000,15.000,0,5,0.500,0.050,0.400,92o,jam,0.000000,1.447917,12.560764,1.447917,12.560764,0.241319,0.077691,40.000000,-80.000000,40.000000,-40.000000,0.000000,40.000000
9,equal,57000,15.000,0,5,0.500,0.050,0.400,93o,jam,0.000000,1.617188,12.555556,1.617188,12.555556,0.269531,0.076389,40.000000,-80.000000,40.000000,-40.000000,0.000000,40.000000
9,equal,57000,15.000,0,5,0.500,0.050,0.400,95o,jam,0.000000,1.361979,12.555556,1.361979,12.555556,0.226997,0.076389,40.000000,-80.000000,40.000000,-40.000000,0.000000,40.000000
9,equal,57000,15.000,0,5,0.500,0.050,0.400,94o,jam,0.000000,1.510417,12.493056,1.510417,12.493056,0.251736,0.060764,40.000000,-80.000000,40.000000,-40.000000,0.000000,40.000000
9,equal,57000,15.000,0,5,0.500,0.100,0.400,88,jam,0.000000,3.101563,16.090278,3.101563,16.090278,0.516927,0.823785,40.000000,-80.000000,40.000000,-40.000000,0.000000,40.000000
9,equal,57000,15.000,0,5,0.500,0.100,0.400,66,jam,0.000000,2.988281,16.079861,2.988281,16.079861,0.498047,0.822483,40.000000,-80.000000,40.000000,-40.000000,0.000000,40.000000
9,equal,57000,15.000,0,5,0.500,0.100,0.400,55,jam,0.000000,2.933594,16.031250,2.933594,16.031250,0.488932,0.816406,40.000000,-80.000000,40.000000,-40.000000,0.000000,40.000000
9,equal,57000,15.000,0,5,0.500,0.100,0.400,99,jam,0.000000,3.726562,16.020833,3.726562,16.020833,0.621094,0.815104,40.000000,-80.000000,40.000000,-40.000000,0.000000,40.000000
9,equal,57000,15.000,0,5,0.500,0.100,0.400,KK,jam,0.000000,4.683594,16.017361,4.683594,16.017361,0.780599,0.814670,40.000000,-80.000000,40.000000,-40.000000,0.000000,40.000000
9,equal,57000,15.000,0,5,0.500,0.100,0.400,JJ,jam,0.000000,4.957031,15.975694,4.957031,15.975694,0.826172,0.809462,40.000000,-80.000000,40.000000,-40.000000,0.000000,40.000000
9,equal,57000,15.000,0,5,0.500,0.100,0.400,QQ,jam,0.000000,4.902344,15.972222,4.902344,15.972222,0.817057,0.809028,40.000000,-80.000000,40.000000,-40.000000,0.000000,40.000000
9,equal,57000,15.000,0,5,0.500,0.100,0.400,TT,jam,0.000000,4.898438,15.951389,4.898438,15.951389,0.816406,0.806424,40.000000,-80.000000,40.000000,-40.000000,0.000000,40.000000
9,equal,57000,15.000,0,5,0.500,0.100,0.400,77,jam,0.000000,2.769531,15.927083,2.769531,15.927083,0.461589,0.803385,40.000000,-80.000000,40.000000,-40.000000,0.000000,40.000000
9,equal,57000,15.000,0,5,0.500,0.100,0.400,AA,jam,0.000000,4.726562,15.809028,4.726562,15.809028,0.787760,0.788628,40.000000,-80.000000,40.000000,-40.000000,0.000000,40.000000
9,equal,57000,15.000,0,5,0.500,0.100,0.400,T9s,jam,0.000000,3.000000,13.989583,3.000000,13.989583,0.500000,0.561198,40.000000,-80.000000,40.000000,-40.000000,0.000000,40.000000
9,equal,57000,15.000,0,5,0.500,0.100,0.400,J9s,jam,0.000000,4.476562,13.828125,4.476562,13.828125,0.746094,0.541016,40.000000,-80.000000,40.000000,-40.000000,0.000000,40.000000
9,equal,57000,15.000,0,5,0.500,0.100,0.400,QTs,jam,0.000000,4.179688,13.802083,4.179688,13.802083,0.696615,0.537760,40.000000,-80.000000,40.000000,-40.000000,0.000000,40.000000
9,equal,57000,15.000,0,5,0.500,0.100,0.400,QJs,jam,0.000000,3.937500,13.697917,3.937500,13.697917,0.656250,0.524740,40.000000,-80.000000,40.000000,-40.000000,0.000000,40.000000
9,equal,57000,15.000,0,5,0.500,0.100,0.400,87s,jam,0.000000,2.021484,13.671875,2.021484,13.671875,0.336914,0.521484,40.000000,-80.000000,40.000000,-40.000000,0.000000,40.000000
9,equal,57000,15.000,0,5,0.500,0.100,0.400,T5s,jam,0.000000,1.835938,13.666667,1.835938,13.666667,0.305990,0.520833,40.000000,-80.000000,40.000000,-40.000000,0.000000,40.000000
9,equal,57000,15.000,0,5,0.500,0.100,0.400,JTo,jam,0.000000,4.158854,13.642361,4.158854,13.642361,0.693142,0.517795,40.000000,-80.000000,40.000000,-40.000000,0.000000,40.000000
9,equal,57000,15.000,0,5,0.500,0.100,0.400,75s,jam,0.000000,2.167969,13.640625,2.167969,13.640625,0.361328,0.517578,40.000000,-80.000000,40.000000,-40.000000,0.000000,40.000000
9,equal,57000,15.000,0,5,0.500,0.100,0.400,AQs,jam,0.000000,3.849609,13.625000,3.849609,13.625000,0.641602,0.515625,40.000000,-80.000000,40.000000,-40.000000,0.000000,40.000000
9,equal,57000,15.000,0,5,0.500,0.100,0.400,KQs,jam,0.000000,3.943359,13.609375,3.943359,13.609375,0.657227,0.513672,40.000000,-80.000000,40.000000,-40.000000,0.000000,40.000000
9,equal,57000,15.000,0,5,0.500,0.100,0.400,J8s,jam,0.000000,3.533203,13.598958,3.533203,13.598958,0.588867,0.512370,40.000000,-80.000000,40.000000,-40.000000,0.000000,40.000000
9,equal,57000,15.000,0,5,0.500,0.100,0.400,T6s,jam,0.000000,1.937500,13.593750,1.937500,13.593750,0.322917,0.511719,40.000000,-80.000000,40.000000,-40.000000,0.000000,40.000000
9,equal,57000,15.000,0,5,0.500,0.100,0.400,AJs,jam,0.000000,3.843750,13.583333,3.843750,13.583333,0.640625,0.510417,40.000000,-80.000000,40.000000,-40.000000,0.000000,40.000000
9,equal,57000,15.000,0,5,0.500,0.100,0.400,Q8s,jam,0.000000,3.533203,13.578125,3.533203,13.578125,0.588867,0.509766,40.000000,-80.000000,40.000000,-40.000000,0.000000,40.000000
9,equal,57000,15.000,0,5,0.500,0.100,0.400,Q6s,jam,0.000000,3.351562,13.552083,3.351562,13.552083,0.558594,0.506510,40.000000,-80.000000,40.000000,-40.000000,0.000000,40.000000
9,equal,57000,15.000,0,5,0.500,0.100,0.400,86s,jam,0.000000,2.097656,13.552083,2.097656,13.552083,0.349609,0.506510,40.000000,-80.000000,40.000000,-40.000000,0.000000,40.000000
9,equal,57000,15.000,0,5,0.500,0.100,0.400,Q9s,jam,0.000000,3.984375,13.546875,3.984375,13.546875,0.664062,0.505859,40.000000,-80.000000,40.000000,-40.000000,0.000000,40.000000
9,equal,57000,15.000,0,5,0.500,0.100,0.400,T7s,jam,0.000000,1.867188,13.541667,1.867188,13.541667,0.311198,0.505208,40.000000,-80.000000,40.000000,-40.000000,0.000000,40.000000
9,equal,57000,15.000,0,5,0.500,0.100,0.400,ATs,jam,0.000000,4.093750,13.515625,4.093750,13.515625,0.682292,0.501953,40.000000,-80.000000,40.000000,-40.000000,0.000000,40.000000
9,equal,57000,15.000,0,5,0.500,0.100,0.400,JTs,jam,0.000000,4.218750,13.510417,4.218750,13.510417,0.703125,0.501302,40.000000,-80.000000,40.000000,-40.000000,0.000000,40.000000
9,equal,57000,15.000,0,5,0.500,0.100,0.400,KJs,jam,0.000000,3.896484,13.510417,3.896484,13.510417,0.649414,0.501302,40.000000,-80.000000,40.000000,-40.000000,0.000000,40.000000
9,equal,57000,15.000,0,5,0.500,0.100,0.400,44,jam,0.000000,2.632812,13.500000,2.632812,13.500000,0.438802,0.500000,40.000000,-80.000000,40.000000,-40.000000,0.000000,40.000000
9,equal,57000,15.000,0,5,0.500,0.100,0.400,KTs,jam,0.000000,4.031250,13.494792,4.031250,13.494792,0.671875,0.499349,40.000000,-80.000000,40.000000,-40.000000,0.000000,40.000000
9,equal,57000,15.000,0,5,0.500,0.100,0.400,85s,jam,0.000000,2.085938,13.494792,2.085938,13.494792,0.347656,0.499349,40.000000,-80.000000,40.000000,-40.000000,0.000000,40.000000
9,equal,57000,15.000,0,5,0.500,0.100,0.400,T8o,jam,0.000000,1.729167,13.494792,1.729167,13.494792,0.288194,0.499349,40.000000,-80.000000,40.000000,-40.000000,0.000000,40.000000
9,equal,57000,15.000,0,5,0.500,0.100,0.400,T8s,jam,0.000000,2.070312,13.484375,2.070312,13.484375,0.345052,0.498047,40.000000,-80.000000,40.000000,-40.000000,0.000000,40.000000
9,equal,57000,15.000,0,5,0.500,0.100,0.400,AKs,jam,0.000000,3.820312,13.479167,3.820312,13.479167,0.636719,0.497396,40.000000,-80.000000,40.000000,-40.000000,0.000000,40.000000
9,equal,57000,15.000,0,5,0.500,0.100,0.400,Q7s,jam,0.000000,3.462891,13.479167,3.462891,13.479167,0.577148,0.497396,40.000000,-80.000000,40.000000,-40.000000,0.000000,40.000000
9,equal,57000,15.000,0,5,0.500,0.100,0.400,K6s,jam,0.000000,3.322266,13.479167,3.322266,13.479167,0.553711,0.497396,40.000000,-80.000000,40.000000,-40.000000,0.000000,40.000000
9,equal,57000,15.000,0,5,0.500,0.100,0.400,97s,jam,0.000000,1.781250,13.479167,1.781250,13.479167,0.296875,0.497396,40.000000,-80.000000,40.000000,-40.000000,0.000000,40.000000
9,equal,57000,15.000,0,5,0.500,0.100,0.400,T9o,jam,0.000000,2.863281,13.460069,2.863281,13.460069,0.477214,0.495009,40.000000,-80.000000,40.000000,-40.000000,0.000000,40.000000
9,equal,57000,15.000,0,5,0.500,0.100,0.400,65s,jam,0.000000,2.062500,13.453125,2.062500,13.453125,0.343750,0.494141,40.000000,-80.000000,40.000000,-40.000000,0.000000,40.000000
9,equal,57000,15.000,0,5,0.500,0.100,0.400,98s,jam,0.000000,1.726562,13.453125,1.726562,13.453125,0.287760,0.494141,40.000000,-80.000000,40.000000,-40.000000,0.000000,40.000000
9,equal,57000,15.000,0,5,0.500,0.100,0.400,98o,jam,0.000000,1.567708,13.442708,1.567708,13.442708,0.261285,0.492839,40.000000,-80.000000,40.000000,-40.000000,0.000000,40.000000
9,equal,57000,15.000,0,5,0.500,0.100,0.400,Q9o,jam,0.000000,4.041667,13.437500,4.041667,13.437500,0.673611,0.492188,40.000000,-80.000000,40.000000,-40.000000,0.000000,40.000000
9,equal,57000,15.000,0,5,0.500,0.100,0.400,95s,jam,0.000000,1.742188,13.437500,1.742188,13.437500,0.290365,0.492188,40.000000,-80.000000,40.000000,-40.000000,0.000000,40.000000
9,equal,57000,15.000,0,5,0.500,0.100,0.400,J9o,jam,0.000000,4.020833,13.428819,4.020833,13.428819,0.670139,0.491102,40.000000,-80.000000,40.000000,-40.000000,0.000000,40.000000
9,equal,57000,15.000,0,5,0.500,0.100,0.400,QJo,jam,0.000000,3.734375,13.425347,3.734375,13.425347,0.622396,0.490668,40.000000,-80.000000,40.000000,-40.000000,0.000000,40.000000
9,equal,57000,15.000,0,5,0.500,0.100,0.400,J5s,jam,0.000000,3.298828,13.416667,3.298828,13.416667,0.549805,0.489583,40.000000,-80.000000,40.000000,-40.000000,0.000000,40.000000
9,equal,57000,15.000,0,5,0.500,0.100,0.400,A5s,jam,0.000000,3.257812,13.411458,3.257812,13.411458,0.542969,0.488932,40.000000,-80.000000,40.000000,-40.000000,0.000000,40.000000
9,equal,57000,15.000,0,5,0.500,0.100,0.400,96s,jam,0.000000,1.921875,13.411458,1.921875,13.411458,0.320312,0.488932,40.000000,-80.000000,40.000000,-40.000000,0.000000,40.000000
9,equal,57000,15.000,0,5,0.500,0.100,0.400,J7o,jam,0.000000,3.111328,13.406250,3.111328,13.406250,0.518555,0.488281,40.000000,-80.000000,40.000000,-40.000000,0.000000,40.000000
9,equal,57000,15.000,0,5,0.500,0.100,0.400,J7s,jam,0.000000,3.410156,13.390625,3.410156,13.390625,0.568359,0.486328,40.000000,-80.000000,40.000000,-40.000000,0.000000,40.000000
9,equal,57000,15.000,0,5,0.500,0.100,0.400,97o,jam,0.000000,1.546875,13.388889,1.546875,13.388889,0.257812,0.486111,40.000000,-80.000000,40.000000,-40.000000,0.000000,40.000000
9,equal,57000,15.000,0,5,0.500,0.100,0.400,A7s,jam,0.000000,3.304688,13.380208,3.304688,13.380208,0.550781,0.485026,40.000000,-80.000000,40.000000,-40.000000,0.000000,40.000000
9,equal,57000,15.000,0,5,0.500,0.100,0.400,T7o,jam,0.000000,1.703125,13.380208,1.703125,13.380208,0.283854,0.485026,40.000000,-80.000000,40.000000,-40.000000,0.000000,40.000000
9,equal,57000,15.000,0,5,0.500,0.100,0.400,J8o,jam,0.000000,3.281250,13.359375,3.281250,13.359375,0.546875,0.482422,40.000000,-80.000000,40.000000,-40.000000,0.000000,40.000000
9,equal,57000,15.000,0,5,0.500,0.100,0.400,QTo,jam,0.000000,4.005208,13.355903,4.005208,13.355903,0.667535,0.481988,40.000000,-80.000000,40.000000,-40.000000,0.000000,40.000000
9,equal,57000,15.000,0,5,0.500,0.100,0.400,75o,jam,0.000000,1.919922,13.343750,1.919922,13.343750,0.319987,0.480469,40.000000,-80.000000,40.000000,-40.000000,0.000000,40.000000
9,equal,57000,15.000,0,5,0.500,0.100,0.400,95o,jam,0.000000,1.361979,13.342014,1.361979,13.342014,0.226997,0.480252,40.000000,-80.000000,40.000000,-40.000000,0.000000,40.000000
9,equal,57000,15.000,0,5,0.500,0.100,0.400,87o,jam,0.000000,2.085938,13.338542,2.085938,13.338542,0.347656,0.479818,40.000000,-80.000000,40.000000,-40.000000,0.000000,40.000000
9,equal,57000,15.000,0,5,0.500,0.100,0.400,76o,jam,0.000000,2.154297,13.335069,2.154297,13.335069,0.359049,0.479384,40.000000,-80.000000,40.000000,-40.000000,0.000000,40.000000
9,equal,57000,15.000,0,5,0.500,0.100,0.400,KTo,jam,0.000000,4.101562,13.324653,4.101562,13.324653,0.683594,0.478082,40.000000,-80.000000,40.000000,-40.000000,0.000000,40.000000
9,equal,57000,15.000,0,5,0.500,0.100,0.400,K8s,jam,0.000000,3.246094,13.322917,3.246094,13.322917,0.541016,0.477865,40.000000,-80.000000,40.000000,-40.000000,0.000000,40.000000
9,equal,57000,15.000,0,5,0.500,0.100,0.400,T6o,jam,0.000000,1.739583,13.322917,1.739583,13.322917,0.289931,0.477865,40.000000,-80.000000,40.000000,-40.000000,0.000000,40.000000
9,equal,57000,15.000,0,5,0.500,0.100,0.400,A8s,jam,0.000000,3.509766,13.317708,3.509766,13.317708,0.584961,0.477214,40.000000,-80.000000,40.000000,-40.000000,0.000000,40.000000
9,equal,57000,15.000,0,5,0.500,0.100,0.400,A9s,jam,0.000000,4.109375,13.302083,4.109375,13.302083,0.684896,0.475260,40.000000,-80.000000,40.000000,-40.000000,0.000000,40.000000
9,equal,57000,15.000,0,5,0.500,0.100,0.400,65o,jam,0.000000,2.015625,13.302083,2.015625,13.302083,0.335938,0.475260,40.000000,-80.000000,40.000000,-40.000000,0.000000,40.000000
9,equal,57000,15.000,0,5,0.500,0.100,0.400,AJo,jam,0.000000,3.640625,13.298611,3.640625,13.298611,0.606771,0.474826,40.000000,-80.000000,40.000000,-40.000000,0.000000,40.000000
9,equal,57000,15.000,0,5,0.500,0.100,0.400,KQo,jam,0.000000,3.597656,13.288194,3.597656,13.288194,0.599609,0.473524,40.000000,-80.000000,40.000000,-40.000000,0.000000,40.000000
9,equal,57000,15.000,0,5,0.500,0.100,0.400,K9o,jam,0.000000,4.020833,13.284722,4.020833,13.284722,0.670139,0.473090,40.000000,-80.000000,40.000000,-40.000000,0.000000,40.000000
9,equal,57000,15.000,0,5,0.500,0.100,0.400,A9o,jam,0.000000,3.950521,13.284722,3.950521,13.284722,0.658420,0.473090,40.000000,-80.000000,40.000000,-40.000000,0.000000,40.000000
9,equal,57000,15.000,0,5,0.500,0.100,0.400,96o,jam,0.000000,1.549479,13.282986,1.549479,13.282986,0.258247,0.472873,40.000000,-80.000000,40.000000,-40.000000,0.000000,40.000000
9,equal,57000,15.000,0,5,0.500,0.100,0.400,A7o,jam,0.000000,3.083984,13.281250,3.083984,13.281250,0.513997,0.472656,40.000000,-80.000000,40.000000,-40.000000,0.000000,40.000000
9,equal,57000,15.000,0,5,0.500,0.100,0.400,A8o,jam,0.000000,3.281250,13.255208,3.281250,13.255208,0.546875,0.469401,40.000000,-80.000000,40.000000,-40.000000,0.000000,40.000000
9,equal,57000,15.000,0,5,0.500,0.100,0.400,J5o,jam,0.000000,3.164062,13.239583,3.164062,13.239583,0.527344,0.467448,40.000000,-80.000000,40.000000,-40.000000,0.000000,40.000000
9,equal,57000,15.000,0,5,0.500,0.100,0.400,86o,jam,0.000000,1.902344,13.234375,1.902344,13.234375,0.317057,0.466797,40.000000,-80.000000,40.000000,-40.000000,0.000000,40.000000
9,equal,57000,15.000,0,5,0.500,0.100,0.400,Q8o,jam,0.000000,3.226562,13.223958,3.226562,13.223958,0.537760,0.465495,40.000000,-80.000000,40.000000,-40.000000,0.000000,40.000000
9,equal,57000,15.000,0,5,0.500,0.100,0.400,J6s,jam,0.000000,3.568359,13.213542,3.568359,13.213542,0.594727,0.464193,40.000000,-80.000000,40.000000,-40.000000,0.000000,40.000000
9,equal,57000,15.000,0,5,0.500,0.100,0.400,KJo,jam,0.000000,3.572266,13.196181,3.572266,13.196181,0.595378,0.462023,40.000000,-80.000000,40.000000,-40.000000,0.000000,40.000000
9,equal,57000,15.000,0,5,0.500,0.100,0.400,K5s,jam,0.000000,3.468750,13.187500,3.468750,13.187500,0.578125,0.460938,40.000000,-80.000000,40.000000,-40.000000,0.000000,40.000000
9,equal,57000,15.000,0,5,0.500,0.100,0.400,AQo,jam,0.000000,3.466797,13.177083,3.466797,13.177083,0.577799,0.459635,40.000000,-80.000000,40.000000,-40.000000,0.000000,40.000000
9,equal,57000,15.000,0,5,0.500,0.100,0.400,Q6o,jam,0.000000,3.216797,13.177083,3.216797,13.177083,0.536133,0.459635,40.000000,-80.000000,40.000000,-40.000000,0.000000,40.000000
9,equal,57000,15.000,0,5,0.500,0.100,0.400,76s,jam,0.000000,2.273438,13.177083,2.273438,13.177083,0.378906,0.459635,40.000000,-80.000000,40.000000,-40.000000,0.000000,40.000000
9,equal,57000,15.000,0,5,0.500,0.100,0.400,ATo,jam,0.000000,4.190104,13.166667,4.190104,13.166667,0.698351,0.458333,40.000000,-80.000000,40.000000,-40.000000,0.000000,40.000000
9,equal,57000,15.000,0,5,0.500,0.100,0.400,K7o,jam,0.000000,3.171875,13.152778,3.171875,13.152778,0.528646,0.456597,40.000000,-80.000000,40.000000,-40.000000,0.000000,40.000000
9,equal,57000,15.000,0,5,0.500,0.100,0.400,K7s,jam,0.000000,3.298828,13.145833,3.298828,13.145833,0.549805,0.455729,40.000000,-80.000000,40.000000,-40.000000,0.000000,40.000000
9,equal,57000,15.000,0,5,0.500,0.100,0.400,K6o,jam,0.000000,3.037109,13.138889,3.037109,13.138889,0.506185,0.454861,40.000000,-80.000000,40.000000,-40.000000,0.000000,40.000000
9,equal,57000,15.000,0,5,0.500,0.100,0.400,85o,jam,0.000000,1.818359,13.135417,1.818359,13.135417,0.303060,0.454427,40.000000,-80.000000,40.000000,-40.000000,0.000000,40.000000
9,equal,57000,15.000,0,5,0.500,0.100,0.400,T5o,jam,0.000000,1.734375,13.116319,1.734375,13.116319,0.289062,0.452040,40.000000,-80.000000,40.000000,-40.000000,0.000000,40.000000
9,equal,57000,15.000,0,5,0.500,0.100,0.400,A6s,jam,0.000000,3.386719,13.104167,3.386719,13.104167,0.564453,0.450521,40.000000,-80.000000,40.000000,-40.000000,0.000000,40.000000
9,equal,57000,15.000,0,5,0.500,0.100,0.400,Q5o,jam,0.000000,3.033203,13.093750,3.033203,13.093750,0.505534,0.449219,40.000000,-80.000000,40.000000,-40.000000,0.000000,40.000000
9,equal,57000,15.000,0,5,0.500,0.100,0.400,AKo,jam,0.000000,3.439453,13.085069,3.439453,13.085069,0.573242,0.448134,40.000000,-80.000000,40.000000,-40.000000,0.000000,40.000000
9,equal,57000,15.000,0,5,0.500,0.100,0.400,K5o,jam,0.000000,2.935547,13.081597,2.935547,13.081597,0.489258,0.447700,40.000000,-80.000000,40.000000,-40.000000,0.000000,40.000000
9,equal,57000,15.000,0,5,0.500,0.100,0.400,K9s,jam,0.000000,3.953125,13.072917,3.953125,13.072917,0.658854,0.446615,40.000000,-80.000000,40.000000,-40.000000,0.000000,40.000000
9,equal,57000,15.000,0,5,0.500,0.100,0.400,K8o,jam,0.000000,3.167969,13.067708,3.167969,13.067708,0.527995,0.445964,40.000000,-80.000000,40.000000,-40.000000,0.000000,40.000000
9,equal,57000,15.000,0,5,0.500,0.100,0.400,Q5s,jam,0.000000,3.328125,13.031250,3.328125,13.031250,0.554688,0.441406,40.000000,-80.000000,40.000000,-40.000000,0.000000,40.000000
9,equal,57000,15.000,0,5,0.500,0.100,0.400,A5o,jam,0.000000,3.160156,13.027778,3.160156,13.027778,0.526693,0.440972,40.000000,-80.000000,40.000000,-40.000000,0.000000,40.000000
9,equal,57000,15.000,0,5,0.500,0.100,0.400,Q7o,jam,0.000000,3.000000,13.017361,3.000000,13.017361,0.500000,0.439670,40.000000,-80.000000,40.000000,-40.000000,0.000000,40.000000
9,equal,57000,15.000,0,5,0.500,0.100,0.400,A6o,jam,0.000000,3.177734,12.987847,3.177734,12.987847,0.529622,0.435981,40.000000,-80.000000,40.000000,-40.000000,0.000000,40.000000
9,equal,57000,15.000,0,5,0.500,0.100,0.400,J6o,jam,0.000000,3.029297,12.972222,3.029297,12.972222,0.504883,0.434028,40.000000,-80.000000,40.000000,-40.000000,0.000000,40.000000
9,equal,57000,15.000,0,5,0.500,0.100,0.400,54s,jam,0.000000,1.939453,12.791667,1.939453,12.791667,0.323242,0.411458,40.000000,-80.000000,40.000000,-40.000000,0.000000,40.000000
9,equal,57000,15.000,0,5,0.500,0.100,0.400,64s,jam,0.000000,1.722656,12.760417,1.722656,12.760417,0.287109,0.407552,40.000000,-80.000000,40.000000,-40.000000,0.000000,40.000000
9,equal,57000,15.000,0,5,0.500,0.100,0.400,A4s,jam,0.000000,3.240234,12.666667,3.240234,12.666667,0.540039,0.395833,40.000000,-80.000000,40.000000,-40.000000,0.000000,40.000000
9,equal,57000,15.000,0,5,0.500,0.100,0.400,94s,jam,0.000000,1.773438,12.656250,1.773438,12.656250,0.295573,0.394531,40.000000,-80.000000,40.000000,-40.000000,0.000000,40.000000
9,equal,57000,15.000,0,5,0.500,0.100,0.400,Q4s,jam,0.000000,3.292969,12.531250,3.292969,12.531250,0.548828,0.378906,40.000000,-80.000000,40.000000,-40.000000,0.000000,40.000000
9,equal,57000,15.000,0,5,0.500,0.100,0.400,54o,jam,0.000000,2.158203,12.506944,2.158203,12.506944,0.359701,0.375868,40.000000,-80.000000,40.000000,-40.000000,0.000000,40.000000
9,equal,57000,15.000,0,5,0.500,0.100,0.400,A4o,jam,0.000000,3.140625,12.458333,3.140625,12.458333,0.523438,0.369792,40.000000,-80.000000,40.000000,-40.000000,0.000000,40.000000
9,equal,57000,15.000,0,5,0.500,0.100,0.400,64o,jam,0.000000,1.966797,12.392361,1.966797,12.392361,0.327799,0.361545,40.000000,-80.000000,40.000000,-40.000000,0.000000,40.000000
9,equal,57000,15.000,0,5,0.500,0.100,0.400,74s,jam,0.000000,2.074219,12.375000,2.074219,12.375000,0.345703,0.359375,40.000000,-80.000000,40.000000,-40.000000,0.000000,40.000000
9,equal,57000,15.000,0,5,0.500,0.100,0.400,T2s,jam,0.000000,1.898438,12.369792,1.898438,12.369792,0.316406,0.358724,40.000000,-80.000000,40.000000,-40.000000,0.000000,40.000000
9,equal,57000,15.000,0,5,0.500,0.100,0.400,93s,jam,0.000000,1.812500,12.317708,1.812500,12.317708,0.302083,0.352214,40.000000,-80.000000,40.000000,-40.000000,0.000000,40.000000
9,equal,57000,15.000,0,5,0.500,0.100,0.400,K3s,jam,0.000000,3.158203,12.307292,3.158203,12.307292,0.526367,0.350911,40.000000,-80.000000,40.000000,-40.000000,0.000000,40.000000
9,equal,57000,15.000,0,5,0.500,0.100,0.400,84s,jam,0.000000,1.962891,12.302083,1.962891,12.302083,0.327148,0.350260,40.000000,-80.000000,40.000000,-40.000000,0.000000,40.000000
9,equal,57000,15.000,0,5,0.500,0.100,0.400,Q2s,jam,0.000000,3.222656,12.276042,3.222656,12.276042,0.537109,0.347005,40.000000,-80.000000,40.000000,-40.000000,0.000000,40.000000
9,equal,57000,15.000,0,5,0.500,0.100,0.400,92s,jam,0.000000,1.937500,12.255208,1.937500,12.255208,0.322917,0.344401,40.000000,-80.000000,40.000000,-40.000000,0.000000,40.000000
9,equal,57000,15.000,0,5,0.500,0.100,0.400,63s,jam,0.000000,2.074219,12.250000,2.074219,12.250000,0.345703,0.343750,40.000000,-80.000000,40.000000,-40.000000,0.000000,40.000000
9,equal,57000,15.000,0,5,0.500,0.100,0.400,K4s,jam,0.000000,3.193359,12.208333,3.193359,12.208333,0.532227,0.338542,40.000000,-80.000000,40.000000,-40.000000,0.000000,40.000000
9,equal,57000,15.000,0,5,0.500,0.100,0.400,83s,jam,0.000000,1.880859,12.203125,1.880859,12.203125,0.313477,0.337891,40.000000,-80.000000,40.000000,-40.000000,0.000000,40.000000
9,equal,57000,15.000,0,5,0.500,0.100,0.400,K2s,jam,0.000000,3.269531,12.197917,3.269531,12.197917,0.544922,0.337240,40.000000,-80.000000,40.000000,-40.000000,0.000000,40.000000
9,equal,57000,15.000,0,5,0.500,0.100,0.400,T4s,jam,0.000000,1.812500,12.197917,1.812500,12.197917,0.302083,0.337240,40.000000,-80.000000,40.000000,-40.000000,0.000000,40.000000
9,equal,57000,15.000,0,5,0.500,0.100,0.400,A3s,jam,0.000000,3.492188,12.177083,3.492188,12.177083,0.582031,0.334635,40.000000,-80.000000,40.000000,-40.000000,0.000000,40.000000
9,equal,57000,15.000,0,5,0.500,0.100,0.400,82s,jam,0.000000,1.886719,12.177083,1.886719,12.177083,0.314453,0.334635,40.000000,-80.000000,40.000000,-40.000000,0.000000,40.000000
9,equal,57000,15.000,0,5,0.500,0.100,0.400,J3s,jam,0.000000,3.052734,12.171875,3.052734,12.171875,0.508789,0.333984,40.000000,-80.000000,40.000000,-40.000000,0.000000,40.000000
9,equal,57000,15.000,0,5,0.500,0.100,0.400,53s,jam,0.000000,2.044922,12.140625,2.044922,12.140625,0.340820,0.330078,40.000000,-80.000000,40.000000,-40.000000,0.000000,40.000000
9,equal,57000,15.000,0,5,0.500,0.100,0.400,J4s,jam,0.000000,3.585938,12.135417,3.585938,12.135417,0.597656,0.329427,40.000000,-80.000000,40.000000,-40.000000,0.000000,40.000000
9,equal,57000,15.000,0,5,0.500,0.100,0.400,T3s,jam,0.000000,2.101562,12.135417,2.101562,12.135417,0.350260,0.329427,40.000000,-80.000000,40.000000,-40.000000,0.000000,40.000000
9,equal,57000,15.000,0,5,0.500,0.100,0.400,A2s,jam,0.000000,3.398438,12.130208,3.398438,12.130208,0.566406,0.328776,40.000000,-80.000000,40.000000,-40.000000,0.000000,40.000000
9,equal,57000,15.000,0,5,0.500,0.100,0.400,J3o,jam,0.000000,3.000000,12.121528,3.000000,12.121528,0.500000,0.327691,40.000000,-80.000000,40.000000,-40.000000,0.000000,40.000000
9,equal,57000,15.000,0,5,0.500,0.100,0.400,94o,jam,0.000000,1.510417,12.093750,1.510417,12.093750,0.251736,0.324219,40.000000,-80.000000,40.000000,-40.000000,0.000000,40.000000
9,equal,57000,15.000,0,5,0.500,0.100,0.400,J4o,jam,0.000000,3.103516,12.083333,3.103516,12.083333,0.517253,0.322917,40.000000,-80.000000,40.000000,-40.000000,0.000000,40.000000
9,equal,57000,15.000,0,5,0.500,0.100,0.400,K4o,jam,0.000000,3.121094,12.072917,3.121094,12.072917,0.520182,0.321615,40.000000,-80.000000,40.000000,-40.000000,0.000000,40.000000
9,equal,57000,15.000,0,5,0.500,0.100,0.400,Q3o,jam,0.000000,3.019531,12.059028,3.019531,12.059028,0.503255,0.319878,40.000000,-80.000000,40.000000,-40.000000,0.000000,40.000000
9,equal,57000,15.000,0,5,0.500,0.100,0.400,J2s,jam,0.000000,3.152344,12.057292,3.152344,12.057292,0.525391,0.319661,40.000000,-80.000000,40.000000,-40.000000,0.000000,40.000000
9,equal,57000,15.000,0,5,0.500,0.100,0.400,52s,jam,0.000000,2.115234,12.057292,2.115234,12.057292,0.352539,0.319661,40.000000,-80.000000,40.000000,-40.000000,0.000000,40.000000
9,equal,57000,15.000,0,5,0.500,0.100,0.400,T3o,jam,0.000000,1.632812,12.045139,1.632812,12.045139,0.272135,0.318142,40.000000,-80.000000,40.000000,-40.000000,0.000000,40.000000
9,equal,57000,15.000,0,5,0.500,0.100,0.400,73s,jam,0.000000,2.097656,12.036458,2.097656,12.036458,0.349609,0.317057,40.000000,-80.000000,40.000000,-40.000000,0.000000,40.000000
9,equal,57000,15.000,0,5,0.500,0.100,0.400,53o,jam,0.000000,2.019531,12.022569,2.019531,12.022569,0.336589,0.315321,40.000000,-80.000000,40.000000,-40.000000,0.000000,40.000000
9,equal,57000,15.000,0,5,0.500,0.100,0.400,83o,jam,0.000000,1.669922,12.012153,1.669922,12.012153,0.278320,0.314019,40.000000,-80.000000,40.000000,-40.000000,0.000000,40.000000
9,equal,57000,15.000,0,5,0.500,0.100,0.400,52o,jam,0.000000,1.988281,12.008681,1.988281,12.008681,0.331380,0.313585,40.000000,-80.000000,40.000000,-40.000000,0.000000,40.000000
9,equal,57000,15.000,0,5,0.500,0.100,0.400,Q3s,jam,0.000000,3.064453,11.984375,3.064453,11.984375,0.510742,0.310547,40.000000,-80.000000,40.000000,-40.000000,0.000000,40.000000
9,equal,57000,15.000,0,5,0.500,0.100,0.400,63o,jam,0.000000,1.953125,11.984375,1.953125,11.984375,0.325521,0.310547,40.000000,-80.000000,40.000000,-40.000000,0.000000,40.000000
9,equal,57000,15.000,0,5,0.500,0.100,0.400,84o,jam,0.000000,1.814453,11.982639,1.814453,11.982639,0.302409,0.310330,40.000000,-80.000000,40.000000,-40.000000,0.000000,40.000000
9,equal,57000,15.000,0,5,0.500,0.100,0.400,T4o,jam,0.000000,1.643229,11.982639,1.643229,11.982639,0.273872,0.310330,40.000000,-80.000000,40.000000,-40.000000,0.000000,40.000000
9,equal,57000,15.000,0,5,0.500,0.100,0.400,73o,jam,0.000000,1.802734,11.980903,1.802734,11.980903,0.300456,0.310113,40.000000,-80.000000,40.000000,-40.000000,0.000000,40.000000
9,equal,57000,15.000,0,5,0.500,0.100,0.400,93o,jam,0.000000,1.617188,11.977431,1.617188,11.977431,0.269531,0.309679,40.000000,-80.000000,40.000000,-40.000000,0.000000,40.000000
9,equal,57000,15.000,0,5,0.500,0.100,0.400,T2o,jam,0.000000,1.739583,11.970486,1.739583,11.970486,0.289931,0.308811,40.000000,-80.000000,40.000000,-40.000000,0.000000,40.000000
9,equal,57000,15.000,0,5,0.500,0.100,0.400,92o,jam,0.000000,1.447917,11.967014,1.447917,11.967014,0.241319,0.308377,40.000000,-80.000000,40.000000,-40.000000,0.000000,40.000000
9,equal,57000,15.000,0,5,0.500,0.100,0.400,72s,jam,0.000000,2.203125,11.958333,2.203125,11.958333,0.367188,0.307292,40.000000,-80.000000,40.000000,-40.000000,0.000000,40.000000
9,equal,57000,15.000,0,5,0.500,0.100,0.400,62s,jam,0.000000,1.957031,11.953125,1.957031,11.953125,0.326172,0.306641,40.000000,-80.000000,40.000000,-40.000000,0.000000,40.000000
9,equal,57000,15.000,0,5,0.500,0.100,0.400,74o,jam,0.000000,1.787109,11.951389,1.787109,11.951389,0.297852,0.306424,40.000000,-80.000000,40.000000,-40.000000,0.000000,40.000000
9,equal,57000,15.000,0,5,0.500,0.100,0.400,Q4o,jam,0.000000,3.001953,11.947917,3.001953,11.947917,0.500326,0.305990,40.000000,-80.000000,40.000000,-40.000000,0.000000,40.000000
9,equal,57000,15.000,0,5,0.500,0.100,0.400,62o,jam,0.000000,1.925781,11.934028,1.925781,11.934028,0.320964,0.304253,40.000000,-80.000000,40.000000,-40.000000,0.000000,40.000000
9,equal,57000,15.000,0,5,0.500,0.100,0.400,A3o,jam,0.000000,3.220703,11.928819,3.220703,11.928819,0.536784,0.303602,40.000000,-80.000000,40.000000,-40.000000,0.000000,40.000000
9,equal,57000,15.000,0,5,0.500,0.100,0.400,J2o,jam,0.000000,3.255859,11.895833,3.255859,11.895833,0.542643,0.299479,40.000000,-80.000000,40.000000,-40.000000,0.000000,40.000000
9,equal,57000,15.000,0,5,0.500,0.100,0.400,82o,jam,0.000000,1.687500,11.868056,1.687500,11.868056,0.281250,0.296007,40.000000,-80.000000,40.000000,-40.000000,0.000000,40.000000
9,equal,57000,15.000,0,5,0.500,0.100,0.400,K3o,jam,0.000000,3.105469,11.866319,3.105469,11.866319,0.517578,0.295790,40.000000,-80.000000,40.000000,-40.000000,0.000000,40.000000
9,equal,57000,15.000,0,5,0.500,0.100,0.400,Q2o,jam,0.000000,3.189453,11.850694,3.189453,11.850694,0.531576,0.293837,40.000000,-80.000000,40.000000,-40.000000,0.000000,40.000000
9,equal,57000,15.000,0,5,0.500,0.100,0.400,A2o,jam,0.000000,3.007813,11.838542,3.007813,11.838542,0.501302,0.292318,40.000000,-80.000000,40.000000,-40.000000,0.000000,40.000000
9,equal,57000,15.000,0,5,0.500,0.100,0.400,K2o,jam,0.000000,2.945312,11.829861,2.945312,11.829861,0.490885,0.291233,40.000000,-80.000000,40.000000,-40.000000,0.000000,40.000000
9,equal,57000,15.000,0,5,0.500,0.100,0.400,72o,jam,0.000000,1.730469,11.819444,1.730469,11.819444,0.288411,0.289931,40.000000,-80.000000,40.000000,-40.000000,0.000000,40.000000
9,equal,57000,15.000,0,5,0.500,0.100,0.400,22,jam,0.000000,2.785156,11.020833,2.785156,11.020833,0.464193,0.190104,40.000000,-80.000000,40.000000,-40.000000,0.000000,40.000000
9,equal,57000,15.000,0,5,0.500,0.100,0.400,32s,jam,0.000000,1.646484,10.984375,1.646484,10.984375,0.274414,0.185547,40.000000,-80.000000,40.000000,-40.000000,0.000000,40.000000
9,equal,57000,15.000,0,5,0.500,0.100,0.400,33,jam,0.000000,2.882812,10.982639,2.882812,10.982639,0.480469,0.185330,40.000000,-80.000000,40.000000,-40.000000,0.000000,40.000000
9,equal,57000,15.000,0,5,0.500,0.100,0.400,43s,jam,0.000000,2.132812,10.947917,2.132812,10.947917,0.355469,0.180990,40.000000,-80.000000,40.000000,-40.000000,0.000000,40.000000
9,equal,57000,15.000,0,5,0.500,0.100,0.400,42s,jam,0.000000,2.162109,10.572917,2.162109,10.572917,0.360352,0.134115,40.000000,-80.000000,40.000000,-40.000000,0.000000,40.000000
9,equal,57000,15.000,0,5,0.500,0.100,0.400,32o,jam,0.000000,1.982422,10.447917,1.982422,10.447917,0.330404,0.118490,40.000000,-80.000000,40.000000,-40.000000,0.000000,40.000000
9,equal,57000,15.000,0,5,0.500,0.100,0.400,43o,jam,0.000000,1.941406,10.395833,1.941406,10.395833,0.323568,0.111979,40.000000,-80.000000,40.000000,-40.000000,0.000000,40.000000
9,equal,57000,15.000,0,5,0.500,0.100,0.400,42o,jam,0.000000,1.945312,10.298611,1.945312,10.298611,0.324219,0.099826,40.000000,-80.000000,40.000000,-40.000000,0.000000,40.000000
9,equal,57000,15.000,0,5,0.500,0.200,0.400,KK,jam,0.000000,4.683594,18.520833,4.683594,18.520833,0.780599,0.907552,40.000000,-80.000000,40.000000,-40.000000,0.000000,40.000000
9,equal,57000,15.000,0,5,0.500,0.200,0.400,AA,jam,0.000000,4.726562,17.822917,4.726562,17.822917,0.787760,0.863932,40.000000,-80.000000,40.000000,-40.000000,0.000000,40.000000
9,equal,57000,15.000,0,5,0.500,0.200,0.400,AQs,jam,0.000000,3.849609,16.250000,3.849609,16.250000,0.641602,0.765625,40.000000,-80.000000,40.000000,-40.000000,0.000000,40.000000
9,equal,57000,15.000,0,5,0.500,0.200,0.400,AKs,jam,0.000000,3.820312,16.173611,3.820312,16.173611,0.636719,0.760851,40.000000,-80.000000,40.000000,-40.000000,0.000000,40.000000
9,equal,57000,15.000,0,5,0.500,0.200,0.400,AKo,jam,0.000000,3.439453,15.893519,3.439453,15.893519,0.573242,0.743345,40.000000,-80.000000,40.000000,-40.000000,0.000000,40.000000
9,equal,57000,15.000,0,5,0.500,0.200,0.400,AQo,jam,0.000000,3.466797,15.793981,3.466797,15.793981,0.577799,0.737124,40.000000,-80.000000,40.000000,-40.000000,0.000000,40.000000
9,equal,57000,15.000,0,5,0.500,0.200,0.400,QQ,jam,0.000000,4.902344,14.513889,4.902344,14.513889,0.817057,0.657118,40.000000,-80.000000,40.000000,-40.000000,0.000000,40.000000
9,equal,57000,15.000,0,5,0.500,0.200,0.400,ATs,jam,0.000000,4.093750,14.213542,4.093750,14.213542,0.682292,0.638346,40.000000,-80.000000,40.000000,-40.000000,0.000000,40.000000
9,equal,57000,15.000,0,5,0.500,0.200,0.400,A4s,jam,0.000000,3.240234,13.942708,3.240234,13.942708,0.540039,0.621419,40.000000,-80.000000,40.000000,-40.000000,0.000000,40.000000
9,equal,57000,15.000,0,5,0.500,0.200,0.400,AJs,jam,0.000000,3.843750,13.901042,3.843750,13.901042,0.640625,0.618815,40.000000,-80.000000,40.000000,-40.000000,0.000000,40.000000
9,equal,57000,15.000,0,5,0.500,0.200,0.400,A7s,jam,0.000000,3.304688,13.760417,3.304688,13.760417,0.550781,0.610026,40.000000,-80.000000,40.000000,-40.000000,0.000000,40.000000
9,equal,57000,15.000,0,5,0.500,0.200,0.400,A5s,jam,0.000000,3.257812,13.744792,3.257812,13.744792,0.542969,0.609049,40.000000,-80.000000,40.000000,-40.000000,0.000000,40.000000
9,equal,57000,15.000,0,5,0.500,0.200,0.400,ATo,jam,0.000000,4.190104,13.718750,4.190104,13.718750,0.698351,0.607422,40.000000,-80.000000,40.000000,-40.000000,0.000000,40.000000
9,equal,57000,15.000,0,5,0.500,0.200,0.400,A6s,jam,0.000000,3.386719,13.562500,3.386719,13.562500,0.564453,0.597656,40.000000,-80.000000,40.000000,-40.000000,0.000000,40.000000
9,equal,57000,15.000,0,5,0.500,0.200,0.400,A9s,jam,0.000000,4.109375,13.541667,4.109375,13.541667,0.684896,0.596354,40.000000,-80.000000,40.000000,-40.000000,0.000000,40.000000
9,equal,57000,15.000,0,5,0.500,0.200,0.400,A5o,jam,0.000000,3.160156,13.475694,3.160156,13.475694,0.526693,0.592231,40.000000,-80.000000,40.000000,-40.000000,0.000000,40.000000
9,equal,57000,15.000,0,5,0.500,0.200,0.400,AJo,jam,0.000000,3.640625,13.468750,3.640625,13.468750,0.606771,0.591797,40.000000,-80.000000,40.000000,-40.000000,0.000000,40.000000
9,equal,57000,15.000,0,5,0.500,0.200,0.400,A3s,jam,0.000000,3.492188,13.468750,3.492188,13.468750,0.582031,0.591797,40.000000,-80.000000,40.000000,-40.000000,0.000000,40.000000
9,equal,57000,15.000,0,5,0.500,0.200,0.400,A8s,jam,0.000000,3.509766,13.447917,3.509766,13.447917,0.584961,0.590495,40.000000,-80.000000,40.000000,-40.000000,0.000000,40.000000
9,equal,57000,15.000,0,5,0.500,0.200,0.400,A3o,jam,0.000000,3.220703,13.366319,3.220703,13.366319,0.536784,0.585395,40.000000,-80.000000,40.000000,-40.000000,0.000000,40.000000
9,equal,57000,15.000,0,5,0.500,0.200,0.400,A2o,jam,0.000000,3.007813,13.364583,3.007813,13.364583,0.501302,0.585286,40.000000,-80.000000,40.000000,-40.000000,0.000000,40.000000
9,equal,57000,15.000,0,5,0.500,0.200,0.400,A9o,jam,0.000000,3.950521,13.328125,3.950521,13.328125,0.658420,0.583008,40.000000,-80.000000,40.000000,-40.000000,0.000000,40.000000
9,equal,57000,15.000,0,5,0.500,0.200,0.400,A7o,jam,0.000000,3.083984,13.303819,3.083984,13.303819,0.513997,0.581489,40.000000,-80.000000,40.000000,-40.000000,0.000000,40.000000
9,equal,57000,15.000,0,5,0.500,0.200,0.400,A2s,jam,0.000000,3.398438,13.296875,3.398438,13.296875,0.566406,0.581055,40.000000,-80.000000,40.000000,-40.000000,0.000000,40.000000
9,equal,57000,15.000,0,5,0.500,0.200,0.400,A8o,jam,0.000000,3.281250,13.289931,3.281250,13.289931,0.546875,0.580621,40.000000,-80.000000,40.000000,-40.000000,0.000000,40.000000
9,equal,57000,15.000,0,5,0.500,0.200,0.400,A6o,jam,0.000000,3.177734,13.241319,3.177734,13.241319,0.529622,0.577582,40.000000,-80.000000,40.000000,-40.000000,0.000000,40.000000
9,equal,57000,15.000,0,5,0.500,0.200,0.400,A4o,jam,0.000000,3.140625,13.206597,3.140625,13.206597,0.523438,0.575412,40.000000,-80.000000,40.000000,-40.000000,0.000000,40.000000
9,equal,57000,15.000,0,5,0.500,0.200,0.400,99,jam,0.000000,3.726562,13.100694,3.726562,13.100694,0.621094,0.568793,40.000000,-80.000000,40.000000,-40.000000,0.000000,40.000000
9,equal,57000,15.000,0,5,0.500,0.200,0.400,TT,jam,0.000000,4.898438,12.951389,4.898438,12.951389,0.816406,0.559462,40.000000,-80.000000,40.000000,-40.000000,0.000000,40.000000
9,equal,57000,15.000,0,5,0.500,0.200,0.400,JJ,jam,0.000000,4.957031,12.923611,4.957031,12.923611,0.826172,0.557726,40.000000,-80.000000,40.000000,-40.000000,0.000000,40.000000
9,equal,57000,15.000,0,5,0.500,0.200,0.400,77,jam,0.000000,2.769531,12.631944,2.769531,12.631944,0.461589,0.539497,40.000000,-80.000000,40.000000,-40.000000,0.000000,40.000000
9,equal,57000,15.000,0,5,0.500,0.200,0.400,55,jam,0.000000,2.933594,12.625000,2.933594,12.625000,0.488932,0.539062,40.000000,-80.000000,40.000000,-40.000000,0.000000,40.000000
9,equal,57000,15.000,0,5,0.500,0.200,0.400,66,jam,0.000000,2.988281,12.590278,2.988281,12.590278,0.498047,0.536892,40.000000,-80.000000,40.000000,-40.000000,0.000000,40.000000
9,equal,57000,15.000,0,5,0.500,0.200,0.400,88,jam,0.000000,3.101563,12.565972,3.101563,12.565972,0.516927,0.535373,40.000000,-80.000000,40.000000,-40.000000,0.000000,40.000000
9,equal,57000,15.000,0,5,0.500,0.200,0.400,KQs,jam,0.000000,3.943359,12.489583,3.943359,12.489583,0.657227,0.530599,40.000000,-80.000000,40.000000,-40.000000,0.000000,40.000000
9,equal,57000,15.000,0,5,0.500,0.200,0.400,44,jam,0.000000,2.632812,12.423611,2.632812,12.423611,0.438802,0.526476,40.000000,-80.000000,40.000000,-40.000000,0.000000,40.000000
9,equal,57000,15.000,0,5,0.500,0.200,0.400,33,jam,0.000000,2.882812,12.298611,2.882812,12.298611,0.480469,0.518663,40.000000,-80.000000,40.000000,-40.000000,0.000000,40.000000
9,equal,57000,15.000,0,5,0.500,0.200,0.400,22,jam,0.000000,2.785156,12.208333,2.785156,12.208333,0.464193,0.513021,40.000000,-80.000000,40.000000,-40.000000,0.000000,40.000000
9,equal,57000,15.000,0,5,0.500,0.200,0.400,KQo,jam,0.000000,3.597656,12.000000,3.597656,12.000000,0.599609,0.500000,40.000000,-80.000000,40.000000,-40.000000,0.000000,40.000000
9,equal,57000,15.000,0,5,0.500,0.200,0.400,65s,jam,0.000000,2.062500,10.614583,2.062500,10.614583,0.343750,0.413411,40.000000,-80.000000,40.000000,-40.000000,0.000000,40.000000
9,equal,57000,15.000,0,5,0.500,0.200,0.400,76s,jam,0.000000,2.273438,10.598958,2.273438,10.598958,0.378906,0.412435,40.000000,-80.000000,40.000000,-40.000000,0.000000,40.000000
9,equal,57000,15.000,0,5,0.500,0.200,0.400,97s,jam,0.000000,1.781250,10.598958,1.781250,10.598958,0.296875,0.412435,40.000000,-80.000000,40.000000,-40.000000,0.000000,40.000000
9,equal,57000,15.000,0,5,0.500,0.200,0.400,64s,jam,0.000000,1.722656,10.567708,1.722656,10.567708,0.287109,0.410482,40.000000,-80.000000,40.000000,-40.000000,0.000000,40.000000
9,equal,57000,15.000,0,5,0.500,0.200,0.400,98s,jam,0.000000,1.726562,10.515625,1.726562,10.515625,0.287760,0.407227,40.000000,-80.000000,40.000000,-40.000000,0.000000,40.000000
9,equal,57000,15.000,0,5,0.500,0.200,0.400,86s,jam,0.000000,2.097656,10.447917,2.097656,10.447917,0.349609,0.402995,40.000000,-80.000000,40.000000,-40.000000,0.000000,40.000000
9,equal,57000,15.000,0,5,0.500,0.200,0.400,54s,jam,0.000000,1.939453,10.421875,1.939453,10.421875,0.323242,0.401367,40.000000,-80.000000,40.000000,-40.000000,0.000000,40.000000
9,equal,57000,15.000,0,5,0.500,0.200,0.400,87s,jam,0.000000,2.021484,10.411458,2.021484,10.411458,0.336914,0.400716,40.000000,-80.000000,40.000000,-40.000000,0.000000,40.000000
9,equal,57000,15.000,0,5,0.500,0.200,0.400,T9s,jam,0.000000,3.000000,10.406250,3.000000,10.406250,0.500000,0.400391,40.000000,-80.000000,40.000000,-40.000000,0.000000,40.000000
9,equal,57000,15.000,0,5,0.500,0.200,0.400,JTs,jam,0.000000,4.218750,10.369792,4.218750,10.369792,0.703125,0.398112,40.000000,-80.000000,40.000000,-40.000000,0.000000,40.000000
9,equal,57000,15.000,0,5,0.500,0.200,0.400,63s,jam,0.000000,2.074219,10.333333,2.074219,10.333333,0.345703,0.395833,40.000000,-80.000000,40.000000,-40.000000,0.000000,40.000000
9,equal,57000,15.000,0,5,0.500,0.200,0.400,53s,jam,0.000000,2.044922,10.322917,2.044922,10.322917,0.340820,0.395182,40.000000,-80.000000,40.000000,-40.000000,0.000000,40.000000
9,equal,57000,15.000,0,5,0.500,0.200,0.400,43s,jam,0.000000,2.132812,10.307292,2.132812,10.307292,0.355469,0.394206,40.000000,-80.000000,40.000000,-40.000000,0.000000,40.000000
9,equal,57000,15.000,0,5,0.500,0.200,0.400,73s,jam,0.000000,2.097656,10.203125,2.097656,10.203125,0.349609,0.387695,40.000000,-80.000000,40.000000,-40.000000,0.000000,40.000000
9,equal,57000,15.000,0,5,0.500,0.200,0.400,83s,jam,0.000000,1.880859,10.161458,1.880859,10.161458,0.313477,0.385091,40.000000,-80.000000,40.000000,-40.000000,0.000000,40.000000
9,equal,57000,15.000,0,5,0.500,0.200,0.400,75s,jam,0.000000,2.167969,10.156250,2.167969,10.156250,0.361328,0.384766,40.000000,-80.000000,40.000000,-40.000000,0.000000,40.000000
9,equal,57000,15.000,0,5,0.500,0.200,0.400,84s,jam,0.000000,1.962891,10.130208,1.962891,10.130208,0.327148,0.383138,40.000000,-80.000000,40.000000,-40.000000,0.000000,40.000000
9,equal,57000,15.000,0,5,0.500,0.200,0.400,85s,jam,0.000000,2.085938,10.072917,2.085938,10.072917,0.347656,0.379557,40.000000,-80.000000,40.000000,-40.000000,0.000000,40.000000
9,equal,57000,15.000,0,5,0.500,0.200,0.400,32s,jam,0.000000,1.646484,10.072917,1.646484,10.072917,0.274414,0.379557,40.000000,-80.000000,40.000000,-40.000000,0.000000,40.000000
9,equal,57000,15.000,0,5,0.500,0.200,0.400,54o,jam,0.000000,2.158203,10.060764,2.158203,10.060764,0.359701,0.378798,40.000000,-80.000000,40.000000,-40.000000,0.000000,40.000000
9,equal,57000,15.000,0,5,0.500,0.200,0.400,J9s,jam,0.000000,4.476562,10.046875,4.476562,10.046875,0.746094,0.377930,40.000000,-80.000000,40.000000,-40.000000,0.000000,40.000000
9,equal,57000,15.000,0,5,0.500,0.200,0.400,T8s,jam,0.000000,2.070312,10.031250,2.070312,10.031250,0.345052,0.376953,40.000000,-80.000000,40.000000,-40.000000,0.000000,40.000000
9,equal,57000,15.000,0,5,0.500,0.200,0.400,T5s,jam,0.000000,1.835938,10.020833,1.835938,10.020833,0.305990,0.376302,40.000000,-80.000000,40.000000,-40.000000,0.000000,40.000000
9,equal,57000,15.000,0,5,0.500,0.200,0.400,76o,jam,0.000000,2.154297,10.000000,2.154297,10.000000,0.359049,0.375000,40.000000,-80.000000,40.000000,-40.000000,0.000000,40.000000
9,equal,57000,15.000,0,5,0.500,0.200,0.400,42s,jam,0.000000,2.162109,9.994792,2.162109,9.994792,0.360352,0.374674,40.000000,-80.000000,40.000000,-40.000000,0.000000,40.000000
9,equal,57000,15.000,0,5,0.500,0.200,0.400,52s,jam,0.000000,2.115234,9.994792,2.115234,9.994792,0.352539,0.374674,40.000000,-80.000000,40.000000,-40.000000,0.000000,40.000000
9,equal,57000,15.000,0,5,0.500,0.200,0.400,74s,jam,0.000000,2.074219,9.973958,2.074219,9.973958,0.345703,0.373372,40.000000,-80.000000,40.000000,-40.000000,0.000000,40.000000
9,equal,57000,15.000,0,5,0.500,0.200,0.400,92s,jam,0.000000,1.937500,9.911458,1.937500,9.911458,0.322917,0.369466,40.000000,-80.000000,40.000000,-40.000000,0.000000,40.000000
9,equal,57000,15.000,0,5,0.500,0.200,0.400,T6s,jam,0.000000,1.937500,9.895833,1.937500,9.895833,0.322917,0.368490,40.000000,-80.000000,40.000000,-40.000000,0.000000,40.000000
9,equal,57000,15.000,0,5,0.500,0.200,0.400,93s,jam,0.000000,1.812500,9.895833,1.812500,9.895833,0.302083,0.368490,40.000000,-80.000000,40.000000,-40.000000,0.000000,40.000000
9,equal,57000,15.000,0,5,0.500,0.200,0.400,J4s,jam,0.000000,3.585938,9.859375,3.585938,9.859375,0.597656,0.366211,40.000000,-80.000000,40.000000,-40.000000,0.000000,40.000000
9,equal,57000,15.000,0,5,0.500,0.200,0.400,95s,jam,0.000000,1.742188,9.854167,1.742188,9.854167,0.290365,0.365885,40.000000,-80.000000,40.000000,-40.000000,0.000000,40.000000
9,equal,57000,15.000,0,5,0.500,0.200,0.400,65o,jam,0.000000,2.015625,9.848958,2.015625,9.848958,0.335938,0.365560,40.000000,-80.000000,40.000000,-40.000000,0.000000,40.000000
9,equal,57000,15.000,0,5,0.500,0.200,0.400,T3s,jam,0.000000,2.101562,9.843750,2.101562,9.843750,0.350260,0.365234,40.000000,-80.000000,40.000000,-40.000000,0.000000,40.000000
9,equal,57000,15.000,0,5,0.500,0.200,0.400,64o,jam,0.000000,1.966797,9.821181,1.966797,9.821181,0.327799,0.363824,40.000000,-80.000000,40.000000,-40.000000,0.000000,40.000000
9,equal,57000,15.000,0,5,0.500,0.200,0.400,96s,jam,0.000000,1.921875,9.796875,1.921875,9.796875,0.320312,0.362305,40.000000,-80.000000,40.000000,-40.000000,0.000000,40.000000
9,equal,57000,15.000,0,5,0.500,0.200,0.400,JTo,jam,0.000000,4.158854,9.786458,4.158854,9.786458,0.693142,0.361654,40.000000,-80.000000,40.000000,-40.000000,0.000000,40.000000
9,equal,57000,15.000,0,5,0.500,0.200,0.400,94s,jam,0.000000,1.773438,9.770833,1.773438,9.770833,0.295573,0.360677,40.000000,-80.000000,40.000000,-40.000000,0.000000,40.000000
9,equal,57000,15.000,0,5,0.500,0.200,0.400,62s,jam,0.000000,1.957031,9.760417,1.957031,9.760417,0.326172,0.360026,40.000000,-80.000000,40.000000,-40.000000,0.000000,40.000000
9,equal,57000,15.000,0,5,0.500,0.200,0.400,J2s,jam,0.000000,3.152344,9.755208,3.152344,9.755208,0.525391,0.359701,40.000000,-80.000000,40.000000,-40.000000,0.000000,40.000000
9,equal,57000,15.000,0,5,0.500,0.200,0.400,72s,jam,0.000000,2.203125,9.734375,2.203125,9.734375,0.367188,0.358398,40.000000,-80.000000,40.000000,-40.000000,0.000000,40.000000
9,equal,57000,15.000,0,5,0.500,0.200,0.400,98o,jam,0.000000,1.567708,9.722222,1.567708,9.722222,0.261285,0.357639,40.000000,-80.000000,40.000000,-40.000000,0.000000,40.000000
9,equal,57000,15.000,0,5,0.500,0.200,0.400,J3s,jam,0.000000,3.052734,9.718750,3.052734,9.718750,0.508789,0.357422,40.000000,-80.000000,40.000000,-40.000000,0.000000,40.000000
9,equal,57000,15.000,0,5,0.500,0.200,0.400,53o,jam,0.000000,2.019531,9.713542,2.019531,9.713542,0.336589,0.357096,40.000000,-80.000000,40.000000,-40.000000,0.000000,40.000000
9,equal,57000,15.000,0,5,0.500,0.200,0.400,T9o,jam,0.000000,2.863281,9.703125,2.863281,9.703125,0.477214,0.356445,40.000000,-80.000000,40.000000,-40.000000,0.000000,40.000000
9,equal,57000,15.000,0,5,0.500,0.200,0.400,75o,jam,0.000000,1.919922,9.692708,1.919922,9.692708,0.319987,0.355794,40.000000,-80.000000,40.000000,-40.000000,0.000000,40.000000
9,equal,57000,15.000,0,5,0.500,0.200,0.400,43o,jam,0.000000,1.941406,9.687500,1.941406,9.687500,0.323568,0.355469,40.000000,-80.000000,40.000000,-40.000000,0.000000,40.000000
9,equal,57000,15.000,0,5,0.500,0.200,0.400,T8o,jam,0.000000,1.729167,9.678819,1.729167,9.678819,0.288194,0.354926,40.000000,-80.000000,40.000000,-40.000000,0.000000,40.000000
9,equal,57000,15.000,0,5,0.500,0.200,0.400,96o,jam,0.000000,1.549479,9.668403,1.549479,9.668403,0.258247,0.354275,40.000000,-80.000000,40.000000,-40.000000,0.000000,40.000000
9,equal,57000,15.000,0,5,0.500,0.200,0.400,J8s,jam,0.000000,3.533203,9.666667,3.533203,9.666667,0.588867,0.354167,40.000000,-80.000000,40.000000,-40.000000,0.000000,40.000000
9,equal,57000,15.000,0,5,0.500,0.200,0.400,J5s,jam,0.000000,3.298828,9.661458,3.298828,9.661458,0.549805,0.353841,40.000000,-80.000000,40.000000,-40.000000,0.000000,40.000000
9,equal,57000,15.000,0,5,0.500,0.200,0.400,87o,jam,0.000000,2.085938,9.651042,2.085938,9.651042,0.347656,0.353190,40.000000,-80.000000,40.000000,-40.000000,0.000000,40.000000
9,equal,57000,15.000,0,5,0.500,0.200,0.400,97o,jam,0.000000,1.546875,9.633681,1.546875,9.633681,0.257812,0.352105,40.000000,-80.000000,40.000000,-40.000000,0.000000,40.000000
9,equal,57000,15.000,0,5,0.500,0.200,0.400,J6s,jam,0.000000,3.568359,9.630208,3.568359,9.630208,0.594727,0.351888,40.000000,-80.000000,40.000000,-40.000000,0.000000,40.000000
9,equal,57000,15.000,0,5,0.500,0.200,0.400,T4s,jam,0.000000,1.812500,9.630208,1.812500,9.630208,0.302083,0.351888,40.000000,-80.000000,40.000000,-40.000000,0.000000,40.000000
9,equal,57000,15.000,0,5,0.500,0.200,0.400,63o,jam,0.000000,1.953125,9.593750,1.953125,9.593750,0.325521,0.349609,40.000000,-80.000000,40.000000,-40.000000,0.000000,40.000000
9,equal,57000,15.000,0,5,0.500,0.200,0.400,T7s,jam,0.000000,1.867188,9.583333,1.867188,9.583333,0.311198,0.348958,40.000000,-80.000000,40.000000,-40.000000,0.000000,40.000000
9,equal,57000,15.000,0,5,0.500,0.200,0.400,73o,jam,0.000000,1.802734,9.541667,1.802734,9.541667,0.300456,0.346354,40.000000,-80.000000,40.000000,-40.000000,0.000000,40.000000
9,equal,57000,15.000,0,5,0.500,0.200,0.400,J7s,jam,0.000000,3.410156,9.531250,3.410156,9.531250,0.568359,0.345703,40.000000,-80.000000,40.000000,-40.000000,0.000000,40.000000
9,equal,57000,15.000,0,5,0.500,0.200,0.400,85o,jam,0.000000,1.818359,9.513889,1.818359,9.513889,0.303060,0.344618,40.000000,-80.000000,40.000000,-40.000000,0.000000,40.000000
9,equal,57000,15.000,0,5,0.500,0.200,0.400,42o,jam,0.000000,1.945312,9.498264,1.945312,9.498264,0.324219,0.343641,40.000000,-80.000000,40.000000,-40.000000,0.000000,40.000000
9,equal,57000,15.000,0,5,0.500,0.200,0.400,84o,jam,0.000000,1.814453,9.470486,1.814453,9.470486,0.302409,0.341905,40.000000,-80.000000,40.000000,-40.000000,0.000000,40.000000
9,equal,57000,15.000,0,5,0.500,0.200,0.400,74o,jam,0.000000,1.787109,9.446181,1.787109,9.446181,0.297852,0.340386,40.000000,-80.000000,40.000000,-40.000000,0.000000,40.000000
9,equal,57000,15.000,0,5,0.500,0.200,0.400,86o,jam,0.000000,1.902344,9.444444,1.902344,9.444444,0.317057,0.340278,40.000000,-80.000000,40.000000,-40.000000,0.000000,40.000000
9,equal,57000,15.000,0,5,0.500,0.200,0.400,J9o,jam,0.000000,4.020833,9.425347,4.020833,9.425347,0.670139,0.339084,40.000000,-80.000000,40.000000,-40.000000,0.000000,40.000000
9,equal,57000,15.000,0,5,0.500,0.200,0.400,95o,jam,0.000000,1.361979,9.413194,1.361979,9.413194,0.226997,0.338325,40.000000,-80.000000,40.000000,-40.000000,0.000000,40.000000
9,equal,57000,15.000,0,5,0.500,0.200,0.400,62o,jam,0.000000,1.925781,9.328125,1.925781,9.328125,0.320964,0.333008,40.000000,-80.000000,40.000000,-40.000000,0.000000,40.000000
9,equal,57000,15.000,0,5,0.500,0.200,0.400,32o,jam,0.000000,1.982422,9.303819,1.982422,9.303819,0.330404,0.331489,40.000000,-80.000000,40.000000,-40.000000,0.000000,40.000000
9,equal,57000,15.000,0,5,0.500,0.200,0.400,82s,jam,0.000000,1.886719,9.296875,1.886719,9.296875,0.314453,0.331055,40.000000,-80.000000,40.000000,-40.000000,0.000000,40.000000
9,equal,57000,15.000,0,5,0.500,0.200,0.400,72o,jam,0.000000,1.730469,9.295139,1.730469,9.295139,0.288411,0.330946,40.000000,-80.000000,40.000000,-40.000000,0.000000,40.000000
9,equal,57000,15.000,0,5,0.500,0.200,0.400,J8o,jam,0.000000,3.281250,9.293403,3.281250,9.293403,0.546875,0.330838,40.000000,-80.000000,40.000000,-40.000000,0.000000,40.000000
9,equal,57000,15.000,0,5,0.500,0.200,0.400,T7o,jam,0.000000,1.703125,9.286458,1.703125,9.286458,0.283854,0.330404,40.000000,-80.000000,40.000000,-40.000000,0.000000,40.000000
9,equal,57000,15.000,0,5,0.500,0.200,0.400,52o,jam,0.000000,1.988281,9.281250,1.988281,9.281250,0.331380,0.330078,40.000000,-80.000000,40.000000,-40.000000,0.000000,40.000000
9,equal,57000,15.000,0,5,0.500,0.200,0.400,T5o,jam,0.000000,1.734375,9.256944,1.734375,9.256944,0.289062,0.328559,40.000000,-80.000000,40.000000,-40.000000,0.000000,40.000000
9,equal,57000,15.000,0,5,0.500,0.200,0.400,K4s,jam,0.000000,3.193359,9.229167,3.193359,9.229167,0.532227,0.326823,40.000000,-80.000000,40.000000,-40.000000,0.000000,40.000000
9,equal,57000,15.000,0,5,0.500,0.200,0.400,T6o,jam,0.000000,1.739583,9.218750,1.739583,9.218750,0.289931,0.326172,40.000000,-80.000000,40.000000,-40.000000,0.000000,40.000000
9,equal,57000,15.000,0,5,0.500,0.200,0.400,J7o,jam,0.000000,3.111328,9.180556,3.111328,9.180556,0.518555,0.323785,40.000000,-80.000000,40.000000,-40.000000,0.000000,40.000000
9,equal,57000,15.000,0,5,0.500,0.200,0.400,J5o,jam,0.000000,3.164062,9.159722,3.164062,9.159722,0.527344,0.322483,40.000000,-80.000000,40.000000,-40.000000,0.000000,40.000000
9,equal,57000,15.000,0,5,0.500,0.200,0.400,92o,jam,0.000000,1.447917,9.126736,1.447917,9.126736,0.241319,0.320421,40.000000,-80.000000,40.000000,-40.000000,0.000000,40.000000
9,equal,57000,15.000,0,5,0.500,0.200,0.400,QTs,jam,0.000000,4.179688,9.125000,4.179688,9.125000,0.696615,0.320312,40.000000,-80.000000,40.000000,-40.000000,0.000000,40.000000
9,equal,57000,15.000,0,5,0.500,0.200,0.400,94o,jam,0.000000,1.510417,9.118056,1.510417,9.118056,0.251736,0.319878,40.000000,-80.000000,40.000000,-40.000000,0.000000,40.000000
9,equal,57000,15.000,0,5,0.500,0.200,0.400,T3o,jam,0.000000,1.632812,9.112847,1.632812,9.112847,0.272135,0.319553,40.000000,-80.000000,40.000000,-40.000000,0.000000,40.000000
9,equal,57000,15.000,0,5,0.500,0.200,0.400,T2s,jam,0.000000,1.898438,9.078125,1.898438,9.078125,0.316406,0.317383,40.000000,-80.000000,40.000000,-40.000000,0.000000,40.000000
9,equal,57000,15.000,0,5,0.500,0.200,0.400,T4o,jam,0.000000,1.643229,9.072917,1.643229,9.072917,0.273872,0.317057,40.000000,-80.000000,40.000000,-40.000000,0.000000,40.000000
9,equal,57000,15.000,0,5,0.500,0.200,0.400,Q6s,jam,0.000000,3.351562,9.041667,3.351562,9.041667,0.558594,0.315104,40.000000,-80.000000,40.000000,-40.000000,0.000000,40.000000
9,equal,57000,15.000,0,5,0.500,0.200,0.400,82o,jam,0.000000,1.687500,9.039931,1.687500,9.039931,0.281250,0.314996,40.000000,-80.000000,40.000000,-40.000000,0.000000,40.000000
9,equal,57000,15.000,0,5,0.500,0.200,0.400,Q4s,jam,0.000000,3.292969,9.020833,3.292969,9.020833,0.548828,0.313802,40.000000,-80.000000,40.000000,-40.000000,0.000000,40.000000
9,equal,57000,15.000,0,5,0.500,0.200,0.400,KTs,jam,0.000000,4.031250,9.013889,4.031250,9.013889,0.671875,0.313368,40.000000,-80.000000,40.000000,-40.000000,0.000000,40.000000
9,equal,57000,15.000,0,5,0.500,0.200,0.400,Q5s,jam,0.000000,3.328125,8.993056,3.328125,8.993056,0.554688,0.312066,40.000000,-80.000000,40.000000,-40.000000,0.000000,40.000000
9,equal,57000,15.000,0,5,0.500,0.200,0.400,J3o,jam,0.000000,3.000000,8.980903,3.000000,8.980903,0.500000,0.311306,40.000000,-80.000000,40.000000,-40.000000,0.000000,40.000000
9,equal,57000,15.000,0,5,0.500,0.200,0.400,93o,jam,0.000000,1.617188,8.968750,1.617188,8.968750,0.269531,0.310547,40.000000,-80.000000,40.000000,-40.000000,0.000000,40.000000
9,equal,57000,15.000,0,5,0.500,0.200,0.400,83o,jam,0.000000,1.669922,8.946181,1.669922,8.946181,0.278320,0.309136,40.000000,-80.000000,40.000000,-40.000000,0.000000,40.000000
9,equal,57000,15.000,0,5,0.500,0.200,0.400,K6s,jam,0.000000,3.322266,8.944444,3.322266,8.944444,0.553711,0.309028,40.000000,-80.000000,40.000000,-40.000000,0.000000,40.000000
9,equal,57000,15.000,0,5,0.500,0.200,0.400,K8s,jam,0.000000,3.246094,8.923611,3.246094,8.923611,0.541016,0.307726,40.000000,-80.000000,40.000000,-40.000000,0.000000,40.000000
9,equal,57000,15.000,0,5,0.500,0.200,0.400,J6o,jam,0.000000,3.029297,8.923611,3.029297,8.923611,0.504883,0.307726,40.000000,-80.000000,40.000000,-40.000000,0.000000,40.000000
9,equal,57000,15.000,0,5,0.500,0.200,0.400,T2o,jam,0.000000,1.739583,8.906250,1.739583,8.906250,0.289931,0.306641,40.000000,-80.000000,40.000000,-40.000000,0.000000,40.000000
9,equal,57000,15.000,0,5,0.500,0.200,0.400,J2o,jam,0.000000,3.255859,8.902778,3.255859,8.902778,0.542643,0.306424,40.000000,-80.000000,40.000000,-40.000000,0.000000,40.000000
9,equal,57000,15.000,0,5,0.500,0.200,0.400,J4o,jam,0.000000,3.103516,8.894097,3.103516,8.894097,0.517253,0.305881,40.000000,-80.000000,40.000000,-40.000000,0.000000,40.000000
9,equal,57000,15.000,0,5,0.500,0.200,0.400,K9s,jam,0.000000,3.953125,8.861111,3.953125,8.861111,0.658854,0.303819,40.000000,-80.000000,40.000000,-40.000000,0.000000,40.000000
9,equal,57000,15.000,0,5,0.500,0.200,0.400,KJs,jam,0.000000,3.896484,8.854167,3.896484,8.854167,0.649414,0.303385,40.000000,-80.000000,40.000000,-40.000000,0.000000,40.000000
9,equal,57000,15.000,0,5,0.500,0.200,0.400,Q2s,jam,0.000000,3.222656,8.750000,3.222656,8.750000,0.537109,0.296875,40.000000,-80.000000,40.000000,-40.000000,0.000000,40.000000
9,equal,57000,15.000,0,5,0.500,0.200,0.400,K7s,jam,0.000000,3.298828,8.715278,3.298828,8.715278,0.549805,0.294705,40.000000,-80.000000,40.000000,-40.000000,0.000000,40.000000
9,equal,57000,15.000,0,5,0.500,0.200,0.400,K2s,jam,0.000000,3.269531,8.715278,3.269531,8.715278,0.544922,0.294705,40.000000,-80.000000,40.000000,-40.000000,0.000000,40.000000
9,equal,57000,15.000,0,5,0.500,0.200,0.400,K5s,jam,0.000000,3.468750,8.680556,3.468750,8.680556,0.578125,0.292535,40.000000,-80.000000,40.000000,-40.000000,0.000000,40.000000
9,equal,57000,15.000,0,5,0.500,0.200,0.400,QJs,jam,0.000000,3.937500,8.673611,3.937500,8.673611,0.656250,0.292101,40.000000,-80.000000,40.000000,-40.000000,0.000000,40.000000
9,equal,57000,15.000,0,5,0.500,0.200,0.400,Q7s,jam,0.000000,3.462891,8.604167,3.462891,8.604167,0.577148,0.287760,40.000000,-80.000000,40.000000,-40.000000,0.000000,40.000000
9,equal,57000,15.000,0,5,0.500,0.200,0.400,Q3s,jam,0.000000,3.064453,8.562500,3.064453,8.562500,0.510742,0.285156,40.000000,-80.000000,40.000000,-40.000000,0.000000,40.000000
9,equal,57000,15.000,0,5,0.500,0.200,0.400,K3s,jam,0.000000,3.158203,8.555556,3.158203,8.555556,0.526367,0.284722,40.000000,-80.000000,40.000000,-40.000000,0.000000,40.000000
9,equal,57000,15.000,0,5,0.500,0.200,0.400,Q8s,jam,0.000000,3.533203,8.437500,3.533203,8.437500,0.588867,0.277344,40.000000,-80.000000,40.000000,-40.000000,0.000000,40.000000
9,equal,57000,15.000,0,5,0.500,0.200,0.400,KTo,jam,0.000000,4.101562,8.326389,4.101562,8.326389,0.683594,0.270399,40.000000,-80.000000,40.000000,-40.000000,0.000000,40.000000
9,equal,57000,15.000,0,5,0.500,0.200,0.400,K9o,jam,0.000000,4.020833,8.277778,4.020833,8.277778,0.670139,0.267361,40.000000,-80.000000,40.000000,-40.000000,0.000000,40.000000
9,equal,57000,15.000,0,5,0.500,0.200,0.400,Q9s,jam,0.000000,3.984375,8.263889,3.984375,8.263889,0.664062,0.266493,40.000000,-80.000000,40.000000,-40.000000,0.000000,40.000000
9,equal,57000,15.000,0,5,0.500,0.200,0.400,K8o,jam,0.000000,3.167969,8.263889,3.167969,8.263889,0.527995,0.266493,40.000000,-80.000000,40.000000,-40.000000,0.000000,40.000000
9,equal,57000,15.000,0,5,0.500,0.200,0.400,QTo,jam,0.000000,4.005208,8.250000,4.005208,8.250000,0.667535,0.265625,40.000000,-80.000000,40.000000,-40.000000,0.000000,40.000000
9,equal,57000,15.000,0,5,0.500,0.200,0.400,K4o,jam,0.000000,3.121094,8.233796,3.121094,8.233796,0.520182,0.264612,40.000000,-80.000000,40.000000,-40.000000,0.000000,40.000000
9,equal,57000,15.000,0,5,0.500,0.200,0.400,K5o,jam,0.000000,2.935547,8.206019,2.935547,8.206019,0.489258,0.262876,40.000000,-80.000000,40.000000,-40.000000,0.000000,40.000000
9,equal,57000,15.000,0,5,0.500,0.200,0.400,K6o,jam,0.000000,3.037109,8.189815,3.037109,8.189815,0.506185,0.261863,40.000000,-80.000000,40.000000,-40.000000,0.000000,40.000000
9,equal,57000,15.000,0,5,0.500,0.200,0.400,K7o,jam,0.000000,3.171875,8.185185,3.171875,8.185185,0.528646,0.261574,40.000000,-80.000000,40.000000,-40.000000,0.000000,40.000000
9,equal,57000,15.000,0,5,0.500,0.200,0.400,Q6o,jam,0.000000,3.216797,8.118056,3.216797,8.118056,0.536133,0.257378,40.000000,-80.000000,40.000000,-40.000000,0.000000,40.000000
9,equal,57000,15.000,0,5,0.500,0.200,0.400,K2o,jam,0.000000,2.945312,8.115741,2.945312,8.115741,0.490885,0.257234,40.000000,-80.000000,40.000000,-40.000000,0.000000,40.000000
9,equal,57000,15.000,0,5,0.500,0.200,0.400,QJo,jam,0.000000,3.734375,8.050926,3.734375,8.050926,0.622396,0.253183,40.000000,-80.000000,40.000000,-40.000000,0.000000,40.000000
9,equal,57000,15.000,0,5,0.500,0.200,0.400,Q9o,jam,0.000000,4.041667,8.018519,4.041667,8.018519,0.673611,0.251157,40.000000,-80.000000,40.000000,-40.000000,0.000000,40.000000
9,equal,57000,15.000,0,5,0.500,0.200,0.400,Q5o,jam,0.000000,3.033203,7.960648,3.033203,7.960648,0.505534,0.247541,40.000000,-80.000000,40.000000,-40.000000,0.000000,40.000000
9,equal,57000,15.000,0,5,0.500,0.200,0.400,KJo,jam,0.000000,3.572266,7.909722,3.572266,7.909722,0.595378,0.244358,40.000000,-80.000000,40.000000,-40.000000,0.000000,40.000000
9,equal,57000,15.000,0,5,0.500,0.200,0.400,Q3o,jam,0.000000,3.019531,7.907407,3.019531,7.907407,0.503255,0.244213,40.000000,-80.000000,40.000000,-40.000000,0.000000,40.000000
9,equal,57000,15.000,0,5,0.500,0.200,0.400,K3o,jam,0.000000,3.105469,7.872685,3.105469,7.872685,0.517578,0.242043,40.000000,-80.000000,40.000000,-40.000000,0.000000,40.000000
9,equal,57000,15.000,0,5,0.500,0.200,0.400,Q4o,jam,0.000000,3.001953,7.844907,3.001953,7.844907,0.500326,0.240307,40.000000,-80.000000,40.000000,-40.000000,0.000000,40.000000
9,equal,57000,15.000,0,5,0.500,0.200,0.400,Q8o,jam,0.000000,3.226562,7.775463,3.226562,7.775463,0.537760,0.235966,40.000000,-80.000000,40.000000,-40.000000,0.000000,40.000000
9,equal,57000,15.000,0,5,0.500,0.200,0.400,Q2o,jam,0.000000,3.189453,7.719907,3.189453,7.719907,0.531576,0.232494,40.000000,-80.000000,40.000000,-40.000000,0.000000,40.000000
9,equal,57000,15.000,0,5,0.500,0.200,0.400,Q7o,jam,0.000000,3.000000,7.636574,3.000000,7.636574,0.500000,0.227286,40.000000,-80.000000,40.000000,-40.000000,0.000000,40.000000
9,equal,57000,15.000,0,5,0.500,0.500,0.400,JJ,jam,0.000000,4.957031,20.546875,4.957031,20.546875,0.826172,0.826172,40.000000,-80.000000,40.000000,-40.000000,0.000000,40.000000
9,equal,57000,15.000,0,5,0.500,0.500,0.400,QQ,jam,0.000000,4.902344,20.182292,4.902344,20.182292,0.817057,0.817057,40.000000,-80.000000,40.000000,-40.000000,0.000000,40.000000
9,equal,57000,15.000,0,5,0.500,0.500,0.400,TT,jam,0.000000,4.898438,20.156250,4.898438,20.156250,0.816406,0.816406,40.000000,-80.000000,40.000000,-40.000000,0.000000,40.000000
9,equal,57000,15.000,0,5,0.500,0.500,0.400,AA,jam,0.000000,4.726562,19.010417,4.726562,19.010417,0.787760,0.787760,40.000000,-80.000000,40.000000,-40.000000,0.000000,40.000000
9,equal,57000,15.000,0,5,0.500,0.500,0.400,KK,jam,0.000000,4.683594,18.723958,4.683594,18.723958,0.780599,0.780599,40.000000,-80.000000,40.000000,-40.000000,0.000000,40.000000
9,equal,57000,15.000,0,5,0.500,0.500,0.400,J9s,jam,0.000000,4.476562,17.343750,4.476562,17.343750,0.746094,0.746094,40.000000,-80.000000,40.000000,-40.000000,0.000000,40.000000
9,equal,57000,15.000,0,5,0.500,0.500,0.400,JTs,jam,0.000000,4.218750,15.625000,4.218750,15.625000,0.703125,0.703125,40.000000,-80.000000,40.000000,-40.000000,0.000000,40.000000
9,equal,57000,15.000,0,5,0.500,0.500,0.400,ATo,jam,0.000000,4.190104,15.434028,4.190104,15.434028,0.698351,0.698351,40.000000,-80.000000,40.000000,-40.000000,0.000000,40.000000
9,equal,57000,15.000,0,5,0.500,0.500,0.400,QTs,jam,0.000000,4.179688,15.364583,4.179688,15.364583,0.696615,0.696615,40.000000,-80.000000,40.000000,-40.000000,0.000000,40.000000
9,equal,57000,15.000,0,5,0.500,0.500,0.400,JTo,jam,0.000000,4.158854,15.225694,4.158854,15.225694,0.693142,0.693142,40.000000,-80.000000,40.000000,-40.000000,0.000000,40.000000
9,equal,57000,15.000,0,5,0.500,0.500,0.400,A9s,jam,0.000000,4.109375,14.895833,4.109375,14.895833,0.684896,0.684896,40.000000,-80.000000,40.000000,-40.000000,0.000000,40.000000
9,equal,57000,15.000,0,5,0.500,0.500,0.400,KTo,jam,0.000000,4.101562,14.843750,4.101562,14.843750,0.683594,0.683594,40.000000,-80.000000,40.000000,-40.000000,0.000000,40.000000
9,equal,57000,15.000,0,5,0.500,0.500,0.400,ATs,jam,0.000000,4.093750,14.791667,4.093750,14.791667,0.682292,0.682292,40.000000,-80.000000,40.000000,-40.000000,0.000000,40.000000
9,equal,57000,15.000,0,5,0.500,0.500,0.400,Q9o,jam,0.000000,4.041667,14.444444,4.041667,14.444444,0.673611,0.673611,40.000000,-80.000000,40.000000,-40.000000,0.000000,40.000000
9,equal,57000,15.000,0,5,0.500,0.500,0.400,KTs,jam,0.000000,4.031250,14.375000,4.031250,14.375000,0.671875,0.671875,40.000000,-80.000000,40.000000,-40.000000,0.000000,40.000000
9,equal,57000,15.000,0,5,0.500,0.500,0.400,K9o,jam,0.000000,4.020833,14.305556,4.020833,14.305556,0.670139,0.670139,40.000000,-80.000000,40.000000,-40.000000,0.000000,40.000000
9,equal,57000,15.000,0,5,0.500,0.500,0.400,J9o,jam,0.000000,4.020833,14.305556,4.020833,14.305556,0.670139,0.670139,40.000000,-80.000000,40.000000,-40.000000,0.000000,40.000000
9,equal,57000,15.000,0,5,0.500,0.500,0.400,QTo,jam,0.000000,4.005208,14.201389,4.005208,14.201389,0.667535,0.667535,40.000000,-80.000000,40.000000,-40.000000,0.000000,40.000000
9,equal,57000,15.000,0,5,0.500,0.500,0.400,Q9s,jam,0.000000,3.984375,14.062500,3.984375,14.062500,0.664062,0.664062,40.000000,-80.000000,40.000000,-40.000000,0.000000,40.000000
9,equal,57000,15.000,0,5,0.500,0.500,0.400,K9s,jam,0.000000,3.953125,13.854167,3.953125,13.854167,0.658854,0.658854,40.000000,-80.000000,40.000000,-40.000000,0.000000,40.000000
9,equal,57000,15.000,0,5,0.500,0.500,0.400,A9o,jam,0.000000,3.950521,13.836806,3.950521,13.836806,0.658420,0.658420,40.000000,-80.000000,40.000000,-40.000000,0.000000,40.000000
9,equal,57000,15.000,0,5,0.500,0.500,0.400,KQs,jam,0.000000,3.943359,13.789062,3.943359,13.789062,0.657227,0.657227,40.000000,-80.000000,40.000000,-40.000000,0.000000,40.000000
9,equal,57000,15.000,0,5,0.500,0.500,0.400,QJs,jam,0.000000,3.937500,13.750000,3.937500,13.750000,0.656250,0.656250,40.000000,-80.000000,40.000000,-40.000000,0.000000,40.000000
9,equal,57000,15.000,0,5,0.500,0.500,0.400,KJs,jam,0.000000,3.896484,13.476562,3.896484,13.476562,0.649414,0.649414,40.000000,-80.000000,40.000000,-40.000000,0.000000,40.000000
9,equal,57000,15.000,0,5,0.500,0.500,0.400,AQs,jam,0.000000,3.849609,13.164062,3.849609,13.164062,0.641602,0.641602,40.000000,-80.000000,40.000000,-40.000000,0.000000,40.000000
9,equal,57000,15.000,0,5,0.500,0.500,0.400,AJs,jam,0.000000,3.843750,13.125000,3.843750,13.125000,0.640625,0.640625,40.000000,-80.000000,40.000000,-40.000000,0.000000,40.000000
9,equal,57000,15.000,0,5,0.500,0.500,0.400,AKs,jam,0.000000,3.820312,12.968750,3.820312,12.968750,0.636719,0.636719,40.000000,-80.000000,40.000000,-40.000000,0.000000,40.000000
9,equal,57000,15.000,0,5,0.500,0.500,0.400,QJo,jam,0.000000,3.734375,12.395833,3.734375,12.395833,0.622396,0.622396,40.000000,-80.000000,40.000000,-40.000000,0.000000,40.000000
9,equal,57000,15.000,0,5,0.500,0.500,0.400,99,jam,0.000000,3.726562,12.343750,3.726562,12.343750,0.621094,0.621094,40.000000,-80.000000,40.000000,-40.000000,0.000000,40.000000
9,equal,57000,15.000,0,5,0.500,0.500,0.400,AJo,jam,0.000000,3.640625,11.770833,3.640625,11.770833,0.606771,0.606771,40.000000,-80.000000,40.000000,-40.000000,0.000000,40.000000
9,equal,57000,15.000,0,5,0.500,0.500,0.400,KQo,jam,0.000000,3.597656,11.484375,3.597656,11.484375,0.599609,0.599609,40.000000,-80.000000,40.000000,-40.000000,0.000000,40.000000
9,equal,57000,15.000,0,5,0.500,0.500,0.400,J4s,jam,0.000000,3.585938,11.406250,3.585938,11.406250,0.597656,0.597656,40.000000,-80.000000,40.000000,-40.000000,0.000000,40.000000
9,equal,57000,15.000,0,5,0.500,0.500,0.400,KJo,jam,0.000000,3.572266,11.315104,3.572266,11.315104,0.595378,0.595378,40.000000,-80.000000,40.000000,-40.000000,0.000000,40.000000
9,equal,57000,15.000,0,5,0.500,0.500,0.400,J6s,jam,0.000000,3.568359,11.289062,3.568359,11.289062,0.594727,0.594727,40.000000,-80.000000,40.000000,-40.000000,0.000000,40.000000
9,equal,57000,15.000,0,5,0.500,0.500,0.400,Q8s,jam,0.000000,3.533203,11.054688,3.533203,11.054688,0.588867,0.588867,40.000000,-80.000000,40.000000,-40.000000,0.000000,40.000000
9,equal,57000,15.000,0,5,0.500,0.500,0.400,J8s,jam,0.000000,3.533203,11.054688,3.533203,11.054688,0.588867,0.588867,40.000000,-80.000000,40.000000,-40.000000,0.000000,40.000000
9,equal,57000,15.000,0,5,0.500,0.500,0.400,A8s,jam,0.000000,3.509766,10.898438,3.509766,10.898438,0.584961,0.584961,40.000000,-80.000000,40.000000,-40.000000,0.000000,40.000000
9,equal,57000,15.000,0,5,0.500,0.500,0.400,A3s,jam,0.000000,3.492188,10.781250,3.492188,10.781250,0.582031,0.582031,40.000000,-80.000000,40.000000,-40.000000,0.000000,40.000000
9,equal,57000,15.000,0,5,0.500,0.500,0.400,K5s,jam,0.000000,3.468750,10.625000,3.468750,10.625000,0.578125,0.578125,40.000000,-80.000000,40.000000,-40.000000,0.000000,40.000000
9,equal,57000,15.000,0,5,0.500,0.500,0.400,AQo,jam,0.000000,3.466797,10.611979,3.466797,10.611979,0.577799,0.577799,40.000000,-80.000000,40.000000,-40.000000,0.000000,40.000000
9,equal,57000,15.000,0,5,0.500,0.500,0.400,Q7s,jam,0.000000,3.462891,10.585938,3.462891,10.585938,0.577148,0.577148,40.000000,-80.000000,40.000000,-40.000000,0.000000,40.000000
9,equal,57000,15.000,0,5,0.500,0.500,0.400,AKo,jam,0.000000,3.439453,10.429688,3.439453,10.429688,0.573242,0.573242,40.000000,-80.000000,40.000000,-40.000000,0.000000,40.000000
9,equal,57000,15.000,0,5,0.500,0.500,0.400,J7s,jam,0.000000,3.410156,10.234375,3.410156,10.234375,0.568359,0.568359,40.000000,-80.000000,40.000000,-40.000000,0.000000,40.000000
9,equal,57000,15.000,0,5,0.500,0.500,0.400,A2s,jam,0.000000,3.398438,10.156250,3.398438,10.156250,0.566406,0.566406,40.000000,-80.000000,40.000000,-40.000000,0.000000,40.000000
9,equal,57000,15.000,0,5,0.500,0.500,0.400,A6s,jam,0.000000,3.386719,10.078125,3.386719,10.078125,0.564453,0.564453,40.000000,-80.000000,40.000000,-40.000000,0.000000,40.000000
9,equal,57000,15.000,0,5,0.500,0.500,0.400,Q6s,jam,0.000000,3.351562,9.843750,3.351562,9.843750,0.558594,0.558594,40.000000,-80.000000,40.000000,-40.000000,0.000000,40.000000
9,equal,57000,15.000,0,5,0.500,0.500,0.400,Q5s,jam,0.000000,3.328125,9.687500,3.328125,9.687500,0.554688,0.554688,40.000000,-80.000000,40.000000,-40.000000,0.000000,40.000000
9,equal,57000,15.000,0,5,0.500,0.500,0.400,K6s,jam,0.000000,3.322266,9.648438,3.322266,9.648438,0.553711,0.553711,40.000000,-80.000000,40.000000,-40.000000,0.000000,40.000000
9,equal,57000,15.000,0,5,0.500,0.500,0.400,A7s,jam,0.000000,3.304688,9.531250,3.304688,9.531250,0.550781,0.550781,40.000000,-80.000000,40.000000,-40.000000,0.000000,40.000000
9,equal,57000,15.000,0,5,0.500,0.500,0.400,K7s,jam,0.000000,3.298828,9.492188,3.298828,9.492188,0.549805,0.549805,40.000000,-80.000000,40.000000,-40.000000,0.000000,40.000000
9,equal,57000,15.000,0,5,0.500,0.500,0.400,J5s,jam,0.000000,3.298828,9.492188,3.298828,9.492188,0.549805,0.549805,40.000000,-80.000000,40.000000,-40.000000,0.000000,40.000000
9,equal,57000,15.000,0,5,0.500,0.500,0.400,Q4s,jam,0.000000,3.292969,9.453125,3.292969,9.453125,0.548828,0.548828,40.000000,-80.000000,40.000000,-40.000000,0.000000,40.000000
9,equal,57000,15.000,0,5,0.500,0.500,0.400,A8o,jam,0.000000,3.281250,9.375000,3.281250,9.375000,0.546875,0.546875,40.000000,-80.000000,40.000000,-40.000000,0.000000,40.000000
9,equal,57000,15.000,0,5,0.500,0.500,0.400,J8o,jam,0.000000,3.281250,9.375000,3.281250,9.375000,0.546875,0.546875,40.000000,-80.000000,40.000000,-40.000000,0.000000,40.000000
9,equal,57000,15.000,0,5,0.500,0.500,0.400,K2s,jam,0.000000,3.269531,9.296875,3.269531,9.296875,0.544922,0.544922,40.000000,-80.000000,40.000000,-40.000000,0.000000,40.000000
9,equal,57000,15.000,0,5,0.500,0.500,0.400,A5s,jam,0.000000,3.257812,9.218750,3.257812,9.218750,0.542969,0.542969,40.000000,-80.000000,40.000000,-40.000000,0.000000,40.000000
9,equal,57000,15.000,0,5,0.500,0.500,0.400,J2o,jam,0.000000,3.255859,9.205729,3.255859,9.205729,0.542643,0.542643,40.000000,-80.000000,40.000000,-40.000000,0.000000,40.000000
9,equal,57000,15.000,0,5,0.500,0.500,0.400,K8s,jam,0.000000,3.246094,9.140625,3.246094,9.140625,0.541016,0.541016,40.000000,-80.000000,40.000000,-40.000000,0.000000,40.000000
9,equal,57000,15.000,0,5,0.500,0.500,0.400,A4s,jam,0.000000,3.240234,9.101562,3.240234,9.101562,0.540039,0.540039,40.000000,-80.000000,40.000000,-40.000000,0.000000,40.000000
9,equal,57000,15.000,0,5,0.500,0.500,0.400,Q8o,jam,0.000000,3.226562,9.010417,3.226562,9.010417,0.537760,0.537760,40.000000,-80.000000,40.000000,-40.000000,0.000000,40.000000
9,equal,57000,15.000,0,5,0.500,0.500,0.400,Q2s,jam,0.000000,3.222656,8.984375,3.222656,8.984375,0.537109,0.537109,40.000000,-80.000000,40.000000,-40.000000,0.000000,40.000000
9,equal,57000,15.000,0,5,0.500,0.500,0.400,A3o,jam,0.000000,3.220703,8.971354,3.220703,8.971354,0.536784,0.536784,40.000000,-80.000000,40.000000,-40.000000,0.000000,40.000000
9,equal,57000,15.000,0,5,0.500,0.500,0.400,Q6o,jam,0.000000,3.216797,8.945312,3.216797,8.945312,0.536133,0.536133,40.000000,-80.000000,40.000000,-40.000000,0.000000,40.000000
9,equal,57000,15.000,0,5,0.500,0.500,0.400,K4s,jam,0.000000,3.193359,8.789062,3.193359,8.789062,0.532227,0.532227,40.000000,-80.000000,40.000000,-40.000000,0.000000,40.000000
9,equal,57000,15.000,0,5,0.500,0.500,0.400,Q2o,jam,0.000000,3.189453,8.763021,3.189453,8.763021,0.531576,0.531576,40.000000,-80.000000,40.000000,-40.000000,0.000000,40.000000
9,equal,57000,15.000,0,5,0.500,0.500,0.400,A6o,jam,0.000000,3.177734,8.684896,3.177734,8.684896,0.529622,0.529622,40.000000,-80.000000,40.000000,-40.000000,0.000000,40.000000
9,equal,57000,15.000,0,5,0.500,0.500,0.400,K7o,jam,0.000000,3.171875,8.645833,3.171875,8.645833,0.528646,0.528646,40.000000,-80.000000,40.000000,-40.000000,0.000000,40.000000
9,equal,57000,15.000,0,5,0.500,0.500,0.400,K8o,jam,0.000000,3.167969,8.619792,3.167969,8.619792,0.527995,0.527995,40.000000,-80.000000,40.000000,-40.000000,0.000000,40.000000
9,equal,57000,15.000,0,5,0.500,0.500,0.400,J5o,jam,0.000000,3.164062,8.593750,3.164062,8.593750,0.527344,0.527344,40.000000,-80.000000,40.000000,-40.000000,0.000000,40.000000
9,equal,57000,15.000,0,5,0.500,0.500,0.400,A5o,jam,0.000000,3.160156,8.567708,3.160156,8.567708,0.526693,0.526693,40.000000,-80.000000,40.000000,-40.000000,0.000000,40.000000
9,equal,57000,15.000,0,5,0.500,0.500,0.400,K3s,jam,0.000000,3.158203,8.554688,3.158203,8.554688,0.526367,0.526367,40.000000,-80.000000,40.000000,-40.000000,0.000000,40.000000
9,equal,57000,15.000,0,5,0.500,0.500,0.400,J2s,jam,0.000000,3.152344,8.515625,3.152344,8.515625,0.525391,0.525391,40.000000,-80.000000,40.000000,-40.000000,0.000000,40.000000
9,equal,57000,15.000,0,5,0.500,0.500,0.400,A4o,jam,0.000000,3.140625,8.437500,3.140625,8.437500,0.523438,0.523438,40.000000,-80.000000,40.000000,-40.000000,0.000000,40.000000
9,equal,57000,15.000,0,5,0.500,0.500,0.400,K4o,jam,0.000000,3.121094,8.307292,3.121094,8.307292,0.520182,0.520182,40.000000,-80.000000,40.000000,-40.000000,0.000000,40.000000
9,equal,57000,15.000,0,5,0.500,0.500,0.400,J7o,jam,0.000000,3.111328,8.242188,3.111328,8.242188,0.518555,0.518555,40.000000,-80.000000,40.000000,-40.000000,0.000000,40.000000
9,equal,57000,15.000,0,5,0.500,0.500,0.400,K3o,jam,0.000000,3.105469,8.203125,3.105469,8.203125,0.517578,0.517578,40.000000,-80.000000,40.000000,-40.000000,0.000000,40.000000
9,equal,57000,15.000,0,5,0.500,0.500,0.400,J4o,jam,0.000000,3.103516,8.190104,3.103516,8.190104,0.517253,0.517253,40.000000,-80.000000,40.000000,-40.000000,0.000000,40.000000
9,equal,57000,15.000,0,5,0.500,0.500,0.400,88,jam,0.000000,3.101563,8.177083,3.101563,8.177083,0.516927,0.516927,40.000000,-80.000000,40.000000,-40.000000,0.000000,40.000000
9,equal,57000,15.000,0,5,0.500,0.500,0.400,A7o,jam,0.000000,3.083984,8.059896,3.083984,8.059896,0.513997,0.513997,40.000000,-80.000000,40.000000,-40.000000,0.000000,40.000000
9,equal,57000,15.000,0,5,0.500,0.500,0.400,Q3s,jam,0.000000,3.064453,7.929688,3.064453,7.929688,0.510742,0.510742,40.000000,-80.000000,40.000000,-40.000000,0.000000,40.000000
9,equal,57000,15.000,0,5,0.500,0.500,0.400,J3s,jam,0.000000,3.052734,7.851562,3.052734,7.851562,0.508789,0.508789,40.000000,-80.000000,40.000000,-40.000000,0.000000,40.000000
9,equal,57000,15.000,0,5,0.500,0.500,0.400,K6o,jam,0.000000,3.037109,7.747396,3.037109,7.747396,0.506185,0.506185,40.000000,-80.000000,40.000000,-40.000000,0.000000,40.000000
9,equal,57000,15.000,0,5,0.500,0.500,0.400,Q5o,jam,0.000000,3.033203,7.721354,3.033203,7.721354,0.505534,0.505534,40.000000,-80.000000,40.000000,-40.000000,0.000000,40.000000
9,equal,57000,15.000,0,5,0.500,0.500,0.400,J6o,jam,0.000000,3.029297,7.695312,3.029297,7.695312,0.504883,0.504883,40.000000,-80.000000,40.000000,-40.000000,0.000000,40.000000
9,equal,57000,15.000,0,5,0.500,0.500,0.400,Q3o,jam,0.000000,3.019531,7.630208,3.019531,7.630208,0.503255,0.503255,40.000000,-80.000000,40.000000,-40.000000,0.000000,40.000000
9,equal,57000,15.000,0,5,0.500,0.500,0.400,A2o,jam,0.000000,3.007813,7.552083,3.007813,7.552083,0.501302,0.501302,40.000000,-80.000000,40.000000,-40.000000,0.000000,40.000000
9,equal,57000,15.000,0,5,0.500,0.500,0.400,Q4o,jam,0.000000,3.001953,7.513021,3.001953,7.513021,0.500326,0.500326,40.000000,-80.000000,40.000000,-40.000000,0.000000,40.000000
9,equal,57000,15.000,0,5,0.500,0.500,0.400,Q7o,jam,0.000000,3.000000,7.500000,3.000000,7.500000,0.500000,0.500000,40.000000,-80.000000,40.000000,-40.000000,0.000000,40.000000
9,equal,57000,15.000,0,5,0.500,0.500,0.400,J3o,jam,0.000000,3.000000,7.500000,3.000000,7.500000,0.500000,0.500000,40.000000,-80.000000,40.000000,-40.000000,0.000000,40.000000
9,equal,57000,15.000,0,5,0.500,0.500,0.400,T9s,jam,0.000000,3.000000,7.500000,3.000000,7.500000,0.500000,0.500000,40.000000,-80.000000,40.000000,-40.000000,0.000000,40.000000
9,equal,57000,15.000,0,5,0.500,0.500,0.400,66,jam,0.000000,2.988281,7.421875,2.988281,7.421875,0.498047,0.498047,40.000000,-80.000000,40.000000,-40.000000,0.000000,40.000000
9,equal,57000,15.000,0,5,0.500,0.500,0.400,K2o,jam,0.000000,2.945312,7.135417,2.945312,7.135417,0.490885,0.490885,40.000000,-80.000000,40.000000,-40.000000,0.000000,40.000000
9,equal,57000,15.000,0,5,0.500,0.500,0.400,K5o,jam,0.000000,2.935547,7.070312,2.935547,7.070312,0.489258,0.489258,40.000000,-80.000000,40.000000,-40.000000,0.000000,40.000000
9,equal,57000,15.000,0,5,0.500,0.500,0.400,55,jam,0.000000,2.933594,7.057292,2.933594,7.057292,0.488932,0.488932,40.000000,-80.000000,40.000000,-40.000000,0.000000,40.000000
9,equal,57000,15.000,0,5,0.500,0.500,0.400,33,jam,0.000000,2.882812,6.718750,2.882812,6.718750,0.480469,0.480469,40.000000,-80.000000,40.000000,-40.000000,0.000000,40.000000
9,equal,57000,15.000,0,5,0.500,0.500,0.400,T9o,jam,0.000000,2.863281,6.588542,2.863281,6.588542,0.477214,0.477214,40.000000,-80.000000,40.000000,-40.000000,0.000000,40.000000
9,equal,57000,15.000,0,5,0.500,0.500,0.400,22,jam,0.000000,2.785156,6.067708,2.785156,6.067708,0.464193,0.464193,40.000000,-80.000000,40.000000,-40.000000,0.000000,40.000000
9,equal,57000,15.000,0,5,0.500,0.500,0.400,77,jam,0.000000,2.769531,5.963542,2.769531,5.963542,0.461589,0.461589,40.000000,-80.000000,40.000000,-40.000000,0.000000,40.000000
9,equal,57000,15.000,0,5,0.500,0.500,0.400,44,jam,0.000000,2.632812,5.052083,2.632812,5.052083,0.438802,0.438802,40.000000,-80.000000,40.000000,-40.000000,0.000000,40.000000
9,equal,57000,15.000,0,5,0.500,0.500,0.400,76s,jam,0.000000,2.273438,2.656250,2.273438,2.656250,0.378906,0.378906,40.000000,-80.000000,40.000000,-40.000000,0.000000,40.000000
9,equal,57000,15.000,0,5,0.500,0.500,0.400,72s,flat,0.000000,2.203125,2.187500,2.203125,2.187500,0.367188,0.367188,40.000000,-80.000000,40.000000,-40.000000,0.000000,40.000000
9,equal,57000,15.000,0,5,0.500,0.500,0.400,75s,flat,0.000000,2.167969,1.953125,2.167969,1.953125,0.361328,0.361328,40.000000,-80.000000,40.000000,-40.000000,0.000000,40.000000
9,equal,57000,15.000,0,5,0.500,0.500,0.400,42s,flat,0.000000,2.162109,1.914062,2.162109,1.914062,0.360352,0.360352,40.000000,-80.000000,40.000000,-40.000000,0.000000,40.000000
9,equal,57000,15.000,0,5,0.500,0.500,0.400,54o,flat,0.000000,2.158203,1.888021,2.158203,1.888021,0.359701,0.359701,40.000000,-80.000000,40.000000,-40.000000,0.000000,40.000000
9,equal,57000,15.000,0,5,0.500,0.500,0.400,76o,flat,0.000000,2.154297,1.861979,2.154297,1.861979,0.359049,0.359049,40.000000,-80.000000,40.000000,-40.000000,0.000000,40.000000
9,equal,57000,15.000,0,5,0.500,0.500,0.400,43s,flat,0.000000,2.132812,1.718750,2.132812,1.718750,0.355469,0.355469,40.000000,-80.000000,40.000000,-40.000000,0.000000,40.000000
9,equal,57000,15.000,0,5,0.500,0.500,0.400,52s,flat,0.000000,2.115234,1.601562,2.115234,1.601562,0.352539,0.352539,40.000000,-80.000000,40.000000,-40.000000,0.000000,40.000000
9,equal,57000,15.000,0,5,0.500,0.500,0.400,T3s,flat,0.000000,2.101562,1.510417,2.101562,1.510417,0.350260,0.350260,40.000000,-80.000000,40.000000,-40.000000,0.000000,40.000000
9,equal,57000,15.000,0,5,0.500,0.500,0.400,86s,flat,0.000000,2.097656,1.484375,2.097656,1.484375,0.349609,0.349609,40.000000,-80.000000,40.000000,-40.000000,0.000000,40.000000
9,equal,57000,15.000,0,5,0.500,0.500,0.400,73s,flat,0.000000,2.097656,1.484375,2.097656,1.484375,0.349609,0.349609,40.000000,-80.000000,40.000000,-40.000000,0.000000,40.000000
9,equal,57000,15.000,0,5,0.500,0.500,0.400,87o,flat,0.000000,2.085938,1.406250,2.085938,1.406250,0.347656,0.347656,40.000000,-80.000000,40.000000,-40.000000,0.000000,40.000000
9,equal,57000,15.000,0,5,0.500,0.500,0.400,85s,flat,0.000000,2.085938,1.406250,2.085938,1.406250,0.347656,0.347656,40.000000,-80.000000,40.000000,-40.000000,0.000000,40.000000
9,equal,57000,15.000,0,5,0.500,0.500,0.400,74s,flat,0.000000,2.074219,1.328125,2.074219,1.328125,0.345703,0.345703,40.000000,-80.000000,40.000000,-40.000000,0.000000,40.000000
9,equal,57000,15.000,0,5,0.500,0.500,0.400,63s,flat,0.000000,2.074219,1.328125,2.074219,1.328125,0.345703,0.345703,40.000000,-80.000000,40.000000,-40.000000,0.000000,40.000000
9,equal,57000,15.000,0,5,0.500,0.500,0.400,T8s,flat,0.000000,2.070312,1.302083,2.070312,1.302083,0.345052,0.345052,40.000000,-80.000000,40.000000,-40.000000,0.000000,40.000000
9,equal,57000,15.000,0,5,0.500,0.500,0.400,65s,flat,0.000000,2.062500,1.250000,2.062500,1.250000,0.343750,0.343750,40.000000,-80.000000,40.000000,-40.000000,0.000000,40.000000
9,equal,57000,15.000,0,5,0.500,0.500,0.400,53s,flat,0.000000,2.044922,1.132812,2.044922,1.132812,0.340820,0.340820,40.000000,-80.000000,40.000000,-40.000000,0.000000,40.000000
9,equal,57000,15.000,0,5,0.500,0.500,0.400,87s,flat,0.000000,2.021484,0.976562,2.021484,0.976562,0.336914,0.336914,40.000000,-80.000000,40.000000,-40.000000,0.000000,40.000000
9,equal,57000,15.000,0,5,0.500,0.500,0.400,53o,flat,0.000000,2.019531,0.963542,2.019531,0.963542,0.336589,0.336589,40.000000,-80.000000,40.000000,-40.000000,0.000000,40.000000
9,equal,57000,15.000,0,5,0.500,0.500,0.400,65o,flat,0.000000,2.015625,0.937500,2.015625,0.937500,0.335938,0.335938,40.000000,-80.000000,40.000000,-40.000000,0.000000,40.000000
9,equal,57000,15.000,0,5,0.500,0.500,0.400,52o,flat,0.000000,1.988281,0.755208,1.988281,0.755208,0.331380,0.331380,40.000000,-80.000000,40.000000,-40.000000,0.000000,40.000000
9,equal,57000,15.000,0,5,0.500,0.500,0.400,32o,flat,0.000000,1.982422,0.716146,1.982422,0.716146,0.330404,0.330404,40.000000,-80.000000,40.000000,-40.000000,0.000000,40.000000
9,equal,57000,15.000,0,5,0.500,0.500,0.400,64o,flat,0.000000,1.966797,0.611979,1.966797,0.611979,0.327799,0.327799,40.000000,-80.000000,40.000000,-40.000000,0.000000,40.000000
9,equal,57000,15.000,0,5,0.500,0.500,0.400,84s,flat,0.000000,1.962891,0.585938,1.962891,0.585938,0.327148,0.327148,40.000000,-80.000000,40.000000,-40.000000,0.000000,40.000000
9,equal,57000,15.000,0,5,0.500,0.500,0.400,62s,flat,0.000000,1.957031,0.546875,1.957031,0.546875,0.326172,0.326172,40.000000,-80.000000,40.000000,-40.000000,0.000000,40.000000
9,equal,57000,15.000,0,5,0.500,0.500,0.400,63o,flat,0.000000,1.953125,0.520833,1.953125,0.520833,0.325521,0.325521,40.000000,-80.000000,40.000000,-40.000000,0.000000,40.000000
9,equal,57000,15.000,0,5,0.500,0.500,0.400,42o,flat,0.000000,1.945312,0.468750,1.945312,0.468750,0.324219,0.324219,40.000000,-80.000000,40.000000,-40.000000,0.000000,40.000000
9,equal,57000,15.000,0,5,0.500,0.500,0.400,43o,flat,0.000000,1.941406,0.442708,1.941406,0.442708,0.323568,0.323568,40.000000,-80.000000,40.000000,-40.000000,0.000000,40.000000
9,equal,57000,15.000,0,5,0.500,0.500,0.400,54s,flat,0.000000,1.939453,0.429688,1.939453,0.429688,0.323242,0.323242,40.000000,-80.000000,40.000000,-40.000000,0.000000,40.000000
9,equal,57000,15.000,0,5,0.500,0.500,0.400,T6s,flat,0.000000,1.937500,0.416667,1.937500,0.416667,0.322917,0.322917,40.000000,-80.000000,40.000000,-40.000000,0.000000,40.000000
9,equal,57000,15.000,0,5,0.500,0.500,0.400,92s,flat,0.000000,1.937500,0.416667,1.937500,0.416667,0.322917,0.322917,40.000000,-80.000000,40.000000,-40.000000,0.000000,40.000000
9,equal,57000,15.000,0,5,0.500,0.500,0.400,62o,flat,0.000000,1.925781,0.338542,1.925781,0.338542,0.320964,0.320964,40.000000,-80.000000,40.000000,-40.000000,0.000000,40.000000
9,equal,57000,15.000,0,5,0.500,0.500,0.400,96s,flat,0.000000,1.921875,0.312500,1.921875,0.312500,0.320312,0.320312,40.000000,-80.000000,40.000000,-40.000000,0.000000,40.000000
9,equal,57000,15.000,0,5,0.500,0.500,0.400,75o,flat,0.000000,1.919922,0.299479,1.919922,0.299479,0.319987,0.319987,40.000000,-80.000000,40.000000,-40.000000,0.000000,40.000000
9,equal,57000,15.000,0,5,0.500,0.500,0.400,86o,flat,0.000000,1.902344,0.182292,1.902344,0.182292,0.317057,0.317057,40.000000,-80.000000,40.000000,-40.000000,0.000000,40.000000
9,equal,57000,15.000,0,5,0.500,0.500,0.400,T2s,flat,0.000000,1.898438,0.156250,1.898438,0.156250,0.316406,0.316406,40.000000,-80.000000,40.000000,-40.000000,0.000000,40.000000
9,equal,57000,15.000,0,5,0.500,0.500,0.400,82s,flat,0.000000,1.886719,0.078125,1.886719,0.078125,0.314453,0.314453,40.000000,-80.000000,40.000000,-40.000000,0.000000,40.000000
9,equal,57000,15.000,0,5,0.500,0.500,0.400,83s,flat,0.000000,1.880859,0.039062,1.880859,0.039062,0.313477,0.313477,40.000000,-80.000000,40.000000,-40.000000,0.000000,40.000000
9,equal,57000,15.000,0,5,0.500,0.500,0.400,T7s,flat,0.000000,1.867188,-0.052083,1.867188,-0.052083,0.311198,0.311198,40.000000,-80.000000,40.000000,-40.000000,0.000000,40.000000
9,equal,57000,15.000,0,5,0.500,0.500,0.400,T5s,flat,0.000000,1.835938,-0.260417,1.835938,-0.260417,0.305990,0.305990,40.000000,-80.000000,40.000000,-40.000000,0.000000,40.000000
9,equal,57000,15.000,0,5,0.500,0.500,0.400,85o,flat,0.000000,1.818359,-0.377604,1.818359,-0.377604,0.303060,0.303060,40.000000,-80.000000,40.000000,-40.000000,0.000000,40.000000
9,equal,57000,15.000,0,5,0.500,0.500,0.400,84o,flat,0.000000,1.814453,-0.403646,1.814453,-0.403646,0.302409,0.302409,40.000000,-80.000000,40.000000,-40.000000,0.000000,40.000000
9,equal,57000,15.000,0,5,0.500,0.500,0.400,T4s,flat,0.000000,1.812500,-0.416667,1.812500,-0.416667,0.302083,0.302083,40.000000,-80.000000,40.000000,-40.000000,0.000000,40.000000
9,equal,57000,15.000,0,5,0.500,0.500,0.400,93s,flat,0.000000,1.812500,-0.416667,1.812500,-0.416667,0.302083,0.302083,40.000000,-80.000000,40.000000,-40.000000,0.000000,40.000000
9,equal,57000,15.000,0,5,0.500,0.500,0.400,73o,flat,0.000000,1.802734,-0.481771,1.802734,-0.481771,0.300456,0.300456,40.000000,-80.000000,40.000000,-40.000000,0.000000,40.000000
9,equal,57000,15.000,0,5,0.500,0.500,0.400,74o,flat,0.000000,1.787109,-0.585938,1.787109,-0.585938,0.297852,0.297852,40.000000,-80.000000,40.000000,-40.000000,0.000000,40.000000
9,equal,57000,15.000,0,5,0.500,0.500,0.400,97s,flat,0.000000,1.781250,-0.625000,1.781250,-0.625000,0.296875,0.296875,40.000000,-80.000000,40.000000,-40.000000,0.000000,40.000000
9,equal,57000,15.000,0,5,0.500,0.500,0.400,94s,flat,0.000000,1.773438,-0.677083,1.773438,-0.677083,0.295573,0.295573,40.000000,-80.000000,40.000000,-40.000000,0.000000,40.000000
9,equal,57000,15.000,0,5,0.500,0.500,0.400,95s,flat,0.000000,1.742188,-0.885417,1.742188,-0.885417,0.290365,0.290365,40.000000,-80.000000,40.000000,-40.000000,0.000000,40.000000
9,equal,57000,15.000,0,5,0.500,0.500,0.400,T6o,flat,0.000000,1.739583,-0.902778,1.739583,-0.902778,0.289931,0.289931,40.000000,-80.000000,40.000000,-40.000000,0.000000,40.000000
9,equal,57000,15.000,0,5,0.500,0.500,0.400,T2o,flat,0.000000,1.739583,-0.902778,1.739583,-0.902778,0.289931,0.289931,40.000000,-80.000000,40.000000,-40.000000,0.000000,40.000000
9,equal,57000,15.000,0,5,0.500,0.500,0.400,T5o,flat,0.000000,1.734375,-0.937500,1.734375,-0.937500,0.289062,0.289062,40.000000,-80.000000,40.000000,-40.000000,0.000000,40.000000
9,equal,57000,15.000,0,5,0.500,0.500,0.400,72o,flat,0.000000,1.730469,-0.963542,1.730469,-0.963542,0.288411,0.288411,40.000000,-80.000000,40.000000,-40.000000,0.000000,40.000000
9,equal,57000,15.000,0,5,0.500,0.500,0.400,T8o,flat,0.000000,1.729167,-0.972222,1.729167,-0.972222,0.288194,0.288194,40.000000,-80.000000,40.000000,-40.000000,0.000000,40.000000
9,equal,57000,15.000,0,5,0.500,0.500,0.400,98s,flat,0.000000,1.726562,-0.989583,1.726562,-0.989583,0.287760,0.287760,40.000000,-80.000000,40.000000,-40.000000,0.000000,40.000000
9,equal,57000,15.000,0,5,0.500,0.500,0.400,64s,flat,0.000000,1.722656,-1.015625,1.722656,-1.015625,0.287109,0.287109,40.000000,-80.000000,40.000000,-40.000000,0.000000,40.000000
9,equal,57000,15.000,0,5,0.500,0.500,0.400,T7o,flat,0.000000,1.703125,-1.145833,1.703125,-1.145833,0.283854,0.283854,40.000000,-80.000000,40.000000,-40.000000,0.000000,40.000000
9,equal,57000,15.000,0,5,0.500,0.500,0.400,82o,flat,0.000000,1.687500,-1.250000,1.687500,-1.250000,0.281250,0.281250,40.000000,-80.000000,40.000000,-40.000000,0.000000,40.000000
9,equal,57000,15.000,0,5,0.500,0.500,0.400,83o,flat,0.000000,1.669922,-1.367188,1.669922,-1.367188,0.278320,0.278320,40.000000,-80.000000,40.000000,-40.000000,0.000000,40.000000
9,equal,57000,15.000,0,5,0.500,0.500,0.400,32s,flat,0.000000,1.646484,-1.523438,1.646484,-1.523438,0.274414,0.274414,40.000000,-80.000000,40.000000,-40.000000,0.000000,40.000000
9,equal,57000,15.000,0,5,0.500,0.500,0.400,T4o,flat,0.000000,1.643229,-1.545139,1.643229,-1.545139,0.273872,0.273872,40.000000,-80.000000,40.000000,-40.000000,0.000000,40.000000
9,equal,57000,15.000,0,5,0.500,0.500,0.400,T3o,flat,0.000000,1.632812,-1.614583,1.632812,-1.614583,0.272135,0.272135,40.000000,-80.000000,40.000000,-40.000000,0.000000,40.000000
9,equal,57000,15.000,0,5,0.500,0.500,0.400,93o,flat,0.000000,1.617188,-1.718750,1.617188,-1.718750,0.269531,0.269531,40.000000,-80.000000,40.000000,-40.000000,0.000000,40.000000
9,equal,57000,15.000,0,5,0.500,0.500,0.400,98o,flat,0.000000,1.567708,-2.048611,1.567708,-2.048611,0.261285,0.261285,40.000000,-80.000000,40.000000,-40.000000,0.000000,40.000000
9,equal,57000,15.000,0,5,0.500,0.500,0.400,96o,flat,0.000000,1.549479,-2.170139,1.549479,-2.170139,0.258247,0.258247,40.000000,-80.000000,40.000000,-40.000000,0.000000,40.000000
9,equal,57000,15.000,0,5,0.500,0.500,0.400,97o,flat,0.000000,1.546875,-2.187500,1.546875,-2.187500,0.257812,0.257812,40.000000,-80.000000,40.000000,-40.000000,0.000000,40.000000
9,equal,57000,15.000,0,5,0.500,0.500,0.400,94o,flat,0.000000,1.510417,-2.430556,1.510417,-2.430556,0.251736,0.251736,40.000000,-80.000000,40.000000,-40.000000,0.000000,40.000000
9,equal,57000,15.000,0,5,0.500,0.500,0.400,92o,flat,0.000000,1.447917,-2.847222,1.447917,-2.847222,0.241319,0.241319,40.000000,-80.000000,40.000000,-40.000000,0.000000,40.000000
9,equal,57000,15.000,0,5,0.500,0.500,0.400,95o,flat,0.000000,1.361979,-3.420139,1.361979,-3.420139,0.226997,0.226997,40.000000,-80.000000,40.000000,-40.000000,0.000000,40.000000
9,equal,57000,15.000,0,5,0.500,1.000,0.400,99,jam,0.000000,3.726562,30.729167,3.726562,30.729167,0.621094,0.884115,40.000000,-80.000000,40.000000,-40.000000,0.000000,40.000000
9,equal,57000,15.000,0,5,0.500,1.000,0.400,TT,jam,0.000000,4.898438,28.871528,4.898438,28.871528,0.816406,0.860894,40.000000,-80.000000,40.000000,-40.000000,0.000000,40.000000
9,equal,57000,15.000,0,5,0.500,1.000,0.400,JJ,jam,0.000000,4.957031,27.274306,4.957031,27.274306,0.826172,0.840929,40.000000,-80.000000,40.000000,-40.000000,0.000000,40.000000
9,equal,57000,15.000,0,5,0.500,1.000,0.400,KK,jam,0.000000,4.683594,26.788194,4.683594,26.788194,0.780599,0.834852,40.000000,-80.000000,40.000000,-40.000000,0.000000,40.000000
9,equal,57000,15.000,0,5,0.500,1.000,0.400,AA,jam,0.000000,4.726562,25.746528,4.726562,25.746528,0.787760,0.821832,40.000000,-80.000000,40.000000,-40.000000,0.000000,40.000000
9,equal,57000,15.000,0,5,0.500,1.000,0.400,QQ,jam,0.000000,4.902344,25.364583,4.902344,25.364583,0.817057,0.817057,40.000000,-80.000000,40.000000,-40.000000,0.000000,40.000000
9,equal,57000,15.000,0,5,0.500,1.000,0.400,T9s,jam,0.000000,3.000000,19.375000,3.000000,19.375000,0.500000,0.742188,40.000000,-80.000000,40.000000,-40.000000,0.000000,40.000000
9,equal,57000,15.000,0,5,0.500,1.000,0.400,J9o,jam,0.000000,4.020833,19.189815,4.020833,19.189815,0.670139,0.739873,40.000000,-80.000000,40.000000,-40.000000,0.000000,40.000000
9,equal,57000,15.000,0,5,0.500,1.000,0.400,Q9s,jam,0.000000,3.984375,18.958333,3.984375,18.958333,0.664062,0.736979,40.000000,-80.000000,40.000000,-40.000000,0.000000,40.000000
9,equal,57000,15.000,0,5,0.500,1.000,0.400,J7s,jam,0.000000,3.410156,18.402778,3.410156,18.402778,0.568359,0.730035,40.000000,-80.000000,40.000000,-40.000000,0.000000,40.000000
9,equal,57000,15.000,0,5,0.500,1.000,0.400,T9o,jam,0.000000,2.863281,18.368056,2.863281,18.368056,0.477214,0.729601,40.000000,-80.000000,40.000000,-40.000000,0.000000,40.000000
9,equal,57000,15.000,0,5,0.500,1.000,0.400,A9s,jam,0.000000,4.109375,18.194444,4.109375,18.194444,0.684896,0.727431,40.000000,-80.000000,40.000000,-40.000000,0.000000,40.000000
9,equal,57000,15.000,0,5,0.500,1.000,0.400,J9s,jam,0.000000,4.476562,18.055556,4.476562,18.055556,0.746094,0.725694,40.000000,-80.000000,40.000000,-40.000000,0.000000,40.000000
9,equal,57000,15.000,0,5,0.500,1.000,0.400,Q9o,jam,0.000000,4.041667,17.881944,4.041667,17.881944,0.673611,0.723524,40.000000,-80.000000,40.000000,-40.000000,0.000000,40.000000
9,equal,57000,15.000,0,5,0.500,1.000,0.400,A7s,jam,0.000000,3.304688,17.534722,3.304688,17.534722,0.550781,0.719184,40.000000,-80.000000,40.000000,-40.000000,0.000000,40.000000
9,equal,57000,15.000,0,5,0.500,1.000,0.400,K7s,jam,0.000000,3.298828,17.534722,3.298828,17.534722,0.549805,0.719184,40.000000,-80.000000,40.000000,-40.000000,0.000000,40.000000
9,equal,57000,15.000,0,5,0.500,1.000,0.400,Q7s,jam,0.000000,3.462891,17.326389,3.462891,17.326389,0.577148,0.716580,40.000000,-80.000000,40.000000,-40.000000,0.000000,40.000000
9,equal,57000,15.000,0,5,0.500,1.000,0.400,K9s,jam,0.000000,3.953125,17.083333,3.953125,17.083333,0.658854,0.713542,40.000000,-80.000000,40.000000,-40.000000,0.000000,40.000000
9,equal,57000,15.000,0,5,0.500,1.000,0.400,A9o,jam,0.000000,3.950521,17.083333,3.950521,17.083333,0.658420,0.713542,40.000000,-80.000000,40.000000,-40.000000,0.000000,40.000000
9,equal,57000,15.000,0,5,0.500,1.000,0.400,T7s,jam,0.000000,1.867188,17.048611,1.867188,17.048611,0.311198,0.713108,40.000000,-80.000000,40.000000,-40.000000,0.000000,40.000000
9,equal,57000,15.000,0,5,0.500,1.000,0.400,J7o,jam,0.000000,3.111328,16.956019,3.111328,16.956019,0.518555,0.711950,40.000000,-80.000000,40.000000,-40.000000,0.000000,40.000000
9,equal,57000,15.000,0,5,0.500,1.000,0.400,A7o,jam,0.000000,3.083984,16.944444,3.083984,16.944444,0.513997,0.711806,40.000000,-80.000000,40.000000,-40.000000,0.000000,40.000000
9,equal,57000,15.000,0,5,0.500,1.000,0.400,K7o,jam,0.000000,3.171875,16.747685,3.171875,16.747685,0.528646,0.709346,40.000000,-80.000000,40.000000,-40.000000,0.000000,40.000000
9,equal,57000,15.000,0,5,0.500,1.000,0.400,K9o,jam,0.000000,4.020833,16.215278,4.020833,16.215278,0.670139,0.702691,40.000000,-80.000000,40.000000,-40.000000,0.000000,40.000000
9,equal,57000,15.000,0,5,0.500,1.000,0.400,Q7o,jam,0.000000,3.000000,16.215278,3.000000,16.215278,0.500000,0.702691,40.000000,-80.000000,40.000000,-40.000000,0.000000,40.000000
9,equal,57000,15.000,0,5,0.500,1.000,0.400,98s,jam,0.000000,1.726562,15.833333,1.726562,15.833333,0.287760,0.697917,40.000000,-80.000000,40.000000,-40.000000,0.000000,40.000000
9,equal,57000,15.000,0,5,0.500,1.000,0.400,T7o,jam,0.000000,1.703125,15.729167,1.703125,15.729167,0.283854,0.696615,40.000000,-80.000000,40.000000,-40.000000,0.000000,40.000000
9,equal,57000,15.000,0,5,0.500,1.000,0.400,JTs,jam,0.000000,4.218750,15.651042,4.218750,15.651042,0.703125,0.695638,40.000000,-80.000000,40.000000,-40.000000,0.000000,40.000000
9,equal,57000,15.000,0,5,0.500,1.000,0.400,88,jam,0.000000,3.101563,14.930556,3.101563,14.930556,0.516927,0.686632,40.000000,-80.000000,40.000000,-40.000000,0.000000,40.000000
9,equal,57000,15.000,0,5,0.500,1.000,0.400,QJs,jam,0.000000,3.937500,14.453125,3.937500,14.453125,0.656250,0.680664,40.000000,-80.000000,40.000000,-40.000000,0.000000,40.000000
9,equal,57000,15.000,0,5,0.500,1.000,0.400,JTo,jam,0.000000,4.158854,14.418403,4.158854,14.418403,0.693142,0.680230,40.000000,-80.000000,40.000000,-40.000000,0.000000,40.000000
9,equal,57000,15.000,0,5,0.500,1.000,0.400,QTs,jam,0.000000,4.179688,14.036458,4.179688,14.036458,0.696615,0.675456,40.000000,-80.000000,40.000000,-40.000000,0.000000,40.000000
9,equal,57000,15.000,0,5,0.500,1.000,0.400,AJs,jam,0.000000,3.843750,13.697917,3.843750,13.697917,0.640625,0.671224,40.000000,-80.000000,40.000000,-40.000000,0.000000,40.000000
9,equal,57000,15.000,0,5,0.500,1.000,0.400,77,jam,0.000000,2.769531,13.611111,2.769531,13.611111,0.461589,0.670139,40.000000,-80.000000,40.000000,-40.000000,0.000000,40.000000
9,equal,57000,15.000,0,5,0.500,1.000,0.400,98o,jam,0.000000,1.567708,13.368056,1.567708,13.368056,0.261285,0.667101,40.000000,-80.000000,40.000000,-40.000000,0.000000,40.000000
9,equal,57000,15.000,0,5,0.500,1.000,0.400,KTs,jam,0.000000,4.031250,13.255208,4.031250,13.255208,0.671875,0.665690,40.000000,-80.000000,40.000000,-40.000000,0.000000,40.000000
9,equal,57000,15.000,0,5,0.500,1.000,0.400,T8s,jam,0.000000,2.070312,12.916667,2.070312,12.916667,0.345052,0.661458,40.000000,-80.000000,40.000000,-40.000000,0.000000,40.000000
9,equal,57000,15.000,0,5,0.500,1.000,0.400,ATs,jam,0.000000,4.093750,12.890625,4.093750,12.890625,0.682292,0.661133,40.000000,-80.000000,40.000000,-40.000000,0.000000,40.000000
9,equal,57000,15.000,0,5,0.500,1.000,0.400,AQs,jam,0.000000,3.849609,12.578125,3.849609,12.578125,0.641602,0.657227,40.000000,-80.000000,40.000000,-40.000000,0.000000,40.000000
9,equal,57000,15.000,0,5,0.500,1.000,0.400,J8s,jam,0.000000,3.533203,12.552083,3.533203,12.552083,0.588867,0.656901,40.000000,-80.000000,40.000000,-40.000000,0.000000,40.000000
9,equal,57000,15.000,0,5,0.500,1.000,0.400,QTo,jam,0.000000,4.005208,12.526042,4.005208,12.526042,0.667535,0.656576,40.000000,-80.000000,40.000000,-40.000000,0.000000,40.000000
9,equal,57000,15.000,0,5,0.500,1.000,0.400,KQs,jam,0.000000,3.943359,12.500000,3.943359,12.500000,0.657227,0.656250,40.000000,-80.000000,40.000000,-40.000000,0.000000,40.000000
9,equal,57000,15.000,0,5,0.500,1.000,0.400,KJo,jam,0.000000,3.572266,12.239583,3.572266,12.239583,0.595378,0.652995,40.000000,-80.000000,40.000000,-40.000000,0.000000,40.000000
9,equal,57000,15.000,0,5,0.500,1.000,0.400,QJo,jam,0.000000,3.734375,12.013889,3.734375,12.013889,0.622396,0.650174,40.000000,-80.000000,40.000000,-40.000000,0.000000,40.000000
9,equal,57000,15.000,0,5,0.500,1.000,0.400,AQo,jam,0.000000,3.466797,11.892361,3.466797,11.892361,0.577799,0.648655,40.000000,-80.000000,40.000000,-40.000000,0.000000,40.000000
9,equal,57000,15.000,0,5,0.500,1.000,0.400,KQo,jam,0.000000,3.597656,11.831597,3.597656,11.831597,0.599609,0.647895,40.000000,-80.000000,40.000000,-40.000000,0.000000,40.000000
9,equal,57000,15.000,0,5,0.500,1.000,0.400,KTo,jam,0.000000,4.101562,11.762153,4.101562,11.762153,0.683594,0.647027,40.000000,-80.000000,40.000000,-40.000000,0.000000,40.000000
9,equal,57000,15.000,0,5,0.500,1.000,0.400,T8o,jam,0.000000,1.729167,11.701389,1.729167,11.701389,0.288194,0.646267,40.000000,-80.000000,40.000000,-40.000000,0.000000,40.000000
9,equal,57000,15.000,0,5,0.500,1.000,0.400,AKo,jam,0.000000,3.439453,11.614583,3.439453,11.614583,0.573242,0.645182,40.000000,-80.000000,40.000000,-40.000000,0.000000,40.000000
9,equal,57000,15.000,0,5,0.500,1.000,0.400,KJs,jam,0.000000,3.896484,11.510417,3.896484,11.510417,0.649414,0.643880,40.000000,-80.000000,40.000000,-40.000000,0.000000,40.000000
9,equal,57000,15.000,0,5,0.500,1.000,0.400,AJo,jam,0.000000,3.640625,11.501736,3.640625,11.501736,0.606771,0.643772,40.000000,-80.000000,40.000000,-40.000000,0.000000,40.000000
9,equal,57000,15.000,0,5,0.500,1.000,0.400,AKs,jam,0.000000,3.820312,11.171875,3.820312,11.171875,0.636719,0.639648,40.000000,-80.000000,40.000000,-40.000000,0.000000,40.000000
9,equal,57000,15.000,0,5,0.500,1.000,0.400,ATo,jam,0.000000,4.190104,10.859375,4.190104,10.859375,0.698351,0.635742,40.000000,-80.000000,40.000000,-40.000000,0.000000,40.000000
9,equal,57000,15.000,0,5,0.500,1.000,0.400,K8s,jam,0.000000,3.246094,10.390625,3.246094,10.390625,0.541016,0.629883,40.000000,-80.000000,40.000000,-40.000000,0.000000,40.000000
9,equal,57000,15.000,0,5,0.500,1.000,0.400,Q8s,jam,0.000000,3.533203,9.843750,3.533203,9.843750,0.588867,0.623047,40.000000,-80.000000,40.000000,-40.000000,0.000000,40.000000
9,equal,57000,15.000,0,5,0.500,1.000,0.400,A8s,jam,0.000000,3.509766,9.557292,3.509766,9.557292,0.584961,0.619466,40.000000,-80.000000,40.000000,-40.000000,0.000000,40.000000
9,equal,57000,15.000,0,5,0.500,1.000,0.400,J8o,jam,0.000000,3.281250,9.149306,3.281250,9.149306,0.546875,0.614366,40.000000,-80.000000,40.000000,-40.000000,0.000000,40.000000
9,equal,57000,15.000,0,5,0.500,1.000,0.400,A6s,jam,0.000000,3.386719,9.140625,3.386719,9.140625,0.564453,0.614258,40.000000,-80.000000,40.000000,-40.000000,0.000000,40.000000
9,equal,57000,15.000,0,5,0.500,1.000,0.400,Q8o,jam,0.000000,3.226562,8.854167,3.226562,8.854167,0.537760,0.610677,40.000000,-80.000000,40.000000,-40.000000,0.000000,40.000000
9,equal,57000,15.000,0,5,0.500,1.000,0.400,A4s,jam,0.000000,3.240234,8.333333,3.240234,8.333333,0.540039,0.604167,40.000000,-80.000000,40.000000,-40.000000,0.000000,40.000000
9,equal,57000,15.000,0,5,0.500,1.000,0.400,Q3s,jam,0.000000,3.064453,8.333333,3.064453,8.333333,0.510742,0.604167,40.000000,-80.000000,40.000000,-40.000000,0.000000,40.000000
9,equal,57000,15.000,0,5,0.500,1.000,0.400,A8o,jam,0.000000,3.281250,8.220486,3.281250,8.220486,0.546875,0.602756,40.000000,-80.000000,40.000000,-40.000000,0.000000,40.000000
9,equal,57000,15.000,0,5,0.500,1.000,0.400,K4s,jam,0.000000,3.193359,7.968750,3.193359,7.968750,0.532227,0.599609,40.000000,-80.000000,40.000000,-40.000000,0.000000,40.000000
9,equal,57000,15.000,0,5,0.500,1.000,0.400,K5s,jam,0.000000,3.468750,7.812500,3.468750,7.812500,0.578125,0.597656,40.000000,-80.000000,40.000000,-40.000000,0.000000,40.000000
9,equal,57000,15.000,0,5,0.500,1.000,0.400,A5s,jam,0.000000,3.257812,7.734375,3.257812,7.734375,0.542969,0.596680,40.000000,-80.000000,40.000000,-40.000000,0.000000,40.000000
9,equal,57000,15.000,0,5,0.500,1.000,0.400,T4s,jam,0.000000,1.812500,7.578125,1.812500,7.578125,0.302083,0.594727,40.000000,-80.000000,40.000000,-40.000000,0.000000,40.000000
9,equal,57000,15.000,0,5,0.500,1.000,0.400,Q5s,jam,0.000000,3.328125,7.421875,3.328125,7.421875,0.554688,0.592773,40.000000,-80.000000,40.000000,-40.000000,0.000000,40.000000
9,equal,57000,15.000,0,5,0.500,1.000,0.400,K6s,jam,0.000000,3.322266,7.421875,3.322266,7.421875,0.553711,0.592773,40.000000,-80.000000,40.000000,-40.000000,0.000000,40.000000
9,equal,57000,15.000,0,5,0.500,1.000,0.400,J3s,jam,0.000000,3.052734,7.265625,3.052734,7.265625,0.508789,0.590820,40.000000,-80.000000,40.000000,-40.000000,0.000000,40.000000
9,equal,57000,15.000,0,5,0.500,1.000,0.400,Q6s,jam,0.000000,3.351562,7.083333,3.351562,7.083333,0.558594,0.588542,40.000000,-80.000000,40.000000,-40.000000,0.000000,40.000000
9,equal,57000,15.000,0,5,0.500,1.000,0.400,T5s,jam,0.000000,1.835938,6.953125,1.835938,6.953125,0.305990,0.586914,40.000000,-80.000000,40.000000,-40.000000,0.000000,40.000000
9,equal,57000,15.000,0,5,0.500,1.000,0.400,T3s,jam,0.000000,2.101562,6.848958,2.101562,6.848958,0.350260,0.585612,40.000000,-80.000000,40.000000,-40.000000,0.000000,40.000000
9,equal,57000,15.000,0,5,0.500,1.000,0.400,T6s,jam,0.000000,1.937500,6.796875,1.937500,6.796875,0.322917,0.584961,40.000000,-80.000000,40.000000,-40.000000,0.000000,40.000000
9,equal,57000,15.000,0,5,0.500,1.000,0.400,K8o,jam,0.000000,3.167969,6.727431,3.167969,6.727431,0.527995,0.584093,40.000000,-80.000000,40.000000,-40.000000,0.000000,40.000000
9,equal,57000,15.000,0,5,0.500,1.000,0.400,K3s,jam,0.000000,3.158203,6.588542,3.158203,6.588542,0.526367,0.582357,40.000000,-80.000000,40.000000,-40.000000,0.000000,40.000000
9,equal,57000,15.000,0,5,0.500,1.000,0.400,Q4s,jam,0.000000,3.292969,6.484375,3.292969,6.484375,0.548828,0.581055,40.000000,-80.000000,40.000000,-40.000000,0.000000,40.000000
9,equal,57000,15.000,0,5,0.500,1.000,0.400,A5o,jam,0.000000,3.160156,6.458333,3.160156,6.458333,0.526693,0.580729,40.000000,-80.000000,40.000000,-40.000000,0.000000,40.000000
9,equal,57000,15.000,0,5,0.500,1.000,0.400,J6s,jam,0.000000,3.568359,6.406250,3.568359,6.406250,0.594727,0.580078,40.000000,-80.000000,40.000000,-40.000000,0.000000,40.000000
9,equal,57000,15.000,0,5,0.500,1.000,0.400,J5s,jam,0.000000,3.298828,6.328125,3.298828,6.328125,0.549805,0.579102,40.000000,-80.000000,40.000000,-40.000000,0.000000,40.000000
9,equal,57000,15.000,0,5,0.500,1.000,0.400,A3s,jam,0.000000,3.492188,6.276042,3.492188,6.276042,0.582031,0.578451,40.000000,-80.000000,40.000000,-40.000000,0.000000,40.000000
9,equal,57000,15.000,0,5,0.500,1.000,0.400,J2s,jam,0.000000,3.152344,6.015625,3.152344,6.015625,0.525391,0.575195,40.000000,-80.000000,40.000000,-40.000000,0.000000,40.000000
9,equal,57000,15.000,0,5,0.500,1.000,0.400,K2s,jam,0.000000,3.269531,5.989583,3.269531,5.989583,0.544922,0.574870,40.000000,-80.000000,40.000000,-40.000000,0.000000,40.000000
9,equal,57000,15.000,0,5,0.500,1.000,0.400,J4s,jam,0.000000,3.585938,5.963542,3.585938,5.963542,0.597656,0.574544,40.000000,-80.000000,40.000000,-40.000000,0.000000,40.000000
9,equal,57000,15.000,0,5,0.500,1.000,0.400,Q6o,jam,0.000000,3.216797,5.954861,3.216797,5.954861,0.536133,0.574436,40.000000,-80.000000,40.000000,-40.000000,0.000000,40.000000
9,equal,57000,15.000,0,5,0.500,1.000,0.400,T2s,jam,0.000000,1.898438,5.859375,1.898438,5.859375,0.316406,0.573242,40.000000,-80.000000,40.000000,-40.000000,0.000000,40.000000
9,equal,57000,15.000,0,5,0.500,1.000,0.400,K5o,jam,0.000000,2.935547,5.833333,2.935547,5.833333,0.489258,0.572917,40.000000,-80.000000,40.000000,-40.000000,0.000000,40.000000
9,equal,57000,15.000,0,5,0.500,1.000,0.400,T6o,jam,0.000000,1.739583,5.789931,1.739583,5.789931,0.289931,0.572374,40.000000,-80.000000,40.000000,-40.000000,0.000000,40.000000
9,equal,57000,15.000,0,5,0.500,1.000,0.400,A6o,jam,0.000000,3.177734,5.659722,3.177734,5.659722,0.529622,0.570747,40.000000,-80.000000,40.000000,-40.000000,0.000000,40.000000
9,equal,57000,15.000,0,5,0.500,1.000,0.400,A2s,jam,0.000000,3.398438,5.625000,3.398438,5.625000,0.566406,0.570312,40.000000,-80.000000,40.000000,-40.000000,0.000000,40.000000
9,equal,57000,15.000,0,5,0.500,1.000,0.400,Q2s,jam,0.000000,3.222656,5.598958,3.222656,5.598958,0.537109,0.569987,40.000000,-80.000000,40.000000,-40.000000,0.000000,40.000000
9,equal,57000,15.000,0,5,0.500,1.000,0.400,A3o,jam,0.000000,3.220703,5.546875,3.220703,5.546875,0.536784,0.569336,40.000000,-80.000000,40.000000,-40.000000,0.000000,40.000000
9,equal,57000,15.000,0,5,0.500,1.000,0.400,J6o,jam,0.000000,3.029297,5.434028,3.029297,5.434028,0.504883,0.567925,40.000000,-80.000000,40.000000,-40.000000,0.000000,40.000000
9,equal,57000,15.000,0,5,0.500,1.000,0.400,Q5o,jam,0.000000,3.033203,5.251736,3.033203,5.251736,0.505534,0.565647,40.000000,-80.000000,40.000000,-40.000000,0.000000,40.000000
9,equal,57000,15.000,0,5,0.500,1.000,0.400,T3o,jam,0.000000,1.632812,5.251736,1.632812,5.251736,0.272135,0.565647,40.000000,-80.000000,40.000000,-40.000000,0.000000,40.000000
9,equal,57000,15.000,0,5,0.500,1.000,0.400,Q3o,jam,0.000000,3.019531,5.121528,3.019531,5.121528,0.503255,0.564019,40.000000,-80.000000,40.000000,-40.000000,0.000000,40.000000
9,equal,57000,15.000,0,5,0.500,1.000,0.400,K6o,jam,0.000000,3.037109,5.078125,3.037109,5.078125,0.506185,0.563477,40.000000,-80.000000,40.000000,-40.000000,0.000000,40.000000
9,equal,57000,15.000,0,5,0.500,1.000,0.400,A2o,jam,0.000000,3.007813,5.052083,3.007813,5.052083,0.501302,0.563151,40.000000,-80.000000,40.000000,-40.000000,0.000000,40.000000
9,equal,57000,15.000,0,5,0.500,1.000,0.400,J3o,jam,0.000000,3.000000,5.052083,3.000000,5.052083,0.500000,0.563151,40.000000,-80.000000,40.000000,-40.000000,0.000000,40.000000
9,equal,57000,15.000,0,5,0.500,1.000,0.400,T5o,jam,0.000000,1.734375,4.956597,1.734375,4.956597,0.289062,0.561957,40.000000,-80.000000,40.000000,-40.000000,0.000000,40.000000
9,equal,57000,15.000,0,5,0.500,1.000,0.400,A4o,jam,0.000000,3.140625,4.947917,3.140625,4.947917,0.523438,0.561849,40.000000,-80.000000,40.000000,-40.000000,0.000000,40.000000
9,equal,57000,15.000,0,5,0.500,1.000,0.400,T4o,jam,0.000000,1.643229,4.869792,1.643229,4.869792,0.273872,0.560872,40.000000,-80.000000,40.000000,-40.000000,0.000000,40.000000
9,equal,57000,15.000,0,5,0.500,1.000,0.400,K3o,jam,0.000000,3.105469,4.739583,3.105469,4.739583,0.517578,0.559245,40.000000,-80.000000,40.000000,-40.000000,0.000000,40.000000
9,equal,57000,15.000,0,5,0.500,1.000,0.400,J5o,jam,0.000000,3.164062,4.557292,3.164062,4.557292,0.527344,0.556966,40.000000,-80.000000,40.000000,-40.000000,0.000000,40.000000
9,equal,57000,15.000,0,5,0.500,1.000,0.400,J4o,jam,0.000000,3.103516,4.496528,3.103516,4.496528,0.517253,0.556207,40.000000,-80.000000,40.000000,-40.000000,0.000000,40.000000
9,equal,57000,15.000,0,5,0.500,1.000,0.400,J2o,jam,0.000000,3.255859,4.322917,3.255859,4.322917,0.542643,0.554036,40.000000,-80.000000,40.000000,-40.000000,0.000000,40.000000
9,equal,57000,15.000,0,5,0.500,1.000,0.400,Q2o,jam,0.000000,3.189453,4.236111,3.189453,4.236111,0.531576,0.552951,40.000000,-80.000000,40.000000,-40.000000,0.000000,40.000000
9,equal,57000,15.000,0,5,0.500,1.000,0.400,K2o,jam,0.000000,2.945312,4.036458,2.945312,4.036458,0.490885,0.550456,40.000000,-80.000000,40.000000,-40.000000,0.000000,40.000000
9,equal,57000,15.000,0,5,0.500,1.000,0.400,Q4o,jam,0.000000,3.001953,3.940972,3.001953,3.940972,0.500326,0.549262,40.000000,-80.000000,40.000000,-40.000000,0.000000,40.000000
9,equal,57000,15.000,0,5,0.500,1.000,0.400,K4o,jam,0.000000,3.121094,3.680556,3.121094,3.680556,0.520182,0.546007,40.000000,-80.000000,40.000000,-40.000000,0.000000,40.000000
9,equal,57000,15.000,0,5,0.500,1.000,0.400,66,jam,0.000000,2.988281,3.003472,2.988281,3.003472,0.498047,0.537543,40.000000,-80.000000,40.000000,-40.000000,0.000000,40.000000
9,equal,57000,15.000,0,5,0.500,1.000,0.400,T2o,jam,0.000000,1.739583,2.734375,1.739583,2.734375,0.289931,0.534180,40.000000,-80.000000,40.000000,-40.000000,0.000000,40.000000
9,equal,57000,15.000,0,5,0.500,1.000,0.400,97s,jam,0.000000,1.781250,2.135417,1.781250,2.135417,0.296875,0.526693,40.000000,-80.000000,40.000000,-40.000000,0.000000,40.000000
9,equal,57000,15.000,0,5,0.500,1.000,0.400,44,flat,0.000000,2.632812,1.111111,2.632812,1.111111,0.438802,0.513889,40.000000,-80.000000,40.000000,-40.000000,0.000000,40.000000
9,equal,57000,15.000,0,5,0.500,1.000,0.400,33,flat,0.000000,2.882812,0.590278,2.882812,0.590278,0.480469,0.507378,40.000000,-80.000000,40.000000,-40.000000,0.000000,40.000000
9,equal,57000,15.000,0,5,0.500,1.000,0.400,22,flat,0.000000,2.785156,0.381944,2.785156,0.381944,0.464193,0.504774,40.000000,-80.000000,40.000000,-40.000000,0.000000,40.000000
9,equal,57000,15.000,0,5,0.500,1.000,0.400,55,flat,0.000000,2.933594,0.017361,2.933594,0.017361,0.488932,0.500217,40.000000,-80.000000,40.000000,-40.000000,0.000000,40.000000
9,equal,57000,15.000,0,5,0.500,1.000,0.400,97o,flat,0.000000,1.546875,0.000000,1.546875,0.000000,0.257812,0.500000,40.000000,-80.000000,40.000000,-40.000000,0.000000,40.000000
9,equal,57000,15.000,0,5,0.500,1.000,0.400,65s,flat,0.000000,2.062500,-7.916667,2.062500,-7.916667,0.343750,0.401042,40.000000,-80.000000,40.000000,-40.000000,0.000000,40.000000
9,equal,57000,15.000,0,5,0.500,1.000,0.400,92s,flat,0.000000,1.937500,-7.986111,1.937500,-7.986111,0.322917,0.400174,40.000000,-80.000000,40.000000,-40.000000,0.000000,40.000000
9,equal,57000,15.000,0,5,0.500,1.000,0.400,53s,flat,0.000000,2.044922,-8.307292,2.044922,-8.307292,0.340820,0.396159,40.000000,-80.000000,40.000000,-40.000000,0.000000,40.000000
9,equal,57000,15.000,0,5,0.500,1.000,0.400,54s,flat,0.000000,1.939453,-8.359375,1.939453,-8.359375,0.323242,0.395508,40.000000,-80.000000,40.000000,-40.000000,0.000000,40.000000
9,equal,57000,15.000,0,5,0.500,1.000,0.400,85s,flat,0.000000,2.085938,-8.489583,2.085938,-8.489583,0.347656,0.393880,40.000000,-80.000000,40.000000,-40.000000,0.000000,40.000000
9,equal,57000,15.000,0,5,0.500,1.000,0.400,94s,flat,0.000000,1.773438,-8.645833,1.773438,-8.645833,0.295573,0.391927,40.000000,-80.000000,40.000000,-40.000000,0.000000,40.000000
9,equal,57000,15.000,0,5,0.500,1.000,0.400,95s,flat,0.000000,1.742188,-8.819444,1.742188,-8.819444,0.290365,0.389757,40.000000,-80.000000,40.000000,-40.000000,0.000000,40.000000
9,equal,57000,15.000,0,5,0.500,1.000,0.400,96s,flat,0.000000,1.921875,-8.854167,1.921875,-8.854167,0.320312,0.389323,40.000000,-80.000000,40.000000,-40.000000,0.000000,40.000000
9,equal,57000,15.000,0,5,0.500,1.000,0.400,93s,flat,0.000000,1.812500,-9.097222,1.812500,-9.097222,0.302083,0.386285,40.000000,-80.000000,40.000000,-40.000000,0.000000,40.000000
9,equal,57000,15.000,0,5,0.500,1.000,0.400,64s,flat,0.000000,1.722656,-9.140625,1.722656,-9.140625,0.287109,0.385742,40.000000,-80.000000,40.000000,-40.000000,0.000000,40.000000
9,equal,57000,15.000,0,5,0.500,1.000,0.400,52s,flat,0.000000,2.115234,-9.296875,2.115234,-9.296875,0.352539,0.383789,40.000000,-80.000000,40.000000,-40.000000,0.000000,40.000000
9,equal,57000,15.000,0,5,0.500,1.000,0.400,43s,flat,0.000000,2.132812,-9.453125,2.132812,-9.453125,0.355469,0.381836,40.000000,-80.000000,40.000000,-40.000000,0.000000,40.000000
9,equal,57000,15.000,0,5,0.500,1.000,0.400,86s,flat,0.000000,2.097656,-9.635417,2.097656,-9.635417,0.349609,0.379557,40.000000,-80.000000,40.000000,-40.000000,0.000000,40.000000
9,equal,57000,15.000,0,5,0.500,1.000,0.400,32s,flat,0.000000,1.646484,-9.687500,1.646484,-9.687500,0.274414,0.378906,40.000000,-80.000000,40.000000,-40.000000,0.000000,40.000000
9,equal,57000,15.000,0,5,0.500,1.000,0.400,86o,flat,0.000000,1.902344,-9.782986,1.902344,-9.782986,0.317057,0.377713,40.000000,-80.000000,40.000000,-40.000000,0.000000,40.000000
9,equal,57000,15.000,0,5,0.500,1.000,0.400,83s,flat,0.000000,1.880859,-9.791667,1.880859,-9.791667,0.313477,0.377604,40.000000,-80.000000,40.000000,-40.000000,0.000000,40.000000
9,equal,57000,15.000,0,5,0.500,1.000,0.400,85o,flat,0.000000,1.818359,-10.312500,1.818359,-10.312500,0.303060,0.371094,40.000000,-80.000000,40.000000,-40.000000,0.000000,40.000000
9,equal,57000,15.000,0,5,0.500,1.000,0.400,65o,flat,0.000000,2.015625,-10.407986,2.015625,-10.407986,0.335938,0.369900,40.000000,-80.000000,40.000000,-40.000000,0.000000,40.000000
9,equal,57000,15.000,0,5,0.500,1.000,0.400,95o,flat,0.000000,1.361979,-10.578704,1.361979,-10.578704,0.226997,0.367766,40.000000,-80.000000,40.000000,-40.000000,0.000000,40.000000
9,equal,57000,15.000,0,5,0.500,1.000,0.400,96o,flat,0.000000,1.549479,-10.729167,1.549479,-10.729167,0.258247,0.365885,40.000000,-80.000000,40.000000,-40.000000,0.000000,40.000000
9,equal,57000,15.000,0,5,0.500,1.000,0.400,84s,flat,0.000000,1.962891,-11.015625,1.962891,-11.015625,0.327148,0.362305,40.000000,-80.000000,40.000000,-40.000000,0.000000,40.000000
9,equal,57000,15.000,0,5,0.500,1.000,0.400,63s,flat,0.000000,2.074219,-11.119792,2.074219,-11.119792,0.345703,0.361003,40.000000,-80.000000,40.000000,-40.000000,0.000000,40.000000
9,equal,57000,15.000,0,5,0.500,1.000,0.400,94o,flat,0.000000,1.510417,-11.192130,1.510417,-11.192130,0.251736,0.360098,40.000000,-80.000000,40.000000,-40.000000,0.000000,40.000000
9,equal,57000,15.000,0,5,0.500,1.000,0.400,54o,flat,0.000000,2.158203,-11.232639,2.158203,-11.232639,0.359701,0.359592,40.000000,-80.000000,40.000000,-40.000000,0.000000,40.000000
9,equal,57000,15.000,0,5,0.500,1.000,0.400,42s,flat,0.000000,2.162109,-11.328125,2.162109,-11.328125,0.360352,0.358398,40.000000,-80.000000,40.000000,-40.000000,0.000000,40.000000
9,equal,57000,15.000,0,5,0.500,1.000,0.400,82s,flat,0.000000,1.886719,-11.354167,1.886719,-11.354167,0.314453,0.358073,40.000000,-80.000000,40.000000,-40.000000,0.000000,40.000000
9,equal,57000,15.000,0,5,0.500,1.000,0.400,53o,flat,0.000000,2.019531,-11.449653,2.019531,-11.449653,0.336589,0.356879,40.000000,-80.000000,40.000000,-40.000000,0.000000,40.000000
9,equal,57000,15.000,0,5,0.500,1.000,0.400,93o,flat,0.000000,1.617188,-11.840278,1.617188,-11.840278,0.269531,0.351997,40.000000,-80.000000,40.000000,-40.000000,0.000000,40.000000
9,equal,57000,15.000,0,5,0.500,1.000,0.400,87s,flat,0.000000,2.021484,-11.875000,2.021484,-11.875000,0.336914,0.351562,40.000000,-80.000000,40.000000,-40.000000,0.000000,40.000000
9,equal,57000,15.000,0,5,0.500,1.000,0.400,75s,flat,0.000000,2.167969,-12.152778,2.167969,-12.152778,0.361328,0.348090,40.000000,-80.000000,40.000000,-40.000000,0.000000,40.000000
9,equal,57000,15.000,0,5,0.500,1.000,0.400,62s,flat,0.000000,1.957031,-12.161458,1.957031,-12.161458,0.326172,0.347982,40.000000,-80.000000,40.000000,-40.000000,0.000000,40.000000
9,equal,57000,15.000,0,5,0.500,1.000,0.400,76s,flat,0.000000,2.273438,-12.187500,2.273438,-12.187500,0.378906,0.347656,40.000000,-80.000000,40.000000,-40.000000,0.000000,40.000000
9,equal,57000,15.000,0,5,0.500,1.000,0.400,43o,flat,0.000000,1.941406,-12.291667,1.941406,-12.291667,0.323568,0.346354,40.000000,-80.000000,40.000000,-40.000000,0.000000,40.000000
9,equal,57000,15.000,0,5,0.500,1.000,0.400,92o,flat,0.000000,1.447917,-12.731481,1.447917,-12.731481,0.241319,0.340856,40.000000,-80.000000,40.000000,-40.000000,0.000000,40.000000
9,equal,57000,15.000,0,5,0.500,1.000,0.400,42o,flat,0.000000,1.945312,-12.760417,1.945312,-12.760417,0.324219,0.340495,40.000000,-80.000000,40.000000,-40.000000,0.000000,40.000000
9,equal,57000,15.000,0,5,0.500,1.000,0.400,84o,flat,0.000000,1.814453,-12.873264,1.814453,-12.873264,0.302409,0.339084,40.000000,-80.000000,40.000000,-40.000000,0.000000,40.000000
9,equal,57000,15.000,0,5,0.500,1.000,0.400,52o,flat,0.000000,1.988281,-13.107639,1.988281,-13.107639,0.331380,0.336155,40.000000,-80.000000,40.000000,-40.000000,0.000000,40.000000
9,equal,57000,15.000,0,5,0.500,1.000,0.400,64o,flat,0.000000,1.966797,-13.177083,1.966797,-13.177083,0.327799,0.335286,40.000000,-80.000000,40.000000,-40.000000,0.000000,40.000000
9,equal,57000,15.000,0,5,0.500,1.000,0.400,32o,flat,0.000000,1.982422,-13.263889,1.982422,-13.263889,0.330404,0.334201,40.000000,-80.000000,40.000000,-40.000000,0.000000,40.000000
9,equal,57000,15.000,0,5,0.500,1.000,0.400,73s,flat,0.000000,2.097656,-13.472222,2.097656,-13.472222,0.349609,0.331597,40.000000,-80.000000,40.000000,-40.000000,0.000000,40.000000
9,equal,57000,15.000,0,5,0.500,1.000,0.400,83o,flat,0.000000,1.669922,-13.515625,1.669922,-13.515625,0.278320,0.331055,40.000000,-80.000000,40.000000,-40.000000,0.000000,40.000000
9,equal,57000,15.000,0,5,0.500,1.000,0.400,82o,flat,0.000000,1.687500,-13.567708,1.687500,-13.567708,0.281250,0.330404,40.000000,-80.000000,40.000000,-40.000000,0.000000,40.000000
9,equal,57000,15.000,0,5,0.500,1.000,0.400,62o,flat,0.000000,1.925781,-13.602431,1.925781,-13.602431,0.320964,0.329970,40.000000,-80.000000,40.000000,-40.000000,0.000000,40.000000
9,equal,57000,15.000,0,5,0.500,1.000,0.400,74s,flat,0.000000,2.074219,-13.645833,2.074219,-13.645833,0.345703,0.329427,40.000000,-80.000000,40.000000,-40.000000,0.000000,40.000000
9,equal,57000,15.000,0,5,0.500,1.000,0.400,63o,flat,0.000000,1.953125,-13.741319,1.953125,-13.741319,0.325521,0.328234,40.000000,-80.000000,40.000000,-40.000000,0.000000,40.000000
9,equal,57000,15.000,0,5,0.500,1.000,0.400,72s,flat,0.000000,2.203125,-14.756944,2.203125,-14.756944,0.367188,0.315538,40.000000,-80.000000,40.000000,-40.000000,0.000000,40.000000
9,equal,57000,15.000,0,5,0.500,1.000,0.400,76o,flat,0.000000,2.154297,-16.006944,2.154297,-16.006944,0.359049,0.299913,40.000000,-80.000000,40.000000,-40.000000,0.000000,40.000000
9,equal,57000,15.000,0,5,0.500,1.000,0.400,75o,flat,0.000000,1.919922,-16.192130,1.919922,-16.192130,0.319987,0.297598,40.000000,-80.000000,40.000000,-40.000000,0.000000,40.000000
9,equal,57000,15.000,0,5,0.500,1.000,0.400,87o,flat,0.000000,2.085938,-16.967593,2.085938,-16.967593,0.347656,0.287905,40.000000,-80.000000,40.000000,-40.000000,0.000000,40.000000
9,equal,57000,15.000,0,5,0.500,1.000,0.400,73o,flat,0.000000,1.802734,-17.361111,1.802734,-17.361111,0.300456,0.282986,40.000000,-80.000000,40.000000,-40.000000,0.000000,40.000000
9,equal,57000,15.000,0,5,0.500,1.000,0.400,74o,flat,0.000000,1.787109,-17.673611,1.787109,-17.673611,0.297852,0.279080,40.000000,-80.000000,40.000000,-40.000000,0.000000,40.000000
9,equal,57000,15.000,0,5,0.500,1.000,0.400,72o,flat,0.000000,1.730469,-18.553241,1.730469,-18.553241,0.288411,0.268084,40.000000,-80.000000,40.000000,-40.000000,0.000000,40.000000
9,equal,76000,20.000,0,5,0.500,0.000,0.400,JJ,jam,0.000000,-12.051562,0.000000,-12.051562,0.000000,0.826172,0.000000,40.000000,-80.000000,40.000000,-40.000000,0.000000,40.000000
9,equal,76000,20.000,0,5,0.500,0.000,0.400,QQ,jam,0.000000,-12.117188,0.000000,-12.117188,0.000000,0.817057,0.000000,40.000000,-80.000000,40.000000,-40.000000,0.000000,40.000000
9,equal,76000,20.000,0,5,0.500,0.000,0.400,TT,jam,0.000000,-12.121875,0.000000,-12.121875,0.000000,0.816406,0.000000,40.000000,-80.000000,40.000000,-40.000000,0.000000,40.000000
9,equal,76000,20.000,0,5,0.500,0.000,0.400,AA,jam,0.000000,-12.328125,0.000000,-12.328125,0.000000,0.787760,0.000000,40.000000,-80.000000,40.000000,-40.000000,0.000000,40.000000
9,equal,76000,20.000,0,5,0.500,0.000,0.400,KK,jam,0.000000,-12.379687,0.000000,-12.379687,0.000000,0.780599,0.000000,40.000000,-80.000000,40.000000,-40.000000,0.000000,40.000000
9,equal,76000,20.000,0,5,0.500,0.000,0.400,J9s,jam,0.000000,-12.628125,0.000000,-12.628125,0.000000,0.746094,0.000000,40.000000,-80.000000,40.000000,-40.000000,0.000000,40.000000
9,equal,76000,20.000,0,5,0.500,0.000,0.400,JTs,jam,0.000000,-12.937500,0.000000,-12.937500,0.000000,0.703125,0.000000,40.000000,-80.000000,40.000000,-40.000000,0.000000,40.000000
9,equal,76000,20.000,0,5,0.500,0.000,0.400,ATo,jam,0.000000,-12.971875,0.000000,-12.971875,0.000000,0.698351,0.000000,40.000000,-80.000000,40.000000,-40.000000,0.000000,40.000000
9,equal,76000,20.000,0,5,0.500,0.000,0.400,QTs,jam,0.000000,-12.984375,0.000000,-12.984375,0.000000,0.696615,0.000000,40.000000,-80.000000,40.000000,-40.000000,0.000000,40.000000
9,equal,76000,20.000,0,5,0.500,0.000,0.400,JTo,jam,0.000000,-13.009375,0.000000,-13.009375,0.000000,0.693142,0.000000,40.000000,-80.000000,40.000000,-40.000000,0.000000,40.000000
9,equal,76000,20.000,0,5,0.500,0.000,0.400,A9s,jam,0.000000,-13.068750,0.000000,-13.068750,0.000000,0.684896,0.000000,40.000000,-80.000000,40.000000,-40.000000,0.000000,40.000000
9,equal,76000,20.000,0,5,0.500,0.000,0.400,KTo,jam,0.000000,-13.078125,0.000000,-13.078125,0.000000,0.683594,0.000000,40.000000,-80.000000,40.000000,-40.000000,0.000000,40.000000
9,equal,76000,20.000,0,5,0.500,0.000,0.400,ATs,jam,0.000000,-13.087500,0.000000,-13.087500,0.000000,0.682292,0.000000,40.000000,-80.000000,40.000000,-40.000000,0.000000,40.000000
9,equal,76000,20.000,0,5,0.500,0.000,0.400,Q9o,jam,0.000000,-13.150000,0.000000,-13.150000,0.000000,0.673611,0.000000,40.000000,-80.000000,40.000000,-40.000000,0.000000,40.000000
9,equal,76000,20.000,0,5,0.500,0.000,0.400,KTs,jam,0.000000,-13.162500,0.000000,-13.162500,0.000000,0.671875,0.000000,40.000000,-80.000000,40.000000,-40.000000,0.000000,40.000000
9,equal,76000,20.000,0,5,0.500,0.000,0.400,K9o,jam,0.000000,-13.175000,0.000000,-13.175000,0.000000,0.670139,0.000000,40.000000,-80.000000,40.000000,-40.000000,0.000000,40.000000
9,equal,76000,20.000,0,5,0.500,0.000,0.400,J9o,jam,0.000000,-13.175000,0.000000,-13.175000,0.000000,0.670139,0.000000,40.000000,-80.000000,40.000000,-40.000000,0.000000,40.000000
9,equal,76000,20.000,0,5,0.500,0.000,0.400,QTo,jam,0.000000,-13.193750,0.000000,-13.193750,0.000000,0.667535,0.000000,40.000000,-80.000000,40.000000,-40.000000,0.000000,40.000000
9,equal,76000,20.000,0,5,0.500,0.000,0.400,Q9s,jam,0.000000,-13.218750,0.000000,-13.218750,0.000000,0.664062,0.000000,40.000000,-80.000000,40.000000,-40.000000,0.000000,40.000000
9,equal,76000,20.000,0,5,0.500,0.000,0.400,K9s,jam,0.000000,-13.256250,0.000000,-13.256250,0.000000,0.658854,0.000000,40.000000,-80.000000,40.000000,-40.000000,0.000000,40.000000
9,equal,76000,20.000,0,5,0.500,0.000,0.400,A9o,jam,0.000000,-13.259375,0.000000,-13.259375,0.000000,0.658420,0.000000,40.000000,-80.000000,40.000000,-40.000000,0.000000,40.000000
9,equal,76000,20.000,0,5,0.500,0.000,0.400,KQs,jam,0.000000,-13.267969,0.000000,-13.267969,0.000000,0.657227,0.000000,40.000000,-80.000000,40.000000,-40.000000,0.000000,40.000000
9,equal,76000,20.000,0,5,0.500,0.000,0.400,QJs,jam,0.000000,-13.275000,0.000000,-13.275000,0.000000,0.656250,0.000000,40.000000,-80.000000,40.000000,-40.000000,0.000000,40.000000
9,equal,76000,20.000,0,5,0.500,0.000,0.400,KJs,jam,0.000000,-13.324219,0.000000,-13.324219,0.000000,0.649414,0.000000,40.000000,-80.000000,40.000000,-40.000000,0.000000,40.000000
9,equal,76000,20.000,0,5,0.500,0.000,0.400,AQs,jam,0.000000,-13.380469,0.000000,-13.380469,0.000000,0.641602,0.000000,40.000000,-80.000000,40.000000,-40.000000,0.000000,40.000000
9,equal,76000,20.000,0,5,0.500,0.000,0.400,AJs,jam,0.000000,-13.387500,0.000000,-13.387500,0.000000,0.640625,0.000000,40.000000,-80.000000,40.000000,-40.000000,0.000000,40.000000
9,equal,76000,20.000,0,5,0.500,0.000,0.400,AKs,jam,0.000000,-13.415625,0.000000,-13.415625,0.000000,0.636719,0.000000,40.000000,-80.000000,40.000000,-40.000000,0.000000,40.000000
9,equal,76000,20.000,0,5,0.500,0.000,0.400,QJo,jam,0.000000,-13.518750,0.000000,-13.518750,0.000000,0.622396,0.000000,40.000000,-80.000000,40.000000,-40.000000,0.000000,40.000000
9,equal,76000,20.000,0,5,0.500,0.000,0.400,99,jam,0.000000,-13.528125,0.000000,-13.528125,0.000000,0.621094,0.000000,40.000000,-80.000000,40.000000,-40.000000,0.000000,40.000000
9,equal,76000,20.000,0,5,0.500,0.000,0.400,AJo,jam,0.000000,-13.631250,0.000000,-13.631250,0.000000,0.606771,0.000000,40.000000,-80.000000,40.000000,-40.000000,0.000000,40.000000
9,equal,76000,20.000,0,5,0.500,0.000,0.400,KQo,jam,0.000000,-13.682812,0.000000,-13.682812,0.000000,0.599609,0.000000,40.000000,-80.000000,40.000000,-40.000000,0.000000,40.000000
9,equal,76000,20.000,0,5,0.500,0.000,0.400,J4s,jam,0.000000,-13.696875,0.000000,-13.696875,0.000000,0.597656,0.000000,40.000000,-80.000000,40.000000,-40.000000,0.000000,40.000000
9,equal,76000,20.000,0,5,0.500,0.000,0.400,KJo,jam,0.000000,-13.713281,0.000000,-13.713281,0.000000,0.595378,0.000000,40.000000,-80.000000,40.000000,-40.000000,0.000000,40.000000
9,equal,76000,20.000,0,5,0.500,0.000,0.400,J6s,jam,0.000000,-13.717969,0.000000,-13.717969,0.000000,0.594727,0.000000,40.000000,-80.000000,40.000000,-40.000000,0.000000,40.000000
9,equal,76000,20.000,0,5,0.500,0.000,0.400,Q8s,jam,0.000000,-13.760156,0.000000,-13.760156,0.000000,0.588867,0.000000,40.000000,-80.000000,40.000000,-40.000000,0.000000,40.000000
9,equal,76000,20.000,0,5,0.500,0.000,0.400,J8s,jam,0.000000,-13.760156,0.000000,-13.760156,0.000000,0.588867,0.000000,40.000000,-80.000000,40.000000,-40.000000,0.000000,40.000000
9,equal,76000,20.000,0,5,0.500,0.000,0.400,A8s,jam,0.000000,-13.788281,0.000000,-13.788281,0.000000,0.584961,0.000000,40.000000,-80.000000,40.000000,-40.000000,0.000000,40.000000
9,equal,76000,20.000,0,5,0.500,0.000,0.400,A3s,jam,0.000000,-13.809375,0.000000,-13.809375,0.000000,0.582031,0.000000,40.000000,-80.000000,40.000000,-40.000000,0.000000,40.000000
9,equal,76000,20.000,0,5,0.500,0.000,0.400,K5s,jam,0.000000,-13.837500,0.000000,-13.837500,0.000000,0.578125,0.000000,40.000000,-80.000000,40.000000,-40.000000,0.000000,40.000000
9,equal,76000,20.000,0,5,0.500,0.000,0.400,AQo,jam,0.000000,-13.839844,0.000000,-13.839844,0.000000,0.577799,0.000000,40.000000,-80.000000,40.000000,-40.000000,0.000000,40.000000
9,equal,76000,20.000,0,5,0.500,0.000,0.400,Q7s,jam,0.000000,-13.844531,0.000000,-13.844531,0.000000,0.577148,0.000000,40.000000,-80.000000,40.000000,-40.000000,0.000000,40.000000
9,equal,76000,20.000,0,5,0.500,0.000,0.400,AKo,jam,0.000000,-13.872656,0.000000,-13.872656,0.000000,0.573242,0.000000,40.000000,-80.000000,40.000000,-40.000000,0.000000,40.000000
9,equal,76000,20.000,0,5,0.500,0.000,0.400,J7s,jam,0.000000,-13.907812,0.000000,-13.907812,0.000000,0.568359,0.000000,40.000000,-80.000000,40.000000,-40.000000,0.000000,40.000000
9,equal,76000,20.000,0,5,0.500,0.000,0.400,A2s,jam,0.000000,-13.921875,0.000000,-13.921875,0.000000,0.566406,0.000000,40.000000,-80.000000,40.000000,-40.000000,0.000000,40.000000
9,equal,76000,20.000,0,5,0.500,0.000,0.400,A6s,jam,0.000000,-13.935937,0.000000,-13.935937,0.000000,0.564453,0.000000,40.000000,-80.000000,40.000000,-40.000000,0.000000,40.000000
9,equal,76000,20.000,0,5,0.500,0.000,0.400,Q6s,jam,0.000000,-13.978125,0.000000,-13.978125,0.000000,0.558594,0.000000,40.000000,-80.000000,40.000000,-40.000000,0.000000,40.000000
9,equal,76000,20.000,0,5,0.500,0.000,0.400,Q5s,jam,0.000000,-14.006250,0.000000,-14.006250,0.000000,0.554688,0.000000,40.000000,-80.000000,40.000000,-40.000000,0.000000,40.000000
9,equal,76000,20.000,0,5,0.500,0.000,0.400,K6s,jam,0.000000,-14.013281,0.000000,-14.013281,0.000000,0.553711,0.000000,40.000000,-80.000000,40.000000,-40.000000,0.000000,40.000000
9,equal,76000,20.000,0,5,0.500,0.000,0.400,A7s,jam,0.000000,-14.034375,0.000000,-14.034375,0.000000,0.550781,0.000000,40.000000,-80.000000,40.000000,-40.000000,0.000000,40.000000
9,equal,76000,20.000,0,5,0.500,0.000,0.400,K7s,jam,0.000000,-14.041406,0.000000,-14.041406,0.000000,0.549805,0.000000,40.000000,-80.000000,40.000000,-40.000000,0.000000,40.000000
9,equal,76000,20.000,0,5,0.500,0.000,0.400,J5s,jam,0.000000,-14.041406,0.000000,-14.041406,0.000000,0.549805,0.000000,40.000000,-80.000000,40.000000,-40.000000,0.000000,40.000000
9,equal,76000,20.000,0,5,0.500,0.000,0.400,Q4s,jam,0.000000,-14.048437,0.000000,-14.048437,0.000000,0.548828,0.000000,40.000000,-80.000000,40.000000,-40.000000,0.000000,40.000000
9,equal,76000,20.000,0,5,0.500,0.000,0.400,A8o,jam,0.000000,-14.062500,0.000000,-14.062500,0.000000,0.546875,0.000000,40.000000,-80.000000,40.000000,-40.000000,0.000000,40.000000
9,equal,76000,20.000,0,5,0.500,0.000,0.400,J8o,jam,0.000000,-14.062500,0.000000,-14.062500,0.000000,0.546875,0.000000,40.000000,-80.000000,40.000000,-40.000000,0.000000,40.000000
9,equal,76000,20.000,0,5,0.500,0.000,0.400,K2s,jam,0.000000,-14.076562,0.000000,-14.076562,0.000000,0.544922,0.000000,40.000000,-80.000000,40.000000,-40.000000,0.000000,40.000000
9,equal,76000,20.000,0,5,0.500,0.000,0.400,A5s,jam,0.000000,-14.090625,0.000000,-14.090625,0.000000,0.542969,0.000000,40.000000,-80.000000,40.000000,-40.000000,0.000000,40.000000
9,equal,76000,20.000,0,5,0.500,0.000,0.400,J2o,jam,0.000000,-14.092969,0.000000,-14.092969,0.000000,0.542643,0.000000,40.000000,-80.000000,40.000000,-40.000000,0.000000,40.000000
9,equal,76000,20.000,0,5,0.500,0.000,0.400,K8s,jam,0.000000,-14.104687,0.000000,-14.104687,0.000000,0.541016,0.000000,40.000000,-80.000000,40.000000,-40.000000,0.000000,40.000000
9,equal,76000,20.000,0,5,0.500,0.000,0.400,A4s,jam,0.000000,-14.111719,0.000000,-14.111719,0.000000,0.540039,0.000000,40.000000,-80.000000,40.000000,-40.000000,0.000000,40.000000
9,equal,76000,20.000,0,5,0.500,0.000,0.400,Q8o,jam,0.000000,-14.128125,0.000000,-14.128125,0.000000,0.537760,0.000000,40.000000,-80.000000,40.000000,-40.000000,0.000000,40.000000
9,equal,76000,20.000,0,5,0.500,0.000,0.400,Q2s,jam,0.000000,-14.132812,0.000000,-14.132812,0.000000,0.537109,0.000000,40.000000,-80.000000,40.000000,-40.000000,0.000000,40.000000
9,equal,76000,20.000,0,5,0.500,0.000,0.400,A3o,jam,0.000000,-14.135156,0.000000,-14.135156,0.000000,0.536784,0.000000,40.000000,-80.000000,40.000000,-40.000000,0.000000,40.000000
9,equal,76000,20.000,0,5,0.500,0.000,0.400,Q6o,jam,0.000000,-14.139844,0.000000,-14.139844,0.000000,0.536133,0.000000,40.000000,-80.000000,40.000000,-40.000000,0.000000,40.000000
9,equal,76000,20.000,0,5,0.500,0.000,0.400,K4s,jam,0.000000,-14.167969,0.000000,-14.167969,0.000000,0.532227,0.000000,40.000000,-80.000000,40.000000,-40.000000,0.000000,40.000000
9,equal,76000,20.000,0,5,0.500,0.000,0.400,Q2o,jam,0.000000,-14.172656,0.000000,-14.172656,0.000000,0.531576,0.000000,40.000000,-80.000000,40.000000,-40.000000,0.000000,40.000000
9,equal,76000,20.000,0,5,0.500,0.000,0.400,A6o,jam,0.000000,-14.186719,0.000000,-14.186719,0.000000,0.529622,0.000000,40.000000,-80.000000,40.000000,-40.000000,0.000000,40.000000
9,equal,76000,20.000,0,5,0.500,0.000,0.400,K7o,jam,0.000000,-14.193750,0.000000,-14.193750,0.000000,0.528646,0.000000,40.000000,-80.000000,40.000000,-40.000000,0.000000,40.000000
9,equal,76000,20.000,0,5,0.500,0.000,0.400,K8o,jam,0.000000,-14.198437,0.000000,-14.198437,0.000000,0.527995,0.000000,40.000000,-80.000000,40.000000,-40.000000,0.000000,40.000000
9,equal,76000,20.000,0,5,0.500,0.000,0.400,J5o,jam,0.000000,-14.203125,0.000000,-14.203125,0.000000,0.527344,0.000000,40.000000,-80.000000,40.000000,-40.000000,0.000000,40.000000
9,equal,76000,20.000,0,5,0.500,0.000,0.400,A5o,jam,0.000000,-14.207812,0.000000,-14.207812,0.000000,0.526693,0.000000,40.000000,-80.000000,40.000000,-40.000000,0.000000,40.000000
9,equal,76000,20.000,0,5,0.500,0.000,0.400,K3s,jam,0.000000,-14.210156,0.000000,-14.210156,0.000000,0.526367,0.000000,40.000000,-80.000000,40.000000,-40.000000,0.000000,40.000000
9,equal,76000,20.000,0,5,0.500,0.000,0.400,J2s,jam,0.000000,-14.217187,0.000000,-14.217187,0.000000,0.525391,0.000000,40.000000,-80.000000,40.000000,-40.000000,0.000000,40.000000
9,equal,76000,20.000,0,5,0.500,0.000,0.400,A4o,jam,0.000000,-14.231250,0.000000,-14.231250,0.000000,0.523438,0.000000,40.000000,-80.000000,40.000000,-40.000000,0.000000,40.000000
9,equal,76000,20.000,0,5,0.500,0.000,0.400,K4o,jam,0.000000,-14.254687,0.000000,-14.254687,0.000000,0.520182,0.000000,40.000000,-80.000000,40.000000,-40.000000,0.000000,40.000000
9,equal,76000,20.000,0,5,0.500,0.000,0.400,J7o,jam,0.000000,-14.266406,0.000000,-14.266406,0.000000,0.518555,0.000000,40.000000,-80.000000,40.000000,-40.000000,0.000000,40.000000
9,equal,76000,20.000,0,5,0.500,0.000,0.400,K3o,jam,0.000000,-14.273438,0.000000,-14.273438,0.000000,0.517578,0.000000,40.000000,-80.000000,40.000000,-40.000000,0.000000,40.000000
9,equal,76000,20.000,0,5,0.500,0.000,0.400,J4o,jam,0.000000,-14.275781,0.000000,-14.275781,0.000000,0.517253,0.000000,40.000000,-80.000000,40.000000,-40.000000,0.000000,40.000000
9,equal,76000,20.000,0,5,0.500,0.000,0.400,88,jam,0.000000,-14.278125,0.000000,-14.278125,0.000000,0.516927,0.000000,40.000000,-80.000000,40.000000,-40.000000,0.000000,40.000000
9,equal,76000,20.000,0,5,0.500,0.000,0.400,A7o,jam,0.000000,-14.299219,0.000000,-14.299219,0.000000,0.513997,0.000000,40.000000,-80.000000,40.000000,-40.000000,0.000000,40.000000
9,equal,76000,20.000,0,5,0.500,0.000,0.400,Q3s,jam,0.000000,-14.322656,0.000000,-14.322656,0.000000,0.510742,0.000000,40.000000,-80.000000,40.000000,-40.000000,0.000000,40.000000
9,equal,76000,20.000,0,5,0.500,0.000,0.400,J3s,jam,0.000000,-14.336719,0.000000,-14.336719,0.000000,0.508789,0.000000,40.000000,-80.000000,40.000000,-40.000000,0.000000,40.000000
9,equal,76000,20.000,0,5,0.500,0.000,0.400,K6o,jam,0.000000,-14.355469,0.000000,-14.355469,0.000000,0.506185,0.000000,40.000000,-80.000000,40.000000,-40.000000,0.000000,40.000000
9,equal,76000,20.000,0,5,0.500,0.000,0.400,Q5o,jam,0.000000,-14.360156,0.000000,-14.360156,0.000000,0.505534,0.000000,40.000000,-80.000000,40.000000,-40.000000,0.000000,40.000000
9,equal,76000,20.000,0,5,0.500,0.000,0.400,J6o,jam,0.000000,-14.364844,0.000000,-14.364844,0.000000,0.504883,0.000000,40.000000,-80.000000,40.000000,-40.000000,0.000000,40.000000
9,equal,76000,20.000,0,5,0.500,0.000,0.400,Q3o,jam,0.000000,-14.376562,0.000000,-14.376562,0.000000,0.503255,0.000000,40.000000,-80.000000,40.000000,-40.000000,0.000000,40.000000
9,equal,76000,20.000,0,5,0.500,0.000,0.400,A2o,jam,0.000000,-14.390625,0.000000,-14.390625,0.000000,0.501302,0.000000,40.000000,-80.000000,40.000000,-40.000000,0.000000,40.000000
9,equal,76000,20.000,0,5,0.500,0.000,0.400,Q4o,jam,0.000000,-14.397656,0.000000,-14.397656,0.000000,0.500326,0.000000,40.000000,-80.000000,40.000000,-40.000000,0.000000,40.000000
9,equal,76000,20.000,0,5,0.500,0.000,0.400,Q7o,jam,0.000000,-14.400000,0.000000,-14.400000,0.000000,0.500000,0.000000,40.000000,-80.000000,40.000000,-40.000000,0.000000,40.000000
9,equal,76000,20.000,0,5,0.500,0.000,0.400,J3o,jam,0.000000,-14.400000,0.000000,-14.400000,0.000000,0.500000,0.000000,40.000000,-80.000000,40.000000,-40.000000,0.000000,40.000000
9,equal,76000,20.000,0,5,0.500,0.000,0.400,T9s,jam,0.000000,-14.400000,0.000000,-14.400000,0.000000,0.500000,0.000000,40.000000,-80.000000,40.000000,-40.000000,0.000000,40.000000
9,equal,76000,20.000,0,5,0.500,0.000,0.400,66,jam,0.000000,-14.414062,0.000000,-14.414062,0.000000,0.498047,0.000000,40.000000,-80.000000,40.000000,-40.000000,0.000000,40.000000
9,equal,76000,20.000,0,5,0.500,0.000,0.400,K2o,jam,0.000000,-14.465625,0.000000,-14.465625,0.000000,0.490885,0.000000,40.000000,-80.000000,40.000000,-40.000000,0.000000,40.000000
9,equal,76000,20.000,0,5,0.500,0.000,0.400,K5o,jam,0.000000,-14.477344,0.000000,-14.477344,0.000000,0.489258,0.000000,40.000000,-80.000000,40.000000,-40.000000,0.000000,40.000000
9,equal,76000,20.000,0,5,0.500,0.000,0.400,55,jam,0.000000,-14.479687,0.000000,-14.479687,0.000000,0.488932,0.000000,40.000000,-80.000000,40.000000,-40.000000,0.000000,40.000000
9,equal,76000,20.000,0,5,0.500,0.000,0.400,33,jam,0.000000,-14.540625,0.000000,-14.540625,0.000000,0.480469,0.000000,40.000000,-80.000000,40.000000,-40.000000,0.000000,40.000000
9,equal,76000,20.000,0,5,0.500,0.000,0.400,T9o,jam,0.000000,-14.564062,0.000000,-14.564062,0.000000,0.477214,0.000000,40.000000,-80.000000,40.000000,-40.000000,0.000000,40.000000
9,equal,76000,20.000,0,5,0.500,0.000,0.400,22,jam,0.000000,-14.657813,0.000000,-14.657813,0.000000,0.464193,0.000000,40.000000,-80.000000,40.000000,-40.000000,0.000000,40.000000
9,equal,76000,20.000,0,5,0.500,0.000,0.400,77,jam,0.000000,-14.676562,0.000000,-14.676562,0.000000,0.461589,0.000000,40.000000,-80.000000,40.000000,-40.000000,0.000000,40.000000
9,equal,76000,20.000,0,5,0.500,0.000,0.400,44,jam,0.000000,-14.840625,0.000000,-14.840625,0.000000,0.438802,0.000000,40.000000,-80.000000,40.000000,-40.000000,0.000000,40.000000
9,equal,76000,20.000,0,5,0.500,0.000,0.400,76s,jam,0.000000,-15.271875,0.000000,-15.271875,0.000000,0.378906,0.000000,40.000000,-80.000000,40.000000,-40.000000,0.000000,40.000000
9,equal,76000,20.000,0,5,0.500,0.000,0.400,72s,jam,0.000000,-15.356250,0.000000,-15.356250,0.000000,0.367188,0.000000,40.000000,-80.000000,40.000000,-40.000000,0.000000,40.000000
9,equal,76000,20.000,0,5,0.500,0.000,0.400,75s,jam,0.000000,-15.398438,0.000000,-15.398438,0.000000,0.361328,0.000000,40.000000,-80.000000,40.000000,-40.000000,0.000000,40.000000
9,equal,76000,20.000,0,5,0.500,0.000,0.400,42s,jam,0.000000,-15.405469,0.000000,-15.405469,0.000000,0.360352,0.000000,40.000000,-80.000000,40.000000,-40.000000,0.000000,40.000000
9,equal,76000,20.000,0,5,0.500,0.000,0.400,54o,jam,0.000000,-15.410156,0.000000,-15.410156,0.000000,0.359701,0.000000,40.000000,-80.000000,40.000000,-40.000000,0.000000,40.000000
9,equal,76000,20.000,0,5,0.500,0.000,0.400,76o,jam,0.000000,-15.414844,0.000000,-15.414844,0.000000,0.359049,0.000000,40.000000,-80.000000,40.000000,-40.000000,0.000000,40.000000
9,equal,76000,20.000,0,5,0.500,0.000,0.400,43s,jam,0.000000,-15.440625,0.000000,-15.440625,0.000000,0.355469,0.000000,40.000000,-80.000000,40.000000,-40.000000,0.000000,40.000000
9,equal,76000,20.000,0,5,0.500,0.000,0.400,52s,jam,0.000000,-15.461719,0.000000,-15.461719,0.000000,0.352539,0.000000,40.000000,-80.000000,40.000000,-40.000000,0.000000,40.000000
9,equal,76000,20.000,0,5,0.500,0.000,0.400,T3s,jam,0.000000,-15.478125,0.000000,-15.478125,0.000000,0.350260,0.000000,40.000000,-80.000000,40.000000,-40.000000,0.000000,40.000000
9,equal,76000,20.000,0,5,0.500,0.000,0.400,86s,jam,0.000000,-15.482812,0.000000,-15.482812,0.000000,0.349609,0.000000,40.000000,-80.000000,40.000000,-40.000000,0.000000,40.000000
9,equal,76000,20.000,0,5,0.500,0.000,0.400,73s,jam,0.000000,-15.482812,0.000000,-15.482812,0.000000,0.349609,0.000000,40.000000,-80.000000,40.000000,-40.000000,0.000000,40.000000
9,equal,76000,20.000,0,5,0.500,0.000,0.400,87o,jam,0.000000,-15.496875,0.000000,-15.496875,0.000000,0.347656,0.000000,40.000000,-80.000000,40.000000,-40.000000,0.000000,40.000000
9,equal,76000,20.000,0,5,0.500,0.000,0.400,85s,jam,0.000000,-15.496875,0.000000,-15.496875,0.000000,0.347656,0.000000,40.000000,-80.000000,40.000000,-40.000000,0.000000,40.000000
9,equal,76000,20.000,0,5,0.500,0.000,0.400,74s,jam,0.000000,-15.510937,0.000000,-15.510937,0.000000,0.345703,0.000000,40.000000,-80.000000,40.000000,-40.000000,0.000000,40.000000
9,equal,76000,20.000,0,5,0.500,0.000,0.400,63s,jam,0.000000,-15.510937,0.000000,-15.510937,0.000000,0.345703,0.000000,40.000000,-80.000000,40.000000,-40.000000,0.000000,40.000000
9,equal,76000,20.000,0,5,0.500,0.000,0.400,T8s,jam,0.000000,-15.515625,0.000000,-15.515625,0.000000,0.345052,0.000000,40.000000,-80.000000,40.000000,-40.000000,0.000000,40.000000
9,equal,76000,20.000,0,5,0.500,0.000,0.400,65s,jam,0.000000,-15.525000,0.000000,-15.525000,0.000000,0.343750,0.000000,40.000000,-80.000000,40.000000,-40.000000,0.000000,40.000000
9,equal,76000,20.000,0,5,0.500,0.000,0.400,53s,jam,0.000000,-15.546094,0.000000,-15.546094,0.000000,0.340820,0.000000,40.000000,-80.000000,40.000000,-40.000000,0.000000,40.000000
9,equal,76000,20.000,0,5,0.500,0.000,0.400,87s,jam,0.000000,-15.574219,0.000000,-15.574219,0.000000,0.336914,0.000000,40.000000,-80.000000,40.000000,-40.000000,0.000000,40.000000
9,equal,76000,20.000,0,5,0.500,0.000,0.400,53o,jam,0.000000,-15.576562,0.000000,-15.576562,0.000000,0.336589,0.000000,40.000000,-80.000000,40.000000,-40.000000,0.000000,40.000000
9,equal,76000,20.000,0,5,0.500,0.000,0.400,65o,jam,0.000000,-15.581250,0.000000,-15.581250,0.000000,0.335938,0.000000,40.000000,-80.000000,40.000000,-40.000000,0.000000,40.000000
9,equal,76000,20.000,0,5,0.500,0.000,0.400,52o,jam,0.000000,-15.614062,0.000000,-15.614062,0.000000,0.331380,0.000000,40.000000,-80.000000,40.000000,-40.000000,0.000000,40.000000
9,equal,76000,20.000,0,5,0.500,0.000,0.400,32o,jam,0.000000,-15.621094,0.000000,-15.621094,0.000000,0.330404,0.000000,40.000000,-80.000000,40.000000,-40.000000,0.000000,40.000000
9,equal,76000,20.000,0,5,0.500,0.000,0.400,64o,jam,0.000000,-15.639844,0.000000,-15.639844,0.000000,0.327799,0.000000,40.000000,-80.000000,40.000000,-40.000000,0.000000,40.000000
9,equal,76000,20.000,0,5,0.500,0.000,0.400,84s,jam,0.000000,-15.644531,0.000000,-15.644531,0.000000,0.327148,0.000000,40.000000,-80.000000,40.000000,-40.000000,0.000000,40.000000
9,equal,76000,20.000,0,5,0.500,0.000,0.400,62s,jam,0.000000,-15.651562,0.000000,-15.651562,0.000000,0.326172,0.000000,40.000000,-80.000000,40.000000,-40.000000,0.000000,40.000000
9,equal,76000,20.000,0,5,0.500,0.000,0.400,63o,jam,0.000000,-15.656250,0.000000,-15.656250,0.000000,0.325521,0.000000,40.000000,-80.000000,40.000000,-40.000000,0.000000,40.000000
9,equal,76000,20.000,0,5,0.500,0.000,0.400,42o,jam,0.000000,-15.665625,0.000000,-15.665625,0.000000,0.324219,0.000000,40.000000,-80.000000,40.000000,-40.000000,0.000000,40.000000
9,equal,76000,20.000,0,5,0.500,0.000,0.400,43o,jam,0.000000,-15.670312,0.000000,-15.670312,0.000000,0.323568,0.000000,40.000000,-80.000000,40.000000,-40.000000,0.000000,40.000000
9,equal,76000,20.000,0,5,0.500,0.000,0.400,54s,jam,0.000000,-15.672656,0.000000,-15.672656,0.000000,0.323242,0.000000,40.000000,-80.000000,40.000000,-40.000000,0.000000,40.000000
9,equal,76000,20.000,0,5,0.500,0.000,0.400,T6s,jam,0.000000,-15.675000,0.000000,-15.675000,0.000000,0.322917,0.000000,40.000000,-80.000000,40.000000,-40.000000,0.000000,40.000000
9,equal,76000,20.000,0,5,0.500,0.000,0.400,92s,jam,0.000000,-15.675000,0.000000,-15.675000,0.000000,0.322917,0.000000,40.000000,-80.000000,40.000000,-40.000000,0.000000,40.000000
9,equal,76000,20.000,0,5,0.500,0.000,0.400,62o,jam,0.000000,-15.689062,0.000000,-15.689062,0.000000,0.320964,0.000000,40.000000,-80.000000,40.000000,-40.000000,0.000000,40.000000
9,equal,76000,20.000,0,5,0.500,0.000,0.400,96s,jam,0.000000,-15.693750,0.000000,-15.693750,0.000000,0.320312,0.000000,40.000000,-80.000000,40.000000,-40.000000,0.000000,40.000000
9,equal,76000,20.000,0,5,0.500,0.000,0.400,75o,jam,0.000000,-15.696094,0.000000,-15.696094,0.000000,0.319987,0.000000,40.000000,-80.000000,40.000000,-40.000000,0.000000,40.000000
9,equal,76000,20.000,0,5,0.500,0.000,0.400,86o,jam,0.000000,-15.717187,0.000000,-15.717187,0.000000,0.317057,0.000000,40.000000,-80.000000,40.000000,-40.000000,0.000000,40.000000
9,equal,76000,20.000,0,5,0.500,0.000,0.400,T2s,jam,0.000000,-15.721875,0.000000,-15.721875,0.000000,0.316406,0.000000,40.000000,-80.000000,40.000000,-40.000000,0.000000,40.000000
9,equal,76000,20.000,0,5,0.500,0.000,0.400,82s,jam,0.000000,-15.735937,0.000000,-15.735937,0.000000,0.314453,0.000000,40.000000,-80.000000,40.000000,-40.000000,0.000000,40.000000
9,equal,76000,20.000,0,5,0.500,0.000,0.400,83s,jam,0.000000,-15.742969,0.000000,-15.742969,0.000000,0.313477,0.000000,40.000000,-80.000000,40.000000,-40.000000,0.000000,40.000000
9,equal,76000,20.000,0,5,0.500,0.000,0.400,T7s,jam,0.000000,-15.759375,0.000000,-15.759375,0.000000,0.311198,0.000000,40.000000,-80.000000,40.000000,-40.000000,0.000000,40.000000
9,equal,76000,20.000,0,5,0.500,0.000,0.400,T5s,jam,0.000000,-15.796875,0.000000,-15.796875,0.000000,0.305990,0.000000,40.000000,-80.000000,40.000000,-40.000000,0.000000,40.000000
9,equal,76000,20.000,0,5,0.500,0.000,0.400,85o,jam,0.000000,-15.817969,0.000000,-15.817969,0.000000,0.303060,0.000000,40.000000,-80.000000,40.000000,-40.000000,0.000000,40.000000
9,equal,76000,20.000,0,5,0.500,0.000,0.400,84o,jam,0.000000,-15.822656,0.000000,-15.822656,0.000000,0.302409,0.000000,40.000000,-80.000000,40.000000,-40.000000,0.000000,40.000000
9,equal,76000,20.000,0,5,0.500,0.000,0.400,T4s,jam,0.000000,-15.825000,0.000000,-15.825000,0.000000,0.302083,0.000000,40.000000,-80.000000,40.000000,-40.000000,0.000000,40.000000
9,equal,76000,20.000,0,5,0.500,0.000,0.400,93s,jam,0.000000,-15.825000,0.000000,-15.825000,0.000000,0.302083,0.000000,40.000000,-80.000000,40.000000,-40.000000,0.000000,40.000000
9,equal,76000,20.000,0,5,0.500,0.000,0.400,73o,jam,0.000000,-15.836719,0.000000,-15.836719,0.000000,0.300456,0.000000,40.000000,-80.000000,40.000000,-40.000000,0.000000,40.000000
9,equal,76000,20.000,0,5,0.500,0.000,0.400,74o,jam,0.000000,-15.855469,0.000000,-15.855469,0.000000,0.297852,0.000000,40.000000,-80.000000,40.000000,-40.000000,0.000000,40.000000
9,equal,76000,20.000,0,5,0.500,0.000,0.400,97s,jam,0.000000,-15.862500,0.000000,-15.862500,0.000000,0.296875,0.000000,40.000000,-80.000000,40.000000,-40.000000,0.000000,40.000000
9,equal,76000,20.000,0,5,0.500,0.000,0.400,94s,jam,0.000000,-15.871875,0.000000,-15.871875,0.000000,0.295573,0.000000,40.000000,-80.000000,40.000000,-40.000000,0.000000,40.000000
9,equal,76000,20.000,0,5,0.500,0.000,0.400,95s,jam,0.000000,-15.909375,0.000000,-15.909375,0.000000,0.290365,0.000000,40.000000,-80.000000,40.000000,-40.000000,0.000000,40.000000
9,equal,76000,20.000,0,5,0.500,0.000,0.400,T6o,jam,0.000000,-15.912500,0.000000,-15.912500,0.000000,0.289931,0.000000,40.000000,-80.000000,40.000000,-40.000000,0.000000,40.000000
9,equal,76000,20.000,0,5,0.500,0.000,0.400,T2o,jam,0.000000,-15.912500,0.000000,-15.912500,0.000000,0.289931,0.000000,40.000000,-80.000000,40.000000,-40.000000,0.000000,40.000000
9,equal,76000,20.000,0,5,0.500,0.000,0.400,T5o,jam,0.000000,-15.918750,0.000000,-15.918750,0.000000,0.289062,0.000000,40.000000,-80.000000,40.000000,-40.000000,0.000000,40.000000
9,equal,76000,20.000,0,5,0.500,0.000,0.400,72o,jam,0.000000,-15.923438,0.000000,-15.923438,0.000000,0.288411,0.000000,40.000000,-80.000000,40.000000,-40.000000,0.000000,40.000000
9,equal,76000,20.000,0,5,0.500,0.000,0.400,T8o,jam,0.000000,-15.925000,0.000000,-15.925000,0.000000,0.288194,0.000000,40.000000,-80.000000,40.000000,-40.000000,0.000000,40.000000
9,equal,76000,20.000,0,5,0.500,0.000,0.400,98s,jam,0.000000,-15.928125,0.000000,-15.928125,0.000000,0.287760,0.000000,40.000000,-80.000000,40.000000,-40.000000,0.000000,40.000000
9,equal,76000,20.000,0,5,0.500,0.000,0.400,64s,jam,0.000000,-15.932812,0.000000,-15.932812,0.000000,0.287109,0.000000,40.000000,-80.000000,40.000000,-40.000000,0.000000,40.000000
9,equal,76000,20.000,0,5,0.500,0.000,0.400,T7o,jam,0.000000,-15.956250,0.000000,-15.956250,0.000000,0.283854,0.000000,40.000000,-80.000000,40.000000,-40.000000,0.000000,40.000000
9,equal,76000,20.000,0,5,0.500,0.000,0.400,82o,jam,0.000000,-15.975000,0.000000,-15.975000,0.000000,0.281250,0.000000,40.000000,-80.000000,40.000000,-40.000000,0.000000,40.000000
9,equal,76000,20.000,0,5,0.500,0.000,0.400,83o,jam,0.000000,-15.996094,0.000000,-15.996094,0.000000,0.278320,0.000000,40.000000,-80.000000,40.000000,-40.000000,0.000000,40.000000
9,equal,76000,20.000,0,5,0.500,0.000,0.400,32s,jam,0.000000,-16.024219,0.000000,-16.024219,0.000000,0.274414,0.000000,40.000000,-80.000000,40.000000,-40.000000,0.000000,40.000000
9,equal,76000,20.000,0,5,0.500,0.000,0.400,T4o,jam,0.000000,-16.028125,0.000000,-16.028125,0.000000,0.273872,0.000000,40.000000,-80.000000,40.000000,-40.000000,0.000000,40.000000
9,equal,76000,20.000,0,5,0.500,0.000,0.400,T3o,jam,0.000000,-16.040625,0.000000,-16.040625,0.000000,0.272135,0.000000,40.000000,-80.000000,40.000000,-40.000000,0.000000,40.000000
9,equal,76000,20.000,0,5,0.500,0.000,0.400,93o,jam,0.000000,-16.059375,0.000000,-16.059375,0.000000,0.269531,0.000000,40.000000,-80.000000,40.000000,-40.000000,0.000000,40.000000
9,equal,76000,20.000,0,5,0.500,0.000,0.400,98o,jam,0.000000,-16.118750,0.000000,-16.118750,0.000000,0.261285,0.000000,40.000000,-80.000000,40.000000,-40.000000,0.000000,40.000000
9,equal,76000,20.000,0,5,0.500,0.000,0.400,96o,jam,0.000000,-16.140625,0.000000,-16.140625,0.000000,0.258247,0.000000,40.000000,-80.000000,40.000000,-40.000000,0.000000,40.000000
9,equal,76000,20.000,0,5,0.500,0.000,0.400,97o,jam,0.000000,-16.143750,0.000000,-16.143750,0.000000,0.257812,0.000000,40.000000,-80.000000,40.000000,-40.000000,0.000000,40.000000
9,equal,76000,20.000,0,5,0.500,0.000,0.400,94o,jam,0.000000,-16.187500,0.000000,-16.187500,0.000000,0.251736,0.000000,40.000000,-80.000000,40.000000,-40.000000,0.000000,40.000000
9,equal,76000,20.000,0,5,0.500,0.000,0.400,92o,jam,0.000000,-16.262500,0.000000,-16.262500,0.000000,0.241319,0.000000,40.000000,-80.000000,40.000000,-40.000000,0.000000,40.000000
9,equal,76000,20.000,0,5,0.500,0.000,0.400,95o,jam,0.000000,-16.365625,0.000000,-16.365625,0.000000,0.226997,0.000000,40.000000,-80.000000,40.000000,-40.000000,0.000000,40.000000
9,equal,76000,20.000,0,5,0.500,0.050,0.400,QQ,jam,0.000000,-12.117188,1.350694,-12.117188,1.350694,0.817057,0.837674,40.000000,-80.000000,40.000000,-40.000000,0.000000,40.000000
9,equal,76000,20.000,0,5,0.500,0.050,0.400,JJ,jam,0.000000,-12.051562,1.284722,-12.051562,1.284722,0.826172,0.821181,40.000000,-80.000000,40.000000,-40.000000,0.000000,40.000000
9,equal,76000,20.000,0,5,0.500,0.050,0.400,TT,jam,0.000000,-12.121875,1.276042,-12.121875,1.276042,0.816406,0.819010,40.000000,-80.000000,40.000000,-40.000000,0.000000,40.000000
9,equal,76000,20.000,0,5,0.500,0.050,0.400,KK,jam,0.000000,-12.379687,1.270833,-12.379687,1.270833,0.780599,0.817708,40.000000,-80.000000,40.000000,-40.000000,0.000000,40.000000
9,equal,76000,20.000,0,5,0.500,0.050,0.400,AA,jam,0.000000,-12.328125,1.258681,-12.328125,1.258681,0.787760,0.814670,40.000000,-80.000000,40.000000,-40.000000,0.000000,40.000000
9,equal,76000,20.000,0,5,0.500,0.050,0.400,AQs,jam,0.000000,-13.380469,0.007812,-13.380469,0.007812,0.641602,0.501953,40.000000,-80.000000,40.000000,-40.000000,0.000000,40.000000
9,equal,76000,20.000,0,5,0.500,0.050,0.400,99,jam,0.000000,-13.528125,0.000000,-13.528125,0.000000,0.621094,0.500000,40.000000,-80.000000,40.000000,-40.000000,0.000000,40.000000
9,equal,76000,20.000,0,5,0.500,0.050,0.400,KQs,fold,0.000000,-13.267969,-0.031250,-13.267969,-0.031250,0.657227,0.492188,40.000000,-80.000000,40.000000,-40.000000,0.000000,40.000000
9,equal,76000,20.000,0,5,0.500,0.050,0.400,JTs,fold,0.000000,-12.937500,-0.036458,-12.937500,-0.036458,0.703125,0.490885,40.000000,-80.000000,40.000000,-40.000000,0.000000,40.000000
9,equal,76000,20.000,0,5,0.500,0.050,0.400,QJs,fold,0.000000,-13.275000,-0.093750,-13.275000,-0.093750,0.656250,0.476562,40.000000,-80.000000,40.000000,-40.000000,0.000000,40.000000
9,equal,76000,20.000,0,5,0.500,0.050,0.400,QTs,fold,0.000000,-12.984375,-0.106771,-12.984375,-0.106771,0.696615,0.473307,40.000000,-80.000000,40.000000,-40.000000,0.000000,40.000000
9,equal,76000,20.000,0,5,0.500,0.050,0.400,ATs,fold,0.000000,-13.087500,-0.117188,-13.087500,-0.117188,0.682292,0.470703,40.000000,-80.000000,40.000000,-40.000000,0.000000,40.000000
9,equal,76000,20.000,0,5,0.500,0.050,0.400,AJs,fold,0.000000,-13.387500,-0.127604,-13.387500,-0.127604,0.640625,0.468099,40.000000,-80.000000,40.000000,-40.000000,0.000000,40.000000
9,equal,76000,20.000,0,5,0.500,0.050,0.400,KTs,fold,0.000000,-13.162500,-0.132812,-13.162500,-0.132812,0.671875,0.466797,40.000000,-80.000000,40.000000,-40.000000,0.000000,40.000000
9,equal,76000,20.000,0,5,0.500,0.050,0.400,AJo,fold,0.000000,-13.631250,-0.137153,-13.631250,-0.137153,0.606771,0.465712,40.000000,-80.000000,40.000000,-40.000000,0.000000,40.000000
9,equal,76000,20.000,0,5,0.500,0.050,0.400,AKs,fold,0.000000,-13.415625,-0.171875,-13.415625,-0.171875,0.636719,0.457031,40.000000,-80.000000,40.000000,-40.000000,0.000000,40.000000
9,equal,76000,20.000,0,5,0.500,0.050,0.400,QJo,fold,0.000000,-13.518750,-0.181424,-13.518750,-0.181424,0.622396,0.454644,40.000000,-80.000000,40.000000,-40.000000,0.000000,40.000000
9,equal,76000,20.000,0,5,0.500,0.050,0.400,QTo,fold,0.000000,-13.193750,-0.188368,-13.193750,-0.188368,0.667535,0.452908,40.000000,-80.000000,40.000000,-40.000000,0.000000,40.000000
9,equal,76000,20.000,0,5,0.500,0.050,0.400,JTo,fold,0.000000,-13.009375,-0.196181,-13.009375,-0.196181,0.693142,0.450955,40.000000,-80.000000,40.000000,-40.000000,0.000000,40.000000
9,equal,76000,20.000,0,5,0.500,0.050,0.400,KJs,fold,0.000000,-13.324219,-0.197917,-13.324219,-0.197917,0.649414,0.450521,40.000000,-80.000000,40.000000,-40.000000,0.000000,40.000000
9,equal,76000,20.000,0,5,0.500,0.050,0.400,AQo,fold,0.000000,-13.839844,-0.227431,-13.839844,-0.227431,0.577799,0.443142,40.000000,-80.000000,40.000000,-40.000000,0.000000,40.000000
9,equal,76000,20.000,0,5,0.500,0.050,0.400,ATo,fold,0.000000,-12.971875,-0.237847,-12.971875,-0.237847,0.698351,0.440538,40.000000,-80.000000,40.000000,-40.000000,0.000000,40.000000
9,equal,76000,20.000,0,5,0.500,0.050,0.400,KJo,fold,0.000000,-13.713281,-0.246528,-13.713281,-0.246528,0.595378,0.438368,40.000000,-80.000000,40.000000,-40.000000,0.000000,40.000000
9,equal,76000,20.000,0,5,0.500,0.050,0.400,KTo,fold,0.000000,-13.078125,-0.252604,-13.078125,-0.252604,0.683594,0.436849,40.000000,-80.000000,40.000000,-40.000000,0.000000,40.000000
9,equal,76000,20.000,0,5,0.500,0.050,0.400,AKo,fold,0.000000,-13.872656,-0.261285,-13.872656,-0.261285,0.573242,0.434679,40.000000,-80.000000,40.000000,-40.000000,0.000000,40.000000
9,equal,76000,20.000,0,5,0.500,0.050,0.400,KQo,fold,0.000000,-13.682812,-0.275174,-13.682812,-0.275174,0.599609,0.431207,40.000000,-80.000000,40.000000,-40.000000,0.000000,40.000000
9,equal,76000,20.000,0,5,0.500,0.050,0.400,T9o,fold,0.000000,-14.564062,-0.473958,-14.564062,-0.473958,0.477214,0.381510,40.000000,-80.000000,40.000000,-40.000000,0.000000,40.000000
9,equal,76000,20.000,0,5,0.500,0.050,0.400,T9s,fold,0.000000,-14.400000,-0.484375,-14.400000,-0.484375,0.500000,0.378906,40.000000,-80.000000,40.000000,-40.000000,0.000000,40.000000
9,equal,76000,20.000,0,5,0.500,0.050,0.400,A4s,fold,0.000000,-14.111719,-0.528646,-14.111719,-0.528646,0.540039,0.367839,40.000000,-80.000000,40.000000,-40.000000,0.000000,40.000000
9,equal,76000,20.000,0,5,0.500,0.050,0.400,A5s,fold,0.000000,-14.090625,-0.549479,-14.090625,-0.549479,0.542969,0.362630,40.000000,-80.000000,40.000000,-40.000000,0.000000,40.000000
9,equal,76000,20.000,0,5,0.500,0.050,0.400,Q9s,fold,0.000000,-13.218750,-0.562500,-13.218750,-0.562500,0.664062,0.359375,40.000000,-80.000000,40.000000,-40.000000,0.000000,40.000000
9,equal,76000,20.000,0,5,0.500,0.050,0.400,J9s,fold,0.000000,-12.628125,-0.588542,-12.628125,-0.588542,0.746094,0.352865,40.000000,-80.000000,40.000000,-40.000000,0.000000,40.000000
9,equal,76000,20.000,0,5,0.500,0.050,0.400,Q3s,fold,0.000000,-14.322656,-0.604167,-14.322656,-0.604167,0.510742,0.348958,40.000000,-80.000000,40.000000,-40.000000,0.000000,40.000000
9,equal,76000,20.000,0,5,0.500,0.050,0.400,J8s,fold,0.000000,-13.760156,-0.609375,-13.760156,-0.609375,0.588867,0.347656,40.000000,-80.000000,40.000000,-40.000000,0.000000,40.000000
9,equal,76000,20.000,0,5,0.500,0.050,0.400,T6s,fold,0.000000,-15.675000,-0.609375,-15.675000,-0.609375,0.322917,0.347656,40.000000,-80.000000,40.000000,-40.000000,0.000000,40.000000
9,equal,76000,20.000,0,5,0.500,0.050,0.400,T8s,fold,0.000000,-15.515625,-0.611979,-15.515625,-0.611979,0.345052,0.347005,40.000000,-80.000000,40.000000,-40.000000,0.000000,40.000000
9,equal,76000,20.000,0,5,0.500,0.050,0.400,K7s,fold,0.000000,-14.041406,-0.630208,-14.041406,-0.630208,0.549805,0.342448,40.000000,-80.000000,40.000000,-40.000000,0.000000,40.000000
9,equal,76000,20.000,0,5,0.500,0.050,0.400,K9s,fold,0.000000,-13.256250,-0.635417,-13.256250,-0.635417,0.658854,0.341146,40.000000,-80.000000,40.000000,-40.000000,0.000000,40.000000
9,equal,76000,20.000,0,5,0.500,0.050,0.400,J6s,fold,0.000000,-13.717969,-0.635417,-13.717969,-0.635417,0.594727,0.341146,40.000000,-80.000000,40.000000,-40.000000,0.000000,40.000000
9,equal,76000,20.000,0,5,0.500,0.050,0.400,Q9o,fold,0.000000,-13.150000,-0.644097,-13.150000,-0.644097,0.673611,0.338976,40.000000,-80.000000,40.000000,-40.000000,0.000000,40.000000
9,equal,76000,20.000,0,5,0.500,0.050,0.400,A9s,fold,0.000000,-13.068750,-0.651042,-13.068750,-0.651042,0.684896,0.337240,40.000000,-80.000000,40.000000,-40.000000,0.000000,40.000000
9,equal,76000,20.000,0,5,0.500,0.050,0.400,K5s,fold,0.000000,-13.837500,-0.658854,-13.837500,-0.658854,0.578125,0.335286,40.000000,-80.000000,40.000000,-40.000000,0.000000,40.000000
9,equal,76000,20.000,0,5,0.500,0.050,0.400,J5s,fold,0.000000,-14.041406,-0.664062,-14.041406,-0.664062,0.549805,0.333984,40.000000,-80.000000,40.000000,-40.000000,0.000000,40.000000
9,equal,76000,20.000,0,5,0.500,0.050,0.400,Q8s,fold,0.000000,-13.760156,-0.682292,-13.760156,-0.682292,0.588867,0.329427,40.000000,-80.000000,40.000000,-40.000000,0.000000,40.000000
9,equal,76000,20.000,0,5,0.500,0.050,0.400,Q7s,fold,0.000000,-13.844531,-0.687500,-13.844531,-0.687500,0.577148,0.328125,40.000000,-80.000000,40.000000,-40.000000,0.000000,40.000000
9,equal,76000,20.000,0,5,0.500,0.050,0.400,T5s,fold,0.000000,-15.796875,-0.687500,-15.796875,-0.687500,0.305990,0.328125,40.000000,-80.000000,40.000000,-40.000000,0.000000,40.000000
9,equal,76000,20.000,0,5,0.500,0.050,0.400,A6s,fold,0.000000,-13.935937,-0.700521,-13.935937,-0.700521,0.564453,0.324870,40.000000,-80.000000,40.000000,-40.000000,0.000000,40.000000
9,equal,76000,20.000,0,5,0.500,0.050,0.400,K3s,fold,0.000000,-14.210156,-0.700521,-14.210156,-0.700521,0.526367,0.324870,40.000000,-80.000000,40.000000,-40.000000,0.000000,40.000000
9,equal,76000,20.000,0,5,0.500,0.050,0.400,A3s,fold,0.000000,-13.809375,-0.703125,-13.809375,-0.703125,0.582031,0.324219,40.000000,-80.000000,40.000000,-40.000000,0.000000,40.000000
9,equal,76000,20.000,0,5,0.500,0.050,0.400,A2s,fold,0.000000,-13.921875,-0.703125,-13.921875,-0.703125,0.566406,0.324219,40.000000,-80.000000,40.000000,-40.000000,0.000000,40.000000
9,equal,76000,20.000,0,5,0.500,0.050,0.400,K8s,fold,0.000000,-14.104687,-0.708333,-14.104687,-0.708333,0.541016,0.322917,40.000000,-80.000000,40.000000,-40.000000,0.000000,40.000000
9,equal,76000,20.000,0,5,0.500,0.050,0.400,A8s,fold,0.000000,-13.788281,-0.716146,-13.788281,-0.716146,0.584961,0.320964,40.000000,-80.000000,40.000000,-40.000000,0.000000,40.000000
9,equal,76000,20.000,0,5,0.500,0.050,0.400,J2s,fold,0.000000,-14.217187,-0.726562,-14.217187,-0.726562,0.525391,0.318359,40.000000,-80.000000,40.000000,-40.000000,0.000000,40.000000
9,equal,76000,20.000,0,5,0.500,0.050,0.400,K2s,fold,0.000000,-14.076562,-0.742188,-14.076562,-0.742188,0.544922,0.314453,40.000000,-80.000000,40.000000,-40.000000,0.000000,40.000000
9,equal,76000,20.000,0,5,0.500,0.050,0.400,T7s,fold,0.000000,-15.759375,-0.747396,-15.759375,-0.747396,0.311198,0.313151,40.000000,-80.000000,40.000000,-40.000000,0.000000,40.000000
9,equal,76000,20.000,0,5,0.500,0.050,0.400,A5o,fold,0.000000,-14.207812,-0.754340,-14.207812,-0.754340,0.526693,0.311415,40.000000,-80.000000,40.000000,-40.000000,0.000000,40.000000
9,equal,76000,20.000,0,5,0.500,0.050,0.400,T5o,fold,0.000000,-15.918750,-0.754340,-15.918750,-0.754340,0.289062,0.311415,40.000000,-80.000000,40.000000,-40.000000,0.000000,40.000000
9,equal,76000,20.000,0,5,0.500,0.050,0.400,T3s,fold,0.000000,-15.478125,-0.755208,-15.478125,-0.755208,0.350260,0.311198,40.000000,-80.000000,40.000000,-40.000000,0.000000,40.000000
9,equal,76000,20.000,0,5,0.500,0.050,0.400,A7s,fold,0.000000,-14.034375,-0.763021,-14.034375,-0.763021,0.550781,0.309245,40.000000,-80.000000,40.000000,-40.000000,0.000000,40.000000
9,equal,76000,20.000,0,5,0.500,0.050,0.400,Q5s,fold,0.000000,-14.006250,-0.765625,-14.006250,-0.765625,0.554688,0.308594,40.000000,-80.000000,40.000000,-40.000000,0.000000,40.000000
9,equal,76000,20.000,0,5,0.500,0.050,0.400,K4s,fold,0.000000,-14.167969,-0.765625,-14.167969,-0.765625,0.532227,0.308594,40.000000,-80.000000,40.000000,-40.000000,0.000000,40.000000
9,equal,76000,20.000,0,5,0.500,0.050,0.400,A9o,fold,0.000000,-13.259375,-0.767361,-13.259375,-0.767361,0.658420,0.308160,40.000000,-80.000000,40.000000,-40.000000,0.000000,40.000000
9,equal,76000,20.000,0,5,0.500,0.050,0.400,A7o,fold,0.000000,-14.299219,-0.769097,-14.299219,-0.769097,0.513997,0.307726,40.000000,-80.000000,40.000000,-40.000000,0.000000,40.000000
9,equal,76000,20.000,0,5,0.500,0.050,0.400,Q2s,fold,0.000000,-14.132812,-0.773438,-14.132812,-0.773438,0.537109,0.306641,40.000000,-80.000000,40.000000,-40.000000,0.000000,40.000000
9,equal,76000,20.000,0,5,0.500,0.050,0.400,K6s,fold,0.000000,-14.013281,-0.776042,-14.013281,-0.776042,0.553711,0.305990,40.000000,-80.000000,40.000000,-40.000000,0.000000,40.000000
9,equal,76000,20.000,0,5,0.500,0.050,0.400,J4s,fold,0.000000,-13.696875,-0.778646,-13.696875,-0.778646,0.597656,0.305339,40.000000,-80.000000,40.000000,-40.000000,0.000000,40.000000
9,equal,76000,20.000,0,5,0.500,0.050,0.400,J9o,fold,0.000000,-13.175000,-0.781250,-13.175000,-0.781250,0.670139,0.304688,40.000000,-80.000000,40.000000,-40.000000,0.000000,40.000000
9,equal,76000,20.000,0,5,0.500,0.050,0.400,T4s,fold,0.000000,-15.825000,-0.783854,-15.825000,-0.783854,0.302083,0.304036,40.000000,-80.000000,40.000000,-40.000000,0.000000,40.000000
9,equal,76000,20.000,0,5,0.500,0.050,0.400,J7o,fold,0.000000,-14.266406,-0.785590,-14.266406,-0.785590,0.518555,0.303602,40.000000,-80.000000,40.000000,-40.000000,0.000000,40.000000
9,equal,76000,20.000,0,5,0.500,0.050,0.400,Q6s,fold,0.000000,-13.978125,-0.786458,-13.978125,-0.786458,0.558594,0.303385,40.000000,-80.000000,40.000000,-40.000000,0.000000,40.000000
9,equal,76000,20.000,0,5,0.500,0.050,0.400,Q4s,fold,0.000000,-14.048437,-0.786458,-14.048437,-0.786458,0.548828,0.303385,40.000000,-80.000000,40.000000,-40.000000,0.000000,40.000000
9,equal,76000,20.000,0,5,0.500,0.050,0.400,Q4o,fold,0.000000,-14.397656,-0.788194,-14.397656,-0.788194,0.500326,0.302951,40.000000,-80.000000,40.000000,-40.000000,0.000000,40.000000
9,equal,76000,20.000,0,5,0.500,0.050,0.400,A2o,fold,0.000000,-14.390625,-0.794271,-14.390625,-0.794271,0.501302,0.301432,40.000000,-80.000000,40.000000,-40.000000,0.000000,40.000000
9,equal,76000,20.000,0,5,0.500,0.050,0.400,A4o,fold,0.000000,-14.231250,-0.803819,-14.231250,-0.803819,0.523438,0.299045,40.000000,-80.000000,40.000000,-40.000000,0.000000,40.000000
9,equal,76000,20.000,0,5,0.500,0.050,0.400,T7o,fold,0.000000,-15.956250,-0.805556,-15.956250,-0.805556,0.283854,0.298611,40.000000,-80.000000,40.000000,-40.000000,0.000000,40.000000
9,equal,76000,20.000,0,5,0.500,0.050,0.400,Q8o,fold,0.000000,-14.128125,-0.806424,-14.128125,-0.806424,0.537760,0.298394,40.000000,-80.000000,40.000000,-40.000000,0.000000,40.000000
9,equal,76000,20.000,0,5,0.500,0.050,0.400,J7s,fold,0.000000,-13.907812,-0.812500,-13.907812,-0.812500,0.568359,0.296875,40.000000,-80.000000,40.000000,-40.000000,0.000000,40.000000
9,equal,76000,20.000,0,5,0.500,0.050,0.400,T8o,fold,0.000000,-15.925000,-0.814236,-15.925000,-0.814236,0.288194,0.296441,40.000000,-80.000000,40.000000,-40.000000,0.000000,40.000000
9,equal,76000,20.000,0,5,0.500,0.050,0.400,J3s,fold,0.000000,-14.336719,-0.820312,-14.336719,-0.820312,0.508789,0.294922,40.000000,-80.000000,40.000000,-40.000000,0.000000,40.000000
9,equal,76000,20.000,0,5,0.500,0.050,0.400,T2s,fold,0.000000,-15.721875,-0.820312,-15.721875,-0.820312,0.316406,0.294922,40.000000,-80.000000,40.000000,-40.000000,0.000000,40.000000
9,equal,76000,20.000,0,5,0.500,0.050,0.400,K5o,fold,0.000000,-14.477344,-0.826389,-14.477344,-0.826389,0.489258,0.293403,40.000000,-80.000000,40.000000,-40.000000,0.000000,40.000000
9,equal,76000,20.000,0,5,0.500,0.050,0.400,A3o,fold,0.000000,-14.135156,-0.833333,-14.135156,-0.833333,0.536784,0.291667,40.000000,-80.000000,40.000000,-40.000000,0.000000,40.000000
9,equal,76000,20.000,0,5,0.500,0.050,0.400,A8o,fold,0.000000,-14.062500,-0.838542,-14.062500,-0.838542,0.546875,0.290365,40.000000,-80.000000,40.000000,-40.000000,0.000000,40.000000
9,equal,76000,20.000,0,5,0.500,0.050,0.400,J8o,fold,0.000000,-14.062500,-0.851562,-14.062500,-0.851562,0.546875,0.287109,40.000000,-80.000000,40.000000,-40.000000,0.000000,40.000000
9,equal,76000,20.000,0,5,0.500,0.050,0.400,A6o,fold,0.000000,-14.186719,-0.852431,-14.186719,-0.852431,0.529622,0.286892,40.000000,-80.000000,40.000000,-40.000000,0.000000,40.000000
9,equal,76000,20.000,0,5,0.500,0.050,0.400,J3o,fold,0.000000,-14.400000,-0.853299,-14.400000,-0.853299,0.500000,0.286675,40.000000,-80.000000,40.000000,-40.000000,0.000000,40.000000
9,equal,76000,20.000,0,5,0.500,0.050,0.400,Q7o,fold,0.000000,-14.400000,-0.855035,-14.400000,-0.855035,0.500000,0.286241,40.000000,-80.000000,40.000000,-40.000000,0.000000,40.000000
9,equal,76000,20.000,0,5,0.500,0.050,0.400,K7o,fold,0.000000,-14.193750,-0.860243,-14.193750,-0.860243,0.528646,0.284939,40.000000,-80.000000,40.000000,-40.000000,0.000000,40.000000
9,equal,76000,20.000,0,5,0.500,0.050,0.400,K9o,fold,0.000000,-13.175000,-0.861111,-13.175000,-0.861111,0.670139,0.284722,40.000000,-80.000000,40.000000,-40.000000,0.000000,40.000000
9,equal,76000,20.000,0,5,0.500,0.050,0.400,Q5o,fold,0.000000,-14.360156,-0.861111,-14.360156,-0.861111,0.505534,0.284722,40.000000,-80.000000,40.000000,-40.000000,0.000000,40.000000
9,equal,76000,20.000,0,5,0.500,0.050,0.400,T6o,fold,0.000000,-15.912500,-0.861979,-15.912500,-0.861979,0.289931,0.284505,40.000000,-80.000000,40.000000,-40.000000,0.000000,40.000000
9,equal,76000,20.000,0,5,0.500,0.050,0.400,K4o,fold,0.000000,-14.254687,-0.864583,-14.254687,-0.864583,0.520182,0.283854,40.000000,-80.000000,40.000000,-40.000000,0.000000,40.000000
9,equal,76000,20.000,0,5,0.500,0.050,0.400,K6o,fold,0.000000,-14.355469,-0.872396,-14.355469,-0.872396,0.506185,0.281901,40.000000,-80.000000,40.000000,-40.000000,0.000000,40.000000
9,equal,76000,20.000,0,5,0.500,0.050,0.400,K2o,fold,0.000000,-14.465625,-0.874132,-14.465625,-0.874132,0.490885,0.281467,40.000000,-80.000000,40.000000,-40.000000,0.000000,40.000000
9,equal,76000,20.000,0,5,0.500,0.050,0.400,J6o,fold,0.000000,-14.364844,-0.878472,-14.364844,-0.878472,0.504883,0.280382,40.000000,-80.000000,40.000000,-40.000000,0.000000,40.000000
9,equal,76000,20.000,0,5,0.500,0.050,0.400,J5o,fold,0.000000,-14.203125,-0.885417,-14.203125,-0.885417,0.527344,0.278646,40.000000,-80.000000,40.000000,-40.000000,0.000000,40.000000
9,equal,76000,20.000,0,5,0.500,0.050,0.400,Q2o,fold,0.000000,-14.172656,-0.893229,-14.172656,-0.893229,0.531576,0.276693,40.000000,-80.000000,40.000000,-40.000000,0.000000,40.000000
9,equal,76000,20.000,0,5,0.500,0.050,0.400,J4o,fold,0.000000,-14.275781,-0.893229,-14.275781,-0.893229,0.517253,0.276693,40.000000,-80.000000,40.000000,-40.000000,0.000000,40.000000
9,equal,76000,20.000,0,5,0.500,0.050,0.400,T2o,fold,0.000000,-15.912500,-0.894965,-15.912500,-0.894965,0.289931,0.276259,40.000000,-80.000000,40.000000,-40.000000,0.000000,40.000000
9,equal,76000,20.000,0,5,0.500,0.050,0.400,T4o,fold,0.000000,-16.028125,-0.894965,-16.028125,-0.894965,0.273872,0.276259,40.000000,-80.000000,40.000000,-40.000000,0.000000,40.000000
9,equal,76000,20.000,0,5,0.500,0.050,0.400,J2o,fold,0.000000,-14.092969,-0.904514,-14.092969,-0.904514,0.542643,0.273872,40.000000,-80.000000,40.000000,-40.000000,0.000000,40.000000
9,equal,76000,20.000,0,5,0.500,0.050,0.400,Q6o,fold,0.000000,-14.139844,-0.904514,-14.139844,-0.904514,0.536133,0.273872,40.000000,-80.000000,40.000000,-40.000000,0.000000,40.000000
9,equal,76000,20.000,0,5,0.500,0.050,0.400,Q3o,fold,0.000000,-14.376562,-0.904514,-14.376562,-0.904514,0.503255,0.273872,40.000000,-80.000000,40.000000,-40.000000,0.000000,40.000000
9,equal,76000,20.000,0,5,0.500,0.050,0.400,T3o,fold,0.000000,-16.040625,-0.911458,-16.040625,-0.911458,0.272135,0.272135,40.000000,-80.000000,40.000000,-40.000000,0.000000,40.000000
9,equal,76000,20.000,0,5,0.500,0.050,0.400,K8o,fold,0.000000,-14.198437,-0.921875,-14.198437,-0.921875,0.527995,0.269531,40.000000,-80.000000,40.000000,-40.000000,0.000000,40.000000
9,equal,76000,20.000,0,5,0.500,0.050,0.400,K3o,fold,0.000000,-14.273438,-0.926215,-14.273438,-0.926215,0.517578,0.268446,40.000000,-80.000000,40.000000,-40.000000,0.000000,40.000000
9,equal,76000,20.000,0,5,0.500,0.050,0.400,54s,fold,0.000000,-15.672656,-1.028646,-15.672656,-1.028646,0.323242,0.242839,40.000000,-80.000000,40.000000,-40.000000,0.000000,40.000000
9,equal,76000,20.000,0,5,0.500,0.050,0.400,43s,fold,0.000000,-15.440625,-1.106771,-15.440625,-1.106771,0.355469,0.223307,40.000000,-80.000000,40.000000,-40.000000,0.000000,40.000000
9,equal,76000,20.000,0,5,0.500,0.050,0.400,75s,fold,0.000000,-15.398438,-1.127604,-15.398438,-1.127604,0.361328,0.218099,40.000000,-80.000000,40.000000,-40.000000,0.000000,40.000000
9,equal,76000,20.000,0,5,0.500,0.050,0.400,42s,fold,0.000000,-15.405469,-1.148438,-15.405469,-1.148438,0.360352,0.212891,40.000000,-80.000000,40.000000,-40.000000,0.000000,40.000000
9,equal,76000,20.000,0,5,0.500,0.050,0.400,64s,fold,0.000000,-15.932812,-1.153646,-15.932812,-1.153646,0.287109,0.211589,40.000000,-80.000000,40.000000,-40.000000,0.000000,40.000000
9,equal,76000,20.000,0,5,0.500,0.050,0.400,52s,fold,0.000000,-15.461719,-1.158854,-15.461719,-1.158854,0.352539,0.210286,40.000000,-80.000000,40.000000,-40.000000,0.000000,40.000000
9,equal,76000,20.000,0,5,0.500,0.050,0.400,65s,fold,0.000000,-15.525000,-1.161458,-15.525000,-1.161458,0.343750,0.209635,40.000000,-80.000000,40.000000,-40.000000,0.000000,40.000000
9,equal,76000,20.000,0,5,0.500,0.050,0.400,87s,fold,0.000000,-15.574219,-1.164062,-15.574219,-1.164062,0.336914,0.208984,40.000000,-80.000000,40.000000,-40.000000,0.000000,40.000000
9,equal,76000,20.000,0,5,0.500,0.050,0.400,53s,fold,0.000000,-15.546094,-1.179688,-15.546094,-1.179688,0.340820,0.205078,40.000000,-80.000000,40.000000,-40.000000,0.000000,40.000000
9,equal,76000,20.000,0,5,0.500,0.050,0.400,33,fold,0.000000,-14.540625,-1.187500,-14.540625,-1.187500,0.480469,0.203125,40.000000,-80.000000,40.000000,-40.000000,0.000000,40.000000
9,equal,76000,20.000,0,5,0.500,0.050,0.400,76s,fold,0.000000,-15.271875,-1.187500,-15.271875,-1.187500,0.378906,0.203125,40.000000,-80.000000,40.000000,-40.000000,0.000000,40.000000
9,equal,76000,20.000,0,5,0.500,0.050,0.400,85s,fold,0.000000,-15.496875,-1.200521,-15.496875,-1.200521,0.347656,0.199870,40.000000,-80.000000,40.000000,-40.000000,0.000000,40.000000
9,equal,76000,20.000,0,5,0.500,0.050,0.400,98s,fold,0.000000,-15.928125,-1.203125,-15.928125,-1.203125,0.287760,0.199219,40.000000,-80.000000,40.000000,-40.000000,0.000000,40.000000
9,equal,76000,20.000,0,5,0.500,0.050,0.400,84s,fold,0.000000,-15.644531,-1.221354,-15.644531,-1.221354,0.327148,0.194661,40.000000,-80.000000,40.000000,-40.000000,0.000000,40.000000
9,equal,76000,20.000,0,5,0.500,0.050,0.400,77,fold,0.000000,-14.676562,-1.244792,-14.676562,-1.244792,0.461589,0.188802,40.000000,-80.000000,40.000000,-40.000000,0.000000,40.000000
9,equal,76000,20.000,0,5,0.500,0.050,0.400,74s,fold,0.000000,-15.510937,-1.255208,-15.510937,-1.255208,0.345703,0.186198,40.000000,-80.000000,40.000000,-40.000000,0.000000,40.000000
9,equal,76000,20.000,0,5,0.500,0.050,0.400,86s,fold,0.000000,-15.482812,-1.257812,-15.482812,-1.257812,0.349609,0.185547,40.000000,-80.000000,40.000000,-40.000000,0.000000,40.000000
9,equal,76000,20.000,0,5,0.500,0.050,0.400,44,fold,0.000000,-14.840625,-1.260417,-14.840625,-1.260417,0.438802,0.184896,40.000000,-80.000000,40.000000,-40.000000,0.000000,40.000000
9,equal,76000,20.000,0,5,0.500,0.050,0.400,32s,fold,0.000000,-16.024219,-1.268229,-16.024219,-1.268229,0.274414,0.182943,40.000000,-80.000000,40.000000,-40.000000,0.000000,40.000000
9,equal,76000,20.000,0,5,0.500,0.050,0.400,65o,fold,0.000000,-15.581250,-1.275174,-15.581250,-1.275174,0.335938,0.181207,40.000000,-80.000000,40.000000,-40.000000,0.000000,40.000000
9,equal,76000,20.000,0,5,0.500,0.050,0.400,66,fold,0.000000,-14.414062,-1.277778,-14.414062,-1.277778,0.498047,0.180556,40.000000,-80.000000,40.000000,-40.000000,0.000000,40.000000
9,equal,76000,20.000,0,5,0.500,0.050,0.400,72s,fold,0.000000,-15.356250,-1.291667,-15.356250,-1.291667,0.367188,0.177083,40.000000,-80.000000,40.000000,-40.000000,0.000000,40.000000
9,equal,76000,20.000,0,5,0.500,0.050,0.400,54o,fold,0.000000,-15.410156,-1.291667,-15.410156,-1.291667,0.359701,0.177083,40.000000,-80.000000,40.000000,-40.000000,0.000000,40.000000
9,equal,76000,20.000,0,5,0.500,0.050,0.400,63s,fold,0.000000,-15.510937,-1.294271,-15.510937,-1.294271,0.345703,0.176432,40.000000,-80.000000,40.000000,-40.000000,0.000000,40.000000
9,equal,76000,20.000,0,5,0.500,0.050,0.400,88,fold,0.000000,-14.278125,-1.295139,-14.278125,-1.295139,0.516927,0.176215,40.000000,-80.000000,40.000000,-40.000000,0.000000,40.000000
9,equal,76000,20.000,0,5,0.500,0.050,0.400,22,fold,0.000000,-14.657813,-1.298611,-14.657813,-1.298611,0.464193,0.175347,40.000000,-80.000000,40.000000,-40.000000,0.000000,40.000000
9,equal,76000,20.000,0,5,0.500,0.050,0.400,83s,fold,0.000000,-15.742969,-1.302083,-15.742969,-1.302083,0.313477,0.174479,40.000000,-80.000000,40.000000,-40.000000,0.000000,40.000000
9,equal,76000,20.000,0,5,0.500,0.050,0.400,55,fold,0.000000,-14.479687,-1.305556,-14.479687,-1.305556,0.488932,0.173611,40.000000,-80.000000,40.000000,-40.000000,0.000000,40.000000
9,equal,76000,20.000,0,5,0.500,0.050,0.400,64o,fold,0.000000,-15.639844,-1.307292,-15.639844,-1.307292,0.327799,0.173177,40.000000,-80.000000,40.000000,-40.000000,0.000000,40.000000
9,equal,76000,20.000,0,5,0.500,0.050,0.400,97s,fold,0.000000,-15.862500,-1.317708,-15.862500,-1.317708,0.296875,0.170573,40.000000,-80.000000,40.000000,-40.000000,0.000000,40.000000
9,equal,76000,20.000,0,5,0.500,0.050,0.400,73s,fold,0.000000,-15.482812,-1.333333,-15.482812,-1.333333,0.349609,0.166667,40.000000,-80.000000,40.000000,-40.000000,0.000000,40.000000
9,equal,76000,20.000,0,5,0.500,0.050,0.400,62s,fold,0.000000,-15.651562,-1.333333,-15.651562,-1.333333,0.326172,0.166667,40.000000,-80.000000,40.000000,-40.000000,0.000000,40.000000
9,equal,76000,20.000,0,5,0.500,0.050,0.400,76o,fold,0.000000,-15.414844,-1.341146,-15.414844,-1.341146,0.359049,0.164714,40.000000,-80.000000,40.000000,-40.000000,0.000000,40.000000
9,equal,76000,20.000,0,5,0.500,0.050,0.400,52o,fold,0.000000,-15.614062,-1.342882,-15.614062,-1.342882,0.331380,0.164280,40.000000,-80.000000,40.000000,-40.000000,0.000000,40.000000
9,equal,76000,20.000,0,5,0.500,0.050,0.400,75o,fold,0.000000,-15.696094,-1.360243,-15.696094,-1.360243,0.319987,0.159939,40.000000,-80.000000,40.000000,-40.000000,0.000000,40.000000
9,equal,76000,20.000,0,5,0.500,0.050,0.400,43o,fold,0.000000,-15.670312,-1.372396,-15.670312,-1.372396,0.323568,0.156901,40.000000,-80.000000,40.000000,-40.000000,0.000000,40.000000
9,equal,76000,20.000,0,5,0.500,0.050,0.400,82s,fold,0.000000,-15.735937,-1.375000,-15.735937,-1.375000,0.314453,0.156250,40.000000,-80.000000,40.000000,-40.000000,0.000000,40.000000
9,equal,76000,20.000,0,5,0.500,0.050,0.400,53o,fold,0.000000,-15.576562,-1.379340,-15.576562,-1.379340,0.336589,0.155165,40.000000,-80.000000,40.000000,-40.000000,0.000000,40.000000
9,equal,76000,20.000,0,5,0.500,0.050,0.400,93s,fold,0.000000,-15.825000,-1.385417,-15.825000,-1.385417,0.302083,0.153646,40.000000,-80.000000,40.000000,-40.000000,0.000000,40.000000
9,equal,76000,20.000,0,5,0.500,0.050,0.400,74o,fold,0.000000,-15.855469,-1.398438,-15.855469,-1.398438,0.297852,0.150391,40.000000,-80.000000,40.000000,-40.000000,0.000000,40.000000
9,equal,76000,20.000,0,5,0.500,0.050,0.400,87o,fold,0.000000,-15.496875,-1.407986,-15.496875,-1.407986,0.347656,0.148003,40.000000,-80.000000,40.000000,-40.000000,0.000000,40.000000
9,equal,76000,20.000,0,5,0.500,0.050,0.400,42o,fold,0.000000,-15.665625,-1.410590,-15.665625,-1.410590,0.324219,0.147352,40.000000,-80.000000,40.000000,-40.000000,0.000000,40.000000
9,equal,76000,20.000,0,5,0.500,0.050,0.400,32o,fold,0.000000,-15.621094,-1.420139,-15.621094,-1.420139,0.330404,0.144965,40.000000,-80.000000,40.000000,-40.000000,0.000000,40.000000
9,equal,76000,20.000,0,5,0.500,0.050,0.400,98o,fold,0.000000,-16.118750,-1.435764,-16.118750,-1.435764,0.261285,0.141059,40.000000,-80.000000,40.000000,-40.000000,0.000000,40.000000
9,equal,76000,20.000,0,5,0.500,0.050,0.400,63o,fold,0.000000,-15.656250,-1.440104,-15.656250,-1.440104,0.325521,0.139974,40.000000,-80.000000,40.000000,-40.000000,0.000000,40.000000
9,equal,76000,20.000,0,5,0.500,0.050,0.400,73o,fold,0.000000,-15.836719,-1.447917,-15.836719,-1.447917,0.300456,0.138021,40.000000,-80.000000,40.000000,-40.000000,0.000000,40.000000
9,equal,76000,20.000,0,5,0.500,0.050,0.400,95s,fold,0.000000,-15.909375,-1.453125,-15.909375,-1.453125,0.290365,0.136719,40.000000,-80.000000,40.000000,-40.000000,0.000000,40.000000
9,equal,76000,20.000,0,5,0.500,0.050,0.400,86o,fold,0.000000,-15.717187,-1.453993,-15.717187,-1.453993,0.317057,0.136502,40.000000,-80.000000,40.000000,-40.000000,0.000000,40.000000
9,equal,76000,20.000,0,5,0.500,0.050,0.400,85o,fold,0.000000,-15.817969,-1.453993,-15.817969,-1.453993,0.303060,0.136502,40.000000,-80.000000,40.000000,-40.000000,0.000000,40.000000
9,equal,76000,20.000,0,5,0.500,0.050,0.400,96s,fold,0.000000,-15.693750,-1.458333,-15.693750,-1.458333,0.320312,0.135417,40.000000,-80.000000,40.000000,-40.000000,0.000000,40.000000
9,equal,76000,20.000,0,5,0.500,0.050,0.400,62o,fold,0.000000,-15.689062,-1.463542,-15.689062,-1.463542,0.320964,0.134115,40.000000,-80.000000,40.000000,-40.000000,0.000000,40.000000
9,equal,76000,20.000,0,5,0.500,0.050,0.400,84o,fold,0.000000,-15.822656,-1.490451,-15.822656,-1.490451,0.302409,0.127387,40.000000,-80.000000,40.000000,-40.000000,0.000000,40.000000
9,equal,76000,20.000,0,5,0.500,0.050,0.400,83o,fold,0.000000,-15.996094,-1.503472,-15.996094,-1.503472,0.278320,0.124132,40.000000,-80.000000,40.000000,-40.000000,0.000000,40.000000
9,equal,76000,20.000,0,5,0.500,0.050,0.400,82o,fold,0.000000,-15.975000,-1.527778,-15.975000,-1.527778,0.281250,0.118056,40.000000,-80.000000,40.000000,-40.000000,0.000000,40.000000
9,equal,76000,20.000,0,5,0.500,0.050,0.400,97o,fold,0.000000,-16.143750,-1.536458,-16.143750,-1.536458,0.257812,0.115885,40.000000,-80.000000,40.000000,-40.000000,0.000000,40.000000
9,equal,76000,20.000,0,5,0.500,0.050,0.400,92s,fold,0.000000,-15.675000,-1.541667,-15.675000,-1.541667,0.322917,0.114583,40.000000,-80.000000,40.000000,-40.000000,0.000000,40.000000
9,equal,76000,20.000,0,5,0.500,0.050,0.400,72o,fold,0.000000,-15.923438,-1.561632,-15.923438,-1.561632,0.288411,0.109592,40.000000,-80.000000,40.000000,-40.000000,0.000000,40.000000
9,equal,76000,20.000,0,5,0.500,0.050,0.400,94s,fold,0.000000,-15.871875,-1.562500,-15.871875,-1.562500,0.295573,0.109375,40.000000,-80.000000,40.000000,-40.000000,0.000000,40.000000
9,equal,76000,20.000,0,5,0.500,0.050,0.400,96o,fold,0.000000,-16.140625,-1.612847,-16.140625,-1.612847,0.258247,0.096788,40.000000,-80.000000,40.000000,-40.000000,0.000000,40.000000
9,equal,76000,20.000,0,5,0.500,0.050,0.400,92o,fold,0.000000,-16.262500,-1.689236,-16.262500,-1.689236,0.241319,0.077691,40.000000,-80.000000,40.000000,-40.000000,0.000000,40.000000
9,equal,76000,20.000,0,5,0.500,0.050,0.400,93o,fold,0.000000,-16.059375,-1.694444,-16.059375,-1.694444,0.269531,0.076389,40.000000,-80.000000,40.000000,-40.000000,0.000000,40.000000
9,equal,76000,20.000,0,5,0.500,0.050,0.400,95o,fold,0.000000,-16.365625,-1.694444,-16.365625,-1.694444,0.226997,0.076389,40.000000,-80.000000,40.000000,-40.000000,0.000000,40.000000
9,equal,76000,20.000,0,5,0.500,0.050,0.400,94o,fold,0.000000,-16.187500,-1.756944,-16.187500,-1.756944,0.251736,0.060764,40.000000,-80.000000,40.000000,-40.000000,0.000000,40.000000
9,equal,76000,20.000,0,5,0.500,0.100,0.400,88,jam,0.000000,-14.278125,2.590278,-14.278125,2.590278,0.516927,0.823785,40.000000,-80.000000,40.000000,-40.000000,0.000000,40.000000
9,equal,76000,20.000,0,5,0.500,0.100,0.400,66,jam,0.000000,-14.414062,2.579861,-14.414062,2.579861,0.498047,0.822483,40.000000,-80.000000,40.000000,-40.000000,0.000000,40.000000
9,equal,76000,20.000,0,5,0.500,0.100,0.400,55,jam,0.000000,-14.479687,2.531250,-14.479687,2.531250,0.488932,0.816406,40.000000,-80.000000,40.000000,-40.000000,0.000000,40.000000
9,equal,76000,20.000,0,5,0.500,0.100,0.400,99,jam,0.000000,-13.528125,2.520833,-13.528125,2.520833,0.621094,0.815104,40.000000,-80.000000,40.000000,-40.000000,0.000000,40.000000
9,equal,76000,20.000,0,5,0.500,0.100,0.400,KK,jam,0.000000,-12.379687,2.517361,-12.379687,2.517361,0.780599,0.814670,40.000000,-80.000000,40.000000,-40.000000,0.000000,40.000000
9,equal,76000,20.000,0,5,0.500,0.100,0.400,JJ,jam,0.000000,-12.051562,2.475694,-12.051562,2.475694,0.826172,0.809462,40.000000,-80.000000,40.000000,-40.000000,0.000000,40.000000
9,equal,76000,20.000,0,5,0.500,0.100,0.400,QQ,jam,0.000000,-12.117188,2.472222,-12.117188,2.472222,0.817057,0.809028,40.000000,-80.000000,40.000000,-40.000000,0.000000,40.000000
9,equal,76000,20.000,0,5,0.500,0.100,0.400,TT,jam,0.000000,-12.121875,2.451389,-12.121875,2.451389,0.816406,0.806424,40.000000,-80.000000,40.000000,-40.000000,0.000000,40.000000
9,equal,76000,20.000,0,5,0.500,0.100,0.400,77,jam,0.000000,-14.676562,2.427083,-14.676562,2.427083,0.461589,0.803385,40.000000,-80.000000,40.000000,-40.000000,0.000000,40.000000
9,equal,76000,20.000,0,5,0.500,0.100,0.400,AA,jam,0.000000,-12.328125,2.309028,-12.328125,2.309028,0.787760,0.788628,40.000000,-80.000000,40.000000,-40.000000,0.000000,40.000000
9,equal,76000,20.000,0,5,0.500,0.100,0.400,T9s,jam,0.000000,-14.400000,0.489583,-14.400000,0.489583,0.500000,0.561198,40.000000,-80.000000,40.000000,-40.000000,0.000000,40.000000
9,equal,76000,20.000,0,5,0.500,0.100,0.400,J9s,jam,0.000000,-12.628125,0.328125,-12.628125,0.328125,0.746094,0.541016,40.000000,-80.000000,40.000000,-40.000000,0.000000,40.000000
9,equal,76000,20.000,0,5,0.500,0.100,0.400,QTs,jam,0.000000,-12.984375,0.302083,-12.984375,0.302083,0.696615,0.537760,40.000000,-80.000000,40.000000,-40.000000,0.000000,40.000000
9,equal,76000,20.000,0,5,0.500,0.100,0.400,QJs,jam,0.000000,-13.275000,0.197917,-13.275000,0.197917,0.656250,0.524740,40.000000,-80.000000,40.000000,-40.000000,0.000000,40.000000
9,equal,76000,20.000,0,5,0.500,0.100,0.400,87s,jam,0.000000,-15.574219,0.171875,-15.574219,0.171875,0.336914,0.521484,40.000000,-80.000000,40.000000,-40.000000,0.000000,40.000000
9,equal,76000,20.000,0,5,0.500,0.100,0.400,T5s,jam,0.000000,-15.796875,0.166667,-15.796875,0.166667,0.305990,0.520833,40.000000,-80.000000,40.000000,-40.000000,0.000000,40.000000
9,equal,76000,20.000,0,5,0.500,0.100,0.400,JTo,jam,0.000000,-13.009375,0.142361,-13.009375,0.142361,0.693142,0.517795,40.000000,-80.000000,40.000000,-40.000000,0.000000,40.000000
9,equal,76000,20.000,0,5,0.500,0.100,0.400,75s,jam,0.000000,-15.398438,0.140625,-15.398438,0.140625,0.361328,0.517578,40.000000,-80.000000,40.000000,-40.000000,0.000000,40.000000
9,equal,76000,20.000,0,5,0.500,0.100,0.400,AQs,jam,0.000000,-13.380469,0.125000,-13.380469,0.125000,0.641602,0.515625,40.000000,-80.000000,40.000000,-40.000000,0.000000,40.000000
9,equal,76000,20.000,0,5,0.500,0.100,0.400,KQs,jam,0.000000,-13.267969,0.109375,-13.267969,0.109375,0.657227,0.513672,40.000000,-80.000000,40.000000,-40.000000,0.000000,40.000000
9,equal,76000,20.000,0,5,0.500,0.100,0.400,J8s,jam,0.000000,-13.760156,0.098958,-13.760156,0.098958,0.588867,0.512370,40.000000,-80.000000,40.000000,-40.000000,0.000000,40.000000
9,equal,76000,20.000,0,5,0.500,0.100,0.400,T6s,jam,0.000000,-15.675000,0.093750,-15.675000,0.093750,0.322917,0.511719,40.000000,-80.000000,40.000000,-40.000000,0.000000,40.000000
9,equal,76000,20.000,0,5,0.500,0.100,0.400,AJs,jam,0.000000,-13.387500,0.083333,-13.387500,0.083333,0.640625,0.510417,40.000000,-80.000000,40.000000,-40.000000,0.000000,40.000000
9,equal,76000,20.000,0,5,0.500,0.100,0.400,Q8s,jam,0.000000,-13.760156,0.078125,-13.760156,0.078125,0.588867,0.509766,40.000000,-80.000000,40.000000,-40.000000,0.000000,40.000000
9,equal,76000,20.000,0,5,0.500,0.100,0.400,Q6s,jam,0.000000,-13.978125,0.052083,-13.978125,0.052083,0.558594,0.506510,40.000000,-80.000000,40.000000,-40.000000,0.000000,40.000000
9,equal,76000,20.000,0,5,0.500,0.100,0.400,86s,jam,0.000000,-15.482812,0.052083,-15.482812,0.052083,0.349609,0.506510,40.000000,-80.000000,40.000000,-40.000000,0.000000,40.000000
9,equal,76000,20.000,0,5,0.500,0.100,0.400,Q9s,jam,0.000000,-13.218750,0.046875,-13.218750,0.046875,0.664062,0.505859,40.000000,-80.000000,40.000000,-40.000000,0.000000,40.000000
9,equal,76000,20.000,0,5,0.500,0.100,0.400,T7s,jam,0.000000,-15.759375,0.041667,-15.759375,0.041667,0.311198,0.505208,40.000000,-80.000000,40.000000,-40.000000,0.000000,40.000000
9,equal,76000,20.000,0,5,0.500,0.100,0.400,ATs,jam,0.000000,-13.087500,0.015625,-13.087500,0.015625,0.682292,0.501953,40.000000,-80.000000,40.000000,-40.000000,0.000000,40.000000
9,equal,76000,20.000,0,5,0.500,0.100,0.400,JTs,jam,0.000000,-12.937500,0.010417,-12.937500,0.010417,0.703125,0.501302,40.000000,-80.000000,40.000000,-40.000000,0.000000,40.000000
9,equal,76000,20.000,0,5,0.500,0.100,0.400,KJs,jam,0.000000,-13.324219,0.010417,-13.324219,0.010417,0.649414,0.501302,40.000000,-80.000000,40.000000,-40.000000,0.000000,40.000000
9,equal,76000,20.000,0,5,0.500,0.100,0.400,44,jam,0.000000,-14.840625,0.000000,-14.840625,0.000000,0.438802,0.500000,40.000000,-80.000000,40.000000,-40.000000,0.000000,40.000000
9,equal,76000,20.000,0,5,0.500,0.100,0.400,KTs,fold,0.000000,-13.162500,-0.005208,-13.162500,-0.005208,0.671875,0.499349,40.000000,-80.000000,40.000000,-40.000000,0.000000,40.000000
9,equal,76000,20.000,0,5,0.500,0.100,0.400,85s,fold,0.000000,-15.496875,-0.005208,-15.496875,-0.005208,0.347656,0.499349,40.000000,-80.000000,40.000000,-40.000000,0.000000,40.000000
9,equal,76000,20.000,0,5,0.500,0.100,0.400,T8o,fold,0.000000,-15.925000,-0.005208,-15.925000,-0.005208,0.288194,0.499349,40.000000,-80.000000,40.000000,-40.000000,0.000000,40.000000
9,equal,76000,20.000,0,5,0.500,0.100,0.400,T8s,fold,0.000000,-15.515625,-0.015625,-15.515625,-0.015625,0.345052,0.498047,40.000000,-80.000000,40.000000,-40.000000,0.000000,40.000000
9,equal,76000,20.000,0,5,0.500,0.100,0.400,AKs,fold,0.000000,-13.415625,-0.020833,-13.415625,-0.020833,0.636719,0.497396,40.000000,-80.000000,40.000000,-40.000000,0.000000,40.000000
9,equal,76000,20.000,0,5,0.500,0.100,0.400,Q7s,fold,0.000000,-13.844531,-0.020833,-13.844531,-0.020833,0.577148,0.497396,40.000000,-80.000000,40.000000,-40.000000,0.000000,40.000000
9,equal,76000,20.000,0,5,0.500,0.100,0.400,K6s,fold,0.000000,-14.013281,-0.020833,-14.013281,-0.020833,0.553711,0.497396,40.000000,-80.000000,40.000000,-40.000000,0.000000,40.000000
9,equal,76000,20.000,0,5,0.500,0.100,0.400,97s,fold,0.000000,-15.862500,-0.020833,-15.862500,-0.020833,0.296875,0.497396,40.000000,-80.000000,40.000000,-40.000000,0.000000,40.000000
9,equal,76000,20.000,0,5,0.500,0.100,0.400,T9o,fold,0.000000,-14.564062,-0.039931,-14.564062,-0.039931,0.477214,0.495009,40.000000,-80.000000,40.000000,-40.000000,0.000000,40.000000
9,equal,76000,20.000,0,5,0.500,0.100,0.400,65s,fold,0.000000,-15.525000,-0.046875,-15.525000,-0.046875,0.343750,0.494141,40.000000,-80.000000,40.000000,-40.000000,0.000000,40.000000
9,equal,76000,20.000,0,5,0.500,0.100,0.400,98s,fold,0.000000,-15.928125,-0.046875,-15.928125,-0.046875,0.287760,0.494141,40.000000,-80.000000,40.000000,-40.000000,0.000000,40.000000
9,equal,76000,20.000,0,5,0.500,0.100,0.400,98o,fold,0.000000,-16.118750,-0.057292,-16.118750,-0.057292,0.261285,0.492839,40.000000,-80.000000,40.000000,-40.000000,0.000000,40.000000
9,equal,76000,20.000,0,5,0.500,0.100,0.400,Q9o,fold,0.000000,-13.150000,-0.062500,-13.150000,-0.062500,0.673611,0.492188,40.000000,-80.000000,40.000000,-40.000000,0.000000,40.000000
9,equal,76000,20.000,0,5,0.500,0.100,0.400,95s,fold,0.000000,-15.909375,-0.062500,-15.909375,-0.062500,0.290365,0.492188,40.000000,-80.000000,40.000000,-40.000000,0.000000,40.000000
9,equal,76000,20.000,0,5,0.500,0.100,0.400,J9o,fold,0.000000,-13.175000,-0.071181,-13.175000,-0.071181,0.670139,0.491102,40.000000,-80.000000,40.000000,-40.000000,0.000000,40.000000
9,equal,76000,20.000,0,5,0.500,0.100,0.400,QJo,fold,0.000000,-13.518750,-0.074653,-13.518750,-0.074653,0.622396,0.490668,40.000000,-80.000000,40.000000,-40.000000,0.000000,40.000000
9,equal,76000,20.000,0,5,0.500,0.100,0.400,J5s,fold,0.000000,-14.041406,-0.083333,-14.041406,-0.083333,0.549805,0.489583,40.000000,-80.000000,40.000000,-40.000000,0.000000,40.000000
9,equal,76000,20.000,0,5,0.500,0.100,0.400,A5s,fold,0.000000,-14.090625,-0.088542,-14.090625,-0.088542,0.542969,0.488932,40.000000,-80.000000,40.000000,-40.000000,0.000000,40.000000
9,equal,76000,20.000,0,5,0.500,0.100,0.400,96s,fold,0.000000,-15.693750,-0.088542,-15.693750,-0.088542,0.320312,0.488932,40.000000,-80.000000,40.000000,-40.000000,0.000000,40.000000
9,equal,76000,20.000,0,5,0.500,0.100,0.400,J7o,fold,0.000000,-14.266406,-0.093750,-14.266406,-0.093750,0.518555,0.488281,40.000000,-80.000000,40.000000,-40.000000,0.000000,40.000000
9,equal,76000,20.000,0,5,0.500,0.100,0.400,J7s,fold,0.000000,-13.907812,-0.109375,-13.907812,-0.109375,0.568359,0.486328,40.000000,-80.000000,40.000000,-40.000000,0.000000,40.000000
9,equal,76000,20.000,0,5,0.500,0.100,0.400,97o,fold,0.000000,-16.143750,-0.111111,-16.143750,-0.111111,0.257812,0.486111,40.000000,-80.000000,40.000000,-40.000000,0.000000,40.000000
9,equal,76000,20.000,0,5,0.500,0.100,0.400,A7s,fold,0.000000,-14.034375,-0.119792,-14.034375,-0.119792,0.550781,0.485026,40.000000,-80.000000,40.000000,-40.000000,0.000000,40.000000
9,equal,76000,20.000,0,5,0.500,0.100,0.400,T7o,fold,0.000000,-15.956250,-0.119792,-15.956250,-0.119792,0.283854,0.485026,40.000000,-80.000000,40.000000,-40.000000,0.000000,40.000000
9,equal,76000,20.000,0,5,0.500,0.100,0.400,J8o,fold,0.000000,-14.062500,-0.140625,-14.062500,-0.140625,0.546875,0.482422,40.000000,-80.000000,40.000000,-40.000000,0.000000,40.000000
9,equal,76000,20.000,0,5,0.500,0.100,0.400,QTo,fold,0.000000,-13.193750,-0.144097,-13.193750,-0.144097,0.667535,0.481988,40.000000,-80.000000,40.000000,-40.000000,0.000000,40.000000
9,equal,76000,20.000,0,5,0.500,0.100,0.400,75o,fold,0.000000,-15.696094,-0.156250,-15.696094,-0.156250,0.319987,0.480469,40.000000,-80.000000,40.000000,-40.000000,0.000000,40.000000
9,equal,76000,20.000,0,5,0.500,0.100,0.400,95o,fold,0.000000,-16.365625,-0.157986,-16.365625,-0.157986,0.226997,0.480252,40.000000,-80.000000,40.000000,-40.000000,0.000000,40.000000
9,equal,76000,20.000,0,5,0.500,0.100,0.400,87o,fold,0.000000,-15.496875,-0.161458,-15.496875,-0.161458,0.347656,0.479818,40.000000,-80.000000,40.000000,-40.000000,0.000000,40.000000
9,equal,76000,20.000,0,5,0.500,0.100,0.400,76o,fold,0.000000,-15.414844,-0.164931,-15.414844,-0.164931,0.359049,0.479384,40.000000,-80.000000,40.000000,-40.000000,0.000000,40.000000
9,equal,76000,20.000,0,5,0.500,0.100,0.400,KTo,fold,0.000000,-13.078125,-0.175347,-13.078125,-0.175347,0.683594,0.478082,40.000000,-80.000000,40.000000,-40.000000,0.000000,40.000000
9,equal,76000,20.000,0,5,0.500,0.100,0.400,K8s,fold,0.000000,-14.104687,-0.177083,-14.104687,-0.177083,0.541016,0.477865,40.000000,-80.000000,40.000000,-40.000000,0.000000,40.000000
9,equal,76000,20.000,0,5,0.500,0.100,0.400,T6o,fold,0.000000,-15.912500,-0.177083,-15.912500,-0.177083,0.289931,0.477865,40.000000,-80.000000,40.000000,-40.000000,0.000000,40.000000
9,equal,76000,20.000,0,5,0.500,0.100,0.400,A8s,fold,0.000000,-13.788281,-0.182292,-13.788281,-0.182292,0.584961,0.477214,40.000000,-80.000000,40.000000,-40.000000,0.000000,40.000000
9,equal,76000,20.000,0,5,0.500,0.100,0.400,A9s,fold,0.000000,-13.068750,-0.197917,-13.068750,-0.197917,0.684896,0.475260,40.000000,-80.000000,40.000000,-40.000000,0.000000,40.000000
9,equal,76000,20.000,0,5,0.500,0.100,0.400,65o,fold,0.000000,-15.581250,-0.197917,-15.581250,-0.197917,0.335938,0.475260,40.000000,-80.000000,40.000000,-40.000000,0.000000,40.000000
9,equal,76000,20.000,0,5,0.500,0.100,0.400,AJo,fold,0.000000,-13.631250,-0.201389,-13.631250,-0.201389,0.606771,0.474826,40.000000,-80.000000,40.000000,-40.000000,0.000000,40.000000
9,equal,76000,20.000,0,5,0.500,0.100,0.400,KQo,fold,0.000000,-13.682812,-0.211806,-13.682812,-0.211806,0.599609,0.473524,40.000000,-80.000000,40.000000,-40.000000,0.000000,40.000000
9,equal,76000,20.000,0,5,0.500,0.100,0.400,K9o,fold,0.000000,-13.175000,-0.215278,-13.175000,-0.215278,0.670139,0.473090,40.000000,-80.000000,40.000000,-40.000000,0.000000,40.000000
9,equal,76000,20.000,0,5,0.500,0.100,0.400,A9o,fold,0.000000,-13.259375,-0.215278,-13.259375,-0.215278,0.658420,0.473090,40.000000,-80.000000,40.000000,-40.000000,0.000000,40.000000
9,equal,76000,20.000,0,5,0.500,0.100,0.400,96o,fold,0.000000,-16.140625,-0.217014,-16.140625,-0.217014,0.258247,0.472873,40.000000,-80.000000,40.000000,-40.000000,0.000000,40.000000
9,equal,76000,20.000,0,5,0.500,0.100,0.400,A7o,fold,0.000000,-14.299219,-0.218750,-14.299219,-0.218750,0.513997,0.472656,40.000000,-80.000000,40.000000,-40.000000,0.000000,40.000000
9,equal,76000,20.000,0,5,0.500,0.100,0.400,A8o,fold,0.000000,-14.062500,-0.244792,-14.062500,-0.244792,0.546875,0.469401,40.000000,-80.000000,40.000000,-40.000000,0.000000,40.000000
9,equal,76000,20.000,0,5,0.500,0.100,0.400,J5o,fold,0.000000,-14.203125,-0.260417,-14.203125,-0.260417,0.527344,0.467448,40.000000,-80.000000,40.000000,-40.000000,0.000000,40.000000
9,equal,76000,20.000,0,5,0.500,0.100,0.400,86o,fold,0.000000,-15.717187,-0.265625,-15.717187,-0.265625,0.317057,0.466797,40.000000,-80.000000,40.000000,-40.000000,0.000000,40.000000
9,equal,76000,20.000,0,5,0.500,0.100,0.400,Q8o,fold,0.000000,-14.128125,-0.276042,-14.128125,-0.276042,0.537760,0.465495,40.000000,-80.000000,40.000000,-40.000000,0.000000,40.000000
9,equal,76000,20.000,0,5,0.500,0.100,0.400,J6s,fold,0.000000,-13.717969,-0.286458,-13.717969,-0.286458,0.594727,0.464193,40.000000,-80.000000,40.000000,-40.000000,0.000000,40.000000
9,equal,76000,20.000,0,5,0.500,0.100,0.400,KJo,fold,0.000000,-13.713281,-0.303819,-13.713281,-0.303819,0.595378,0.462023,40.000000,-80.000000,40.000000,-40.000000,0.000000,40.000000
9,equal,76000,20.000,0,5,0.500,0.100,0.400,K5s,fold,0.000000,-13.837500,-0.312500,-13.837500,-0.312500,0.578125,0.460938,40.000000,-80.000000,40.000000,-40.000000,0.000000,40.000000
9,equal,76000,20.000,0,5,0.500,0.100,0.400,AQo,fold,0.000000,-13.839844,-0.322917,-13.839844,-0.322917,0.577799,0.459635,40.000000,-80.000000,40.000000,-40.000000,0.000000,40.000000
9,equal,76000,20.000,0,5,0.500,0.100,0.400,Q6o,fold,0.000000,-14.139844,-0.322917,-14.139844,-0.322917,0.536133,0.459635,40.000000,-80.000000,40.000000,-40.000000,0.000000,40.000000
9,equal,76000,20.000,0,5,0.500,0.100,0.400,76s,fold,0.000000,-15.271875,-0.322917,-15.271875,-0.322917,0.378906,0.459635,40.000000,-80.000000,40.000000,-40.000000,0.000000,40.000000
9,equal,76000,20.000,0,5,0.500,0.100,0.400,ATo,fold,0.000000,-12.971875,-0.333333,-12.971875,-0.333333,0.698351,0.458333,40.000000,-80.000000,40.000000,-40.000000,0.000000,40.000000
9,equal,76000,20.000,0,5,0.500,0.100,0.400,K7o,fold,0.000000,-14.193750,-0.347222,-14.193750,-0.347222,0.528646,0.456597,40.000000,-80.000000,40.000000,-40.000000,0.000000,40.000000
9,equal,76000,20.000,0,5,0.500,0.100,0.400,K7s,fold,0.000000,-14.041406,-0.354167,-14.041406,-0.354167,0.549805,0.455729,40.000000,-80.000000,40.000000,-40.000000,0.000000,40.000000
9,equal,76000,20.000,0,5,0.500,0.100,0.400,K6o,fold,0.000000,-14.355469,-0.361111,-14.355469,-0.361111,0.506185,0.454861,40.000000,-80.000000,40.000000,-40.000000,0.000000,40.000000
9,equal,76000,20.000,0,5,0.500,0.100,0.400,85o,fold,0.000000,-15.817969,-0.364583,-15.817969,-0.364583,0.303060,0.454427,40.000000,-80.000000,40.000000,-40.000000,0.000000,40.000000
9,equal,76000,20.000,0,5,0.500,0.100,0.400,T5o,fold,0.000000,-15.918750,-0.383681,-15.918750,-0.383681,0.289062,0.452040,40.000000,-80.000000,40.000000,-40.000000,0.000000,40.000000
9,equal,76000,20.000,0,5,0.500,0.100,0.400,A6s,fold,0.000000,-13.935937,-0.395833,-13.935937,-0.395833,0.564453,0.450521,40.000000,-80.000000,40.000000,-40.000000,0.000000,40.000000
9,equal,76000,20.000,0,5,0.500,0.100,0.400,Q5o,fold,0.000000,-14.360156,-0.406250,-14.360156,-0.406250,0.505534,0.449219,40.000000,-80.000000,40.000000,-40.000000,0.000000,40.000000
9,equal,76000,20.000,0,5,0.500,0.100,0.400,AKo,fold,0.000000,-13.872656,-0.414931,-13.872656,-0.414931,0.573242,0.448134,40.000000,-80.000000,40.000000,-40.000000,0.000000,40.000000
9,equal,76000,20.000,0,5,0.500,0.100,0.400,K5o,fold,0.000000,-14.477344,-0.418403,-14.477344,-0.418403,0.489258,0.447700,40.000000,-80.000000,40.000000,-40.000000,0.000000,40.000000
9,equal,76000,20.000,0,5,0.500,0.100,0.400,K9s,fold,0.000000,-13.256250,-0.427083,-13.256250,-0.427083,0.658854,0.446615,40.000000,-80.000000,40.000000,-40.000000,0.000000,40.000000
9,equal,76000,20.000,0,5,0.500,0.100,0.400,K8o,fold,0.000000,-14.198437,-0.432292,-14.198437,-0.432292,0.527995,0.445964,40.000000,-80.000000,40.000000,-40.000000,0.000000,40.000000
9,equal,76000,20.000,0,5,0.500,0.100,0.400,Q5s,fold,0.000000,-14.006250,-0.468750,-14.006250,-0.468750,0.554688,0.441406,40.000000,-80.000000,40.000000,-40.000000,0.000000,40.000000
9,equal,76000,20.000,0,5,0.500,0.100,0.400,A5o,fold,0.000000,-14.207812,-0.472222,-14.207812,-0.472222,0.526693,0.440972,40.000000,-80.000000,40.000000,-40.000000,0.000000,40.000000
9,equal,76000,20.000,0,5,0.500,0.100,0.400,Q7o,fold,0.000000,-14.400000,-0.482639,-14.400000,-0.482639,0.500000,0.439670,40.000000,-80.000000,40.000000,-40.000000,0.000000,40.000000
9,equal,76000,20.000,0,5,0.500,0.100,0.400,A6o,fold,0.000000,-14.186719,-0.512153,-14.186719,-0.512153,0.529622,0.435981,40.000000,-80.000000,40.000000,-40.000000,0.000000,40.000000
9,equal,76000,20.000,0,5,0.500,0.100,0.400,J6o,fold,0.000000,-14.364844,-0.527778,-14.364844,-0.527778,0.504883,0.434028,40.000000,-80.000000,40.000000,-40.000000,0.000000,40.000000
9,equal,76000,20.000,0,5,0.500,0.100,0.400,54s,fold,0.000000,-15.672656,-0.708333,-15.672656,-0.708333,0.323242,0.411458,40.000000,-80.000000,40.000000,-40.000000,0.000000,40.000000
9,equal,76000,20.000,0,5,0.500,0.100,0.400,64s,fold,0.000000,-15.932812,-0.739583,-15.932812,-0.739583,0.287109,0.407552,40.000000,-80.000000,40.000000,-40.000000,0.000000,40.000000
9,equal,76000,20.000,0,5,0.500,0.100,0.400,A4s,fold,0.000000,-14.111719,-0.833333,-14.111719,-0.833333,0.540039,0.395833,40.000000,-80.000000,40.000000,-40.000000,0.000000,40.000000
9,equal,76000,20.000,0,5,0.500,0.100,0.400,94s,fold,0.000000,-15.871875,-0.843750,-15.871875,-0.843750,0.295573,0.394531,40.000000,-80.000000,40.000000,-40.000000,0.000000,40.000000
9,equal,76000,20.000,0,5,0.500,0.100,0.400,Q4s,fold,0.000000,-14.048437,-0.968750,-14.048437,-0.968750,0.548828,0.378906,40.000000,-80.000000,40.000000,-40.000000,0.000000,40.000000
9,equal,76000,20.000,0,5,0.500,0.100,0.400,54o,fold,0.000000,-15.410156,-0.993056,-15.410156,-0.993056,0.359701,0.375868,40.000000,-80.000000,40.000000,-40.000000,0.000000,40.000000
9,equal,76000,20.000,0,5,0.500,0.100,0.400,A4o,fold,0.000000,-14.231250,-1.041667,-14.231250,-1.041667,0.523438,0.369792,40.000000,-80.000000,40.000000,-40.000000,0.000000,40.000000
9,equal,76000,20.000,0,5,0.500,0.100,0.400,64o,fold,0.000000,-15.639844,-1.107639,-15.639844,-1.107639,0.327799,0.361545,40.000000,-80.000000,40.000000,-40.000000,0.000000,40.000000
9,equal,76000,20.000,0,5,0.500,0.100,0.400,74s,fold,0.000000,-15.510937,-1.125000,-15.510937,-1.125000,0.345703,0.359375,40.000000,-80.000000,40.000000,-40.000000,0.000000,40.000000
9,equal,76000,20.000,0,5,0.500,0.100,0.400,T2s,fold,0.000000,-15.721875,-1.130208,-15.721875,-1.130208,0.316406,0.358724,40.000000,-80.000000,40.000000,-40.000000,0.000000,40.000000
9,equal,76000,20.000,0,5,0.500,0.100,0.400,93s,fold,0.000000,-15.825000,-1.182292,-15.825000,-1.182292,0.302083,0.352214,40.000000,-80.000000,40.000000,-40.000000,0.000000,40.000000
9,equal,76000,20.000,0,5,0.500,0.100,0.400,K3s,fold,0.000000,-14.210156,-1.192708,-14.210156,-1.192708,0.526367,0.350911,40.000000,-80.000000,40.000000,-40.000000,0.000000,40.000000
9,equal,76000,20.000,0,5,0.500,0.100,0.400,84s,fold,0.000000,-15.644531,-1.197917,-15.644531,-1.197917,0.327148,0.350260,40.000000,-80.000000,40.000000,-40.000000,0.000000,40.000000
9,equal,76000,20.000,0,5,0.500,0.100,0.400,Q2s,fold,0.000000,-14.132812,-1.223958,-14.132812,-1.223958,0.537109,0.347005,40.000000,-80.000000,40.000000,-40.000000,0.000000,40.000000
9,equal,76000,20.000,0,5,0.500,0.100,0.400,92s,fold,0.000000,-15.675000,-1.244792,-15.675000,-1.244792,0.322917,0.344401,40.000000,-80.000000,40.000000,-40.000000,0.000000,40.000000
9,equal,76000,20.000,0,5,0.500,0.100,0.400,63s,fold,0.000000,-15.510937,-1.250000,-15.510937,-1.250000,0.345703,0.343750,40.000000,-80.000000,40.000000,-40.000000,0.000000,40.000000
9,equal,76000,20.000,0,5,0.500,0.100,0.400,K4s,fold,0.000000,-14.167969,-1.291667,-14.167969,-1.291667,0.532227,0.338542,40.000000,-80.000000,40.000000,-40.000000,0.000000,40.000000
9,equal,76000,20.000,0,5,0.500,0.100,0.400,83s,fold,0.000000,-15.742969,-1.296875,-15.742969,-1.296875,0.313477,0.337891,40.000000,-80.000000,40.000000,-40.000000,0.000000,40.000000
9,equal,76000,20.000,0,5,0.500,0.100,0.400,K2s,fold,0.000000,-14.076562,-1.302083,-14.076562,-1.302083,0.544922,0.337240,40.000000,-80.000000,40.000000,-40.000000,0.000000,40.000000
9,equal,76000,20.000,0,5,0.500,0.100,0.400,T4s,fold,0.000000,-15.825000,-1.302083,-15.825000,-1.302083,0.302083,0.337240,40.000000,-80.000000,40.000000,-40.000000,0.000000,40.000000
9,equal,76000,20.000,0,5,0.500,0.100,0.400,A3s,fold,0.000000,-13.809375,-1.322917,-13.809375,-1.322917,0.582031,0.334635,40.000000,-80.000000,40.000000,-40.000000,0.000000,40.000000
9,equal,76000,20.000,0,5,0.500,0.100,0.400,82s,fold,0.000000,-15.735937,-1.322917,-15.735937,-1.322917,0.314453,0.334635,40.000000,-80.000000,40.000000,-40.000000,0.000000,40.000000
9,equal,76000,20.000,0,5,0.500,0.100,0.400,J3s,fold,0.000000,-14.336719,-1.328125,-14.336719,-1.328125,0.508789,0.333984,40.000000,-80.000000,40.000000,-40.000000,0.000000,40.000000
9,equal,76000,20.000,0,5,0.500,0.100,0.400,53s,fold,0.000000,-15.546094,-1.359375,-15.546094,-1.359375,0.340820,0.330078,40.000000,-80.000000,40.000000,-40.000000,0.000000,40.000000
9,equal,76000,20.000,0,5,0.500,0.100,0.400,J4s,fold,0.000000,-13.696875,-1.364583,-13.696875,-1.364583,0.597656,0.329427,40.000000,-80.000000,40.000000,-40.000000,0.000000,40.000000
9,equal,76000,20.000,0,5,0.500,0.100,0.400,T3s,fold,0.000000,-15.478125,-1.364583,-15.478125,-1.364583,0.350260,0.329427,40.000000,-80.000000,40.000000,-40.000000,0.000000,40.000000
9,equal,76000,20.000,0,5,0.500,0.100,0.400,A2s,fold,0.000000,-13.921875,-1.369792,-13.921875,-1.369792,0.566406,0.328776,40.000000,-80.000000,40.000000,-40.000000,0.000000,40.000000
9,equal,76000,20.000,0,5,0.500,0.100,0.400,J3o,fold,0.000000,-14.400000,-1.378472,-14.400000,-1.378472,0.500000,0.327691,40.000000,-80.000000,40.000000,-40.000000,0.000000,40.000000
9,equal,76000,20.000,0,5,0.500,0.100,0.400,94o,fold,0.000000,-16.187500,-1.406250,-16.187500,-1.406250,0.251736,0.324219,40.000000,-80.000000,40.000000,-40.000000,0.000000,40.000000
9,equal,76000,20.000,0,5,0.500,0.100,0.400,J4o,fold,0.000000,-14.275781,-1.416667,-14.275781,-1.416667,0.517253,0.322917,40.000000,-80.000000,40.000000,-40.000000,0.000000,40.000000
9,equal,76000,20.000,0,5,0.500,0.100,0.400,K4o,fold,0.000000,-14.254687,-1.427083,-14.254687,-1.427083,0.520182,0.321615,40.000000,-80.000000,40.000000,-40.000000,0.000000,40.000000
9,equal,76000,20.000,0,5,0.500,0.100,0.400,Q3o,fold,0.000000,-14.376562,-1.440972,-14.376562,-1.440972,0.503255,0.319878,40.000000,-80.000000,40.000000,-40.000000,0.000000,40.000000
9,equal,76000,20.000,0,5,0.500,0.100,0.400,J2s,fold,0.000000,-14.217187,-1.442708,-14.217187,-1.442708,0.525391,0.319661,40.000000,-80.000000,40.000000,-40.000000,0.000000,40.000000
9,equal,76000,20.000,0,5,0.500,0.100,0.400,52s,fold,0.000000,-15.461719,-1.442708,-15.461719,-1.442708,0.352539,0.319661,40.000000,-80.000000,40.000000,-40.000000,0.000000,40.000000
9,equal,76000,20.000,0,5,0.500,0.100,0.400,T3o,fold,0.000000,-16.040625,-1.454861,-16.040625,-1.454861,0.272135,0.318142,40.000000,-80.000000,40.000000,-40.000000,0.000000,40.000000
9,equal,76000,20.000,0,5,0.500,0.100,0.400,73s,fold,0.000000,-15.482812,-1.463542,-15.482812,-1.463542,0.349609,0.317057,40.000000,-80.000000,40.000000,-40.000000,0.000000,40.000000
9,equal,76000,20.000,0,5,0.500,0.100,0.400,53o,fold,0.000000,-15.576562,-1.477431,-15.576562,-1.477431,0.336589,0.315321,40.000000,-80.000000,40.000000,-40.000000,0.000000,40.000000
9,equal,76000,20.000,0,5,0.500,0.100,0.400,83o,fold,0.000000,-15.996094,-1.487847,-15.996094,-1.487847,0.278320,0.314019,40.000000,-80.000000,40.000000,-40.000000,0.000000,40.000000
9,equal,76000,20.000,0,5,0.500,0.100,0.400,52o,fold,0.000000,-15.614062,-1.491319,-15.614062,-1.491319,0.331380,0.313585,40.000000,-80.000000,40.000000,-40.000000,0.000000,40.000000
9,equal,76000,20.000,0,5,0.500,0.100,0.400,Q3s,fold,0.000000,-14.322656,-1.515625,-14.322656,-1.515625,0.510742,0.310547,40.000000,-80.000000,40.000000,-40.000000,0.000000,40.000000
9,equal,76000,20.000,0,5,0.500,0.100,0.400,63o,fold,0.000000,-15.656250,-1.515625,-15.656250,-1.515625,0.325521,0.310547,40.000000,-80.000000,40.000000,-40.000000,0.000000,40.000000
9,equal,76000,20.000,0,5,0.500,0.100,0.400,84o,fold,0.000000,-15.822656,-1.517361,-15.822656,-1.517361,0.302409,0.310330,40.000000,-80.000000,40.000000,-40.000000,0.000000,40.000000
9,equal,76000,20.000,0,5,0.500,0.100,0.400,T4o,fold,0.000000,-16.028125,-1.517361,-16.028125,-1.517361,0.273872,0.310330,40.000000,-80.000000,40.000000,-40.000000,0.000000,40.000000
9,equal,76000,20.000,0,5,0.500,0.100,0.400,73o,fold,0.000000,-15.836719,-1.519097,-15.836719,-1.519097,0.300456,0.310113,40.000000,-80.000000,40.000000,-40.000000,0.000000,40.000000
9,equal,76000,20.000,0,5,0.500,0.100,0.400,93o,fold,0.000000,-16.059375,-1.522569,-16.059375,-1.522569,0.269531,0.309679,40.000000,-80.000000,40.000000,-40.000000,0.000000,40.000000
9,equal,76000,20.000,0,5,0.500,0.100,0.400,T2o,fold,0.000000,-15.912500,-1.529514,-15.912500,-1.529514,0.289931,0.308811,40.000000,-80.000000,40.000000,-40.000000,0.000000,40.000000
9,equal,76000,20.000,0,5,0.500,0.100,0.400,92o,fold,0.000000,-16.262500,-1.532986,-16.262500,-1.532986,0.241319,0.308377,40.000000,-80.000000,40.000000,-40.000000,0.000000,40.000000
9,equal,76000,20.000,0,5,0.500,0.100,0.400,72s,fold,0.000000,-15.356250,-1.541667,-15.356250,-1.541667,0.367188,0.307292,40.000000,-80.000000,40.000000,-40.000000,0.000000,40.000000
9,equal,76000,20.000,0,5,0.500,0.100,0.400,62s,fold,0.000000,-15.651562,-1.546875,-15.651562,-1.546875,0.326172,0.306641,40.000000,-80.000000,40.000000,-40.000000,0.000000,40.000000
9,equal,76000,20.000,0,5,0.500,0.100,0.400,74o,fold,0.000000,-15.855469,-1.548611,-15.855469,-1.548611,0.297852,0.306424,40.000000,-80.000000,40.000000,-40.000000,0.000000,40.000000
9,equal,76000,20.000,0,5,0.500,0.100,0.400,Q4o,fold,0.000000,-14.397656,-1.552083,-14.397656,-1.552083,0.500326,0.305990,40.000000,-80.000000,40.000000,-40.000000,0.000000,40.000000
9,equal,76000,20.000,0,5,0.500,0.100,0.400,62o,fold,0.000000,-15.689062,-1.565972,-15.689062,-1.565972,0.320964,0.304253,40.000000,-80.000000,40.000000,-40.000000,0.000000,40.000000
9,equal,76000,20.000,0,5,0.500,0.100,0.400,A3o,fold,0.000000,-14.135156,-1.571181,-14.135156,-1.571181,0.536784,0.303602,40.000000,-80.000000,40.000000,-40.000000,0.000000,40.000000
9,equal,76000,20.000,0,5,0.500,0.100,0.400,J2o,fold,0.000000,-14.092969,-1.604167,-14.092969,-1.604167,0.542643,0.299479,40.000000,-80.000000,40.000000,-40.000000,0.000000,40.000000
9,equal,76000,20.000,0,5,0.500,0.100,0.400,82o,fold,0.000000,-15.975000,-1.631944,-15.975000,-1.631944,0.281250,0.296007,40.000000,-80.000000,40.000000,-40.000000,0.000000,40.000000
9,equal,76000,20.000,0,5,0.500,0.100,0.400,K3o,fold,0.000000,-14.273438,-1.633681,-14.273438,-1.633681,0.517578,0.295790,40.000000,-80.000000,40.000000,-40.000000,0.000000,40.000000
9,equal,76000,20.000,0,5,0.500,0.100,0.400,Q2o,fold,0.000000,-14.172656,-1.649306,-14.172656,-1.649306,0.531576,0.293837,40.000000,-80.000000,40.000000,-40.000000,0.000000,40.000000
9,equal,76000,20.000,0,5,0.500,0.100,0.400,A2o,fold,0.000000,-14.390625,-1.661458,-14.390625,-1.661458,0.501302,0.292318,40.000000,-80.000000,40.000000,-40.000000,0.000000,40.000000
9,equal,76000,20.000,0,5,0.500,0.100,0.400,K2o,fold,0.000000,-14.465625,-1.670139,-14.465625,-1.670139,0.490885,0.291233,40.000000,-80.000000,40.000000,-40.000000,0.000000,40.000000
9,equal,76000,20.000,0,5,0.500,0.100,0.400,72o,fold,0.000000,-15.923438,-1.680556,-15.923438,-1.680556,0.288411,0.289931,40.000000,-80.000000,40.000000,-40.000000,0.000000,40.000000
9,equal,76000,20.000,0,5,0.500,0.100,0.400,22,fold,0.000000,-14.657813,-2.479167,-14.657813,-2.479167,0.464193,0.190104,40.000000,-80.000000,40.000000,-40.000000,0.000000,40.000000
9,equal,76000,20.000,0,5,0.500,0.100,0.400,32s,fold,0.000000,-16.024219,-2.515625,-16.024219,-2.515625,0.274414,0.185547,40.000000,-80.000000,40.000000,-40.000000,0.000000,40.000000
9,equal,76000,20.000,0,5,0.500,0.100,0.400,33,fold,0.000000,-14.540625,-2.517361,-14.540625,-2.517361,0.480469,0.185330,40.000000,-80.000000,40.000000,-40.000000,0.000000,40.000000
9,equal,76000,20.000,0,5,0.500,0.100,0.400,43s,fold,0.000000,-15.440625,-2.552083,-15.440625,-2.552083,0.355469,0.180990,40.000000,-80.000000,40.000000,-40.000000,0.000000,40.000000
9,equal,76000,20.000,0,5,0.500,0.100,0.400,42s,fold,0.000000,-15.405469,-2.927083,-15.405469,-2.927083,0.360352,0.134115,40.000000,-80.000000,40.000000,-40.000000,0.000000,40.000000
9,equal,76000,20.000,0,5,0.500,0.100,0.400,32o,fold,0.000000,-15.621094,-3.052083,-15.621094,-3.052083,0.330404,0.118490,40.000000,-80.000000,40.000000,-40.000000,0.000000,40.000000
9,equal,76000,20.000,0,5,0.500,0.100,0.400,43o,fold,0.000000,-15.670312,-3.104167,-15.670312,-3.104167,0.323568,0.111979,40.000000,-80.000000,40.000000,-40.000000,0.000000,40.000000
9,equal,76000,20.000,0,5,0.500,0.100,0.400,42o,fold,0.000000,-15.665625,-3.201389,-15.665625,-3.201389,0.324219,0.099826,40.000000,-80.000000,40.000000,-40.000000,0.000000,40.000000
9,equal,76000,20.000,0,5,0.500,0.200,0.400,KK,jam,0.000000,-12.379687,6.520833,-12.379687,6.520833,0.780599,0.907552,40.000000,-80.000000,40.000000,-40.000000,0.000000,40.000000
9,equal,76000,20.000,0,5,0.500,0.200,0.400,AA,jam,0.000000,-12.328125,5.822917,-12.328125,5.822917,0.787760,0.863932,40.000000,-80.000000,40.000000,-40.000000,0.000000,40.000000
9,equal,76000,20.000,0,5,0.500,0.200,0.400,AQs,jam,0.000000,-13.380469,4.250000,-13.380469,4.250000,0.641602,0.765625,40.000000,-80.000000,40.000000,-40.000000,0.000000,40.000000
9,equal,76000,20.000,0,5,0.500,0.200,0.400,AKs,jam,0.000000,-13.415625,4.173611,-13.415625,4.173611,0.636719,0.760851,40.000000,-80.000000,40.000000,-40.000000,0.000000,40.000000
9,equal,76000,20.000,0,5,0.500,0.200,0.400,AKo,jam,0.000000,-13.872656,3.893519,-13.872656,3.893519,0.573242,0.743345,40.000000,-80.000000,40.000000,-40.000000,0.000000,40.000000
9,equal,76000,20.000,0,5,0.500,0.200,0.400,AQo,jam,0.000000,-13.839844,3.793981,-13.839844,3.793981,0.577799,0.737124,40.000000,-80.000000,40.000000,-40.000000,0.000000,40.000000
9,equal,76000,20.000,0,5,0.500,0.200,0.400,QQ,jam,0.000000,-12.117188,2.513889,-12.117188,2.513889,0.817057,0.657118,40.000000,-80.000000,40.000000,-40.000000,0.000000,40.000000
9,equal,76000,20.000,0,5,0.500,0.200,0.400,ATs,jam,0.000000,-13.087500,2.213542,-13.087500,2.213542,0.682292,0.638346,40.000000,-80.000000,40.000000,-40.000000,0.000000,40.000000
9,equal,76000,20.000,0,5,0.500,0.200,0.400,A4s,jam,0.000000,-14.111719,1.942708,-14.111719,1.942708,0.540039,0.621419,40.000000,-80.000000,40.000000,-40.000000,0.000000,40.000000
9,equal,76000,20.000,0,5,0.500,0.200,0.400,AJs,jam,0.000000,-13.387500,1.901042,-13.387500,1.901042,0.640625,0.618815,40.000000,-80.000000,40.000000,-40.000000,0.000000,40.000000
9,equal,76000,20.000,0,5,0.500,0.200,0.400,A7s,jam,0.000000,-14.034375,1.760417,-14.034375,1.760417,0.550781,0.610026,40.000000,-80.000000,40.000000,-40.000000,0.000000,40.000000
9,equal,76000,20.000,0,5,0.500,0.200,0.400,A5s,jam,0.000000,-14.090625,1.744792,-14.090625,1.744792,0.542969,0.609049,40.000000,-80.000000,40.000000,-40.000000,0.000000,40.000000
9,equal,76000,20.000,0,5,0.500,0.200,0.400,ATo,jam,0.000000,-12.971875,1.718750,-12.971875,1.718750,0.698351,0.607422,40.000000,-80.000000,40.000000,-40.000000,0.000000,40.000000
9,equal,76000,20.000,0,5,0.500,0.200,0.400,A6s,jam,0.000000,-13.935937,1.562500,-13.935937,1.562500,0.564453,0.597656,40.000000,-80.000000,40.000000,-40.000000,0.000000,40.000000
9,equal,76000,20.000,0,5,0.500,0.200,0.400,A9s,jam,0.000000,-13.068750,1.541667,-13.068750,1.541667,0.684896,0.596354,40.000000,-80.000000,40.000000,-40.000000,0.000000,40.000000
9,equal,76000,20.000,0,5,0.500,0.200,0.400,A5o,jam,0.000000,-14.207812,1.475694,-14.207812,1.475694,0.526693,0.592231,40.000000,-80.000000,40.000000,-40.000000,0.000000,40.000000
9,equal,76000,20.000,0,5,0.500,0.200,0.400,AJo,jam,0.000000,-13.631250,1.468750,-13.631250,1.468750,0.606771,0.591797,40.000000,-80.000000,40.000000,-40.000000,0.000000,40.000000
9,equal,76000,20.000,0,5,0.500,0.200,0.400,A3s,jam,0.000000,-13.809375,1.468750,-13.809375,1.468750,0.582031,0.591797,40.000000,-80.000000,40.000000,-40.000000,0.000000,40.000000
9,equal,76000,20.000,0,5,0.500,0.200,0.400,A8s,jam,0.000000,-13.788281,1.447917,-13.788281,1.447917,0.584961,0.590495,40.000000,-80.000000,40.000000,-40.000000,0.000000,40.000000
9,equal,76000,20.000,0,5,0.500,0.200,0.400,A3o,jam,0.000000,-14.135156,1.366319,-14.135156,1.366319,0.536784,0.585395,40.000000,-80.000000,40.000000,-40.000000,0.000000,40.000000
9,equal,76000,20.000,0,5,0.500,0.200,0.400,A2o,jam,0.000000,-14.390625,1.364583,-14.390625,1.364583,0.501302,0.585286,40.000000,-80.000000,40.000000,-40.000000,0.000000,40.000000
9,equal,76000,20.000,0,5,0.500,0.200,0.400,A9o,jam,0.000000,-13.259375,1.328125,-13.259375,1.328125,0.658420,0.583008,40.000000,-80.000000,40.000000,-40.000000,0.000000,40.000000
9,equal,76000,20.000,0,5,0.500,0.200,0.400,A7o,jam,0.000000,-14.299219,1.303819,-14.299219,1.303819,0.513997,0.581489,40.000000,-80.000000,40.000000,-40.000000,0.000000,40.000000
9,equal,76000,20.000,0,5,0.500,0.200,0.400,A2s,jam,0.000000,-13.921875,1.296875,-13.921875,1.296875,0.566406,0.581055,40.000000,-80.000000,40.000000,-40.000000,0.000000,40.000000
9,equal,76000,20.000,0,5,0.500,0.200,0.400,A8o,jam,0.000000,-14.062500,1.289931,-14.062500,1.289931,0.546875,0.580621,40.000000,-80.000000,40.000000,-40.000000,0.000000,40.000000
9,equal,76000,20.000,0,5,0.500,0.200,0.400,A6o,jam,0.000000,-14.186719,1.241319,-14.186719,1.241319,0.529622,0.577582,40.000000,-80.000000,40.000000,-40.000000,0.000000,40.000000
9,equal,76000,20.000,0,5,0.500,0.200,0.400,A4o,jam,0.000000,-14.231250,1.206597,-14.231250,1.206597,0.523438,0.575412,40.000000,-80.000000,40.000000,-40.000000,0.000000,40.000000
9,equal,76000,20.000,0,5,0.500,0.200,0.400,99,jam,0.000000,-13.528125,1.100694,-13.528125,1.100694,0.621094,0.568793,40.000000,-80.000000,40.000000,-40.000000,0.000000,40.000000
9,equal,76000,20.000,0,5,0.500,0.200,0.400,TT,jam,0.000000,-12.121875,0.951389,-12.121875,0.951389,0.816406,0.559462,40.000000,-80.000000,40.000000,-40.000000,0.000000,40.000000
9,equal,76000,20.000,0,5,0.500,0.200,0.400,JJ,jam,0.000000,-12.051562,0.923611,-12.051562,0.923611,0.826172,0.557726,40.000000,-80.000000,40.000000,-40.000000,0.000000,40.000000
9,equal,76000,20.000,0,5,0.500,0.200,0.400,77,jam,0.000000,-14.676562,0.631944,-14.676562,0.631944,0.461589,0.539497,40.000000,-80.000000,40.000000,-40.000000,0.000000,40.000000
9,equal,76000,20.000,0,5,0.500,0.200,0.400,55,jam,0.000000,-14.479687,0.625000,-14.479687,0.625000,0.488932,0.539062,40.000000,-80.000000,40.000000,-40.000000,0.000000,40.000000
9,equal,76000,20.000,0,5,0.500,0.200,0.400,66,jam,0.000000,-14.414062,0.590278,-14.414062,0.590278,0.498047,0.536892,40.000000,-80.000000,40.000000,-40.000000,0.000000,40.000000
9,equal,76000,20.000,0,5,0.500,0.200,0.400,88,jam,0.000000,-14.278125,0.565972,-14.278125,0.565972,0.516927,0.535373,40.000000,-80.000000,40.000000,-40.000000,0.000000,40.000000
9,equal,76000,20.000,0,5,0.500,0.200,0.400,KQs,jam,0.000000,-13.267969,0.489583,-13.267969,0.489583,0.657227,0.530599,40.000000,-80.000000,40.000000,-40.000000,0.000000,40.000000
9,equal,76000,20.000,0,5,0.500,0.200,0.400,44,jam,0.000000,-14.840625,0.423611,-14.840625,0.423611,0.438802,0.526476,40.000000,-80.000000,40.000000,-40.000000,0.000000,40.000000
9,equal,76000,20.000,0,5,0.500,0.200,0.400,33,jam,0.000000,-14.540625,0.298611,-14.540625,0.298611,0.480469,0.518663,40.000000,-80.000000,40.000000,-40.000000,0.000000,40.000000
9,equal,76000,20.000,0,5,0.500,0.200,0.400,22,jam,0.000000,-14.657813,0.208333,-14.657813,0.208333,0.464193,0.513021,40.000000,-80.000000,40.000000,-40.000000,0.000000,40.000000
9,equal,76000,20.000,0,5,0.500,0.200,0.400,KQo,jam,0.000000,-13.682812,0.000000,-13.682812,0.000000,0.599609,0.500000,40.000000,-80.000000,40.000000,-40.000000,0.000000,40.000000
9,equal,76000,20.000,0,5,0.500,0.200,0.400,65s,fold,0.000000,-15.525000,-1.385417,-15.525000,-1.385417,0.343750,0.413411,40.000000,-80.000000,40.000000,-40.000000,0.000000,40.000000
9,equal,76000,20.000,0,5,0.500,0.200,0.400,76s,fold,0.000000,-15.271875,-1.401042,-15.271875,-1.401042,0.378906,0.412435,40.000000,-80.000000,40.000000,-40.000000,0.000000,40.000000
9,equal,76000,20.000,0,5,0.500,0.200,0.400,97s,fold,0.000000,-15.862500,-1.401042,-15.862500,-1.401042,0.296875,0.412435,40.000000,-80.000000,40.000000,-40.000000,0.000000,40.000000
9,equal,76000,20.000,0,5,0.500,0.200,0.400,64s,fold,0.000000,-15.932812,-1.432292,-15.932812,-1.432292,0.287109,0.410482,40.000000,-80.000000,40.000000,-40.000000,0.000000,40.000000
9,equal,76000,20.000,0,5,0.500,0.200,0.400,98s,fold,0.000000,-15.928125,-1.484375,-15.928125,-1.484375,0.287760,0.407227,40.000000,-80.000000,40.000000,-40.000000,0.000000,40.000000
9,equal,76000,20.000,0,5,0.500,0.200,0.400,86s,fold,0.000000,-15.482812,-1.552083,-15.482812,-1.552083,0.349609,0.402995,40.000000,-80.000000,40.000000,-40.000000,0.000000,40.000000
9,equal,76000,20.000,0,5,0.500,0.200,0.400,54s,fold,0.000000,-15.672656,-1.578125,-15.672656,-1.578125,0.323242,0.401367,40.000000,-80.000000,40.000000,-40.000000,0.000000,40.000000
9,equal,76000,20.000,0,5,0.500,0.200,0.400,87s,fold,0.000000,-15.574219,-1.588542,-15.574219,-1.588542,0.336914,0.400716,40.000000,-80.000000,40.000000,-40.000000,0.000000,40.000000
9,equal,76000,20.000,0,5,0.500,0.200,0.400,T9s,fold,0.000000,-14.400000,-1.593750,-14.400000,-1.593750,0.500000,0.400391,40.000000,-80.000000,40.000000,-40.000000,0.000000,40.000000
9,equal,76000,20.000,0,5,0.500,0.200,0.400,JTs,fold,0.000000,-12.937500,-1.630208,-12.937500,-1.630208,0.703125,0.398112,40.000000,-80.000000,40.000000,-40.000000,0.000000,40.000000
9,equal,76000,20.000,0,5,0.500,0.200,0.400,63s,fold,0.000000,-15.510937,-1.666667,-15.510937,-1.666667,0.345703,0.395833,40.000000,-80.000000,40.000000,-40.000000,0.000000,40.000000
9,equal,76000,20.000,0,5,0.500,0.200,0.400,53s,fold,0.000000,-15.546094,-1.677083,-15.546094,-1.677083,0.340820,0.395182,40.000000,-80.000000,40.000000,-40.000000,0.000000,40.000000
9,equal,76000,20.000,0,5,0.500,0.200,0.400,43s,fold,0.000000,-15.440625,-1.692708,-15.440625,-1.692708,0.355469,0.394206,40.000000,-80.000000,40.000000,-40.000000,0.000000,40.000000
9,equal,76000,20.000,0,5,0.500,0.200,0.400,73s,fold,0.000000,-15.482812,-1.796875,-15.482812,-1.796875,0.349609,0.387695,40.000000,-80.000000,40.000000,-40.000000,0.000000,40.000000
9,equal,76000,20.000,0,5,0.500,0.200,0.400,83s,fold,0.000000,-15.742969,-1.838542,-15.742969,-1.838542,0.313477,0.385091,40.000000,-80.000000,40.000000,-40.000000,0.000000,40.000000
9,equal,76000,20.000,0,5,0.500,0.200,0.400,75s,fold,0.000000,-15.398438,-1.843750,-15.398438,-1.843750,0.361328,0.384766,40.000000,-80.000000,40.000000,-40.000000,0.000000,40.000000
9,equal,76000,20.000,0,5,0.500,0.200,0.400,84s,fold,0.000000,-15.644531,-1.869792,-15.644531,-1.869792,0.327148,0.383138,40.000000,-80.000000,40.000000,-40.000000,0.000000,40.000000
9,equal,76000,20.000,0,5,0.500,0.200,0.400,85s,fold,0.000000,-15.496875,-1.927083,-15.496875,-1.927083,0.347656,0.379557,40.000000,-80.000000,40.000000,-40.000000,0.000000,40.000000
9,equal,76000,20.000,0,5,0.500,0.200,0.400,32s,fold,0.000000,-16.024219,-1.927083,-16.024219,-1.927083,0.274414,0.379557,40.000000,-80.000000,40.000000,-40.000000,0.000000,40.000000
9,equal,76000,20.000,0,5,0.500,0.200,0.400,54o,fold,0.000000,-15.410156,-1.939236,-15.410156,-1.939236,0.359701,0.378798,40.000000,-80.000000,40.000000,-40.000000,0.000000,40.000000
9,equal,76000,20.000,0,5,0.500,0.200,0.400,J9s,fold,0.000000,-12.628125,-1.953125,-12.628125,-1.953125,0.746094,0.377930,40.000000,-80.000000,40.000000,-40.000000,0.000000,40.000000
9,equal,76000,20.000,0,5,0.500,0.200,0.400,T8s,fold,0.000000,-15.515625,-1.968750,-15.515625,-1.968750,0.345052,0.376953,40.000000,-80.000000,40.000000,-40.000000,0.000000,40.000000
9,equal,76000,20.000,0,5,0.500,0.200,0.400,T5s,fold,0.000000,-15.796875,-1.979167,-15.796875,-1.979167,0.305990,0.376302,40.000000,-80.000000,40.000000,-40.000000,0.000000,40.000000
9,equal,76000,20.000,0,5,0.500,0.200,0.400,76o,fold,0.000000,-15.414844,-2.000000,-15.414844,-2.000000,0.359049,0.375000,40.000000,-80.000000,40.000000,-40.000000,0.000000,40.000000
9,equal,76000,20.000,0,5,0.500,0.200,0.400,42s,fold,0.000000,-15.405469,-2.005208,-15.405469,-2.005208,0.360352,0.374674,40.000000,-80.000000,40.000000,-40.000000,0.000000,40.000000
9,equal,76000,20.000,0,5,0.500,0.200,0.400,52s,fold,0.000000,-15.461719,-2.005208,-15.461719,-2.005208,0.352539,0.374674,40.000000,-80.000000,40.000000,-40.000000,0.000000,40.000000
9,equal,76000,20.000,0,5,0.500,0.200,0.400,74s,fold,0.000000,-15.510937,-2.026042,-15.510937,-2.026042,0.345703,0.373372,40.000000,-80.000000,40.000000,-40.000000,0.000000,40.000000
9,equal,76000,20.000,0,5,0.500,0.200,0.400,92s,fold,0.000000,-15.675000,-2.088542,-15.675000,-2.088542,0.322917,0.369466,40.000000,-80.000000,40.000000,-40.000000,0.000000,40.000000
9,equal,76000,20.000,0,5,0.500,0.200,0.400,T6s,fold,0.000000,-15.675000,-2.104167,-15.675000,-2.104167,0.322917,0.368490,40.000000,-80.000000,40.000000,-40.000000,0.000000,40.000000
9,equal,76000,20.000,0,5,0.500,0.200,0.400,93s,fold,0.000000,-15.825000,-2.104167,-15.825000,-2.104167,0.302083,0.368490,40.000000,-80.000000,40.000000,-40.000000,0.000000,40.000000
9,equal,76000,20.000,0,5,0.500,0.200,0.400,J4s,fold,0.000000,-13.696875,-2.140625,-13.696875,-2.140625,0.597656,0.366211,40.000000,-80.000000,40.000000,-40.000000,0.000000,40.000000
9,equal,76000,20.000,0,5,0.500,0.200,0.400,95s,fold,0.000000,-15.909375,-2.145833,-15.909375,-2.145833,0.290365,0.365885,40.000000,-80.000000,40.000000,-40.000000,0.000000,40.000000
9,equal,76000,20.000,0,5,0.500,0.200,0.400,65o,fold,0.000000,-15.581250,-2.151042,-15.581250,-2.151042,0.335938,0.365560,40.000000,-80.000000,40.000000,-40.000000,0.000000,40.000000
9,equal,76000,20.000,0,5,0.500,0.200,0.400,T3s,fold,0.000000,-15.478125,-2.156250,-15.478125,-2.156250,0.350260,0.365234,40.000000,-80.000000,40.000000,-40.000000,0.000000,40.000000
9,equal,76000,20.000,0,5,0.500,0.200,0.400,64o,fold,0.000000,-15.639844,-2.178819,-15.639844,-2.178819,0.327799,0.363824,40.000000,-80.000000,40.000000,-40.000000,0.000000,40.000000
9,equal,76000,20.000,0,5,0.500,0.200,0.400,96s,fold,0.000000,-15.693750,-2.203125,-15.693750,-2.203125,0.320312,0.362305,40.000000,-80.000000,40.000000,-40.000000,0.000000,40.000000
9,equal,76000,20.000,0,5,0.500,0.200,0.400,JTo,fold,0.000000,-13.009375,-2.213542,-13.009375,-2.213542,0.693142,0.361654,40.000000,-80.000000,40.000000,-40.000000,0.000000,40.000000
9,equal,76000,20.000,0,5,0.500,0.200,0.400,94s,fold,0.000000,-15.871875,-2.229167,-15.871875,-2.229167,0.295573,0.360677,40.000000,-80.000000,40.000000,-40.000000,0.000000,40.000000
9,equal,76000,20.000,0,5,0.500,0.200,0.400,62s,fold,0.000000,-15.651562,-2.239583,-15.651562,-2.239583,0.326172,0.360026,40.000000,-80.000000,40.000000,-40.000000,0.000000,40.000000
9,equal,76000,20.000,0,5,0.500,0.200,0.400,J2s,fold,0.000000,-14.217187,-2.244792,-14.217187,-2.244792,0.525391,0.359701,40.000000,-80.000000,40.000000,-40.000000,0.000000,40.000000
9,equal,76000,20.000,0,5,0.500,0.200,0.400,72s,fold,0.000000,-15.356250,-2.265625,-15.356250,-2.265625,0.367188,0.358398,40.000000,-80.000000,40.000000,-40.000000,0.000000,40.000000
9,equal,76000,20.000,0,5,0.500,0.200,0.400,98o,fold,0.000000,-16.118750,-2.277778,-16.118750,-2.277778,0.261285,0.357639,40.000000,-80.000000,40.000000,-40.000000,0.000000,40.000000
9,equal,76000,20.000,0,5,0.500,0.200,0.400,J3s,fold,0.000000,-14.336719,-2.281250,-14.336719,-2.281250,0.508789,0.357422,40.000000,-80.000000,40.000000,-40.000000,0.000000,40.000000
9,equal,76000,20.000,0,5,0.500,0.200,0.400,53o,fold,0.000000,-15.576562,-2.286458,-15.576562,-2.286458,0.336589,0.357096,40.000000,-80.000000,40.000000,-40.000000,0.000000,40.000000
9,equal,76000,20.000,0,5,0.500,0.200,0.400,T9o,fold,0.000000,-14.564062,-2.296875,-14.564062,-2.296875,0.477214,0.356445,40.000000,-80.000000,40.000000,-40.000000,0.000000,40.000000
9,equal,76000,20.000,0,5,0.500,0.200,0.400,75o,fold,0.000000,-15.696094,-2.307292,-15.696094,-2.307292,0.319987,0.355794,40.000000,-80.000000,40.000000,-40.000000,0.000000,40.000000
9,equal,76000,20.000,0,5,0.500,0.200,0.400,43o,fold,0.000000,-15.670312,-2.312500,-15.670312,-2.312500,0.323568,0.355469,40.000000,-80.000000,40.000000,-40.000000,0.000000,40.000000
9,equal,76000,20.000,0,5,0.500,0.200,0.400,T8o,fold,0.000000,-15.925000,-2.321181,-15.925000,-2.321181,0.288194,0.354926,40.000000,-80.000000,40.000000,-40.000000,0.000000,40.000000
9,equal,76000,20.000,0,5,0.500,0.200,0.400,96o,fold,0.000000,-16.140625,-2.331597,-16.140625,-2.331597,0.258247,0.354275,40.000000,-80.000000,40.000000,-40.000000,0.000000,40.000000
9,equal,76000,20.000,0,5,0.500,0.200,0.400,J8s,fold,0.000000,-13.760156,-2.333333,-13.760156,-2.333333,0.588867,0.354167,40.000000,-80.000000,40.000000,-40.000000,0.000000,40.000000
9,equal,76000,20.000,0,5,0.500,0.200,0.400,J5s,fold,0.000000,-14.041406,-2.338542,-14.041406,-2.338542,0.549805,0.353841,40.000000,-80.000000,40.000000,-40.000000,0.000000,40.000000
9,equal,76000,20.000,0,5,0.500,0.200,0.400,87o,fold,0.000000,-15.496875,-2.348958,-15.496875,-2.348958,0.347656,0.353190,40.000000,-80.000000,40.000000,-40.000000,0.000000,40.000000
9,equal,76000,20.000,0,5,0.500,0.200,0.400,97o,fold,0.000000,-16.143750,-2.366319,-16.143750,-2.366319,0.257812,0.352105,40.000000,-80.000000,40.000000,-40.000000,0.000000,40.000000
9,equal,76000,20.000,0,5,0.500,0.200,0.400,J6s,fold,0.000000,-13.717969,-2.369792,-13.717969,-2.369792,0.594727,0.351888,40.000000,-80.000000,40.000000,-40.000000,0.000000,40.000000
9,equal,76000,20.000,0,5,0.500,0.200,0.400,T4s,fold,0.000000,-15.825000,-2.369792,-15.825000,-2.369792,0.302083,0.351888,40.000000,-80.000000,40.000000,-40.000000,0.000000,40.000000
9,equal,76000,20.000,0,5,0.500,0.200,0.400,63o,fold,0.000000,-15.656250,-2.406250,-15.656250,-2.406250,0.325521,0.349609,40.000000,-80.000000,40.000000,-40.000000,0.000000,40.000000
9,equal,76000,20.000,0,5,0.500,0.200,0.400,T7s,fold,0.000000,-15.759375,-2.416667,-15.759375,-2.416667,0.311198,0.348958,40.000000,-80.000000,40.000000,-40.000000,0.000000,40.000000
9,equal,76000,20.000,0,5,0.500,0.200,0.400,73o,fold,0.000000,-15.836719,-2.458333,-15.836719,-2.458333,0.300456,0.346354,40.000000,-80.000000,40.000000,-40.000000,0.000000,40.000000
9,equal,76000,20.000,0,5,0.500,0.200,0.400,J7s,fold,0.000000,-13.907812,-2.468750,-13.907812,-2.468750,0.568359,0.345703,40.000000,-80.000000,40.000000,-40.000000,0.000000,40.000000
9,equal,76000,20.000,0,5,0.500,0.200,0.400,85o,fold,0.000000,-15.817969,-2.486111,-15.817969,-2.486111,0.303060,0.344618,40.000000,-80.000000,40.000000,-40.000000,0.000000,40.000000
9,equal,76000,20.000,0,5,0.500,0.200,0.400,42o,fold,0.000000,-15.665625,-2.501736,-15.665625,-2.501736,0.324219,0.343641,40.000000,-80.000000,40.000000,-40.000000,0.000000,40.000000
9,equal,76000,20.000,0,5,0.500,0.200,0.400,84o,fold,0.000000,-15.822656,-2.529514,-15.822656,-2.529514,0.302409,0.341905,40.000000,-80.000000,40.000000,-40.000000,0.000000,40.000000
9,equal,76000,20.000,0,5,0.500,0.200,0.400,74o,fold,0.000000,-15.855469,-2.553819,-15.855469,-2.553819,0.297852,0.340386,40.000000,-80.000000,40.000000,-40.000000,0.000000,40.000000
9,equal,76000,20.000,0,5,0.500,0.200,0.400,86o,fold,0.000000,-15.717187,-2.555556,-15.717187,-2.555556,0.317057,0.340278,40.000000,-80.000000,40.000000,-40.000000,0.000000,40.000000
9,equal,76000,20.000,0,5,0.500,0.200,0.400,J9o,fold,0.000000,-13.175000,-2.574653,-13.175000,-2.574653,0.670139,0.339084,40.000000,-80.000000,40.000000,-40.000000,0.000000,40.000000
9,equal,76000,20.000,0,5,0.500,0.200,0.400,95o,fold,0.000000,-16.365625,-2.586806,-16.365625,-2.586806,0.226997,0.338325,40.000000,-80.000000,40.000000,-40.000000,0.000000,40.000000
9,equal,76000,20.000,0,5,0.500,0.200,0.400,62o,fold,0.000000,-15.689062,-2.671875,-15.689062,-2.671875,0.320964,0.333008,40.000000,-80.000000,40.000000,-40.000000,0.000000,40.000000
9,equal,76000,20.000,0,5,0.500,0.200,0.400,32o,fold,0.000000,-15.621094,-2.696181,-15.621094,-2.696181,0.330404,0.331489,40.000000,-80.000000,40.000000,-40.000000,0.000000,40.000000
9,equal,76000,20.000,0,5,0.500,0.200,0.400,82s,fold,0.000000,-15.735937,-2.703125,-15.735937,-2.703125,0.314453,0.331055,40.000000,-80.000000,40.000000,-40.000000,0.000000,40.000000
9,equal,76000,20.000,0,5,0.500,0.200,0.400,72o,fold,0.000000,-15.923438,-2.704861,-15.923438,-2.704861,0.288411,0.330946,40.000000,-80.000000,40.000000,-40.000000,0.000000,40.000000
9,equal,76000,20.000,0,5,0.500,0.200,0.400,J8o,fold,0.000000,-14.062500,-2.706597,-14.062500,-2.706597,0.546875,0.330838,40.000000,-80.000000,40.000000,-40.000000,0.000000,40.000000
9,equal,76000,20.000,0,5,0.500,0.200,0.400,T7o,fold,0.000000,-15.956250,-2.713542,-15.956250,-2.713542,0.283854,0.330404,40.000000,-80.000000,40.000000,-40.000000,0.000000,40.000000
9,equal,76000,20.000,0,5,0.500,0.200,0.400,52o,fold,0.000000,-15.614062,-2.718750,-15.614062,-2.718750,0.331380,0.330078,40.000000,-80.000000,40.000000,-40.000000,0.000000,40.000000
9,equal,76000,20.000,0,5,0.500,0.200,0.400,T5o,fold,0.000000,-15.918750,-2.743056,-15.918750,-2.743056,0.289062,0.328559,40.000000,-80.000000,40.000000,-40.000000,0.000000,40.000000
9,equal,76000,20.000,0,5,0.500,0.200,0.400,K4s,fold,0.000000,-14.167969,-2.770833,-14.167969,-2.770833,0.532227,0.326823,40.000000,-80.000000,40.000000,-40.000000,0.000000,40.000000
9,equal,76000,20.000,0,5,0.500,0.200,0.400,T6o,fold,0.000000,-15.912500,-2.781250,-15.912500,-2.781250,0.289931,0.326172,40.000000,-80.000000,40.000000,-40.000000,0.000000,40.000000
9,equal,76000,20.000,0,5,0.500,0.200,0.400,J7o,fold,0.000000,-14.266406,-2.819444,-14.266406,-2.819444,0.518555,0.323785,40.000000,-80.000000,40.000000,-40.000000,0.000000,40.000000
9,equal,76000,20.000,0,5,0.500,0.200,0.400,J5o,fold,0.000000,-14.203125,-2.840278,-14.203125,-2.840278,0.527344,0.322483,40.000000,-80.000000,40.000000,-40.000000,0.000000,40.000000
9,equal,76000,20.000,0,5,0.500,0.200,0.400,92o,fold,0.000000,-16.262500,-2.873264,-16.262500,-2.873264,0.241319,0.320421,40.000000,-80.000000,40.000000,-40.000000,0.000000,40.000000
9,equal,76000,20.000,0,5,0.500,0.200,0.400,QTs,fold,0.000000,-12.984375,-2.875000,-12.984375,-2.875000,0.696615,0.320312,40.000000,-80.000000,40.000000,-40.000000,0.000000,40.000000
9,equal,76000,20.000,0,5,0.500,0.200,0.400,94o,fold,0.000000,-16.187500,-2.881944,-16.187500,-2.881944,0.251736,0.319878,40.000000,-80.000000,40.000000,-40.000000,0.000000,40.000000
9,equal,76000,20.000,0,5,0.500,0.200,0.400,T3o,fold,0.000000,-16.040625,-2.887153,-16.040625,-2.887153,0.272135,0.319553,40.000000,-80.000000,40.000000,-40.000000,0.000000,40.000000
9,equal,76000,20.000,0,5,0.500,0.200,0.400,T2s,fold,0.000000,-15.721875,-2.921875,-15.721875,-2.921875,0.316406,0.317383,40.000000,-80.000000,40.000000,-40.000000,0.000000,40.000000
9,equal,76000,20.000,0,5,0.500,0.200,0.400,T4o,fold,0.000000,-16.028125,-2.927083,-16.028125,-2.927083,0.273872,0.317057,40.000000,-80.000000,40.000000,-40.000000,0.000000,40.000000
9,equal,76000,20.000,0,5,0.500,0.200,0.400,Q6s,fold,0.000000,-13.978125,-2.958333,-13.978125,-2.958333,0.558594,0.315104,40.000000,-80.000000,40.000000,-40.000000,0.000000,40.000000
9,equal,76000,20.000,0,5,0.500,0.200,0.400,82o,fold,0.000000,-15.975000,-2.960069,-15.975000,-2.960069,0.281250,0.314996,40.000000,-80.000000,40.000000,-40.000000,0.000000,40.000000
9,equal,76000,20.000,0,5,0.500,0.200,0.400,Q4s,fold,0.000000,-14.048437,-2.979167,-14.048437,-2.979167,0.548828,0.313802,40.000000,-80.000000,40.000000,-40.000000,0.000000,40.000000
9,equal,76000,20.000,0,5,0.500,0.200,0.400,KTs,fold,0.000000,-13.162500,-2.986111,-13.162500,-2.986111,0.671875,0.313368,40.000000,-80.000000,40.000000,-40.000000,0.000000,40.000000
9,equal,76000,20.000,0,5,0.500,0.200,0.400,Q5s,fold,0.000000,-14.006250,-3.006944,-14.006250,-3.006944,0.554688,0.312066,40.000000,-80.000000,40.000000,-40.000000,0.000000,40.000000
9,equal,76000,20.000,0,5,0.500,0.200,0.400,J3o,fold,0.000000,-14.400000,-3.019097,-14.400000,-3.019097,0.500000,0.311306,40.000000,-80.000000,40.000000,-40.000000,0.000000,40.000000
9,equal,76000,20.000,0,5,0.500,0.200,0.400,93o,fold,0.000000,-16.059375,-3.031250,-16.059375,-3.031250,0.269531,0.310547,40.000000,-80.000000,40.000000,-40.000000,0.000000,40.000000
9,equal,76000,20.000,0,5,0.500,0.200,0.400,83o,fold,0.000000,-15.996094,-3.053819,-15.996094,-3.053819,0.278320,0.309136,40.000000,-80.000000,40.000000,-40.000000,0.000000,40.000000
9,equal,76000,20.000,0,5,0.500,0.200,0.400,K6s,fold,0.000000,-14.013281,-3.055556,-14.013281,-3.055556,0.553711,0.309028,40.000000,-80.000000,40.000000,-40.000000,0.000000,40.000000
9,equal,76000,20.000,0,5,0.500,0.200,0.400,K8s,fold,0.000000,-14.104687,-3.076389,-14.104687,-3.076389,0.541016,0.307726,40.000000,-80.000000,40.000000,-40.000000,0.000000,40.000000
9,equal,76000,20.000,0,5,0.500,0.200,0.400,J6o,fold,0.000000,-14.364844,-3.076389,-14.364844,-3.076389,0.504883,0.307726,40.000000,-80.000000,40.000000,-40.000000,0.000000,40.000000
9,equal,76000,20.000,0,5,0.500,0.200,0.400,T2o,fold,0.000000,-15.912500,-3.093750,-15.912500,-3.093750,0.289931,0.306641,40.000000,-80.000000,40.000000,-40.000000,0.000000,40.000000
9,equal,76000,20.000,0,5,0.500,0.200,0.400,J2o,fold,0.000000,-14.092969,-3.097222,-14.092969,-3.097222,0.542643,0.306424,40.000000,-80.000000,40.000000,-40.000000,0.000000,40.000000
9,equal,76000,20.000,0,5,0.500,0.200,0.400,J4o,fold,0.000000,-14.275781,-3.105903,-14.275781,-3.105903,0.517253,0.305881,40.000000,-80.000000,40.000000,-40.000000,0.000000,40.000000
9,equal,76000,20.000,0,5,0.500,0.200,0.400,K9s,fold,0.000000,-13.256250,-3.138889,-13.256250,-3.138889,0.658854,0.303819,40.000000,-80.000000,40.000000,-40.000000,0.000000,40.000000
9,equal,76000,20.000,0,5,0.500,0.200,0.400,KJs,fold,0.000000,-13.324219,-3.145833,-13.324219,-3.145833,0.649414,0.303385,40.000000,-80.000000,40.000000,-40.000000,0.000000,40.000000
9,equal,76000,20.000,0,5,0.500,0.200,0.400,Q2s,fold,0.000000,-14.132812,-3.250000,-14.132812,-3.250000,0.537109,0.296875,40.000000,-80.000000,40.000000,-40.000000,0.000000,40.000000
9,equal,76000,20.000,0,5,0.500,0.200,0.400,K7s,fold,0.000000,-14.041406,-3.284722,-14.041406,-3.284722,0.549805,0.294705,40.000000,-80.000000,40.000000,-40.000000,0.000000,40.000000
9,equal,76000,20.000,0,5,0.500,0.200,0.400,K2s,fold,0.000000,-14.076562,-3.284722,-14.076562,-3.284722,0.544922,0.294705,40.000000,-80.000000,40.000000,-40.000000,0.000000,40.000000
9,equal,76000,20.000,0,5,0.500,0.200,0.400,K5s,fold,0.000000,-13.837500,-3.319444,-13.837500,-3.319444,0.578125,0.292535,40.000000,-80.000000,40.000000,-40.000000,0.000000,40.000000
9,equal,76000,20.000,0,5,0.500,0.200,0.400,QJs,fold,0.000000,-13.275000,-3.326389,-13.275000,-3.326389,0.656250,0.292101,40.000000,-80.000000,40.000000,-40.000000,0.000000,40.000000
9,equal,76000,20.000,0,5,0.500,0.200,0.400,Q7s,fold,0.000000,-13.844531,-3.395833,-13.844531,-3.395833,0.577148,0.287760,40.000000,-80.000000,40.000000,-40.000000,0.000000,40.000000
9,equal,76000,20.000,0,5,0.500,0.200,0.400,Q3s,fold,0.000000,-14.322656,-3.437500,-14.322656,-3.437500,0.510742,0.285156,40.000000,-80.000000,40.000000,-40.000000,0.000000,40.000000
9,equal,76000,20.000,0,5,0.500,0.200,0.400,K3s,fold,0.000000,-14.210156,-3.444444,-14.210156,-3.444444,0.526367,0.284722,40.000000,-80.000000,40.000000,-40.000000,0.000000,40.000000
9,equal,76000,20.000,0,5,0.500,0.200,0.400,Q8s,fold,0.000000,-13.760156,-3.562500,-13.760156,-3.562500,0.588867,0.277344,40.000000,-80.000000,40.000000,-40.000000,0.000000,40.000000
9,equal,76000,20.000,0,5,0.500,0.200,0.400,KTo,fold,0.000000,-13.078125,-3.673611,-13.078125,-3.673611,0.683594,0.270399,40.000000,-80.000000,40.000000,-40.000000,0.000000,40.000000
9,equal,76000,20.000,0,5,0.500,0.200,0.400,K9o,fold,0.000000,-13.175000,-3.722222,-13.175000,-3.722222,0.670139,0.267361,40.000000,-80.000000,40.000000,-40.000000,0.000000,40.000000
9,equal,76000,20.000,0,5,0.500,0.200,0.400,Q9s,fold,0.000000,-13.218750,-3.736111,-13.218750,-3.736111,0.664062,0.266493,40.000000,-80.000000,40.000000,-40.000000,0.000000,40.000000
9,equal,76000,20.000,0,5,0.500,0.200,0.400,K8o,fold,0.000000,-14.198437,-3.736111,-14.198437,-3.736111,0.527995,0.266493,40.000000,-80.000000,40.000000,-40.000000,0.000000,40.000000
9,equal,76000,20.000,0,5,0.500,0.200,0.400,QTo,fold,0.000000,-13.193750,-3.750000,-13.193750,-3.750000,0.667535,0.265625,40.000000,-80.000000,40.000000,-40.000000,0.000000,40.000000
9,equal,76000,20.000,0,5,0.500,0.200,0.400,K4o,fold,0.000000,-14.254687,-3.766204,-14.254687,-3.766204,0.520182,0.264612,40.000000,-80.000000,40.000000,-40.000000,0.000000,40.000000
9,equal,76000,20.000,0,5,0.500,0.200,0.400,K5o,fold,0.000000,-14.477344,-3.793981,-14.477344,-3.793981,0.489258,0.262876,40.000000,-80.000000,40.000000,-40.000000,0.000000,40.000000
9,equal,76000,20.000,0,5,0.500,0.200,0.400,K6o,fold,0.000000,-14.355469,-3.810185,-14.355469,-3.810185,0.506185,0.261863,40.000000,-80.000000,40.000000,-40.000000,0.000000,40.000000
9,equal,76000,20.000,0,5,0.500,0.200,0.400,K7o,fold,0.000000,-14.193750,-3.814815,-14.193750,-3.814815,0.528646,0.261574,40.000000,-80.000000,40.000000,-40.000000,0.000000,40.000000
9,equal,76000,20.000,0,5,0.500,0.200,0.400,Q6o,fold,0.000000,-14.139844,-3.881944,-14.139844,-3.881944,0.536133,0.257378,40.000000,-80.000000,40.000000,-40.000000,0.000000,40.000000
9,equal,76000,20.000,0,5,0.500,0.200,0.400,K2o,fold,0.000000,-14.465625,-3.884259,-14.465625,-3.884259,0.490885,0.257234,40.000000,-80.000000,40.000000,-40.000000,0.000000,40.000000
9,equal,76000,20.000,0,5,0.500,0.200,0.400,QJo,fold,0.000000,-13.518750,-3.949074,-13.518750,-3.949074,0.622396,0.253183,40.000000,-80.000000,40.000000,-40.000000,0.000000,40.000000
9,equal,76000,20.000,0,5,0.500,0.200,0.400,Q9o,fold,0.000000,-13.150000,-3.981481,-13.150000,-3.981481,0.673611,0.251157,40.000000,-80.000000,40.000000,-40.000000,0.000000,40.000000
9,equal,76000,20.000,0,5,0.500,0.200,0.400,Q5o,fold,0.000000,-14.360156,-4.039352,-14.360156,-4.039352,0.505534,0.247541,40.000000,-80.000000,40.000000,-40.000000,0.000000,40.000000
9,equal,76000,20.000,0,5,0.500,0.200,0.400,KJo,fold,0.000000,-13.713281,-4.090278,-13.713281,-4.090278,0.595378,0.244358,40.000000,-80.000000,40.000000,-40.000000,0.000000,40.000000
9,equal,76000,20.000,0,5,0.500,0.200,0.400,Q3o,fold,0.000000,-14.376562,-4.092593,-14.376562,-4.092593,0.503255,0.244213,40.000000,-80.000000,40.000000,-40.000000,0.000000,40.000000
9,equal,76000,20.000,0,5,0.500,0.200,0.400,K3o,fold,0.000000,-14.273438,-4.127315,-14.273438,-4.127315,0.517578,0.242043,40.000000,-80.000000,40.000000,-40.000000,0.000000,40.000000
9,equal,76000,20.000,0,5,0.500,0.200,0.400,Q4o,fold,0.000000,-14.397656,-4.155093,-14.397656,-4.155093,0.500326,0.240307,40.000000,-80.000000,40.000000,-40.000000,0.000000,40.000000
9,equal,76000,20.000,0,5,0.500,0.200,0.400,Q8o,fold,0.000000,-14.128125,-4.224537,-14.128125,-4.224537,0.537760,0.235966,40.000000,-80.000000,40.000000,-40.000000,0.000000,40.000000
9,equal,76000,20.000,0,5,0.500,0.200,0.400,Q2o,fold,0.000000,-14.172656,-4.280093,-14.172656,-4.280093,0.531576,0.232494,40.000000,-80.000000,40.000000,-40.000000,0.000000,40.000000
9,equal,76000,20.000,0,5,0.500,0.200,0.400,Q7o,fold,0.000000,-14.400000,-4.363426,-14.400000,-4.363426,0.500000,0.227286,40.000000,-80.000000,40.000000,-40.000000,0.000000,40.000000
9,equal,76000,20.000,0,5,0.500,0.500,0.400,JJ,jam,0.000000,-12.051562,13.046875,-12.051562,13.046875,0.826172,0.826172,40.000000,-80.000000,40.000000,-40.000000,0.000000,40.000000
9,equal,76000,20.000,0,5,0.500,0.500,0.400,QQ,jam,0.000000,-12.117188,12.682292,-12.117188,12.682292,0.817057,0.817057,40.000000,-80.000000,40.000000,-40.000000,0.000000,40.000000
9,equal,76000,20.000,0,5,0.500,0.500,0.400,TT,jam,0.000000,-12.121875,12.656250,-12.121875,12.656250,0.816406,0.816406,40.000000,-80.000000,40.000000,-40.000000,0.000000,40.000000
9,equal,76000,20.000,0,5,0.500,0.500,0.400,AA,jam,0.000000,-12.328125,11.510417,-12.328125,11.510417,0.787760,0.787760,40.000000,-80.000000,40.000000,-40.000000,0.000000,40.000000
9,equal,76000,20.000,0,5,0.500,0.500,0.400,KK,jam,0.000000,-12.379687,11.223958,-12.379687,11.223958,0.780599,0.780599,40.000000,-80.000000,40.000000,-40.000000,0.000000,40.000000
9,equal,76000,20.000,0,5,0.500,0.500,0.400,J9s,jam,0.000000,-12.628125,9.843750,-12.628125,9.843750,0.746094,0.746094,40.000000,-80.000000,40.000000,-40.000000,0.000000,40.000000
9,equal,76000,20.000,0,5,0.500,0.500,0.400,JTs,jam,0.000000,-12.937500,8.125000,-12.937500,8.125000,0.703125,0.703125,40.000000,-80.000000,40.000000,-40.000000,0.000000,40.000000
9,equal,76000,20.000,0,5,0.500,0.500,0.400,ATo,jam,0.000000,-12.971875,7.934028,-12.971875,7.934028,0.698351,0.698351,40.000000,-80.000000,40.000000,-40.000000,0.000000,40.000000
9,equal,76000,20.000,0,5,0.500,0.500,0.400,QTs,jam,0.000000,-12.984375,7.864583,-12.984375,7.864583,0.696615,0.696615,40.000000,-80.000000,40.000000,-40.000000,0.000000,40.000000
9,equal,76000,20.000,0,5,0.500,0.500,0.400,JTo,jam,0.000000,-13.009375,7.725694,-13.009375,7.725694,0.693142,0.693142,40.000000,-80.000000,40.000000,-40.000000,0.000000,40.000000
9,equal,76000,20.000,0,5,0.500,0.500,0.400,A9s,jam,0.000000,-13.068750,7.395833,-13.068750,7.395833,0.684896,0.684896,40.000000,-80.000000,40.000000,-40.000000,0.000000,40.000000
9,equal,76000,20.000,0,5,0.500,0.500,0.400,KTo,jam,0.000000,-13.078125,7.343750,-13.078125,7.343750,0.683594,0.683594,40.000000,-80.000000,40.000000,-40.000000,0.000000,40.000000
9,equal,76000,20.000,0,5,0.500,0.500,0.400,ATs,jam,0.000000,-13.087500,7.291667,-13.087500,7.291667,0.682292,0.682292,40.000000,-80.000000,40.000000,-40.000000,0.000000,40.000000
9,equal,76000,20.000,0,5,0.500,0.500,0.400,Q9o,jam,0.000000,-13.150000,6.944444,-13.150000,6.944444,0.673611,0.673611,40.000000,-80.000000,40.000000,-40.000000,0.000000,40.000000
9,equal,76000,20.000,0,5,0.500,0.500,0.400,KTs,jam,0.000000,-13.162500,6.875000,-13.162500,6.875000,0.671875,0.671875,40.000000,-80.000000,40.000000,-40.000000,0.000000,40.000000
9,equal,76000,20.000,0,5,0.500,0.500,0.400,K9o,jam,0.000000,-13.175000,6.805556,-13.175000,6.805556,0.670139,0.670139,40.000000,-80.000000,40.000000,-40.000000,0.000000,40.000000
9,equal,76000,20.000,0,5,0.500,0.500,0.400,J9o,jam,0.000000,-13.175000,6.805556,-13.175000,6.805556,0.670139,0.670139,40.000000,-80.000000,40.000000,-40.000000,0.000000,40.000000
9,equal,76000,20.000,0,5,0.500,0.500,0.400,QTo,jam,0.000000,-13.193750,6.701389,-13.193750,6.701389,0.667535,0.667535,40.000000,-80.000000,40.000000,-40.000000,0.000000,40.000000
9,equal,76000,20.000,0,5,0.500,0.500,0.400,Q9s,jam,0.000000,-13.218750,6.562500,-13.218750,6.562500,0.664062,0.664062,40.000000,-80.000000,40.000000,-40.000000,0.000000,40.000000
9,equal,76000,20.000,0,5,0.500,0.500,0.400,K9s,jam,0.000000,-13.256250,6.354167,-13.256250,6.354167,0.658854,0.658854,40.000000,-80.000000,40.000000,-40.000000,0.000000,40.000000
9,equal,76000,20.000,0,5,0.500,0.500,0.400,A9o,jam,0.000000,-13.259375,6.336806,-13.259375,6.336806,0.658420,0.658420,40.000000,-80.000000,40.000000,-40.000000,0.000000,40.000000
9,equal,76000,20.000,0,5,0.500,0.500,0.400,KQs,jam,0.000000,-13.267969,6.289062,-13.267969,6.289062,0.657227,0.657227,40.000000,-80.000000,40.000000,-40.000000,0.000000,40.000000
9,equal,76000,20.000,0,5,0.500,0.500,0.400,QJs,jam,0.000000,-13.275000,6.250000,-13.275000,6.250000,0.656250,0.656250,40.000000,-80.000000,40.000000,-40.000000,0.000000,40.000000
9,equal,76000,20.000,0,5,0.500,0.500,0.400,KJs,jam,0.000000,-13.324219,5.976562,-13.324219,5.976562,0.649414,0.649414,40.000000,-80.000000,40.000000,-40.000000,0.000000,40.000000
9,equal,76000,20.000,0,5,0.500,0.500,0.400,AQs,jam,0.000000,-13.380469,5.664062,-13.380469,5.664062,0.641602,0.641602,40.000000,-80.000000,40.000000,-40.000000,0.000000,40.000000
9,equal,76000,20.000,0,5,0.500,0.500,0.400,AJs,jam,0.000000,-13.387500,5.625000,-13.387500,5.625000,0.640625,0.640625,40.000000,-80.000000,40.000000,-40.000000,0.000000,40.000000
9,equal,76000,20.000,0,5,0.500,0.500,0.400,AKs,jam,0.000000,-13.415625,5.468750,-13.415625,5.468750,0.636719,0.636719,40.000000,-80.000000,40.000000,-40.000000,0.000000,40.000000
9,equal,76000,20.000,0,5,0.500,0.500,0.400,QJo,jam,0.000000,-13.518750,4.895833,-13.518750,4.895833,0.622396,0.622396,40.000000,-80.000000,40.000000,-40.000000,0.000000,40.000000
9,equal,76000,20.000,0,5,0.500,0.500,0.400,99,jam,0.000000,-13.528125,4.843750,-13.528125,4.843750,0.621094,0.621094,40.000000,-80.000000,40.000000,-40.000000,0.000000,40.000000
9,equal,76000,20.000,0,5,0.500,0.500,0.400,AJo,jam,0.000000,-13.631250,4.270833,-13.631250,4.270833,0.606771,0.606771,40.000000,-80.000000,40.000000,-40.000000,0.000000,40.000000
9,equal,76000,20.000,0,5,0.500,0.500,0.400,KQo,jam,0.000000,-13.682812,3.984375,-13.682812,3.984375,0.599609,0.599609,40.000000,-80.000000,40.000000,-40.000000,0.000000,40.000000
9,equal,76000,20.000,0,5,0.500,0.500,0.400,J4s,jam,0.000000,-13.696875,3.906250,-13.696875,3.906250,0.597656,0.597656,40.000000,-80.000000,40.000000,-40.000000,0.000000,40.000000
9,equal,76000,20.000,0,5,0.500,0.500,0.400,KJo,jam,0.000000,-13.713281,3.815104,-13.713281,3.815104,0.595378,0.595378,40.000000,-80.000000,40.000000,-40.000000,0.000000,40.000000
9,equal,76000,20.000,0,5,0.500,0.500,0.400,J6s,jam,0.000000,-13.717969,3.789062,-13.717969,3.789062,0.594727,0.594727,40.000000,-80.000000,40.000000,-40.000000,0.000000,40.000000
9,equal,76000,20.000,0,5,0.500,0.500,0.400,Q8s,jam,0.000000,-13.760156,3.554688,-13.760156,3.554688,0.588867,0.588867,40.000000,-80.000000,40.000000,-40.000000,0.000000,40.000000
9,equal,76000,20.000,0,5,0.500,0.500,0.400,J8s,jam,0.000000,-13.760156,3.554688,-13.760156,3.554688,0.588867,0.588867,40.000000,-80.000000,40.000000,-40.000000,0.000000,40.000000
9,equal,76000,20.000,0,5,0.500,0.500,0.400,A8s,jam,0.000000,-13.788281,3.398438,-13.788281,3.398438,0.584961,0.584961,40.000000,-80.000000,40.000000,-40.000000,0.000000,40.000000
9,equal,76000,20.000,0,5,0.500,0.500,0.400,A3s,jam,0.000000,-13.809375,3.281250,-13.809375,3.281250,0.582031,0.582031,40.000000,-80.000000,40.000000,-40.000000,0.000000,40.000000
9,equal,76000,20.000,0,5,0.500,0.500,0.400,K5s,jam,0.000000,-13.837500,3.125000,-13.837500,3.125000,0.578125,0.578125,40.000000,-80.000000,40.000000,-40.000000,0.000000,40.000000
9,equal,76000,20.000,0,5,0.500,0.500,0.400,AQo,jam,0.000000,-13.839844,3.111979,-13.839844,3.111979,0.577799,0.577799,40.000000,-80.000000,40.000000,-40.000000,0.000000,40.000000
9,equal,76000,20.000,0,5,0.500,0.500,0.400,Q7s,jam,0.000000,-13.844531,3.085938,-13.844531,3.085938,0.577148,0.577148,40.000000,-80.000000,40.000000,-40.000000,0.000000,40.000000
9,equal,76000,20.000,0,5,0.500,0.500,0.400,AKo,jam,0.000000,-13.872656,2.929688,-13.872656,2.929688,0.573242,0.573242,40.000000,-80.000000,40.000000,-40.000000,0.000000,40.000000
9,equal,76000,20.000,0,5,0.500,0.500,0.400,J7s,jam,0.000000,-13.907812,2.734375,-13.907812,2.734375,0.568359,0.568359,40.000000,-80.000000,40.000000,-40.000000,0.000000,40.000000
9,equal,76000,20.000,0,5,0.500,0.500,0.400,A2s,jam,0.000000,-13.921875,2.656250,-13.921875,2.656250,0.566406,0.566406,40.000000,-80.000000,40.000000,-40.000000,0.000000,40.000000
9,equal,76000,20.000,0,5,0.500,0.500,0.400,A6s,jam,0.000000,-13.935937,2.578125,-13.935937,2.578125,0.564453,0.564453,40.000000,-80.000000,40.000000,-40.000000,0.000000,40.000000
9,equal,76000,20.000,0,5,0.500,0.500,0.400,Q6s,jam,0.000000,-13.978125,2.343750,-13.978125,2.343750,0.558594,0.558594,40.000000,-80.000000,40.000000,-40.000000,0.000000,40.000000
9,equal,76000,20.000,0,5,0.500,0.500,0.400,Q5s,jam,0.000000,-14.006250,2.187500,-14.006250,2.187500,0.554688,0.554688,40.000000,-80.000000,40.000000,-40.000000,0.000000,40.000000
9,equal,76000,20.000,0,5,0.500,0.500,0.400,K6s,jam,0.000000,-14.013281,2.148438,-14.013281,2.148438,0.553711,0.553711,40.000000,-80.000000,40.000000,-40.000000,0.000000,40.000000
9,equal,76000,20.000,0,5,0.500,0.500,0.400,A7s,jam,0.000000,-14.034375,2.031250,-14.034375,2.031250,0.550781,0.550781,40.000000,-80.000000,40.000000,-40.000000,0.000000,40.000000
9,equal,76000,20.000,0,5,0.500,0.500,0.400,K7s,jam,0.000000,-14.041406,1.992188,-14.041406,1.992188,0.549805,0.549805,40.000000,-80.000000,40.000000,-40.000000,0.000000,40.000000
9,equal,76000,20.000,0,5,0.500,0.500,0.400,J5s,jam,0.000000,-14.041406,1.992188,-14.041406,1.992188,0.549805,0.549805,40.000000,-80.000000,40.000000,-40.000000,0.000000,40.000000
9,equal,76000,20.000,0,5,0.500,0.500,0.400,Q4s,jam,0.000000,-14.048437,1.953125,-14.048437,1.953125,0.548828,0.548828,40.000000,-80.000000,40.000000,-40.000000,0.000000,40.000000
9,equal,76000,20.000,0,5,0.500,0.500,0.400,A8o,jam,0.000000,-14.062500,1.875000,-14.062500,1.875000,0.546875,0.546875,40.000000,-80.000000,40.000000,-40.000000,0.000000,40.000000
9,equal,76000,20.000,0,5,0.500,0.500,0.400,J8o,jam,0.000000,-14.062500,1.875000,-14.062500,1.875000,0.546875,0.546875,40.000000,-80.000000,40.000000,-40.000000,0.000000,40.000000
9,equal,76000,20.000,0,5,0.500,0.500,0.400,K2s,jam,0.000000,-14.076562,1.796875,-14.076562,1.796875,0.544922,0.544922,40.000000,-80.000000,40.000000,-40.000000,0.000000,40.000000
9,equal,76000,20.000,0,5,0.500,0.500,0.400,A5s,jam,0.000000,-14.090625,1.718750,-14.090625,1.718750,0.542969,0.542969,40.000000,-80.000000,40.000000,-40.000000,0.000000,40.000000
9,equal,76000,20.000,0,5,0.500,0.500,0.400,J2o,jam,0.000000,-14.092969,1.705729,-14.092969,1.705729,0.542643,0.542643,40.000000,-80.000000,40.000000,-40.000000,0.000000,40.000000
9,equal,76000,20.000,0,5,0.500,0.500,0.400,K8s,jam,0.000000,-14.104687,1.640625,-14.104687,1.640625,0.541016,0.541016,40.000000,-80.000000,40.000000,-40.000000,0.000000,40.000000
9,equal,76000,20.000,0,5,0.500,0.500,0.400,A4s,jam,0.000000,-14.111719,1.601562,-14.111719,1.601562,0.540039,0.540039,40.000000,-80.000000,40.000000,-40.000000,0.000000,40.000000
9,equal,76000,20.000,0,5,0.500,0.500,0.400,Q8o,jam,0.000000,-14.128125,1.510417,-14.128125,1.510417,0.537760,0.537760,40.000000,-80.000000,40.000000,-40.000000,0.000000,40.000000
9,equal,76000,20.000,0,5,0.500,0.500,0.400,Q2s,jam,0.000000,-14.132812,1.484375,-14.132812,1.484375,0.537109,0.537109,40.000000,-80.000000,40.000000,-40.000000,0.000000,40.000000
9,equal,76000,20.000,0,5,0.500,0.500,0.400,A3o,jam,0.000000,-14.135156,1.471354,-14.135156,1.471354,0.536784,0.536784,40.000000,-80.000000,40.000000,-40.000000,0.000000,40.000000
9,equal,76000,20.000,0,5,0.500,0.500,0.400,Q6o,jam,0.000000,-14.139844,1.445312,-14.139844,1.445312,0.536133,0.536133,40.000000,-80.000000,40.000000,-40.000000,0.000000,40.000000
9,equal,76000,20.000,0,5,0.500,0.500,0.400,K4s,jam,0.000000,-14.167969,1.289062,-14.167969,1.289062,0.532227,0.532227,40.000000,-80.000000,40.000000,-40.000000,0.000000,40.000000
9,equal,76000,20.000,0,5,0.500,0.500,0.400,Q2o,jam,0.000000,-14.172656,1.263021,-14.172656,1.263021,0.531576,0.531576,40.000000,-80.000000,40.000000,-40.000000,0.000000,40.000000
9,equal,76000,20.000,0,5,0.500,0.500,0.400,A6o,jam,0.000000,-14.186719,1.184896,-14.186719,1.184896,0.529622,0.529622,40.000000,-80.000000,40.000000,-40.000000,0.000000,40.000000
9,equal,76000,20.000,0,5,0.500,0.500,0.400,K7o,jam,0.000000,-14.193750,1.145833,-14.193750,1.145833,0.528646,0.528646,40.000000,-80.000000,40.000000,-40.000000,0.000000,40.000000
9,equal,76000,20.000,0,5,0.500,0.500,0.400,K8o,jam,0.000000,-14.198437,1.119792,-14.198437,1.119792,0.527995,0.527995,40.000000,-80.000000,40.000000,-40.000000,0.000000,40.000000
9,equal,76000,20.000,0,5,0.500,0.500,0.400,J5o,jam,0.000000,-14.203125,1.093750,-14.203125,1.093750,0.527344,0.527344,40.000000,-80.000000,40.000000,-40.000000,0.000000,40.000000
9,equal,76000,20.000,0,5,0.500,0.500,0.400,A5o,jam,0.000000,-14.207812,1.067708,-14.207812,1.067708,0.526693,0.526693,40.000000,-80.000000,40.000000,-40.000000,0.000000,40.000000
9,equal,76000,20.000,0,5,0.500,0.500,0.400,K3s,jam,0.000000,-14.210156,1.054688,-14.210156,1.054688,0.526367,0.526367,40.000000,-80.000000,40.000000,-40.000000,0.000000,40.000000
9,equal,76000,20.000,0,5,0.500,0.500,0.400,J2s,jam,0.000000,-14.217187,1.015625,-14.217187,1.015625,0.525391,0.525391,40.000000,-80.000000,40.000000,-40.000000,0.000000,40.000000
9,equal,76000,20.000,0,5,0.500,0.500,0.400,A4o,jam,0.000000,-14.231250,0.937500,-14.231250,0.937500,0.523438,0.523438,40.000000,-80.000000,40.000000,-40.000000,0.000000,40.000000
9,equal,76000,20.000,0,5,0.500,0.500,0.400,K4o,jam,0.000000,-14.254687,0.807292,-14.254687,0.807292,0.520182,0.520182,40.000000,-80.000000,40.000000,-40.000000,0.000000,40.000000
9,equal,76000,20.000,0,5,0.500,0.500,0.400,J7o,jam,0.000000,-14.266406,0.742188,-14.266406,0.742188,0.518555,0.518555,40.000000,-80.000000,40.000000,-40.000000,0.000000,40.000000
9,equal,76000,20.000,0,5,0.500,0.500,0.400,K3o,jam,0.000000,-14.273438,0.703125,-14.273438,0.703125,0.517578,0.517578,40.000000,-80.000000,40.000000,-40.000000,0.000000,40.000000
9,equal,76000,20.000,0,5,0.500,0.500,0.400,J4o,jam,0.000000,-14.275781,0.690104,-14.275781,0.690104,0.517253,0.517253,40.000000,-80.000000,40.000000,-40.000000,0.000000,40.000000
9,equal,76000,20.000,0,5,0.500,0.500,0.400,88,jam,0.000000,-14.278125,0.677083,-14.278125,0.677083,0.516927,0.516927,40.000000,-80.000000,40.000000,-40.000000,0.000000,40.000000
9,equal,76000,20.000,0,5,0.500,0.500,0.400,A7o,jam,0.000000,-14.299219,0.559896,-14.299219,0.559896,0.513997,0.513997,40.000000,-80.000000,40.000000,-40.000000,0.000000,40.000000
9,equal,76000,20.000,0,5,0.500,0.500,0.400,Q3s,jam,0.000000,-14.322656,0.429688,-14.322656,0.429688,0.510742,0.510742,40.000000,-80.000000,40.000000,-40.000000,0.000000,40.000000
9,equal,76000,20.000,0,5,0.500,0.500,0.400,J3s,jam,0.000000,-14.336719,0.351562,-14.336719,0.351562,0.508789,0.508789,40.000000,-80.000000,40.000000,-40.000000,0.000000,40.000000
9,equal,76000,20.000,0,5,0.500,0.500,0.400,K6o,jam,0.000000,-14.355469,0.247396,-14.355469,0.247396,0.506185,0.506185,40.000000,-80.000000,40.000000,-40.000000,0.000000,40.000000
9,equal,76000,20.000,0,5,0.500,0.500,0.400,Q5o,jam,0.000000,-14.360156,0.221354,-14.360156,0.221354,0.505534,0.505534,40.000000,-80.000000,40.000000,-40.000000,0.000000,40.000000
9,equal,76000,20.000,0,5,0.500,0.500,0.400,J6o,jam,0.000000,-14.364844,0.195312,-14.364844,0.195312,0.504883,0.504883,40.000000,-80.000000,40.000000,-40.000000,0.000000,40.000000
9,equal,76000,20.000,0,5,0.500,0.500,0.400,Q3o,jam,0.000000,-14.376562,0.130208,-14.376562,0.130208,0.503255,0.503255,40.000000,-80.000000,40.000000,-40.000000,0.000000,40.000000
9,equal,76000,20.000,0,5,0.500,0.500,0.400,A2o,jam,0.000000,-14.390625,0.052083,-14.390625,0.052083,0.501302,0.501302,40.000000,-80.000000,40.000000,-40.000000,0.000000,40.000000
9,equal,76000,20.000,0,5,0.500,0.500,0.400,Q4o,jam,0.000000,-14.397656,0.013021,-14.397656,0.013021,0.500326,0.500326,40.000000,-80.000000,40.000000,-40.000000,0.000000,40.000000
9,equal,76000,20.000,0,5,0.500,0.500,0.400,Q7o,jam,0.000000,-14.400000,0.000000,-14.400000,0.000000,0.500000,0.500000,40.000000,-80.000000,40.000000,-40.000000,0.000000,40.000000
9,equal,76000,20.000,0,5,0.500,0.500,0.400,J3o,jam,0.000000,-14.400000,0.000000,-14.400000,0.000000,0.500000,0.500000,40.000000,-80.000000,40.000000,-40.000000,0.000000,40.000000
9,equal,76000,20.000,0,5,0.500,0.500,0.400,T9s,jam,0.000000,-14.400000,0.000000,-14.400000,0.000000,0.500000,0.500000,40.000000,-80.000000,40.000000,-40.000000,0.000000,40.000000
9,equal,76000,20.000,0,5,0.500,0.500,0.400,66,fold,0.000000,-14.414062,-0.078125,-14.414062,-0.078125,0.498047,0.498047,40.000000,-80.000000,40.000000,-40.000000,0.000000,40.000000
9,equal,76000,20.000,0,5,0.500,0.500,0.400,K2o,fold,0.000000,-14.465625,-0.364583,-14.465625,-0.364583,0.490885,0.490885,40.000000,-80.000000,40.000000,-40.000000,0.000000,40.000000
9,equal,76000,20.000,0,5,0.500,0.500,0.400,K5o,fold,0.000000,-14.477344,-0.429688,-14.477344,-0.429688,0.489258,0.489258,40.000000,-80.000000,40.000000,-40.000000,0.000000,40.000000
9,equal,76000,20.000,0,5,0.500,0.500,0.400,55,fold,0.000000,-14.479687,-0.442708,-14.479687,-0.442708,0.488932,0.488932,40.000000,-80.000000,40.000000,-40.000000,0.000000,40.000000
9,equal,76000,20.000,0,5,0.500,0.500,0.400,33,fold,0.000000,-14.540625,-0.781250,-14.540625,-0.781250,0.480469,0.480469,40.000000,-80.000000,40.000000,-40.000000,0.000000,40.000000
9,equal,76000,20.000,0,5,0.500,0.500,0.400,T9o,fold,0.000000,-14.564062,-0.911458,-14.564062,-0.911458,0.477214,0.477214,40.000000,-80.000000,40.000000,-40.000000,0.000000,40.000000
9,equal,76000,20.000,0,5,0.500,0.500,0.400,22,fold,0.000000,-14.657813,-1.432292,-14.657813,-1.432292,0.464193,0.464193,40.000000,-80.000000,40.000000,-40.000000,0.000000,40.000000
9,equal,76000,20.000,0,5,0.500,0.500,0.400,77,fold,0.000000,-14.676562,-1.536458,-14.676562,-1.536458,0.461589,0.461589,40.000000,-80.000000,40.000000,-40.000000,0.000000,40.000000
9,equal,76000,20.000,0,5,0.500,0.500,0.400,44,fold,0.000000,-14.840625,-2.447917,-14.840625,-2.447917,0.438802,0.438802,40.000000,-80.000000,40.000000,-40.000000,0.000000,40.000000
9,equal,76000,20.000,0,5,0.500,0.500,0.400,76s,fold,0.000000,-15.271875,-4.843750,-15.271875,-4.843750,0.378906,0.378906,40.000000,-80.000000,40.000000,-40.000000,0.000000,40.000000
9,equal,76000,20.000,0,5,0.500,0.500,0.400,72s,fold,0.000000,-15.356250,-5.312500,-15.356250,-5.312500,0.367188,0.367188,40.000000,-80.000000,40.000000,-40.000000,0.000000,40.000000
9,equal,76000,20.000,0,5,0.500,0.500,0.400,75s,fold,0.000000,-15.398438,-5.546875,-15.398438,-5.546875,0.361328,0.361328,40.000000,-80.000000,40.000000,-40.000000,0.000000,40.000000
9,equal,76000,20.000,0,5,0.500,0.500,0.400,42s,fold,0.000000,-15.405469,-5.585938,-15.405469,-5.585938,0.360352,0.360352,40.000000,-80.000000,40.000000,-40.000000,0.000000,40.000000
9,equal,76000,20.000,0,5,0.500,0.500,0.400,54o,fold,0.000000,-15.410156,-5.611979,-15.410156,-5.611979,0.359701,0.359701,40.000000,-80.000000,40.000000,-40.000000,0.000000,40.000000
9,equal,76000,20.000,0,5,0.500,0.500,0.400,76o,fold,0.000000,-15.414844,-5.638021,-15.414844,-5.638021,0.359049,0.359049,40.000000,-80.000000,40.000000,-40.000000,0.000000,40.000000
9,equal,76000,20.000,0,5,0.500,0.500,0.400,43s,fold,0.000000,-15.440625,-5.781250,-15.440625,-5.781250,0.355469,0.355469,40.000000,-80.000000,40.000000,-40.000000,0.000000,40.000000
9,equal,76000,20.000,0,5,0.500,0.500,0.400,52s,fold,0.000000,-15.461719,-5.898438,-15.461719,-5.898438,0.352539,0.352539,40.000000,-80.000000,40.000000,-40.000000,0.000000,40.000000
9,equal,76000,20.000,0,5,0.500,0.500,0.400,T3s,fold,0.000000,-15.478125,-5.989583,-15.478125,-5.989583,0.350260,0.350260,40.000000,-80.000000,40.000000,-40.000000,0.000000,40.000000
9,equal,76000,20.000,0,5,0.500,0.500,0.400,86s,fold,0.000000,-15.482812,-6.015625,-15.482812,-6.015625,0.349609,0.349609,40.000000,-80.000000,40.000000,-40.000000,0.000000,40.000000
9,equal,76000,20.000,0,5,0.500,0.500,0.400,73s,fold,0.000000,-15.482812,-6.015625,-15.482812,-6.015625,0.349609,0.349609,40.000000,-80.000000,40.000000,-40.000000,0.000000,40.000000
9,equal,76000,20.000,0,5,0.500,0.500,0.400,87o,fold,0.000000,-15.496875,-6.093750,-15.496875,-6.093750,0.347656,0.347656,40.000000,-80.000000,40.000000,-40.000000,0.000000,40.000000
9,equal,76000,20.000,0,5,0.500,0.500,0.400,85s,fold,0.000000,-15.496875,-6.093750,-15.496875,-6.093750,0.347656,0.347656,40.000000,-80.000000,40.000000,-40.000000,0.000000,40.000000
9,equal,76000,20.000,0,5,0.500,0.500,0.400,74s,fold,0.000000,-15.510937,-6.171875,-15.510937,-6.171875,0.345703,0.345703,40.000000,-80.000000,40.000000,-40.000000,0.000000,40.000000
9,equal,76000,20.000,0,5,0.500,0.500,0.400,63s,fold,0.000000,-15.510937,-6.171875,-15.510937,-6.171875,0.345703,0.345703,40.000000,-80.000000,40.000000,-40.000000,0.000000,40.000000
9,equal,76000,20.000,0,5,0.500,0.500,0.400,T8s,fold,0.000000,-15.515625,-6.197917,-15.515625,-6.197917,0.345052,0.345052,40.000000,-80.000000,40.000000,-40.000000,0.000000,40.000000
9,equal,76000,20.000,0,5,0.500,0.500,0.400,65s,fold,0.000000,-15.525000,-6.250000,-15.525000,-6.250000,0.343750,0.343750,40.000000,-80.000000,40.000000,-40.000000,0.000000,40.000000
9,equal,76000,20.000,0,5,0.500,0.500,0.400,53s,fold,0.000000,-15.546094,-6.367188,-15.546094,-6.367188,0.340820,0.340820,40.000000,-80.000000,40.000000,-40.000000,0.000000,40.000000
9,equal,76000,20.000,0,5,0.500,0.500,0.400,87s,fold,0.000000,-15.574219,-6.523438,-15.574219,-6.523438,0.336914,0.336914,40.000000,-80.000000,40.000000,-40.000000,0.000000,40.000000
9,equal,76000,20.000,0,5,0.500,0.500,0.400,53o,fold,0.000000,-15.576562,-6.536458,-15.576562,-6.536458,0.336589,0.336589,40.000000,-80.000000,40.000000,-40.000000,0.000000,40.000000
9,equal,76000,20.000,0,5,0.500,0.500,0.400,65o,fold,0.000000,-15.581250,-6.562500,-15.581250,-6.562500,0.335938,0.335938,40.000000,-80.000000,40.000000,-40.000000,0.000000,40.000000
9,equal,76000,20.000,0,5,0.500,0.500,0.400,52o,fold,0.000000,-15.614062,-6.744792,-15.614062,-6.744792,0.331380,0.331380,40.000000,-80.000000,40.000000,-40.000000,0.000000,40.000000
9,equal,76000,20.000,0,5,0.500,0.500,0.400,32o,fold,0.000000,-15.621094,-6.783854,-15.621094,-6.783854,0.330404,0.330404,40.000000,-80.000000,40.000000,-40.000000,0.000000,40.000000
9,equal,76000,20.000,0,5,0.500,0.500,0.400,64o,fold,0.000000,-15.639844,-6.888021,-15.639844,-6.888021,0.327799,0.327799,40.000000,-80.000000,40.000000,-40.000000,0.000000,40.000000
9,equal,76000,20.000,0,5,0.500,0.500,0.400,84s,fold,0.000000,-15.644531,-6.914062,-15.644531,-6.914062,0.327148,0.327148,40.000000,-80.000000,40.000000,-40.000000,0.000000,40.000000
9,equal,76000,20.000,0,5,0.500,0.500,0.400,62s,fold,0.000000,-15.651562,-6.953125,-15.651562,-6.953125,0.326172,0.326172,40.000000,-80.000000,40.000000,-40.000000,0.000000,40.000000
9,equal,76000,20.000,0,5,0.500,0.500,0.400,63o,fold,0.000000,-15.656250,-6.979167,-15.656250,-6.979167,0.325521,0.325521,40.000000,-80.000000,40.000000,-40.000000,0.000000,40.000000
9,equal,76000,20.000,0,5,0.500,0.500,0.400,42o,fold,0.000000,-15.665625,-7.031250,-15.665625,-7.031250,0.324219,0.324219,40.000000,-80.000000,40.000000,-40.000000,0.000000,40.000000
9,equal,76000,20.000,0,5,0.500,0.500,0.400,43o,fold,0.000000,-15.670312,-7.057292,-15.670312,-7.057292,0.323568,0.323568,40.000000,-80.000000,40.000000,-40.000000,0.000000,40.000000
9,equal,76000,20.000,0,5,0.500,0.500,0.400,54s,fold,0.000000,-15.672656,-7.070312,-15.672656,-7.070312,0.323242,0.323242,40.000000,-80.000000,40.000000,-40.000000,0.000000,40.000000
9,equal,76000,20.000,0,5,0.500,0.500,0.400,T6s,fold,0.000000,-15.675000,-7.083333,-15.675000,-7.083333,0.322917,0.322917,40.000000,-80.000000,40.000000,-40.000000,0.000000,40.000000
9,equal,76000,20.000,0,5,0.500,0.500,0.400,92s,fold,0.000000,-15.675000,-7.083333,-15.675000,-7.083333,0.322917,0.322917,40.000000,-80.000000,40.000000,-40.000000,0.000000,40.000000
9,equal,76000,20.000,0,5,0.500,0.500,0.400,62o,fold,0.000000,-15.689062,-7.161458,-15.689062,-7.161458,0.320964,0.320964,40.000000,-80.000000,40.000000,-40.000000,0.000000,40.000000
9,equal,76000,20.000,0,5,0.500,0.500,0.400,96s,fold,0.000000,-15.693750,-7.187500,-15.693750,-7.187500,0.320312,0.320312,40.000000,-80.000000,40.000000,-40.000000,0.000000,40.000000
9,equal,76000,20.000,0,5,0.500,0.500,0.400,75o,fold,0.000000,-15.696094,-7.200521,-15.696094,-7.200521,0.319987,0.319987,40.000000,-80.000000,40.000000,-40.000000,0.000000,40.000000
9,equal,76000,20.000,0,5,0.500,0.500,0.400,86o,fold,0.000000,-15.717187,-7.317708,-15.717187,-7.317708,0.317057,0.317057,40.000000,-80.000000,40.000000,-40.000000,0.000000,40.000000
9,equal,76000,20.000,0,5,0.500,0.500,0.400,T2s,fold,0.000000,-15.721875,-7.343750,-15.721875,-7.343750,0.316406,0.316406,40.000000,-80.000000,40.000000,-40.000000,0.000000,40.000000
9,equal,76000,20.000,0,5,0.500,0.500,0.400,82s,fold,0.000000,-15.735937,-7.421875,-15.735937,-7.421875,0.314453,0.314453,40.000000,-80.000000,40.000000,-40.000000,0.000000,40.000000
9,equal,76000,20.000,0,5,0.500,0.500,0.400,83s,fold,0.000000,-15.742969,-7.460938,-15.742969,-7.460938,0.313477,0.313477,40.000000,-80.000000,40.000000,-40.000000,0.000000,40.000000
9,equal,76000,20.000,0,5,0.500,0.500,0.400,T7s,fold,0.000000,-15.759375,-7.552083,-15.759375,-7.552083,0.311198,0.311198,40.000000,-80.000000,40.000000,-40.000000,0.000000,40.000000
9,equal,76000,20.000,0,5,0.500,0.500,0.400,T5s,fold,0.000000,-15.796875,-7.760417,-15.796875,-7.760417,0.305990,0.305990,40.000000,-80.000000,40.000000,-40.000000,0.000000,40.000000
9,equal,76000,20.000,0,5,0.500,0.500,0.400,85o,fold,0.000000,-15.817969,-7.877604,-15.817969,-7.877604,0.303060,0.303060,40.000000,-80.000000,40.000000,-40.000000,0.000000,40.000000
9,equal,76000,20.000,0,5,0.500,0.500,0.400,84o,fold,0.000000,-15.822656,-7.903646,-15.822656,-7.903646,0.302409,0.302409,40.000000,-80.000000,40.000000,-40.000000,0.000000,40.000000
9,equal,76000,20.000,0,5,0.500,0.500,0.400,T4s,fold,0.000000,-15.825000,-7.916667,-15.825000,-7.916667,0.302083,0.302083,40.000000,-80.000000,40.000000,-40.000000,0.000000,40.000000
9,equal,76000,20.000,0,5,0.500,0.500,0.400,93s,fold,0.000000,-15.825000,-7.916667,-15.825000,-7.916667,0.302083,0.302083,40.000000,-80.000000,40.000000,-40.000000,0.000000,40.000000
9,equal,76000,20.000,0,5,0.500,0.500,0.400,73o,fold,0.000000,-15.836719,-7.981771,-15.836719,-7.981771,0.300456,0.300456,40.000000,-80.000000,40.000000,-40.000000,0.000000,40.000000
9,equal,76000,20.000,0,5,0.500,0.500,0.400,74o,fold,0.000000,-15.855469,-8.085938,-15.855469,-8.085938,0.297852,0.297852,40.000000,-80.000000,40.000000,-40.000000,0.000000,40.000000
9,equal,76000,20.000,0,5,0.500,0.500,0.400,97s,fold,0.000000,-15.862500,-8.125000,-15.862500,-8.125000,0.296875,0.296875,40.000000,-80.000000,40.000000,-40.000000,0.000000,40.000000
9,equal,76000,20.000,0,5,0.500,0.500,0.400,94s,fold,0.000000,-15.871875,-8.177083,-15.871875,-8.177083,0.295573,0.295573,40.000000,-80.000000,40.000000,-40.000000,0.000000,40.000000
9,equal,76000,20.000,0,5,0.500,0.500,0.400,95s,fold,0.000000,-15.909375,-8.385417,-15.909375,-8.385417,0.290365,0.290365,40.000000,-80.000000,40.000000,-40.000000,0.000000,40.000000
9,equal,76000,20.000,0,5,0.500,0.500,0.400,T6o,fold,0.000000,-15.912500,-8.402778,-15.912500,-8.402778,0.289931,0.289931,40.000000,-80.000000,40.000000,-40.000000,0.000000,40.000000
9,equal,76000,20.000,0,5,0.500,0.500,0.400,T2o,fold,0.000000,-15.912500,-8.402778,-15.912500,-8.402778,0.289931,0.289931,40.000000,-80.000000,40.000000,-40.000000,0.000000,40.000000
9,equal,76000,20.000,0,5,0.500,0.500,0.400,T5o,fold,0.000000,-15.918750,-8.437500,-15.918750,-8.437500,0.289062,0.289062,40.000000,-80.000000,40.000000,-40.000000,0.000000,40.000000
9,equal,76000,20.000,0,5,0.500,0.500,0.400,72o,fold,0.000000,-15.923438,-8.463542,-15.923438,-8.463542,0.288411,0.288411,40.000000,-80.000000,40.000000,-40.000000,0.000000,40.000000
9,equal,76000,20.000,0,5,0.500,0.500,0.400,T8o,fold,0.000000,-15.925000,-8.472222,-15.925000,-8.472222,0.288194,0.288194,40.000000,-80.000000,40.000000,-40.000000,0.000000,40.000000
9,equal,76000,20.000,0,5,0.500,0.500,0.400,98s,fold,0.000000,-15.928125,-8.489583,-15.928125,-8.489583,0.287760,0.287760,40.000000,-80.000000,40.000000,-40.000000,0.000000,40.000000
9,equal,76000,20.000,0,5,0.500,0.500,0.400,64s,fold,0.000000,-15.932812,-8.515625,-15.932812,-8.515625,0.287109,0.287109,40.000000,-80.000000,40.000000,-40.000000,0.000000,40.000000
9,equal,76000,20.000,0,5,0.500,0.500,0.400,T7o,fold,0.000000,-15.956250,-8.645833,-15.956250,-8.645833,0.283854,0.283854,40.000000,-80.000000,40.000000,-40.000000,0.000000,40.000000
9,equal,76000,20.000,0,5,0.500,0.500,0.400,82o,fold,0.000000,-15.975000,-8.750000,-15.975000,-8.750000,0.281250,0.281250,40.000000,-80.000000,40.000000,-40.000000,0.000000,40.000000
9,equal,76000,20.000,0,5,0.500,0.500,0.400,83o,fold,0.000000,-15.996094,-8.867188,-15.996094,-8.867188,0.278320,0.278320,40.000000,-80.000000,40.000000,-40.000000,0.000000,40.000000
9,equal,76000,20.000,0,5,0.500,0.500,0.400,32s,fold,0.000000,-16.024219,-9.023438,-16.024219,-9.023438,0.274414,0.274414,40.000000,-80.000000,40.000000,-40.000000,0.000000,40.000000
9,equal,76000,20.000,0,5,0.500,0.500,0.400,T4o,fold,0.000000,-16.028125,-9.045139,-16.028125,-9.045139,0.273872,0.273872,40.000000,-80.000000,40.000000,-40.000000,0.000000,40.000000
9,equal,76000,20.000,0,5,0.500,0.500,0.400,T3o,fold,0.000000,-16.040625,-9.114583,-16.040625,-9.114583,0.272135,0.272135,40.000000,-80.000000,40.000000,-40.000000,0.000000,40.000000
9,equal,76000,20.000,0,5,0.500,0.500,0.400,93o,fold,0.000000,-16.059375,-9.218750,-16.059375,-9.218750,0.269531,0.269531,40.000000,-80.000000,40.000000,-40.000000,0.000000,40.000000
9,equal,76000,20.000,0,5,0.500,0.500,0.400,98o,fold,0.000000,-16.118750,-9.548611,-16.118750,-9.548611,0.261285,0.261285,40.000000,-80.000000,40.000000,-40.000000,0.000000,40.000000
9,equal,76000,20.000,0,5,0.500,0.500,0.400,96o,fold,0.000000,-16.140625,-9.670139,-16.140625,-9.670139,0.258247,0.258247,40.000000,-80.000000,40.000000,-40.000000,0.000000,40.000000
9,equal,76000,20.000,0,5,0.500,0.500,0.400,97o,fold,0.000000,-16.143750,-9.687500,-16.143750,-9.687500,0.257812,0.257812,40.000000,-80.000000,40.000000,-40.000000,0.000000,40.000000
9,equal,76000,20.000,0,5,0.500,0.500,0.400,94o,fold,0.000000,-16.187500,-9.930556,-16.187500,-9.930556,0.251736,0.251736,40.000000,-80.000000,40.000000,-40.000000,0.000000,40.000000
9,equal,76000,20.000,0,5,0.500,0.500,0.400,92o,fold,0.000000,-16.262500,-10.347222,-16.262500,-10.347222,0.241319,0.241319,40.000000,-80.000000,40.000000,-40.000000,0.000000,40.000000
9,equal,76000,20.000,0,5,0.500,0.500,0.400,95o,fold,0.000000,-16.365625,-10.920139,-16.365625,-10.920139,0.226997,0.226997,40.000000,-80.000000,40.000000,-40.000000,0.000000,40.000000
9,equal,76000,20.000,0,5,0.500,1.000,0.400,99,jam,0.000000,-13.528125,30.729167,-13.528125,30.729167,0.621094,0.884115,40.000000,-80.000000,40.000000,-40.000000,0.000000,40.000000
9,equal,76000,20.000,0,5,0.500,1.000,0.400,TT,jam,0.000000,-12.121875,28.871528,-12.121875,28.871528,0.816406,0.860894,40.000000,-80.000000,40.000000,-40.000000,0.000000,40.000000
9,equal,76000,20.000,0,5,0.500,1.000,0.400,JJ,jam,0.000000,-12.051562,27.274306,-12.051562,27.274306,0.826172,0.840929,40.000000,-80.000000,40.000000,-40.000000,0.000000,40.000000
9,equal,76000,20.000,0,5,0.500,1.000,0.400,KK,jam,0.000000,-12.379687,26.788194,-12.379687,26.788194,0.780599,0.834852,40.000000,-80.000000,40.000000,-40.000000,0.000000,40.000000
9,equal,76000,20.000,0,5,0.500,1.000,0.400,AA,jam,0.000000,-12.328125,25.746528,-12.328125,25.746528,0.787760,0.821832,40.000000,-80.000000,40.000000,-40.000000,0.000000,40.000000
9,equal,76000,20.000,0,5,0.500,1.000,0.400,QQ,jam,0.000000,-12.117188,25.364583,-12.117188,25.364583,0.817057,0.817057,40.000000,-80.000000,40.000000,-40.000000,0.000000,40.000000
9,equal,76000,20.000,0,5,0.500,1.000,0.400,T9s,jam,0.000000,-14.400000,19.375000,-14.400000,19.375000,0.500000,0.742188,40.000000,-80.000000,40.000000,-40.000000,0.000000,40.000000
9,equal,76000,20.000,0,5,0.500,1.000,0.400,J9o,jam,0.000000,-13.175000,19.189815,-13.175000,19.189815,0.670139,0.739873,40.000000,-80.000000,40.000000,-40.000000,0.000000,40.000000
9,equal,76000,20.000,0,5,0.500,1.000,0.400,Q9s,jam,0.000000,-13.218750,18.958333,-13.218750,18.958333,0.664062,0.736979,40.000000,-80.000000,40.000000,-40.000000,0.000000,40.000000
9,equal,76000,20.000,0,5,0.500,1.000,0.400,J7s,jam,0.000000,-13.907812,18.402778,-13.907812,18.402778,0.568359,0.730035,40.000000,-80.000000,40.000000,-40.000000,0.000000,40.000000
9,equal,76000,20.000,0,5,0.500,1.000,0.400,T9o,jam,0.000000,-14.564062,18.368056,-14.564062,18.368056,0.477214,0.729601,40.000000,-80.000000,40.000000,-40.000000,0.000000,40.000000
9,equal,76000,20.000,0,5,0.500,1.000,0.400,A9s,jam,0.000000,-13.068750,18.194444,-13.068750,18.194444,0.684896,0.727431,40.000000,-80.000000,40.000000,-40.000000,0.000000,40.000000
9,equal,76000,20.000,0,5,0.500,1.000,0.400,J9s,jam,0.000000,-12.628125,18.055556,-12.628125,18.055556,0.746094,0.725694,40.000000,-80.000000,40.000000,-40.000000,0.000000,40.000000
9,equal,76000,20.000,0,5,0.500,1.000,0.400,Q9o,jam,0.000000,-13.150000,17.881944,-13.150000,17.881944,0.673611,0.723524,40.000000,-80.000000,40.000000,-40.000000,0.000000,40.000000
9,equal,76000,20.000,0,5,0.500,1.000,0.400,A7s,jam,0.000000,-14.034375,17.534722,-14.034375,17.534722,0.550781,0.719184,40.000000,-80.000000,40.000000,-40.000000,0.000000,40.000000
9,equal,76000,20.000,0,5,0.500,1.000,0.400,K7s,jam,0.000000,-14.041406,17.534722,-14.041406,17.534722,0.549805,0.719184,40.000000,-80.000000,40.000000,-40.000000,0.000000,40.000000
9,equal,76000,20.000,0,5,0.500,1.000,0.400,Q7s,jam,0.000000,-13.844531,17.326389,-13.844531,17.326389,0.577148,0.716580,40.000000,-80.000000,40.000000,-40.000000,0.000000,40.000000
9,equal,76000,20.000,0,5,0.500,1.000,0.400,K9s,jam,0.000000,-13.256250,17.083333,-13.256250,17.083333,0.658854,0.713542,40.000000,-80.000000,40.000000,-40.000000,0.000000,40.000000
9,equal,76000,20.000,0,5,0.500,1.000,0.400,A9o,jam,0.000000,-13.259375,17.083333,-13.259375,17.083333,0.658420,0.713542,40.000000,-80.000000,40.000000,-40.000000,0.000000,40.000000
9,equal,76000,20.000,0,5,0.500,1.000,0.400,T7s,jam,0.000000,-15.759375,17.048611,-15.759375,17.048611,0.311198,0.713108,40.000000,-80.000000,40.000000,-40.000000,0.000000,40.000000
9,equal,76000,20.000,0,5,0.500,1.000,0.400,J7o,jam,0.000000,-14.266406,16.956019,-14.266406,16.956019,0.518555,0.711950,40.000000,-80.000000,40.000000,-40.000000,0.000000,40.000000
9,equal,76000,20.000,0,5,0.500,1.000,0.400,A7o,jam,0.000000,-14.299219,16.944444,-14.299219,16.944444,0.513997,0.711806,40.000000,-80.000000,40.000000,-40.000000,0.000000,40.000000
9,equal,76000,20.000,0,5,0.500,1.000,0.400,K7o,jam,0.000000,-14.193750,16.747685,-14.193750,16.747685,0.528646,0.709346,40.000000,-80.000000,40.000000,-40.000000,0.000000,40.000000
9,equal,76000,20.000,0,5,0.500,1.000,0.400,K9o,jam,0.000000,-13.175000,16.215278,-13.175000,16.215278,0.670139,0.702691,40.000000,-80.000000,40.000000,-40.000000,0.000000,40.000000
9,equal,76000,20.000,0,5,0.500,1.000,0.400,Q7o,jam,0.000000,-14.400000,16.215278,-14.400000,16.215278,0.500000,0.702691,40.000000,-80.000000,40.000000,-40.000000,0.000000,40.000000
9,equal,76000,20.000,0,5,0.500,1.000,0.400,98s,jam,0.000000,-15.928125,15.833333,-15.928125,15.833333,0.287760,0.697917,40.000000,-80.000000,40.000000,-40.000000,0.000000,40.000000
9,equal,76000,20.000,0,5,0.500,1.000,0.400,T7o,jam,0.000000,-15.956250,15.729167,-15.956250,15.729167,0.283854,0.696615,40.000000,-80.000000,40.000000,-40.000000,0.000000,40.000000
9,equal,76000,20.000,0,5,0.500,1.000,0.400,JTs,jam,0.000000,-12.937500,15.651042,-12.937500,15.651042,0.703125,0.695638,40.000000,-80.000000,40.000000,-40.000000,0.000000,40.000000
9,equal,76000,20.000,0,5,0.500,1.000,0.400,88,jam,0.000000,-14.278125,14.930556,-14.278125,14.930556,0.516927,0.686632,40.000000,-80.000000,40.000000,-40.000000,0.000000,40.000000
9,equal,76000,20.000,0,5,0.500,1.000,0.400,QJs,jam,0.000000,-13.275000,14.453125,-13.275000,14.453125,0.656250,0.680664,40.000000,-80.000000,40.000000,-40.000000,0.000000,40.000000
9,equal,76000,20.000,0,5,0.500,1.000,0.400,JTo,jam,0.000000,-13.009375,14.418403,-13.009375,14.418403,0.693142,0.680230,40.000000,-80.000000,40.000000,-40.000000,0.000000,40.000000
9,equal,76000,20.000,0,5,0.500,1.000,0.400,QTs,jam,0.000000,-12.984375,14.036458,-12.984375,14.036458,0.696615,0.675456,40.000000,-80.000000,40.000000,-40.000000,0.000000,40.000000
9,equal,76000,20.000,0,5,0.500,1.000,0.400,AJs,jam,0.000000,-13.387500,13.697917,-13.387500,13.697917,0.640625,0.671224,40.000000,-80.000000,40.000000,-40.000000,0.000000,40.000000
9,equal,76000,20.000,0,5,0.500,1.000,0.400,77,jam,0.000000,-14.676562,13.611111,-14.676562,13.611111,0.461589,0.670139,40.000000,-80.000000,40.000000,-40.000000,0.000000,40.000000
9,equal,76000,20.000,0,5,0.500,1.000,0.400,98o,jam,0.000000,-16.118750,13.368056,-16.118750,13.368056,0.261285,0.667101,40.000000,-80.000000,40.000000,-40.000000,0.000000,40.000000
9,equal,76000,20.000,0,5,0.500,1.000,0.400,KTs,jam,0.000000,-13.162500,13.255208,-13.162500,13.255208,0.671875,0.665690,40.000000,-80.000000,40.000000,-40.000000,0.000000,40.000000
9,equal,76000,20.000,0,5,0.500,1.000,0.400,T8s,jam,0.000000,-15.515625,12.916667,-15.515625,12.916667,0.345052,0.661458,40.000000,-80.000000,40.000000,-40.000000,0.000000,40.000000
9,equal,76000,20.000,0,5,0.500,1.000,0.400,ATs,jam,0.000000,-13.087500,12.890625,-13.087500,12.890625,0.682292,0.661133,40.000000,-80.000000,40.000000,-40.000000,0.000000,40.000000
9,equal,76000,20.000,0,5,0.500,1.000,0.400,AQs,jam,0.000000,-13.380469,12.578125,-13.380469,12.578125,0.641602,0.657227,40.000000,-80.000000,40.000000,-40.000000,0.000000,40.000000
9,equal,76000,20.000,0,5,0.500,1.000,0.400,J8s,jam,0.000000,-13.760156,12.552083,-13.760156,12.552083,0.588867,0.656901,40.000000,-80.000000,40.000000,-40.000000,0.000000,40.000000
9,equal,76000,20.000,0,5,0.500,1.000,0.400,QTo,jam,0.000000,-13.193750,12.526042,-13.193750,12.526042,0.667535,0.656576,40.000000,-80.000000,40.000000,-40.000000,0.000000,40.000000
9,equal,76000,20.000,0,5,0.500,1.000,0.400,KQs,jam,0.000000,-13.267969,12.500000,-13.267969,12.500000,0.657227,0.656250,40.000000,-80.000000,40.000000,-40.000000,0.000000,40.000000
9,equal,76000,20.000,0,5,0.500,1.000,0.400,KJo,jam,0.000000,-13.713281,12.239583,-13.713281,12.239583,0.595378,0.652995,40.000000,-80.000000,40.000000,-40.000000,0.000000,40.000000
9,equal,76000,20.000,0,5,0.500,1.000,0.400,QJo,jam,0.000000,-13.518750,12.013889,-13.518750,12.013889,0.622396,0.650174,40.000000,-80.000000,40.000000,-40.000000,0.000000,40.000000
9,equal,76000,20.000,0,5,0.500,1.000,0.400,AQo,jam,0.000000,-13.839844,11.892361,-13.839844,11.892361,0.577799,0.648655,40.000000,-80.000000,40.000000,-40.000000,0.000000,40.000000
9,equal,76000,20.000,0,5,0.500,1.000,0.400,KQo,jam,0.000000,-13.682812,11.831597,-13.682812,11.831597,0.599609,0.647895,40.000000,-80.000000,40.000000,-40.000000,0.000000,40.000000
9,equal,76000,20.000,0,5,0.500,1.000,0.400,KTo,jam,0.000000,-13.078125,11.762153,-13.078125,11.762153,0.683594,0.647027,40.000000,-80.000000,40.000000,-40.000000,0.000000,40.000000
9,equal,76000,20.000,0,5,0.500,1.000,0.400,T8o,jam,0.000000,-15.925000,11.701389,-15.925000,11.701389,0.288194,0.646267,40.000000,-80.000000,40.000000,-40.000000,0.000000,40.000000
9,equal,76000,20.000,0,5,0.500,1.000,0.400,AKo,jam,0.000000,-13.872656,11.614583,-13.872656,11.614583,0.573242,0.645182,40.000000,-80.000000,40.000000,-40.000000,0.000000,40.000000
9,equal,76000,20.000,0,5,0.500,1.000,0.400,KJs,jam,0.000000,-13.324219,11.510417,-13.324219,11.510417,0.649414,0.643880,40.000000,-80.000000,40.000000,-40.000000,0.000000,40.000000
9,equal,76000,20.000,0,5,0.500,1.000,0.400,AJo,jam,0.000000,-13.631250,11.501736,-13.631250,11.501736,0.606771,0.643772,40.000000,-80.000000,40.000000,-40.000000,0.000000,40.000000
9,equal,76000,20.000,0,5,0.500,1.000,0.400,AKs,jam,0.000000,-13.415625,11.171875,-13.415625,11.171875,0.636719,0.639648,40.000000,-80.000000,40.000000,-40.000000,0.000000,40.000000
9,equal,76000,20.000,0,5,0.500,1.000,0.400,ATo,jam,0.000000,-12.971875,10.859375,-12.971875,10.859375,0.698351,0.635742,40.000000,-80.000000,40.000000,-40.000000,0.000000,40.000000
9,equal,76000,20.000,0,5,0.500,1.000,0.400,K8s,jam,0.000000,-14.104687,10.390625,-14.104687,10.390625,0.541016,0.629883,40.000000,-80.000000,40.000000,-40.000000,0.000000,40.000000
9,equal,76000,20.000,0,5,0.500,1.000,0.400,Q8s,jam,0.000000,-13.760156,9.843750,-13.760156,9.843750,0.588867,0.623047,40.000000,-80.000000,40.000000,-40.000000,0.000000,40.000000
9,equal,76000,20.000,0,5,0.500,1.000,0.400,A8s,jam,0.000000,-13.788281,9.557292,-13.788281,9.557292,0.584961,0.619466,40.000000,-80.000000,40.000000,-40.000000,0.000000,40.000000
9,equal,76000,20.000,0,5,0.500,1.000,0.400,J8o,jam,0.000000,-14.062500,9.149306,-14.062500,9.149306,0.546875,0.614366,40.000000,-80.000000,40.000000,-40.000000,0.000000,40.000000
9,equal,76000,20.000,0,5,0.500,1.000,0.400,A6s,jam,0.000000,-13.935937,9.140625,-13.935937,9.140625,0.564453,0.614258,40.000000,-80.000000,40.000000,-40.000000,0.000000,40.000000
9,equal,76000,20.000,0,5,0.500,1.000,0.400,Q8o,jam,0.000000,-14.128125,8.854167,-14.128125,8.854167,0.537760,0.610677,40.000000,-80.000000,40.000000,-40.000000,0.000000,40.000000
9,equal,76000,20.000,0,5,0.500,1.000,0.400,A4s,jam,0.000000,-14.111719,8.333333,-14.111719,8.333333,0.540039,0.604167,40.000000,-80.000000,40.000000,-40.000000,0.000000,40.000000
9,equal,76000,20.000,0,5,0.500,1.000,0.400,Q3s,jam,0.000000,-14.322656,8.333333,-14.322656,8.333333,0.510742,0.604167,40.000000,-80.000000,40.000000,-40.000000,0.000000,40.000000
9,equal,76000,20.000,0,5,0.500,1.000,0.400,A8o,jam,0.000000,-14.062500,8.220486,-14.062500,8.220486,0.546875,0.602756,40.000000,-80.000000,40.000000,-40.000000,0.000000,40.000000
9,equal,76000,20.000,0,5,0.500,1.000,0.400,K4s,jam,0.000000,-14.167969,7.968750,-14.167969,7.968750,0.532227,0.599609,40.000000,-80.000000,40.000000,-40.000000,0.000000,40.000000
9,equal,76000,20.000,0,5,0.500,1.000,0.400,K5s,jam,0.000000,-13.837500,7.812500,-13.837500,7.812500,0.578125,0.597656,40.000000,-80.000000,40.000000,-40.000000,0.000000,40.000000
9,equal,76000,20.000,0,5,0.500,1.000,0.400,A5s,jam,0.000000,-14.090625,7.734375,-14.090625,7.734375,0.542969,0.596680,40.000000,-80.000000,40.000000,-40.000000,0.000000,40.000000
9,equal,76000,20.000,0,5,0.500,1.000,0.400,T4s,jam,0.000000,-15.825000,7.578125,-15.825000,7.578125,0.302083,0.594727,40.000000,-80.000000,40.000000,-40.000000,0.000000,40.000000
9,equal,76000,20.000,0,5,0.500,1.000,0.400,Q5s,jam,0.000000,-14.006250,7.421875,-14.006250,7.421875,0.554688,0.592773,40.000000,-80.000000,40.000000,-40.000000,0.000000,40.000000
9,equal,76000,20.000,0,5,0.500,1.000,0.400,K6s,jam,0.000000,-14.013281,7.421875,-14.013281,7.421875,0.553711,0.592773,40.000000,-80.000000,40.000000,-40.000000,0.000000,40.000000
9,equal,76000,20.000,0,5,0.500,1.000,0.400,J3s,jam,0.000000,-14.336719,7.265625,-14.336719,7.265625,0.508789,0.590820,40.000000,-80.000000,40.000000,-40.000000,0.000000,40.000000
9,equal,76000,20.000,0,5,0.500,1.000,0.400,Q6s,jam,0.000000,-13.978125,7.083333,-13.978125,7.083333,0.558594,0.588542,40.000000,-80.000000,40.000000,-40.000000,0.000000,40.000000
9,equal,76000,20.000,0,5,0.500,1.000,0.400,T5s,jam,0.000000,-15.796875,6.953125,-15.796875,6.953125,0.305990,0.586914,40.000000,-80.000000,40.000000,-40.000000,0.000000,40.000000
9,equal,76000,20.000,0,5,0.500,1.000,0.400,T3s,jam,0.000000,-15.478125,6.848958,-15.478125,6.848958,0.350260,0.585612,40.000000,-80.000000,40.000000,-40.000000,0.000000,40.000000
9,equal,76000,20.000,0,5,0.500,1.000,0.400,T6s,jam,0.000000,-15.675000,6.796875,-15.675000,6.796875,0.322917,0.584961,40.000000,-80.000000,40.000000,-40.000000,0.000000,40.000000
9,equal,76000,20.000,0,5,0.500,1.000,0.400,K8o,jam,0.000000,-14.198437,6.727431,-14.198437,6.727431,0.527995,0.584093,40.000000,-80.000000,40.000000,-40.000000,0.000000,40.000000
9,equal,76000,20.000,0,5,0.500,1.000,0.400,K3s,jam,0.000000,-14.210156,6.588542,-14.210156,6.588542,0.526367,0.582357,40.000000,-80.000000,40.000000,-40.000000,0.000000,40.000000
9,equal,76000,20.000,0,5,0.500,1.000,0.400,Q4s,jam,0.000000,-14.048437,6.484375,-14.048437,6.484375,0.548828,0.581055,40.000000,-80.000000,40.000000,-40.000000,0.000000,40.000000
9,equal,76000,20.000,0,5,0.500,1.000,0.400,A5o,jam,0.000000,-14.207812,6.458333,-14.207812,6.458333,0.526693,0.580729,40.000000,-80.000000,40.000000,-40.000000,0.000000,40.000000
9,equal,76000,20.000,0,5,0.500,1.000,0.400,J6s,jam,0.000000,-13.717969,6.406250,-13.717969,6.406250,0.594727,0.580078,40.000000,-80.000000,40.000000,-40.000000,0.000000,40.000000
9,equal,76000,20.000,0,5,0.500,1.000,0.400,J5s,jam,0.000000,-14.041406,6.328125,-14.041406,6.328125,0.549805,0.579102,40.000000,-80.000000,40.000000,-40.000000,0.000000,40.000000
9,equal,76000,20.000,0,5,0.500,1.000,0.400,A3s,jam,0.000000,-13.809375,6.276042,-13.809375,6.276042,0.582031,0.578451,40.000000,-80.000000,40.000000,-40.000000,0.000000,40.000000
9,equal,76000,20.000,0,5,0.500,1.000,0.400,J2s,jam,0.000000,-14.217187,6.015625,-14.217187,6.015625,0.525391,0.575195,40.000000,-80.000000,40.000000,-40.000000,0.000000,40.000000
9,equal,76000,20.000,0,5,0.500,1.000,0.400,K2s,jam,0.000000,-14.076562,5.989583,-14.076562,5.989583,0.544922,0.574870,40.000000,-80.000000,40.000000,-40.000000,0.000000,40.000000
9,equal,76000,20.000,0,5,0.500,1.000,0.400,J4s,jam,0.000000,-13.696875,5.963542,-13.696875,5.963542,0.597656,0.574544,40.000000,-80.000000,40.000000,-40.000000,0.000000,40.000000
9,equal,76000,20.000,0,5,0.500,1.000,0.400,Q6o,jam,0.000000,-14.139844,5.954861,-14.139844,5.954861,0.536133,0.574436,40.000000,-80.000000,40.000000,-40.000000,0.000000,40.000000
9,equal,76000,20.000,0,5,0.500,1.000,0.400,T2s,jam,0.000000,-15.721875,5.859375,-15.721875,5.859375,0.316406,0.573242,40.000000,-80.000000,40.000000,-40.000000,0.000000,40.000000
9,equal,76000,20.000,0,5,0.500,1.000,0.400,K5o,jam,0.000000,-14.477344,5.833333,-14.477344,5.833333,0.489258,0.572917,40.000000,-80.000000,40.000000,-40.000000,0.000000,40.000000
9,equal,76000,20.000,0,5,0.500,1.000,0.400,T6o,jam,0.000000,-15.912500,5.789931,-15.912500,5.789931,0.289931,0.572374,40.000000,-80.000000,40.000000,-40.000000,0.000000,40.000000
9,equal,76000,20.000,0,5,0.500,1.000,0.400,A6o,jam,0.000000,-14.186719,5.659722,-14.186719,5.659722,0.529622,0.570747,40.000000,-80.000000,40.000000,-40.000000,0.000000,40.000000
9,equal,76000,20.000,0,5,0.500,1.000,0.400,A2s,jam,0.000000,-13.921875,5.625000,-13.921875,5.625000,0.566406,0.570312,40.000000,-80.000000,40.000000,-40.000000,0.000000,40.000000
9,equal,76000,20.000,0,5,0.500,1.000,0.400,Q2s,jam,0.000000,-14.132812,5.598958,-14.132812,5.598958,0.537109,0.569987,40.000000,-80.000000,40.000000,-40.000000,0.000000,40.000000
9,equal,76000,20.000,0,5,0.500,1.000,0.400,A3o,jam,0.000000,-14.135156,5.546875,-14.135156,5.546875,0.536784,0.569336,40.000000,-80.000000,40.000000,-40.000000,0.000000,40.000000
9,equal,76000,20.000,0,5,0.500,1.000,0.400,J6o,jam,0.000000,-14.364844,5.434028,-14.364844,5.434028,0.504883,0.567925,40.000000,-80.000000,40.000000,-40.000000,0.000000,40.000000
9,equal,76000,20.000,0,5,0.500,1.000,0.400,Q5o,jam,0.000000,-14.360156,5.251736,-14.360156,5.251736,0.505534,0.565647,40.000000,-80.000000,40.000000,-40.000000,0.000000,40.000000
9,equal,76000,20.000,0,5,0.500,1.000,0.400,T3o,jam,0.000000,-16.040625,5.251736,-16.040625,5.251736,0.272135,0.565647,40.000000,-80.000000,40.000000,-40.000000,0.000000,40.000000
9,equal,76000,20.000,0,5,0.500,1.000,0.400,Q3o,jam,0.000000,-14.376562,5.121528,-14.376562,5.121528,0.503255,0.564019,40.000000,-80.000000,40.000000,-40.000000,0.000000,40.000000
9,equal,76000,20.000,0,5,0.500,1.000,0.400,K6o,jam,0.000000,-14.355469,5.078125,-14.355469,5.078125,0.506185,0.563477,40.000000,-80.000000,40.000000,-40.000000,0.000000,40.000000
9,equal,76000,20.000,0,5,0.500,1.000,0.400,A2o,jam,0.000000,-14.390625,5.052083,-14.390625,5.052083,0.501302,0.563151,40.000000,-80.000000,40.000000,-40.000000,0.000000,40.000000
9,equal,76000,20.000,0,5,0.500,1.000,0.400,J3o,jam,0.000000,-14.400000,5.052083,-14.400000,5.052083,0.500000,0.563151,40.000000,-80.000000,40.000000,-40.000000,0.000000,40.000000
9,equal,76000,20.000,0,5,0.500,1.000,0.400,T5o,jam,0.000000,-15.918750,4.956597,-15.918750,4.956597,0.289062,0.561957,40.000000,-80.000000,40.000000,-40.000000,0.000000,40.000000
9,equal,76000,20.000,0,5,0.500,1.000,0.400,A4o,jam,0.000000,-14.231250,4.947917,-14.231250,4.947917,0.523438,0.561849,40.000000,-80.000000,40.000000,-40.000000,0.000000,40.000000
9,equal,76000,20.000,0,5,0.500,1.000,0.400,T4o,jam,0.000000,-16.028125,4.869792,-16.028125,4.869792,0.273872,0.560872,40.000000,-80.000000,40.000000,-40.000000,0.000000,40.000000
9,equal,76000,20.000,0,5,0.500,1.000,0.400,K3o,jam,0.000000,-14.273438,4.739583,-14.273438,4.739583,0.517578,0.559245,40.000000,-80.000000,40.000000,-40.000000,0.000000,40.000000
9,equal,76000,20.000,0,5,0.500,1.000,0.400,J5o,jam,0.000000,-14.203125,4.557292,-14.203125,4.557292,0.527344,0.556966,40.000000,-80.000000,40.000000,-40.000000,0.000000,40.000000
9,equal,76000,20.000,0,5,0.500,1.000,0.400,J4o,jam,0.000000,-14.275781,4.496528,-14.275781,4.496528,0.517253,0.556207,40.000000,-80.000000,40.000000,-40.000000,0.000000,40.000000
9,equal,76000,20.000,0,5,0.500,1.000,0.400,J2o,jam,0.000000,-14.092969,4.322917,-14.092969,4.322917,0.542643,0.554036,40.000000,-80.000000,40.000000,-40.000000,0.000000,40.000000
9,equal,76000,20.000,0,5,0.500,1.000,0.400,Q2o,jam,0.000000,-14.172656,4.236111,-14.172656,4.236111,0.531576,0.552951,40.000000,-80.000000,40.000000,-40.000000,0.000000,40.000000
9,equal,76000,20.000,0,5,0.500,1.000,0.400,K2o,jam,0.000000,-14.465625,4.036458,-14.465625,4.036458,0.490885,0.550456,40.000000,-80.000000,40.000000,-40.000000,0.000000,40.000000
9,equal,76000,20.000,0,5,0.500,1.000,0.400,Q4o,jam,0.000000,-14.397656,3.940972,-14.397656,3.940972,0.500326,0.549262,40.000000,-80.000000,40.000000,-40.000000,0.000000,40.000000
9,equal,76000,20.000,0,5,0.500,1.000,0.400,K4o,jam,0.000000,-14.254687,3.680556,-14.254687,3.680556,0.520182,0.546007,40.000000,-80.000000,40.000000,-40.000000,0.000000,40.000000
9,equal,76000,20.000,0,5,0.500,1.000,0.400,66,jam,0.000000,-14.414062,3.003472,-14.414062,3.003472,0.498047,0.537543,40.000000,-80.000000,40.000000,-40.000000,0.000000,40.000000
9,equal,76000,20.000,0,5,0.500,1.000,0.400,T2o,jam,0.000000,-15.912500,2.734375,-15.912500,2.734375,0.289931,0.534180,40.000000,-80.000000,40.000000,-40.000000,0.000000,40.000000
9,equal,76000,20.000,0,5,0.500,1.000,0.400,97s,jam,0.000000,-15.862500,2.135417,-15.862500,2.135417,0.296875,0.526693,40.000000,-80.000000,40.000000,-40.000000,0.000000,40.000000
9,equal,76000,20.000,0,5,0.500,1.000,0.400,44,jam,0.000000,-14.840625,1.111111,-14.840625,1.111111,0.438802,0.513889,40.000000,-80.000000,40.000000,-40.000000,0.000000,40.000000
9,equal,76000,20.000,0,5,0.500,1.000,0.400,33,jam,0.000000,-14.540625,0.590278,-14.540625,0.590278,0.480469,0.507378,40.000000,-80.000000,40.000000,-40.000000,0.000000,40.000000
9,equal,76000,20.000,0,5,0.500,1.000,0.400,22,jam,0.000000,-14.657813,0.381944,-14.657813,0.381944,0.464193,0.504774,40.000000,-80.000000,40.000000,-40.000000,0.000000,40.000000
9,equal,76000,20.000,0,5,0.500,1.000,0.400,55,jam,0.000000,-14.479687,0.017361,-14.479687,0.017361,0.488932,0.500217,40.000000,-80.000000,40.000000,-40.000000,0.000000,40.000000
9,equal,76000,20.000,0,5,0.500,1.000,0.400,97o,jam,0.000000,-16.143750,0.000000,-16.143750,0.000000,0.257812,0.500000,40.000000,-80.000000,40.000000,-40.000000,0.000000,40.000000
9,equal,76000,20.000,0,5,0.500,1.000,0.400,65s,fold,0.000000,-15.525000,-7.916667,-15.525000,-7.916667,0.343750,0.401042,40.000000,-80.000000,40.000000,-40.000000,0.000000,40.000000
9,equal,76000,20.000,0,5,0.500,1.000,0.400,92s,fold,0.000000,-15.675000,-7.986111,-15.675000,-7.986111,0.322917,0.400174,40.000000,-80.000000,40.000000,-40.000000,0.000000,40.000000
9,equal,76000,20.000,0,5,0.500,1.000,0.400,53s,fold,0.000000,-15.546094,-8.307292,-15.546094,-8.307292,0.340820,0.396159,40.000000,-80.000000,40.000000,-40.000000,0.000000,40.000000
9,equal,76000,20.000,0,5,0.500,1.000,0.400,54s,fold,0.000000,-15.672656,-8.359375,-15.672656,-8.359375,0.323242,0.395508,40.000000,-80.000000,40.000000,-40.000000,0.000000,40.000000
9,equal,76000,20.000,0,5,0.500,1.000,0.400,85s,fold,0.000000,-15.496875,-8.489583,-15.496875,-8.489583,0.347656,0.393880,40.000000,-80.000000,40.000000,-40.000000,0.000000,40.000000
9,equal,76000,20.000,0,5,0.500,1.000,0.400,94s,fold,0.000000,-15.871875,-8.645833,-15.871875,-8.645833,0.295573,0.391927,40.000000,-80.000000,40.000000,-40.000000,0.000000,40.000000
9,equal,76000,20.000,0,5,0.500,1.000,0.400,95s,fold,0.000000,-15.909375,-8.819444,-15.909375,-8.819444,0.290365,0.389757,40.000000,-80.000000,40.000000,-40.000000,0.000000,40.000000
9,equal,76000,20.000,0,5,0.500,1.000,0.400,96s,fold,0.000000,-15.693750,-8.854167,-15.693750,-8.854167,0.320312,0.389323,40.000000,-80.000000,40.000000,-40.000000,0.000000,40.000000
9,equal,76000,20.000,0,5,0.500,1.000,0.400,93s,fold,0.000000,-15.825000,-9.097222,-15.825000,-9.097222,0.302083,0.386285,40.000000,-80.000000,40.000000,-40.000000,0.000000,40.000000
9,equal,76000,20.000,0,5,0.500,1.000,0.400,64s,fold,0.000000,-15.932812,-9.140625,-15.932812,-9.140625,0.287109,0.385742,40.000000,-80.000000,40.000000,-40.000000,0.000000,40.000000
9,equal,76000,20.000,0,5,0.500,1.000,0.400,52s,fold,0.000000,-15.461719,-9.296875,-15.461719,-9.296875,0.352539,0.383789,40.000000,-80.000000,40.000000,-40.000000,0.000000,40.000000
9,equal,76000,20.000,0,5,0.500,1.000,0.400,43s,fold,0.000000,-15.440625,-9.453125,-15.440625,-9.453125,0.355469,0.381836,40.000000,-80.000000,40.000000,-40.000000,0.000000,40.000000
9,equal,76000,20.000,0,5,0.500,1.000,0.400,86s,fold,0.000000,-15.482812,-9.635417,-15.482812,-9.635417,0.349609,0.379557,40.000000,-80.000000,40.000000,-40.000000,0.000000,40.000000
9,equal,76000,20.000,0,5,0.500,1.000,0.400,32s,fold,0.000000,-16.024219,-9.687500,-16.024219,-9.687500,0.274414,0.378906,40.000000,-80.000000,40.000000,-40.000000,0.000000,40.000000
9,equal,76000,20.000,0,5,0.500,1.000,0.400,86o,fold,0.000000,-15.717187,-9.782986,-15.717187,-9.782986,0.317057,0.377713,40.000000,-80.000000,40.000000,-40.000000,0.000000,40.000000
9,equal,76000,20.000,0,5,0.500,1.000,0.400,83s,fold,0.000000,-15.742969,-9.791667,-15.742969,-9.791667,0.313477,0.377604,40.000000,-80.000000,40.000000,-40.000000,0.000000,40.000000
9,equal,76000,20.000,0,5,0.500,1.000,0.400,85o,fold,0.000000,-15.817969,-10.312500,-15.817969,-10.312500,0.303060,0.371094,40.000000,-80.000000,40.000000,-40.000000,0.000000,40.000000
9,equal,76000,20.000,0,5,0.500,1.000,0.400,65o,fold,0.000000,-15.581250,-10.407986,-15.581250,-10.407986,0.335938,0.369900,40.000000,-80.000000,40.000000,-40.000000,0.000000,40.000000
9,equal,76000,20.000,0,5,0.500,1.000,0.400,95o,fold,0.000000,-16.365625,-10.578704,-16.365625,-10.578704,0.226997,0.367766,40.000000,-80.000000,40.000000,-40.000000,0.000000,40.000000
9,equal,76000,20.000,0,5,0.500,1.000,0.400,96o,fold,0.000000,-16.140625,-10.729167,-16.140625,-10.729167,0.258247,0.365885,40.000000,-80.000000,40.000000,-40.000000,0.000000,40.000000
9,equal,76000,20.000,0,5,0.500,1.000,0.400,84s,fold,0.000000,-15.644531,-11.015625,-15.644531,-11.015625,0.327148,0.362305,40.000000,-80.000000,40.000000,-40.000000,0.000000,40.000000
9,equal,76000,20.000,0,5,0.500,1.000,0.400,63s,fold,0.000000,-15.510937,-11.119792,-15.510937,-11.119792,0.345703,0.361003,40.000000,-80.000000,40.000000,-40.000000,0.000000,40.000000
9,equal,76000,20.000,0,5,0.500,1.000,0.400,94o,fold,0.000000,-16.187500,-11.192130,-16.187500,-11.192130,0.251736,0.360098,40.000000,-80.000000,40.000000,-40.000000,0.000000,40.000000
9,equal,76000,20.000,0,5,0.500,1.000,0.400,54o,fold,0.000000,-15.410156,-11.232639,-15.410156,-11.232639,0.359701,0.359592,40.000000,-80.000000,40.000000,-40.000000,0.000000,40.000000
9,equal,76000,20.000,0,5,0.500,1.000,0.400,42s,fold,0.000000,-15.405469,-11.328125,-15.405469,-11.328125,0.360352,0.358398,40.000000,-80.000000,40.000000,-40.000000,0.000000,40.000000
9,equal,76000,20.000,0,5,0.500,1.000,0.400,82s,fold,0.000000,-15.735937,-11.354167,-15.735937,-11.354167,0.314453,0.358073,40.000000,-80.000000,40.000000,-40.000000,0.000000,40.000000
9,equal,76000,20.000,0,5,0.500,1.000,0.400,53o,fold,0.000000,-15.576562,-11.449653,-15.576562,-11.449653,0.336589,0.356879,40.000000,-80.000000,40.000000,-40.000000,0.000000,40.000000
9,equal,76000,20.000,0,5,0.500,1.000,0.400,93o,fold,0.000000,-16.059375,-11.840278,-16.059375,-11.840278,0.269531,0.351997,40.000000,-80.000000,40.000000,-40.000000,0.000000,40.000000
9,equal,76000,20.000,0,5,0.500,1.000,0.400,87s,fold,0.000000,-15.574219,-11.875000,-15.574219,-11.875000,0.336914,0.351562,40.000000,-80.000000,40.000000,-40.000000,0.000000,40.000000
9,equal,76000,20.000,0,5,0.500,1.000,0.400,75s,fold,0.000000,-15.398438,-12.152778,-15.398438,-12.152778,0.361328,0.348090,40.000000,-80.000000,40.000000,-40.000000,0.000000,40.000000
9,equal,76000,20.000,0,5,0.500,1.000,0.400,62s,fold,0.000000,-15.651562,-12.161458,-15.651562,-12.161458,0.326172,0.347982,40.000000,-80.000000,40.000000,-40.000000,0.000000,40.000000
9,equal,76000,20.000,0,5,0.500,1.000,0.400,76s,fold,0.000000,-15.271875,-12.187500,-15.271875,-12.187500,0.378906,0.347656,40.000000,-80.000000,40.000000,-40.000000,0.000000,40.000000
9,equal,76000,20.000,0,5,0.500,1.000,0.400,43o,fold,0.000000,-15.670312,-12.291667,-15.670312,-12.291667,0.323568,0.346354,40.000000,-80.000000,40.000000,-40.000000,0.000000,40.000000
9,equal,76000,20.000,0,5,0.500,1.000,0.400,92o,fold,0.000000,-16.262500,-12.731481,-16.262500,-12.731481,0.241319,0.340856,40.000000,-80.000000,40.000000,-40.000000,0.000000,40.000000
9,equal,76000,20.000,0,5,0.500,1.000,0.400,42o,fold,0.000000,-15.665625,-12.760417,-15.665625,-12.760417,0.324219,0.340495,40.000000,-80.000000,40.000000,-40.000000,0.000000,40.000000
9,equal,76000,20.000,0,5,0.500,1.000,0.400,84o,fold,0.000000,-15.822656,-12.873264,-15.822656,-12.873264,0.302409,0.339084,40.000000,-80.000000,40.000000,-40.000000,0.000000,40.000000
9,equal,76000,20.000,0,5,0.500,1.000,0.400,52o,fold,0.000000,-15.614062,-13.107639,-15.614062,-13.107639,0.331380,0.336155,40.000000,-80.000000,40.000000,-40.000000,0.000000,40.000000
9,equal,76000,20.000,0,5,0.500,1.000,0.400,64o,fold,0.000000,-15.639844,-13.177083,-15.639844,-13.177083,0.327799,0.335286,40.000000,-80.000000,40.000000,-40.000000,0.000000,40.000000
9,equal,76000,20.000,0,5,0.500,1.000,0.400,32o,fold,0.000000,-15.621094,-13.263889,-15.621094,-13.263889,0.330404,0.334201,40.000000,-80.000000,40.000000,-40.000000,0.000000,40.000000
9,equal,76000,20.000,0,5,0.500,1.000,0.400,73s,fold,0.000000,-15.482812,-13.472222,-15.482812,-13.472222,0.349609,0.331597,40.000000,-80.000000,40.000000,-40.000000,0.000000,40.000000
9,equal,76000,20.000,0,5,0.500,1.000,0.400,83o,fold,0.000000,-15.996094,-13.515625,-15.996094,-13.515625,0.278320,0.331055,40.000000,-80.000000,40.000000,-40.000000,0.000000,40.000000
9,equal,76000,20.000,0,5,0.500,1.000,0.400,82o,fold,0.000000,-15.975000,-13.567708,-15.975000,-13.567708,0.281250,0.330404,40.000000,-80.000000,40.000000,-40.000000,0.000000,40.000000
9,equal,76000,20.000,0,5,0.500,1.000,0.400,62o,fold,0.000000,-15.689062,-13.602431,-15.689062,-13.602431,0.320964,0.329970,40.000000,-80.000000,40.000000,-40.000000,0.000000,40.000000
9,equal,76000,20.000,0,5,0.500,1.000,0.400,74s,fold,0.000000,-15.510937,-13.645833,-15.510937,-13.645833,0.345703,0.329427,40.000000,-80.000000,40.000000,-40.000000,0.000000,40.000000
9,equal,76000,20.000,0,5,0.500,1.000,0.400,63o,fold,0.000000,-15.656250,-13.741319,-15.656250,-13.741319,0.325521,0.328234,40.000000,-80.000000,40.000000,-40.000000,0.000000,40.000000
9,equal,76000,20.000,0,5,0.500,1.000,0.400,72s,fold,0.000000,-15.356250,-14.756944,-15.356250,-14.756944,0.367188,0.315538,40.000000,-80.000000,40.000000,-40.000000,0.000000,40.000000
9,equal,76000,20.000,0,5,0.500,1.000,0.400,76o,fold,0.000000,-15.414844,-16.006944,-15.414844,-16.006944,0.359049,0.299913,40.000000,-80.000000,40.000000,-40.000000,0.000000,40.000000
9,equal,76000,20.000,0,5,0.500,1.000,0.400,75o,fold,0.000000,-15.696094,-16.192130,-15.696094,-16.192130,0.319987,0.297598,40.000000,-80.000000,40.000000,-40.000000,0.000000,40.000000
9,equal,76000,20.000,0,5,0.500,1.000,0.400,87o,fold,0.000000,-15.496875,-16.967593,-15.496875,-16.967593,0.347656,0.287905,40.000000,-80.000000,40.000000,-40.000000,0.000000,40.000000
9,equal,76000,20.000,0,5,0.500,1.000,0.400,73o,fold,0.000000,-15.836719,-17.361111,-15.836719,-17.361111,0.300456,0.282986,40.000000,-80.000000,40.000000,-40.000000,0.000000,40.000000
9,equal,76000,20.000,0,5,0.500,1.000,0.400,74o,fold,0.000000,-15.855469,-17.673611,-15.855469,-17.673611,0.297852,0.279080,40.000000,-80.000000,40.000000,-40.000000,0.000000,40.000000
9,equal,76000,20.000,0,5,0.500,1.000,0.400,72o,fold,0.000000,-15.923438,-18.553241,-15.923438,-18.553241,0.288411,0.268084,40.000000,-80.000000,40.000000,-40.000000,0.000000,40.000000
